/* AUTOGENERATED by fw/arm/scripts/gen_lenet5_header.py - do not hand-edit. */
#include "golden_lenet5.h"

const uint16_t lenet5_conv1_offsets[2] = {
  0u, 138u,
};

const uint8_t lenet5_conv1_entries[414] = {
  0x00, 0x00, 0x30, 0x00, 0x01, 0x30, 0x00, 0x03, 0x02, 0x00, 0x04, 0x50, 0x00, 0x05, 0x02, 0x01,
  0x00, 0x03, 0x01, 0x01, 0x20, 0x01, 0x03, 0x05, 0x01, 0x04, 0x02, 0x01, 0x05, 0x20, 0x02, 0x00,
  0x01, 0x02, 0x01, 0x60, 0x02, 0x02, 0x30, 0x02, 0x03, 0x02, 0x02, 0x04, 0x20, 0x02, 0x05, 0x30,
  0x03, 0x00, 0x01, 0x03, 0x01, 0x10, 0x03, 0x02, 0x40, 0x03, 0x03, 0x01, 0x03, 0x04, 0x04, 0x03,
  0x05, 0x30, 0x04, 0x00, 0x04, 0x04, 0x01, 0x04, 0x04, 0x02, 0x50, 0x04, 0x03, 0x04, 0x04, 0x04,
  0x04, 0x05, 0x00, 0x03, 0x05, 0x01, 0x20, 0x05, 0x02, 0x02, 0x05, 0x03, 0x03, 0x05, 0x04, 0x01,
  0x05, 0x05, 0x20, 0x06, 0x00, 0x05, 0x06, 0x01, 0x50, 0x06, 0x02, 0x04, 0x06, 0x03, 0x30, 0x06,
  0x04, 0x03, 0x06, 0x05, 0x20, 0x07, 0x00, 0x02, 0x07, 0x01, 0x01, 0x07, 0x02, 0x20, 0x07, 0x03,
  0x01, 0x07, 0x04, 0x04, 0x07, 0x05, 0x50, 0x08, 0x00, 0x01, 0x08, 0x01, 0x30, 0x08, 0x02, 0x50,
  0x08, 0x03, 0x03, 0x08, 0x04, 0x02, 0x09, 0x00, 0x07, 0x09, 0x01, 0x10, 0x09, 0x02, 0x30, 0x09,
  0x03, 0x06, 0x09, 0x04, 0x30, 0x09, 0x05, 0x03, 0x0a, 0x00, 0x05, 0x0a, 0x01, 0x01, 0x0a, 0x02,
  0x03, 0x0a, 0x03, 0x50, 0x0a, 0x04, 0x05, 0x0a, 0x05, 0x03, 0x0b, 0x00, 0x05, 0x0b, 0x01, 0x03,
  0x0b, 0x02, 0x02, 0x0b, 0x03, 0x03, 0x0b, 0x04, 0x01, 0x0b, 0x05, 0x04, 0x0c, 0x00, 0x01, 0x0c,
  0x01, 0x30, 0x0c, 0x02, 0x06, 0x0c, 0x03, 0x10, 0x0c, 0x04, 0x10, 0x0c, 0x05, 0x30, 0x0d, 0x00,
  0x10, 0x0d, 0x01, 0x04, 0x0d, 0x02, 0x30, 0x0d, 0x03, 0x02, 0x0d, 0x04, 0x04, 0x0d, 0x05, 0x20,
  0x0e, 0x00, 0x04, 0x0e, 0x01, 0x03, 0x0e, 0x02, 0x20, 0x0e, 0x03, 0x04, 0x0e, 0x04, 0x05, 0x0e,
  0x05, 0x03, 0x0f, 0x00, 0x20, 0x0f, 0x01, 0x05, 0x0f, 0x02, 0x01, 0x0f, 0x03, 0x50, 0x0f, 0x04,
  0x02, 0x0f, 0x05, 0x20, 0x10, 0x01, 0x05, 0x10, 0x02, 0x05, 0x10, 0x03, 0x40, 0x10, 0x04, 0x05,
  0x10, 0x05, 0x04, 0x11, 0x00, 0x50, 0x11, 0x01, 0x10, 0x11, 0x02, 0x07, 0x11, 0x04, 0x06, 0x11,
  0x05, 0x05, 0x12, 0x00, 0x60, 0x12, 0x01, 0x03, 0x12, 0x03, 0x04, 0x12, 0x04, 0x05, 0x12, 0x05,
  0x05, 0x13, 0x00, 0x40, 0x13, 0x01, 0x05, 0x13, 0x02, 0x03, 0x13, 0x03, 0x03, 0x13, 0x04, 0x02,
  0x13, 0x05, 0x01, 0x14, 0x00, 0x10, 0x14, 0x01, 0x05, 0x14, 0x02, 0x01, 0x14, 0x04, 0x40, 0x14,
  0x05, 0x05, 0x15, 0x01, 0x05, 0x15, 0x02, 0x05, 0x15, 0x03, 0x10, 0x15, 0x04, 0x05, 0x15, 0x05,
  0x07, 0x16, 0x00, 0x50, 0x16, 0x01, 0x02, 0x16, 0x02, 0x07, 0x16, 0x03, 0x01, 0x16, 0x04, 0x05,
  0x16, 0x05, 0x04, 0x17, 0x00, 0x20, 0x17, 0x01, 0x05, 0x17, 0x02, 0x04, 0x17, 0x04, 0x03, 0x17,
  0x05, 0x04, 0x18, 0x00, 0x10, 0x18, 0x01, 0x06, 0x18, 0x02, 0x02, 0x18, 0x05, 0x06,
};

const uint16_t lenet5_conv2_offsets[2] = {
  0u, 1926u,
};

const uint8_t lenet5_conv2_entries[5778] = {
  0x00, 0x00, 0x03, 0x00, 0x02, 0x10, 0x00, 0x03, 0x03, 0x00, 0x04, 0x20, 0x00, 0x05, 0x01, 0x00,
  0x06, 0x20, 0x00, 0x07, 0x20, 0x00, 0x08, 0x20, 0x00, 0x09, 0x03, 0x00, 0x0a, 0x10, 0x00, 0x0c,
  0x20, 0x00, 0x0e, 0x04, 0x00, 0x0f, 0x20, 0x01, 0x00, 0x20, 0x01, 0x01, 0x01, 0x01, 0x02, 0x01,
  0x01, 0x03, 0x01, 0x01, 0x04, 0x10, 0x01, 0x05, 0x01, 0x01, 0x06, 0x10, 0x01, 0x08, 0x01, 0x01,
  0x09, 0x30, 0x01, 0x0a, 0x01, 0x01, 0x0b, 0x01, 0x01, 0x0c, 0x01, 0x01, 0x0d, 0x02, 0x01, 0x0f,
  0x10, 0x02, 0x00, 0x20, 0x02, 0x01, 0x03, 0x02, 0x02, 0x10, 0x02, 0x04, 0x20, 0x02, 0x05, 0x10,
  0x02, 0x06, 0x20, 0x02, 0x07, 0x03, 0x02, 0x09, 0x04, 0x02, 0x0a, 0x10, 0x02, 0x0b, 0x20, 0x02,
  0x0c, 0x02, 0x02, 0x0d, 0x01, 0x02, 0x0e, 0x01, 0x02, 0x0f, 0x02, 0x03, 0x00, 0x40, 0x03, 0x01,
  0x02, 0x03, 0x03, 0x03, 0x03, 0x04, 0x10, 0x03, 0x05, 0x10, 0x03, 0x06, 0x04, 0x03, 0x09, 0x03,
  0x03, 0x0b, 0x10, 0x03, 0x0c, 0x01, 0x03, 0x0d, 0x01, 0x03, 0x0e, 0x01, 0x04, 0x00, 0x30, 0x04,
  0x01, 0x01, 0x04, 0x02, 0x20, 0x04, 0x04, 0x01, 0x04, 0x05, 0x10, 0x04, 0x06, 0x03, 0x04, 0x07,
  0x01, 0x04, 0x08, 0x02, 0x04, 0x0a, 0x02, 0x04, 0x0b, 0x01, 0x04, 0x0c, 0x10, 0x04, 0x0d, 0x02,
  0x04, 0x0e, 0x02, 0x05, 0x00, 0x20, 0x05, 0x01, 0x02, 0x05, 0x02, 0x10, 0x05, 0x03, 0x30, 0x05,
  0x05, 0x20, 0x05, 0x06, 0x02, 0x05, 0x07, 0x01, 0x05, 0x08, 0x02, 0x05, 0x0a, 0x10, 0x05, 0x0b,
  0x01, 0x05, 0x0c, 0x20, 0x05, 0x0d, 0x02, 0x05, 0x0e, 0x30, 0x06, 0x00, 0x02, 0x06, 0x01, 0x20,
  0x06, 0x03, 0x03, 0x06, 0x04, 0x20, 0x06, 0x05, 0x01, 0x06, 0x06, 0x01, 0x06, 0x07, 0x40, 0x06,
  0x08, 0x20, 0x06, 0x09, 0x04, 0x06, 0x0a, 0x30, 0x06, 0x0b, 0x30, 0x06, 0x0c, 0x10, 0x06, 0x0d,
  0x01, 0x06, 0x0e, 0x03, 0x07, 0x01, 0x03, 0x07, 0x02, 0x01, 0x07, 0x03, 0x10, 0x07, 0x05, 0x01,
  0x07, 0x06, 0x20, 0x07, 0x07, 0x02, 0x07, 0x08, 0x01, 0x07, 0x09, 0x10, 0x07, 0x0a, 0x01, 0x07,
  0x0c, 0x01, 0x07, 0x0d, 0x04, 0x07, 0x0f, 0x01, 0x08, 0x00, 0x30, 0x08, 0x01, 0x03, 0x08, 0x03,
  0x02, 0x08, 0x04, 0x10, 0x08, 0x05, 0x30, 0x08, 0x06, 0x03, 0x08, 0x07, 0x04, 0x08, 0x08, 0x20,
  0x08, 0x09, 0x01, 0x08, 0x0a, 0x10, 0x08, 0x0c, 0x01, 0x08, 0x0d, 0x01, 0x08, 0x0e, 0x20, 0x08,
  0x0f, 0x01, 0x09, 0x02, 0x10, 0x09, 0x03, 0x03, 0x09, 0x04, 0x02, 0x09, 0x05, 0x03, 0x09, 0x06,
  0x10, 0x09, 0x07, 0x20, 0x09, 0x08, 0x20, 0x09, 0x0a, 0x20, 0x09, 0x0c, 0x01, 0x09, 0x0d, 0x01,
  0x09, 0x0e, 0x10, 0x0a, 0x00, 0x30, 0x0a, 0x02, 0x20, 0x0a, 0x03, 0x03, 0x0a, 0x06, 0x01, 0x0a,
  0x07, 0x02, 0x0a, 0x08, 0x01, 0x0a, 0x09, 0x01, 0x0a, 0x0b, 0x01, 0x0a, 0x0c, 0x01, 0x0b, 0x00,
  0x10, 0x0b, 0x01, 0x02, 0x0b, 0x03, 0x20, 0x0b, 0x06, 0x10, 0x0b, 0x07, 0x03, 0x0b, 0x08, 0x02,
  0x0b, 0x09, 0x30, 0x0b, 0x0d, 0x03, 0x0b, 0x0e, 0x30, 0x0b, 0x0f, 0x01, 0x0c, 0x00, 0x01, 0x0c,
  0x01, 0x20, 0x0c, 0x02, 0x20, 0x0c, 0x03, 0x03, 0x0c, 0x04, 0x01, 0x0c, 0x05, 0x30, 0x0c, 0x06,
  0x02, 0x0c, 0x07, 0x40, 0x0c, 0x08, 0x10, 0x0c, 0x09, 0x02, 0x0c, 0x0a, 0x10, 0x0c, 0x0b, 0x10,
  0x0c, 0x0c, 0x10, 0x0c, 0x0d, 0x10, 0x0c, 0x0e, 0x03, 0x0c, 0x0f, 0x10, 0x0d, 0x00, 0x30, 0x0d,
  0x01, 0x02, 0x0d, 0x02, 0x20, 0x0d, 0x03, 0x02, 0x0d, 0x04, 0x20, 0x0d, 0x05, 0x10, 0x0d, 0x06,
  0x10, 0x0d, 0x07, 0x01, 0x0d, 0x08, 0x02, 0x0d, 0x0a, 0x02, 0x0d, 0x0b, 0x01, 0x0d, 0x0d, 0x03,
  0x0d, 0x0e, 0x10, 0x0d, 0x0f, 0x02, 0x0e, 0x00, 0x40, 0x0e, 0x02, 0x02, 0x0e, 0x03, 0x10, 0x0e,
  0x05, 0x30, 0x0e, 0x06, 0x01, 0x0e, 0x07, 0x06, 0x0e, 0x08, 0x01, 0x0e, 0x09, 0x40, 0x0e, 0x0a,
  0x01, 0x0e, 0x0b, 0x01, 0x0e, 0x0c, 0x02, 0x0e, 0x0e, 0x10, 0x0e, 0x0f, 0x01, 0x0f, 0x00, 0x20,
  0x0f, 0x01, 0x02, 0x0f, 0x02, 0x02, 0x0f, 0x03, 0x02, 0x0f, 0x05, 0x03, 0x0f, 0x06, 0x30, 0x0f,
  0x07, 0x30, 0x0f, 0x08, 0x01, 0x0f, 0x09, 0x01, 0x0f, 0x0a, 0x10, 0x0f, 0x0b, 0x10, 0x0f, 0x0d,
  0x02, 0x0f, 0x0e, 0x04, 0x10, 0x00, 0x20, 0x10, 0x01, 0x02, 0x10, 0x02, 0x02, 0x10, 0x04, 0x02,
  0x10, 0x05, 0x02, 0x10, 0x06, 0x02, 0x10, 0x08, 0x02, 0x10, 0x09, 0x10, 0x10, 0x0a, 0x10, 0x10,
  0x0b, 0x01, 0x10, 0x0c, 0x02, 0x10, 0x0d, 0x02, 0x10, 0x0e, 0x20, 0x10, 0x0f, 0x20, 0x11, 0x00,
  0x30, 0x11, 0x01, 0x01, 0x11, 0x02, 0x10, 0x11, 0x03, 0x01, 0x11, 0x06, 0x20, 0x11, 0x07, 0x03,
  0x11, 0x08, 0x02, 0x11, 0x09, 0x30, 0x11, 0x0a, 0x01, 0x11, 0x0b, 0x20, 0x11, 0x0c, 0x02, 0x11,
  0x0d, 0x01, 0x11, 0x0e, 0x10, 0x11, 0x0f, 0x01, 0x12, 0x01, 0x20, 0x12, 0x02, 0x20, 0x12, 0x03,
  0x04, 0x12, 0x04, 0x02, 0x12, 0x05, 0x40, 0x12, 0x06, 0x02, 0x12, 0x07, 0x30, 0x12, 0x08, 0x10,
  0x12, 0x09, 0x01, 0x12, 0x0b, 0x10, 0x12, 0x0d, 0x01, 0x12, 0x0e, 0x02, 0x12, 0x0f, 0x10, 0x13,
  0x00, 0x20, 0x13, 0x01, 0x01, 0x13, 0x02, 0x01, 0x13, 0x04, 0x20, 0x13, 0x05, 0x10, 0x13, 0x06,
  0x20, 0x13, 0x07, 0x04, 0x13, 0x08, 0x10, 0x13, 0x09, 0x10, 0x13, 0x0c, 0x10, 0x13, 0x0d, 0x01,
  0x13, 0x0e, 0x10, 0x14, 0x00, 0x40, 0x14, 0x03, 0x01, 0x14, 0x06, 0x02, 0x14, 0x07, 0x02, 0x14,
  0x08, 0x10, 0x14, 0x09, 0x40, 0x14, 0x0a, 0x01, 0x14, 0x0b, 0x02, 0x14, 0x0c, 0x01, 0x14, 0x0e,
  0x10, 0x14, 0x0f, 0x10, 0x15, 0x00, 0x02, 0x15, 0x01, 0x01, 0x15, 0x02, 0x02, 0x15, 0x03, 0x03,
  0x15, 0x04, 0x10, 0x15, 0x05, 0x03, 0x15, 0x06, 0x20, 0x15, 0x07, 0x30, 0x15, 0x08, 0x20, 0x15,
  0x09, 0x01, 0x15, 0x0a, 0x10, 0x15, 0x0b, 0x01, 0x15, 0x0d, 0x02, 0x15, 0x0e, 0x03, 0x15, 0x0f,
  0x10, 0x16, 0x00, 0x30, 0x16, 0x01, 0x02, 0x16, 0x03, 0x02, 0x16, 0x04, 0x01, 0x16, 0x05, 0x01,
  0x16, 0x06, 0x10, 0x16, 0x08, 0x02, 0x16, 0x0b, 0x01, 0x16, 0x0c, 0x20, 0x16, 0x0e, 0x01, 0x16,
  0x0f, 0x01, 0x17, 0x00, 0x40, 0x17, 0x01, 0x01, 0x17, 0x02, 0x01, 0x17, 0x03, 0x10, 0x17, 0x04,
  0x01, 0x17, 0x05, 0x01, 0x17, 0x07, 0x02, 0x17, 0x08, 0x10, 0x17, 0x09, 0x01, 0x17, 0x0a, 0x01,
  0x17, 0x0b, 0x20, 0x17, 0x0c, 0x02, 0x17, 0x0d, 0x02, 0x17, 0x0e, 0x10, 0x18, 0x01, 0x01, 0x18,
  0x02, 0x20, 0x18, 0x03, 0x02, 0x18, 0x04, 0x02, 0x18, 0x05, 0x10, 0x18, 0x06, 0x01, 0x18, 0x07,
  0x30, 0x18, 0x08, 0x01, 0x18, 0x09, 0x20, 0x18, 0x0a, 0x10, 0x18, 0x0b, 0x02, 0x18, 0x0d, 0x02,
  0x18, 0x0e, 0x03, 0x18, 0x0f, 0x10, 0x19, 0x00, 0x30, 0x19, 0x01, 0x03, 0x19, 0x02, 0x01, 0x19,
  0x03, 0x04, 0x19, 0x04, 0x20, 0x19, 0x05, 0x10, 0x19, 0x06, 0x20, 0x19, 0x07, 0x02, 0x19, 0x08,
  0x01, 0x19, 0x09, 0x02, 0x19, 0x0a, 0x01, 0x19, 0x0c, 0x01, 0x19, 0x0d, 0x01, 0x19, 0x0e, 0x50,
  0x19, 0x0f, 0x01, 0x1a, 0x00, 0x40, 0x1a, 0x01, 0x04, 0x1a, 0x02, 0x01, 0x1a, 0x03, 0x01, 0x1a,
  0x04, 0x01, 0x1a, 0x06, 0x10, 0x1a, 0x08, 0x10, 0x1a, 0x09, 0x10, 0x1a, 0x0a, 0x01, 0x1a, 0x0b,
  0x10, 0x1a, 0x0c, 0x20, 0x1a, 0x0d, 0x04, 0x1a, 0x0e, 0x40, 0x1a, 0x0f, 0x10, 0x1b, 0x00, 0x10,
  0x1b, 0x01, 0x01, 0x1b, 0x02, 0x10, 0x1b, 0x03, 0x02, 0x1b, 0x04, 0x10, 0x1b, 0x05, 0x02, 0x1b,
  0x06, 0x30, 0x1b, 0x07, 0x30, 0x1b, 0x08, 0x10, 0x1b, 0x09, 0x03, 0x1b, 0x0a, 0x01, 0x1b, 0x0c,
  0x10, 0x1b, 0x0d, 0x01, 0x1b, 0x0e, 0x04, 0x1c, 0x00, 0x30, 0x1c, 0x01, 0x03, 0x1c, 0x02, 0x02,
  0x1c, 0x03, 0x03, 0x1c, 0x04, 0x01, 0x1c, 0x06, 0x30, 0x1c, 0x07, 0x20, 0x1c, 0x08, 0x10, 0x1c,
  0x0a, 0x02, 0x1c, 0x0b, 0x10, 0x1c, 0x0c, 0x20, 0x1c, 0x0e, 0x10, 0x1d, 0x00, 0x40, 0x1d, 0x01,
  0x01, 0x1d, 0x03, 0x02, 0x1d, 0x04, 0x01, 0x1d, 0x06, 0x20, 0x1d, 0x08, 0x10, 0x1d, 0x09, 0x03,
  0x1d, 0x0c, 0x10, 0x1d, 0x0d, 0x03, 0x1d, 0x0e, 0x50, 0x1d, 0x0f, 0x10, 0x1e, 0x00, 0x30, 0x1e,
  0x03, 0x02, 0x1e, 0x04, 0x20, 0x1e, 0x05, 0x02, 0x1e, 0x06, 0x10, 0x1e, 0x07, 0x10, 0x1e, 0x08,
  0x10, 0x1e, 0x09, 0x03, 0x1e, 0x0a, 0x02, 0x1e, 0x0c, 0x10, 0x1e, 0x0d, 0x02, 0x1e, 0x0e, 0x02,
  0x1e, 0x0f, 0x01, 0x1f, 0x01, 0x01, 0x1f, 0x02, 0x02, 0x1f, 0x03, 0x40, 0x1f, 0x04, 0x02, 0x1f,
  0x05, 0x01, 0x1f, 0x06, 0x01, 0x1f, 0x07, 0x01, 0x1f, 0x08, 0x02, 0x1f, 0x09, 0x40, 0x1f, 0x0a,
  0x01, 0x1f, 0x0b, 0x10, 0x1f, 0x0d, 0x03, 0x1f, 0x0e, 0x30, 0x1f, 0x0f, 0x10, 0x20, 0x00, 0x02,
  0x20, 0x01, 0x01, 0x20, 0x02, 0x02, 0x20, 0x03, 0x30, 0x20, 0x04, 0x20, 0x20, 0x05, 0x10, 0x20,
  0x06, 0x10, 0x20, 0x07, 0x01, 0x20, 0x08, 0x02, 0x20, 0x09, 0x01, 0x20, 0x0a, 0x01, 0x20, 0x0b,
  0x01, 0x20, 0x0c, 0x01, 0x20, 0x0d, 0x03, 0x20, 0x0e, 0x02, 0x20, 0x0f, 0x01, 0x21, 0x00, 0x20,
  0x21, 0x01, 0x02, 0x21, 0x02, 0x20, 0x21, 0x03, 0x02, 0x21, 0x05, 0x10, 0x21, 0x06, 0x01, 0x21,
  0x07, 0x03, 0x21, 0x09, 0x01, 0x21, 0x0a, 0x20, 0x21, 0x0b, 0x02, 0x21, 0x0c, 0x01, 0x21, 0x0d,
  0x01, 0x21, 0x0e, 0x20, 0x21, 0x0f, 0x02, 0x22, 0x00, 0x20, 0x22, 0x01, 0x03, 0x22, 0x02, 0x01,
  0x22, 0x03, 0x10, 0x22, 0x04, 0x10, 0x22, 0x05, 0x30, 0x22, 0x06, 0x02, 0x22, 0x07, 0x02, 0x22,
  0x08, 0x02, 0x22, 0x09, 0x20, 0x22, 0x0a, 0x20, 0x22, 0x0b, 0x02, 0x22, 0x0c, 0x01, 0x22, 0x0d,
  0x02, 0x22, 0x0e, 0x01, 0x22, 0x0f, 0x01, 0x23, 0x00, 0x03, 0x23, 0x01, 0x02, 0x23, 0x02, 0x01,
  0x23, 0x03, 0x10, 0x23, 0x05, 0x01, 0x23, 0x06, 0x10, 0x23, 0x07, 0x20, 0x23, 0x08, 0x02, 0x23,
  0x09, 0x40, 0x23, 0x0a, 0x10, 0x23, 0x0b, 0x02, 0x23, 0x0c, 0x20, 0x23, 0x0d, 0x02, 0x23, 0x0e,
  0x30, 0x23, 0x0f, 0x01, 0x24, 0x00, 0x20, 0x24, 0x01, 0x01, 0x24, 0x03, 0x03, 0x24, 0x04, 0x10,
  0x24, 0x05, 0x02, 0x24, 0x07, 0x10, 0x24, 0x08, 0x10, 0x24, 0x09, 0x01, 0x24, 0x0a, 0x01, 0x24,
  0x0b, 0x20, 0x24, 0x0c, 0x20, 0x24, 0x0d, 0x01, 0x24, 0x0e, 0x03, 0x25, 0x01, 0x01, 0x25, 0x03,
  0x30, 0x25, 0x04, 0x01, 0x25, 0x05, 0x01, 0x25, 0x09, 0x30, 0x25, 0x0a, 0x02, 0x25, 0x0b, 0x01,
  0x25, 0x0c, 0x10, 0x25, 0x0d, 0x01, 0x26, 0x00, 0x01, 0x26, 0x01, 0x02, 0x26, 0x03, 0x10, 0x26,
  0x04, 0x10, 0x26, 0x05, 0x40, 0x26, 0x06, 0x01, 0x26, 0x07, 0x01, 0x26, 0x08, 0x01, 0x26, 0x09,
  0x30, 0x26, 0x0a, 0x01, 0x26, 0x0b, 0x02, 0x26, 0x0c, 0x02, 0x26, 0x0d, 0x02, 0x26, 0x0f, 0x01,
  0x27, 0x00, 0x20, 0x27, 0x02, 0x01, 0x27, 0x03, 0x02, 0x27, 0x04, 0x01, 0x27, 0x05, 0x01, 0x27,
  0x06, 0x30, 0x27, 0x07, 0x10, 0x27, 0x08, 0x20, 0x27, 0x09, 0x10, 0x27, 0x0a, 0x01, 0x27, 0x0b,
  0x01, 0x27, 0x0c, 0x01, 0x27, 0x0d, 0x10, 0x27, 0x0f, 0x01, 0x28, 0x00, 0x30, 0x28, 0x01, 0x02,
  0x28, 0x02, 0x01, 0x28, 0x04, 0x02, 0x28, 0x05, 0x10, 0x28, 0x06, 0x03, 0x28, 0x08, 0x01, 0x28,
  0x09, 0x30, 0x28, 0x0a, 0x01, 0x28, 0x0b, 0x01, 0x28, 0x0c, 0x10, 0x28, 0x0f, 0x01, 0x29, 0x00,
  0x03, 0x29, 0x02, 0x01, 0x29, 0x03, 0x40, 0x29, 0x06, 0x20, 0x29, 0x07, 0x01, 0x29, 0x08, 0x02,
  0x29, 0x09, 0x50, 0x29, 0x0a, 0x01, 0x29, 0x0c, 0x20, 0x29, 0x0e, 0x01, 0x29, 0x0f, 0x01, 0x2a,
  0x00, 0x20, 0x2a, 0x01, 0x02, 0x2a, 0x02, 0x20, 0x2a, 0x03, 0x05, 0x2a, 0x05, 0x40, 0x2a, 0x06,
  0x02, 0x2a, 0x07, 0x30, 0x2a, 0x09, 0x01, 0x2a, 0x0a, 0x10, 0x2a, 0x0b, 0x20, 0x2a, 0x0c, 0x20,
  0x2a, 0x0d, 0x01, 0x2a, 0x0e, 0x01, 0x2a, 0x0f, 0x10, 0x2b, 0x02, 0x01, 0x2b, 0x03, 0x30, 0x2b,
  0x04, 0x10, 0x2b, 0x05, 0x10, 0x2b, 0x08, 0x01, 0x2b, 0x09, 0x20, 0x2b, 0x0a, 0x10, 0x2b, 0x0d,
  0x02, 0x2b, 0x0e, 0x30, 0x2b, 0x0f, 0x10, 0x2c, 0x00, 0x10, 0x2c, 0x01, 0x02, 0x2c, 0x02, 0x20,
  0x2c, 0x03, 0x30, 0x2c, 0x04, 0x10, 0x2c, 0x05, 0x20, 0x2c, 0x06, 0x04, 0x2c, 0x07, 0x03, 0x2c,
  0x08, 0x10, 0x2c, 0x09, 0x40, 0x2c, 0x0a, 0x02, 0x2c, 0x0d, 0x02, 0x2c, 0x0e, 0x30, 0x2c, 0x0f,
  0x10, 0x2d, 0x00, 0x30, 0x2d, 0x01, 0x10, 0x2d, 0x03, 0x04, 0x2d, 0x05, 0x01, 0x2d, 0x06, 0x40,
  0x2d, 0x09, 0x02, 0x2d, 0x0b, 0x02, 0x2d, 0x0d, 0x03, 0x2d, 0x0e, 0x10, 0x2e, 0x00, 0x30, 0x2e,
  0x02, 0x10, 0x2e, 0x03, 0x10, 0x2e, 0x04, 0x01, 0x2e, 0x06, 0x10, 0x2e, 0x07, 0x02, 0x2e, 0x08,
  0x01, 0x2e, 0x09, 0x20, 0x2e, 0x0a, 0x02, 0x2e, 0x0c, 0x01, 0x2e, 0x0d, 0x02, 0x2e, 0x0e, 0x20,
  0x2f, 0x02, 0x10, 0x2f, 0x03, 0x20, 0x2f, 0x04, 0x10, 0x2f, 0x05, 0x20, 0x2f, 0x06, 0x10, 0x2f,
  0x07, 0x10, 0x2f, 0x08, 0x02, 0x2f, 0x09, 0x20, 0x2f, 0x0a, 0x01, 0x2f, 0x0b, 0x10, 0x2f, 0x0c,
  0x10, 0x2f, 0x0d, 0x10, 0x2f, 0x0e, 0x10, 0x30, 0x00, 0x20, 0x30, 0x02, 0x10, 0x30, 0x03, 0x05,
  0x30, 0x04, 0x01, 0x30, 0x05, 0x10, 0x30, 0x06, 0x01, 0x30, 0x07, 0x20, 0x30, 0x08, 0x02, 0x30,
  0x0c, 0x01, 0x30, 0x0d, 0x03, 0x30, 0x0e, 0x02, 0x30, 0x0f, 0x02, 0x31, 0x00, 0x01, 0x31, 0x01,
  0x01, 0x31, 0x02, 0x02, 0x31, 0x03, 0x20, 0x31, 0x04, 0x10, 0x31, 0x05, 0x10, 0x31, 0x06, 0x10,
  0x31, 0x07, 0x01, 0x31, 0x08, 0x01, 0x31, 0x09, 0x01, 0x31, 0x0a, 0x10, 0x31, 0x0c, 0x10, 0x31,
  0x0d, 0x01, 0x31, 0x0e, 0x40, 0x31, 0x0f, 0x10, 0x32, 0x00, 0x01, 0x32, 0x01, 0x01, 0x32, 0x02,
  0x10, 0x32, 0x03, 0x20, 0x32, 0x04, 0x01, 0x32, 0x05, 0x01, 0x32, 0x06, 0x03, 0x32, 0x07, 0x05,
  0x32, 0x08, 0x10, 0x32, 0x09, 0x10, 0x32, 0x0a, 0x02, 0x32, 0x0b, 0x02, 0x32, 0x0c, 0x01, 0x32,
  0x0d, 0x02, 0x32, 0x0e, 0x30, 0x32, 0x0f, 0x10, 0x33, 0x00, 0x30, 0x33, 0x01, 0x02, 0x33, 0x02,
  0x10, 0x33, 0x03, 0x02, 0x33, 0x05, 0x03, 0x33, 0x06, 0x20, 0x33, 0x07, 0x10, 0x33, 0x08, 0x10,
  0x33, 0x0b, 0x10, 0x33, 0x0c, 0x10, 0x33, 0x0d, 0x02, 0x34, 0x00, 0x10, 0x34, 0x01, 0x03, 0x34,
  0x02, 0x02, 0x34, 0x03, 0x02, 0x34, 0x04, 0x10, 0x34, 0x05, 0x02, 0x34, 0x06, 0x20, 0x34, 0x07,
  0x01, 0x34, 0x09, 0x20, 0x34, 0x0b, 0x01, 0x34, 0x0c, 0x10, 0x34, 0x0d, 0x02, 0x34, 0x0e, 0x20,
  0x35, 0x00, 0x01, 0x35, 0x04, 0x02, 0x35, 0x05, 0x10, 0x35, 0x06, 0x01, 0x35, 0x07, 0x01, 0x35,
  0x09, 0x10, 0x35, 0x0a, 0x02, 0x35, 0x0b, 0x01, 0x35, 0x0c, 0x01, 0x35, 0x0d, 0x01, 0x35, 0x0e,
  0x20, 0x35, 0x0f, 0x10, 0x36, 0x00, 0x40, 0x36, 0x01, 0x10, 0x36, 0x03, 0x04, 0x36, 0x04, 0x02,
  0x36, 0x05, 0x10, 0x36, 0x06, 0x20, 0x36, 0x07, 0x10, 0x36, 0x09, 0x50, 0x36, 0x0a, 0x10, 0x36,
  0x0c, 0x01, 0x36, 0x0d, 0x01, 0x36, 0x0f, 0x10, 0x37, 0x01, 0x03, 0x37, 0x03, 0x01, 0x37, 0x04,
  0x10, 0x37, 0x06, 0x20, 0x37, 0x08, 0x02, 0x37, 0x09, 0x02, 0x37, 0x0a, 0x02, 0x37, 0x0c, 0x10,
  0x37, 0x0e, 0x40, 0x38, 0x00, 0x01, 0x38, 0x01, 0x04, 0x38, 0x02, 0x01, 0x38, 0x03, 0x10, 0x38,
  0x04, 0x02, 0x38, 0x05, 0x03, 0x38, 0x06, 0x20, 0x38, 0x07, 0x01, 0x38, 0x08, 0x01, 0x38, 0x09,
  0x10, 0x38, 0x0a, 0x01, 0x38, 0x0b, 0x01, 0x38, 0x0d, 0x10, 0x38, 0x0e, 0x50, 0x38, 0x0f, 0x01,
  0x39, 0x00, 0x30, 0x39, 0x01, 0x01, 0x39, 0x02, 0x02, 0x39, 0x03, 0x03, 0x39, 0x05, 0x01, 0x39,
  0x07, 0x20, 0x39, 0x08, 0x01, 0x39, 0x09, 0x02, 0x39, 0x0a, 0x01, 0x39, 0x0b, 0x20, 0x39, 0x0c,
  0x10, 0x39, 0x0d, 0x01, 0x39, 0x0e, 0x01, 0x39, 0x0f, 0x01, 0x3a, 0x01, 0x01, 0x3a, 0x02, 0x10,
  0x3a, 0x04, 0x01, 0x3a, 0x05, 0x02, 0x3a, 0x06, 0x20, 0x3a, 0x07, 0x02, 0x3a, 0x08, 0x02, 0x3a,
  0x0b, 0x10, 0x3a, 0x0c, 0x20, 0x3a, 0x0e, 0x30, 0x3a, 0x0f, 0x01, 0x3b, 0x00, 0x01, 0x3b, 0x01,
  0x02, 0x3b, 0x02, 0x01, 0x3b, 0x03, 0x01, 0x3b, 0x04, 0x01, 0x3b, 0x08, 0x02, 0x3b, 0x09, 0x02,
  0x3b, 0x0b, 0x10, 0x3b, 0x0c, 0x10, 0x3b, 0x0d, 0x10, 0x3b, 0x0e, 0x20, 0x3b, 0x0f, 0x02, 0x3c,
  0x00, 0x50, 0x3c, 0x01, 0x02, 0x3c, 0x03, 0x01, 0x3c, 0x04, 0x02, 0x3c, 0x05, 0x02, 0x3c, 0x06,
  0x02, 0x3c, 0x07, 0x03, 0x3c, 0x08, 0x02, 0x3c, 0x0b, 0x20, 0x3c, 0x0c, 0x10, 0x3c, 0x0d, 0x05,
  0x3c, 0x0e, 0x30, 0x3c, 0x0f, 0x01, 0x3d, 0x00, 0x01, 0x3d, 0x01, 0x02, 0x3d, 0x03, 0x10, 0x3d,
  0x04, 0x04, 0x3d, 0x05, 0x02, 0x3d, 0x06, 0x10, 0x3d, 0x07, 0x20, 0x3d, 0x08, 0x02, 0x3d, 0x09,
  0x40, 0x3d, 0x0a, 0x20, 0x3d, 0x0c, 0x20, 0x3d, 0x0d, 0x20, 0x3d, 0x0e, 0x10, 0x3d, 0x0f, 0x02,
  0x3e, 0x00, 0x03, 0x3e, 0x01, 0x10, 0x3e, 0x02, 0x10, 0x3e, 0x03, 0x10, 0x3e, 0x04, 0x20, 0x3e,
  0x05, 0x01, 0x3e, 0x06, 0x01, 0x3e, 0x07, 0x50, 0x3e, 0x08, 0x01, 0x3e, 0x09, 0x30, 0x3e, 0x0a,
  0x10, 0x3e, 0x0b, 0x01, 0x3e, 0x0c, 0x20, 0x3e, 0x0d, 0x01, 0x3e, 0x0e, 0x02, 0x3e, 0x0f, 0x01,
  0x3f, 0x00, 0x30, 0x3f, 0x02, 0x10, 0x3f, 0x04, 0x20, 0x3f, 0x05, 0x30, 0x3f, 0x07, 0x02, 0x3f,
  0x08, 0x20, 0x3f, 0x09, 0x10, 0x3f, 0x0b, 0x02, 0x3f, 0x0c, 0x03, 0x3f, 0x0d, 0x02, 0x3f, 0x0e,
  0x10, 0x40, 0x00, 0x02, 0x40, 0x01, 0x10, 0x40, 0x02, 0x10, 0x40, 0x04, 0x02, 0x40, 0x05, 0x10,
  0x40, 0x06, 0x03, 0x40, 0x07, 0x10, 0x40, 0x08, 0x01, 0x40, 0x09, 0x30, 0x40, 0x0c, 0x01, 0x40,
  0x0d, 0x01, 0x40, 0x0f, 0x02, 0x41, 0x00, 0x03, 0x41, 0x04, 0x01, 0x41, 0x05, 0x01, 0x41, 0x06,
  0x20, 0x41, 0x07, 0x40, 0x41, 0x08, 0x02, 0x41, 0x09, 0x10, 0x41, 0x0a, 0x20, 0x41, 0x0c, 0x10,
  0x41, 0x0d, 0x30, 0x41, 0x0f, 0x20, 0x42, 0x00, 0x40, 0x42, 0x01, 0x02, 0x42, 0x02, 0x10, 0x42,
  0x03, 0x01, 0x42, 0x05, 0x10, 0x42, 0x06, 0x01, 0x42, 0x07, 0x01, 0x42, 0x08, 0x10, 0x42, 0x09,
  0x30, 0x42, 0x0b, 0x10, 0x42, 0x0c, 0x30, 0x42, 0x0d, 0x04, 0x42, 0x0f, 0x01, 0x43, 0x00, 0x04,
  0x43, 0x01, 0x20, 0x43, 0x02, 0x01, 0x43, 0x03, 0x10, 0x43, 0x04, 0x01, 0x43, 0x05, 0x02, 0x43,
  0x06, 0x10, 0x43, 0x07, 0x10, 0x43, 0x08, 0x01, 0x43, 0x09, 0x10, 0x43, 0x0a, 0x10, 0x43, 0x0b,
  0x10, 0x43, 0x0c, 0x20, 0x43, 0x0d, 0x20, 0x43, 0x0e, 0x02, 0x43, 0x0f, 0x01, 0x44, 0x00, 0x04,
  0x44, 0x01, 0x20, 0x44, 0x02, 0x10, 0x44, 0x03, 0x40, 0x44, 0x04, 0x01, 0x44, 0x05, 0x40, 0x44,
  0x06, 0x03, 0x44, 0x07, 0x20, 0x44, 0x08, 0x01, 0x44, 0x09, 0x20, 0x44, 0x0a, 0x20, 0x44, 0x0b,
  0x10, 0x44, 0x0c, 0x02, 0x44, 0x0d, 0x20, 0x44, 0x0f, 0x01, 0x45, 0x00, 0x50, 0x45, 0x03, 0x03,
  0x45, 0x05, 0x02, 0x45, 0x06, 0x20, 0x45, 0x07, 0x01, 0x45, 0x08, 0x01, 0x45, 0x09, 0x30, 0x45,
  0x0e, 0x30, 0x45, 0x0f, 0x01, 0x46, 0x00, 0x10, 0x46, 0x01, 0x01, 0x46, 0x02, 0x01, 0x46, 0x03,
  0x20, 0x46, 0x04, 0x10, 0x46, 0x06, 0x02, 0x46, 0x07, 0x20, 0x46, 0x09, 0x50, 0x46, 0x0a, 0x02,
  0x46, 0x0d, 0x02, 0x46, 0x0e, 0x10, 0x46, 0x0f, 0x10, 0x47, 0x00, 0x02, 0x47, 0x01, 0x30, 0x47,
  0x03, 0x30, 0x47, 0x04, 0x10, 0x47, 0x05, 0x10, 0x47, 0x07, 0x40, 0x47, 0x08, 0x02, 0x47, 0x09,
  0x20, 0x47, 0x0a, 0x30, 0x47, 0x0d, 0x10, 0x47, 0x0e, 0x04, 0x47, 0x0f, 0x20, 0x48, 0x00, 0x60,
  0x48, 0x01, 0x02, 0x48, 0x02, 0x20, 0x48, 0x03, 0x02, 0x48, 0x04, 0x02, 0x48, 0x05, 0x30, 0x48,
  0x06, 0x01, 0x48, 0x07, 0x10, 0x48, 0x08, 0x02, 0x48, 0x09, 0x20, 0x48, 0x0b, 0x10, 0x48, 0x0c,
  0x10, 0x48, 0x0d, 0x04, 0x48, 0x0e, 0x10, 0x49, 0x00, 0x02, 0x49, 0x01, 0x20, 0x49, 0x02, 0x02,
  0x49, 0x03, 0x20, 0x49, 0x05, 0x02, 0x49, 0x06, 0x20, 0x49, 0x07, 0x30, 0x49, 0x08, 0x01, 0x49,
  0x09, 0x01, 0x49, 0x0a, 0x20, 0x49, 0x0b, 0x10, 0x49, 0x0c, 0x10, 0x49, 0x0d, 0x30, 0x49, 0x0e,
  0x10, 0x4a, 0x00, 0x03, 0x4a, 0x01, 0x20, 0x4a, 0x02, 0x10, 0x4a, 0x03, 0x30, 0x4a, 0x04, 0x01,
  0x4a, 0x05, 0x40, 0x4a, 0x06, 0x02, 0x4a, 0x08, 0x20, 0x4a, 0x09, 0x30, 0x4a, 0x0a, 0x02, 0x4a,
  0x0b, 0x10, 0x4a, 0x0c, 0x01, 0x4a, 0x0d, 0x30, 0x4a, 0x0e, 0x03, 0x4a, 0x0f, 0x01, 0x4b, 0x00,
  0x30, 0x4b, 0x02, 0x10, 0x4b, 0x03, 0x01, 0x4b, 0x05, 0x02, 0x4b, 0x06, 0x30, 0x4b, 0x08, 0x01,
  0x4b, 0x09, 0x20, 0x4b, 0x0a, 0x02, 0x4b, 0x0b, 0x02, 0x4b, 0x0c, 0x20, 0x4b, 0x0d, 0x03, 0x4b,
  0x0f, 0x10, 0x4c, 0x03, 0x30, 0x4c, 0x04, 0x01, 0x4c, 0x05, 0x10, 0x4c, 0x06, 0x02, 0x4c, 0x08,
  0x02, 0x4c, 0x09, 0x30, 0x4c, 0x0a, 0x10, 0x4c, 0x0c, 0x10, 0x4c, 0x0d, 0x20, 0x4c, 0x0e, 0x20,
  0x4d, 0x00, 0x01, 0x4d, 0x01, 0x10, 0x4d, 0x02, 0x10, 0x4d, 0x03, 0x20, 0x4d, 0x04, 0x30, 0x4d,
  0x05, 0x02, 0x4d, 0x07, 0x10, 0x4d, 0x08, 0x10, 0x4d, 0x09, 0x01, 0x4d, 0x0a, 0x20, 0x4d, 0x0c,
  0x01, 0x4d, 0x0d, 0x20, 0x4d, 0x0e, 0x04, 0x4e, 0x00, 0x60, 0x4e, 0x01, 0x01, 0x4e, 0x02, 0x01,
  0x4e, 0x03, 0x02, 0x4e, 0x04, 0x01, 0x4e, 0x05, 0x40, 0x4e, 0x06, 0x01, 0x4e, 0x07, 0x10, 0x4e,
  0x08, 0x02, 0x4e, 0x09, 0x40, 0x4e, 0x0a, 0x20, 0x4e, 0x0d, 0x03, 0x4e, 0x0e, 0x30, 0x4f, 0x00,
  0x02, 0x4f, 0x01, 0x20, 0x4f, 0x02, 0x01, 0x4f, 0x04, 0x01, 0x4f, 0x05, 0x10, 0x4f, 0x07, 0x30,
  0x4f, 0x08, 0x02, 0x4f, 0x09, 0x04, 0x4f, 0x0a, 0x10, 0x4f, 0x0b, 0x10, 0x4f, 0x0c, 0x01, 0x4f,
  0x0d, 0x30, 0x4f, 0x0e, 0x01, 0x50, 0x00, 0x03, 0x50, 0x01, 0x10, 0x50, 0x02, 0x20, 0x50, 0x03,
  0x20, 0x50, 0x04, 0x03, 0x50, 0x05, 0x20, 0x50, 0x07, 0x04, 0x50, 0x08, 0x20, 0x50, 0x09, 0x10,
  0x50, 0x0a, 0x02, 0x50, 0x0b, 0x02, 0x50, 0x0c, 0x03, 0x50, 0x0d, 0x20, 0x50, 0x0e, 0x10, 0x51,
  0x00, 0x10, 0x51, 0x01, 0x03, 0x51, 0x02, 0x01, 0x51, 0x03, 0x01, 0x51, 0x04, 0x10, 0x51, 0x05,
  0x02, 0x51, 0x06, 0x30, 0x51, 0x07, 0x10, 0x51, 0x08, 0x10, 0x51, 0x09, 0x01, 0x51, 0x0a, 0x02,
  0x51, 0x0b, 0x01, 0x51, 0x0c, 0x20, 0x51, 0x0d, 0x01, 0x51, 0x0e, 0x20, 0x51, 0x0f, 0x10, 0x52,
  0x00, 0x10, 0x52, 0x02, 0x01, 0x52, 0x03, 0x10, 0x52, 0x04, 0x01, 0x52, 0x05, 0x01, 0x52, 0x06,
  0x20, 0x52, 0x07, 0x02, 0x52, 0x08, 0x01, 0x52, 0x0a, 0x01, 0x52, 0x0c, 0x01, 0x52, 0x0d, 0x20,
  0x52, 0x0e, 0x20, 0x52, 0x0f, 0x02, 0x53, 0x00, 0x01, 0x53, 0x02, 0x20, 0x53, 0x03, 0x10, 0x53,
  0x04, 0x10, 0x53, 0x05, 0x01, 0x53, 0x06, 0x10, 0x53, 0x07, 0x20, 0x53, 0x09, 0x01, 0x53, 0x0b,
  0x01, 0x53, 0x0c, 0x02, 0x53, 0x0d, 0x20, 0x53, 0x0e, 0x02, 0x53, 0x0f, 0x10, 0x54, 0x00, 0x60,
  0x54, 0x01, 0x03, 0x54, 0x02, 0x01, 0x54, 0x03, 0x03, 0x54, 0x04, 0x01, 0x54, 0x05, 0x30, 0x54,
  0x06, 0x20, 0x54, 0x09, 0x50, 0x54, 0x0a, 0x01, 0x54, 0x0b, 0x10, 0x54, 0x0c, 0x20, 0x54, 0x0d,
  0x04, 0x54, 0x0e, 0x10, 0x54, 0x0f, 0x20, 0x55, 0x00, 0x04, 0x55, 0x04, 0x10, 0x55, 0x05, 0x10,
  0x55, 0x07, 0x01, 0x55, 0x08, 0x10, 0x55, 0x09, 0x04, 0x55, 0x0a, 0x01, 0x55, 0x0b, 0x10, 0x55,
  0x0c, 0x10, 0x55, 0x0d, 0x30, 0x55, 0x0e, 0x01, 0x56, 0x00, 0x03, 0x56, 0x01, 0x10, 0x56, 0x02,
  0x01, 0x56, 0x03, 0x40, 0x56, 0x04, 0x02, 0x56, 0x05, 0x01, 0x56, 0x06, 0x30, 0x56, 0x07, 0x04,
  0x56, 0x08, 0x10, 0x56, 0x0b, 0x01, 0x56, 0x0c, 0x10, 0x56, 0x0d, 0x20, 0x56, 0x0e, 0x10, 0x56,
  0x0f, 0x20, 0x57, 0x01, 0x01, 0x57, 0x03, 0x04, 0x57, 0x04, 0x10, 0x57, 0x05, 0x03, 0x57, 0x06,
  0x10, 0x57, 0x07, 0x10, 0x57, 0x08, 0x01, 0x57, 0x09, 0x03, 0x57, 0x0a, 0x10, 0x57, 0x0c, 0x30,
  0x57, 0x0d, 0x02, 0x57, 0x0e, 0x30, 0x58, 0x00, 0x10, 0x58, 0x02, 0x01, 0x58, 0x03, 0x01, 0x58,
  0x04, 0x10, 0x58, 0x05, 0x02, 0x58, 0x06, 0x40, 0x58, 0x07, 0x10, 0x58, 0x08, 0x10, 0x58, 0x09,
  0x02, 0x58, 0x0b, 0x01, 0x58, 0x0c, 0x01, 0x58, 0x0f, 0x01, 0x59, 0x00, 0x02, 0x59, 0x01, 0x20,
  0x59, 0x02, 0x20, 0x59, 0x04, 0x01, 0x59, 0x05, 0x01, 0x59, 0x06, 0x02, 0x59, 0x07, 0x02, 0x59,
  0x08, 0x01, 0x59, 0x09, 0x03, 0x59, 0x0a, 0x10, 0x59, 0x0b, 0x10, 0x59, 0x0c, 0x10, 0x59, 0x0d,
  0x30, 0x59, 0x0e, 0x02, 0x59, 0x0f, 0x20, 0x5a, 0x01, 0x02, 0x5a, 0x02, 0x03, 0x5a, 0x03, 0x40,
  0x5a, 0x04, 0x04, 0x5a, 0x05, 0x01, 0x5a, 0x07, 0x02, 0x5a, 0x08, 0x02, 0x5a, 0x0a, 0x03, 0x5a,
  0x0b, 0x10, 0x5a, 0x0c, 0x30, 0x5a, 0x0d, 0x04, 0x5a, 0x0e, 0x40, 0x5b, 0x01, 0x20, 0x5b, 0x03,
  0x02, 0x5b, 0x05, 0x10, 0x5b, 0x06, 0x20, 0x5b, 0x07, 0x30, 0x5b, 0x09, 0x30, 0x5b, 0x0b, 0x02,
  0x5b, 0x0c, 0x01, 0x5b, 0x0d, 0x40, 0x5b, 0x0e, 0x10, 0x5b, 0x0f, 0x01, 0x5c, 0x00, 0x03, 0x5c,
  0x01, 0x20, 0x5c, 0x02, 0x01, 0x5c, 0x03, 0x10, 0x5c, 0x04, 0x20, 0x5c, 0x05, 0x10, 0x5c, 0x07,
  0x60, 0x5c, 0x08, 0x30, 0x5c, 0x09, 0x10, 0x5c, 0x0d, 0x30, 0x5c, 0x0e, 0x02, 0x5d, 0x02, 0x20,
  0x5d, 0x03, 0x10, 0x5d, 0x04, 0x20, 0x5d, 0x05, 0x20, 0x5d, 0x06, 0x01, 0x5d, 0x07, 0x03, 0x5d,
  0x08, 0x20, 0x5d, 0x09, 0x20, 0x5d, 0x0b, 0x01, 0x5d, 0x0c, 0x01, 0x5d, 0x0d, 0x10, 0x5e, 0x00,
  0x02, 0x5e, 0x03, 0x20, 0x5e, 0x05, 0x20, 0x5e, 0x06, 0x02, 0x5e, 0x07, 0x30, 0x5e, 0x08, 0x02,
  0x5e, 0x09, 0x30, 0x5e, 0x0a, 0x20, 0x5e, 0x0b, 0x10, 0x5e, 0x0d, 0x30, 0x5e, 0x0f, 0x01, 0x5f,
  0x00, 0x02, 0x5f, 0x01, 0x50, 0x5f, 0x04, 0x10, 0x5f, 0x05, 0x01, 0x5f, 0x06, 0x10, 0x5f, 0x07,
  0x30, 0x5f, 0x08, 0x10, 0x5f, 0x09, 0x30, 0x5f, 0x0a, 0x10, 0x5f, 0x0b, 0x10, 0x5f, 0x0c, 0x01,
  0x5f, 0x0d, 0x40, 0x5f, 0x0e, 0x02, 0x5f, 0x0f, 0x20, 0x60, 0x00, 0x30, 0x60, 0x01, 0x02, 0x60,
  0x02, 0x02, 0x60, 0x03, 0x10, 0x60, 0x04, 0x03, 0x60, 0x05, 0x01, 0x60, 0x06, 0x03, 0x60, 0x07,
  0x01, 0x60, 0x08, 0x02, 0x60, 0x09, 0x40, 0x60, 0x0b, 0x10, 0x60, 0x0c, 0x10, 0x60, 0x0d, 0x04,
  0x60, 0x0e, 0x50, 0x61, 0x00, 0x02, 0x61, 0x01, 0x20, 0x61, 0x02, 0x01, 0x61, 0x03, 0x01, 0x61,
  0x05, 0x01, 0x61, 0x07, 0x40, 0x61, 0x08, 0x01, 0x61, 0x09, 0x20, 0x61, 0x0a, 0x10, 0x61, 0x0b,
  0x10, 0x61, 0x0c, 0x10, 0x61, 0x0d, 0x40, 0x61, 0x0e, 0x01, 0x61, 0x0f, 0x01, 0x62, 0x00, 0x03,
  0x62, 0x01, 0x30, 0x62, 0x02, 0x30, 0x62, 0x03, 0x30, 0x62, 0x05, 0x20, 0x62, 0x06, 0x04, 0x62,
  0x07, 0x50, 0x62, 0x08, 0x20, 0x62, 0x09, 0x20, 0x62, 0x0b, 0x10, 0x62, 0x0c, 0x02, 0x62, 0x0d,
  0x30, 0x62, 0x0e, 0x02, 0x62, 0x0f, 0x02, 0x63, 0x00, 0x20, 0x63, 0x02, 0x01, 0x63, 0x03, 0x10,
  0x63, 0x04, 0x02, 0x63, 0x05, 0x02, 0x63, 0x06, 0x20, 0x63, 0x07, 0x04, 0x63, 0x09, 0x10, 0x63,
  0x0a, 0x01, 0x63, 0x0b, 0x02, 0x63, 0x0c, 0x01, 0x63, 0x0d, 0x02, 0x63, 0x0e, 0x30, 0x63, 0x0f,
  0x01, 0x64, 0x00, 0x01, 0x64, 0x01, 0x20, 0x64, 0x02, 0x02, 0x64, 0x03, 0x30, 0x64, 0x04, 0x02,
  0x64, 0x05, 0x10, 0x64, 0x06, 0x02, 0x64, 0x07, 0x10, 0x64, 0x08, 0x10, 0x64, 0x09, 0x30, 0x64,
  0x0a, 0x01, 0x64, 0x0c, 0x01, 0x64, 0x0d, 0x30, 0x64, 0x0f, 0x10, 0x65, 0x00, 0x01, 0x65, 0x01,
  0x50, 0x65, 0x02, 0x02, 0x65, 0x03, 0x10, 0x65, 0x04, 0x30, 0x65, 0x06, 0x20, 0x65, 0x07, 0x40,
  0x65, 0x08, 0x30, 0x65, 0x09, 0x20, 0x65, 0x0b, 0x01, 0x65, 0x0c, 0x10, 0x65, 0x0d, 0x20, 0x65,
  0x0e, 0x01, 0x65, 0x0f, 0x10, 0x66, 0x00, 0x20, 0x66, 0x01, 0x03, 0x66, 0x02, 0x01, 0x66, 0x03,
  0x30, 0x66, 0x04, 0x10, 0x66, 0x05, 0x10, 0x66, 0x07, 0x20, 0x66, 0x08, 0x03, 0x66, 0x09, 0x40,
  0x66, 0x0b, 0x20, 0x66, 0x0c, 0x01, 0x66, 0x0d, 0x01, 0x66, 0x0e, 0x50, 0x66, 0x0f, 0x01, 0x67,
  0x00, 0x02, 0x67, 0x01, 0x30, 0x67, 0x02, 0x10, 0x67, 0x03, 0x01, 0x67, 0x04, 0x20, 0x67, 0x05,
  0x01, 0x67, 0x07, 0x20, 0x67, 0x08, 0x20, 0x67, 0x09, 0x01, 0x67, 0x0a, 0x20, 0x67, 0x0d, 0x30,
  0x67, 0x0e, 0x04, 0x67, 0x0f, 0x10, 0x68, 0x00, 0x02, 0x68, 0x01, 0x20, 0x68, 0x02, 0x10, 0x68,
  0x03, 0x20, 0x68, 0x04, 0x02, 0x68, 0x05, 0x50, 0x68, 0x06, 0x03, 0x68, 0x07, 0x10, 0x68, 0x08,
  0x30, 0x68, 0x09, 0x20, 0x68, 0x0b, 0x10, 0x68, 0x0c, 0x02, 0x68, 0x0d, 0x20, 0x68, 0x0e, 0x03,
  0x68, 0x0f, 0x10, 0x69, 0x00, 0x20, 0x69, 0x01, 0x01, 0x69, 0x03, 0x20, 0x69, 0x04, 0x01, 0x69,
  0x05, 0x02, 0x69, 0x06, 0x30, 0x69, 0x07, 0x03, 0x69, 0x08, 0x01, 0x69, 0x0a, 0x02, 0x69, 0x0b,
  0x20, 0x69, 0x0c, 0x01, 0x69, 0x0d, 0x01, 0x69, 0x0e, 0x10, 0x6a, 0x01, 0x20, 0x6a, 0x02, 0x02,
  0x6a, 0x03, 0x20, 0x6a, 0x05, 0x01, 0x6a, 0x07, 0x01, 0x6a, 0x08, 0x10, 0x6a, 0x09, 0x10, 0x6a,
  0x0b, 0x01, 0x6a, 0x0d, 0x30, 0x6a, 0x0e, 0x02, 0x6a, 0x0f, 0x01, 0x6b, 0x00, 0x03, 0x6b, 0x01,
  0x40, 0x6b, 0x02, 0x10, 0x6b, 0x03, 0x10, 0x6b, 0x04, 0x20, 0x6b, 0x05, 0x01, 0x6b, 0x07, 0x40,
  0x6b, 0x08, 0x40, 0x6b, 0x0a, 0x20, 0x6b, 0x0b, 0x10, 0x6b, 0x0c, 0x20, 0x6b, 0x0d, 0x20, 0x6b,
  0x0e, 0x03, 0x6b, 0x0f, 0x01, 0x6c, 0x00, 0x40, 0x6c, 0x01, 0x03, 0x6c, 0x02, 0x02, 0x6c, 0x03,
  0x30, 0x6c, 0x04, 0x01, 0x6c, 0x05, 0x40, 0x6c, 0x06, 0x01, 0x6c, 0x07, 0x20, 0x6c, 0x08, 0x02,
  0x6c, 0x09, 0x40, 0x6c, 0x0a, 0x01, 0x6c, 0x0b, 0x02, 0x6c, 0x0d, 0x04, 0x6c, 0x0e, 0x50, 0x6c,
  0x0f, 0x10, 0x6d, 0x00, 0x01, 0x6d, 0x01, 0x20, 0x6d, 0x02, 0x10, 0x6d, 0x03, 0x02, 0x6d, 0x04,
  0x30, 0x6d, 0x05, 0x20, 0x6d, 0x06, 0x10, 0x6d, 0x07, 0x10, 0x6d, 0x08, 0x30, 0x6d, 0x09, 0x04,
  0x6d, 0x0a, 0x10, 0x6d, 0x0c, 0x20, 0x6d, 0x0d, 0x30, 0x6d, 0x0e, 0x04, 0x6d, 0x0f, 0x01, 0x6e,
  0x00, 0x04, 0x6e, 0x01, 0x20, 0x6e, 0x02, 0x01, 0x6e, 0x03, 0x40, 0x6e, 0x04, 0x10, 0x6e, 0x06,
  0x02, 0x6e, 0x07, 0x03, 0x6e, 0x08, 0x10, 0x6e, 0x09, 0x10, 0x6e, 0x0a, 0x10, 0x6e, 0x0b, 0x01,
  0x6e, 0x0c, 0x03, 0x6e, 0x0d, 0x30, 0x6e, 0x0e, 0x04, 0x6e, 0x0f, 0x01, 0x6f, 0x00, 0x10, 0x6f,
  0x01, 0x04, 0x6f, 0x02, 0x02, 0x6f, 0x06, 0x20, 0x6f, 0x07, 0x03, 0x6f, 0x08, 0x10, 0x6f, 0x09,
  0x02, 0x6f, 0x0a, 0x01, 0x6f, 0x0b, 0x01, 0x6f, 0x0c, 0x01, 0x6f, 0x0d, 0x01, 0x6f, 0x0e, 0x40,
  0x70, 0x00, 0x01, 0x70, 0x01, 0x01, 0x70, 0x02, 0x10, 0x70, 0x03, 0x10, 0x70, 0x05, 0x03, 0x70,
  0x07, 0x10, 0x70, 0x09, 0x02, 0x70, 0x0b, 0x10, 0x70, 0x0c, 0x01, 0x70, 0x0d, 0x20, 0x70, 0x0e,
  0x10, 0x70, 0x0f, 0x10, 0x71, 0x00, 0x04, 0x71, 0x01, 0x40, 0x71, 0x03, 0x01, 0x71, 0x05, 0x10,
  0x71, 0x06, 0x02, 0x71, 0x08, 0x30, 0x71, 0x09, 0x03, 0x71, 0x0a, 0x20, 0x71, 0x0d, 0x20, 0x71,
  0x0e, 0x03, 0x71, 0x0f, 0x01, 0x72, 0x01, 0x03, 0x72, 0x03, 0x20, 0x72, 0x04, 0x01, 0x72, 0x05,
  0x10, 0x72, 0x06, 0x30, 0x72, 0x07, 0x10, 0x72, 0x08, 0x01, 0x72, 0x09, 0x50, 0x72, 0x0a, 0x10,
  0x72, 0x0b, 0x01, 0x72, 0x0d, 0x02, 0x72, 0x0e, 0x50, 0x72, 0x0f, 0x01, 0x73, 0x00, 0x01, 0x73,
  0x01, 0x10, 0x73, 0x03, 0x03, 0x73, 0x04, 0x20, 0x73, 0x05, 0x01, 0x73, 0x06, 0x01, 0x73, 0x07,
  0x01, 0x73, 0x09, 0x05, 0x73, 0x0a, 0x20, 0x73, 0x0c, 0x10, 0x73, 0x0d, 0x30, 0x73, 0x0e, 0x03,
  0x73, 0x0f, 0x10, 0x74, 0x00, 0x02, 0x74, 0x01, 0x30, 0x74, 0x02, 0x01, 0x74, 0x03, 0x20, 0x74,
  0x04, 0x02, 0x74, 0x06, 0x20, 0x74, 0x07, 0x03, 0x74, 0x0a, 0x01, 0x74, 0x0b, 0x10, 0x74, 0x0c,
  0x02, 0x74, 0x0d, 0x40, 0x74, 0x0e, 0x03, 0x75, 0x00, 0x01, 0x75, 0x01, 0x01, 0x75, 0x03, 0x02,
  0x75, 0x04, 0x02, 0x75, 0x05, 0x02, 0x75, 0x06, 0x20, 0x75, 0x07, 0x02, 0x75, 0x08, 0x02, 0x75,
  0x09, 0x04, 0x75, 0x0b, 0x20, 0x75, 0x0e, 0x30, 0x76, 0x00, 0x01, 0x76, 0x01, 0x10, 0x76, 0x02,
  0x02, 0x76, 0x03, 0x10, 0x76, 0x05, 0x01, 0x76, 0x06, 0x30, 0x76, 0x07, 0x10, 0x76, 0x08, 0x01,
  0x76, 0x09, 0x02, 0x76, 0x0a, 0x02, 0x76, 0x0b, 0x20, 0x76, 0x0c, 0x01, 0x76, 0x0d, 0x10, 0x76,
  0x0f, 0x02, 0x77, 0x00, 0x03, 0x77, 0x01, 0x20, 0x77, 0x02, 0x20, 0x77, 0x03, 0x01, 0x77, 0x04,
  0x01, 0x77, 0x07, 0x02, 0x77, 0x08, 0x30, 0x77, 0x09, 0x04, 0x77, 0x0c, 0x10, 0x77, 0x0d, 0x20,
  0x77, 0x0e, 0x02, 0x78, 0x00, 0x03, 0x78, 0x01, 0x04, 0x78, 0x02, 0x02, 0x78, 0x03, 0x20, 0x78,
  0x04, 0x05, 0x78, 0x05, 0x01, 0x78, 0x06, 0x02, 0x78, 0x08, 0x04, 0x78, 0x09, 0x30, 0x78, 0x0a,
  0x10, 0x78, 0x0c, 0x01, 0x78, 0x0e, 0x10, 0x78, 0x0f, 0x20, 0x79, 0x00, 0x10, 0x79, 0x01, 0x40,
  0x79, 0x02, 0x02, 0x79, 0x03, 0x03, 0x79, 0x04, 0x20, 0x79, 0x05, 0x10, 0x79, 0x06, 0x20, 0x79,
  0x07, 0x10, 0x79, 0x08, 0x01, 0x79, 0x09, 0x10, 0x79, 0x0a, 0x20, 0x79, 0x0b, 0x01, 0x79, 0x0c,
  0x10, 0x79, 0x0d, 0x20, 0x79, 0x0e, 0x10, 0x79, 0x0f, 0x10, 0x7a, 0x00, 0x02, 0x7a, 0x01, 0x20,
  0x7a, 0x03, 0x02, 0x7a, 0x04, 0x20, 0x7a, 0x06, 0x10, 0x7a, 0x07, 0x10, 0x7a, 0x08, 0x20, 0x7a,
  0x09, 0x20, 0x7a, 0x0a, 0x30, 0x7a, 0x0b, 0x01, 0x7a, 0x0c, 0x10, 0x7a, 0x0d, 0x10, 0x7a, 0x0e,
  0x02, 0x7a, 0x0f, 0x20, 0x7b, 0x00, 0x03, 0x7b, 0x01, 0x02, 0x7b, 0x03, 0x30, 0x7b, 0x04, 0x01,
  0x7b, 0x06, 0x01, 0x7b, 0x07, 0x01, 0x7b, 0x09, 0x20, 0x7b, 0x0a, 0x20, 0x7b, 0x0e, 0x02, 0x7c,
  0x01, 0x10, 0x7c, 0x02, 0x10, 0x7c, 0x03, 0x01, 0x7c, 0x04, 0x02, 0x7c, 0x05, 0x30, 0x7c, 0x07,
  0x30, 0x7c, 0x09, 0x40, 0x7c, 0x0a, 0x20, 0x7c, 0x0b, 0x01, 0x7c, 0x0c, 0x02, 0x7c, 0x0d, 0x20,
  0x7c, 0x0e, 0x02, 0x7c, 0x0f, 0x01, 0x7d, 0x00, 0x01, 0x7d, 0x01, 0x20, 0x7d, 0x02, 0x20, 0x7d,
  0x03, 0x02, 0x7d, 0x04, 0x10, 0x7d, 0x05, 0x01, 0x7d, 0x06, 0x20, 0x7d, 0x07, 0x02, 0x7d, 0x08,
  0x10, 0x7d, 0x09, 0x10, 0x7d, 0x0c, 0x20, 0x7d, 0x0d, 0x10, 0x7e, 0x00, 0x01, 0x7e, 0x01, 0x03,
  0x7e, 0x02, 0x10, 0x7e, 0x03, 0x50, 0x7e, 0x04, 0x01, 0x7e, 0x05, 0x10, 0x7e, 0x07, 0x20, 0x7e,
  0x08, 0x03, 0x7e, 0x09, 0x40, 0x7e, 0x0a, 0x01, 0x7e, 0x0e, 0x01, 0x7f, 0x00, 0x01, 0x7f, 0x01,
  0x40, 0x7f, 0x03, 0x02, 0x7f, 0x05, 0x01, 0x7f, 0x06, 0x10, 0x7f, 0x07, 0x20, 0x7f, 0x08, 0x20,
  0x7f, 0x09, 0x01, 0x7f, 0x0a, 0x01, 0x7f, 0x0b, 0x01, 0x7f, 0x0d, 0x20, 0x7f, 0x0e, 0x03, 0x7f,
  0x0f, 0x20, 0x80, 0x01, 0x40, 0x80, 0x02, 0x40, 0x80, 0x04, 0x20, 0x80, 0x05, 0x40, 0x80, 0x06,
  0x02, 0x80, 0x07, 0x20, 0x80, 0x08, 0x30, 0x80, 0x09, 0x10, 0x80, 0x0a, 0x10, 0x80, 0x0b, 0x01,
  0x80, 0x0d, 0x40, 0x80, 0x0e, 0x03, 0x80, 0x0f, 0x20, 0x81, 0x01, 0x02, 0x81, 0x03, 0x20, 0x81,
  0x04, 0x01, 0x81, 0x05, 0x01, 0x81, 0x06, 0x10, 0x81, 0x07, 0x03, 0x81, 0x08, 0x20, 0x81, 0x0a,
  0x01, 0x81, 0x0c, 0x01, 0x81, 0x0d, 0x01, 0x81, 0x0e, 0x10, 0x81, 0x0f, 0x10, 0x82, 0x00, 0x01,
  0x82, 0x01, 0x20, 0x82, 0x02, 0x02, 0x82, 0x03, 0x30, 0x82, 0x04, 0x10, 0x82, 0x05, 0x01, 0x82,
  0x06, 0x02, 0x82, 0x08, 0x10, 0x82, 0x09, 0x20, 0x82, 0x0a, 0x10, 0x82, 0x0b, 0x02, 0x82, 0x0c,
  0x01, 0x82, 0x0d, 0x40, 0x82, 0x0e, 0x01, 0x83, 0x00, 0x02, 0x83, 0x01, 0x20, 0x83, 0x02, 0x01,
  0x83, 0x03, 0x01, 0x83, 0x04, 0x30, 0x83, 0x05, 0x01, 0x83, 0x06, 0x10, 0x83, 0x08, 0x20, 0x83,
  0x0a, 0x20, 0x83, 0x0b, 0x01, 0x83, 0x0c, 0x10, 0x83, 0x0d, 0x30, 0x83, 0x0e, 0x03, 0x84, 0x00,
  0x02, 0x84, 0x02, 0x01, 0x84, 0x03, 0x50, 0x84, 0x04, 0x01, 0x84, 0x05, 0x20, 0x84, 0x06, 0x10,
  0x84, 0x07, 0x50, 0x84, 0x08, 0x03, 0x84, 0x09, 0x40, 0x84, 0x0a, 0x02, 0x84, 0x0b, 0x10, 0x84,
  0x0c, 0x10, 0x84, 0x0f, 0x01, 0x85, 0x00, 0x02, 0x85, 0x01, 0x40, 0x85, 0x04, 0x10, 0x85, 0x05,
  0x01, 0x85, 0x06, 0x10, 0x85, 0x07, 0x01, 0x85, 0x09, 0x02, 0x85, 0x0c, 0x01, 0x85, 0x0d, 0x30,
  0x85, 0x0e, 0x04, 0x85, 0x0f, 0x10, 0x86, 0x00, 0x03, 0x86, 0x01, 0x10, 0x86, 0x02, 0x10, 0x86,
  0x03, 0x10, 0x86, 0x04, 0x10, 0x86, 0x05, 0x40, 0x86, 0x06, 0x02, 0x86, 0x07, 0x10, 0x86, 0x08,
  0x10, 0x86, 0x0b, 0x01, 0x86, 0x0c, 0x02, 0x86, 0x0d, 0x30, 0x86, 0x0e, 0x01, 0x86, 0x0f, 0x20,
  0x87, 0x00, 0x01, 0x87, 0x03, 0x10, 0x87, 0x04, 0x01, 0x87, 0x05, 0x01, 0x87, 0x06, 0x01, 0x87,
  0x07, 0x03, 0x87, 0x08, 0x01, 0x87, 0x09, 0x02, 0x87, 0x0a, 0x02, 0x87, 0x0d, 0x20, 0x87, 0x0e,
  0x10, 0x87, 0x0f, 0x10, 0x88, 0x00, 0x03, 0x88, 0x02, 0x10, 0x88, 0x03, 0x10, 0x88, 0x06, 0x10,
  0x88, 0x07, 0x10, 0x88, 0x08, 0x01, 0x88, 0x09, 0x02, 0x88, 0x0a, 0x10, 0x88, 0x0d, 0x20, 0x88,
  0x0f, 0x10, 0x89, 0x01, 0x10, 0x89, 0x02, 0x20, 0x89, 0x04, 0x20, 0x89, 0x05, 0x10, 0x89, 0x06,
  0x02, 0x89, 0x07, 0x20, 0x89, 0x08, 0x10, 0x89, 0x09, 0x03, 0x89, 0x0b, 0x20, 0x89, 0x0c, 0x10,
  0x89, 0x0d, 0x20, 0x89, 0x0e, 0x01, 0x8a, 0x00, 0x03, 0x8a, 0x01, 0x02, 0x8a, 0x03, 0x40, 0x8a,
  0x04, 0x02, 0x8a, 0x05, 0x20, 0x8a, 0x07, 0x40, 0x8a, 0x08, 0x10, 0x8a, 0x09, 0x30, 0x8a, 0x0a,
  0x10, 0x8a, 0x0b, 0x02, 0x8a, 0x0d, 0x10, 0x8a, 0x0e, 0x40, 0x8a, 0x0f, 0x10, 0x8b, 0x01, 0x40,
  0x8b, 0x02, 0x01, 0x8b, 0x03, 0x03, 0x8b, 0x05, 0x10, 0x8b, 0x06, 0x10, 0x8b, 0x08, 0x10, 0x8b,
  0x09, 0x04, 0x8b, 0x0a, 0x20, 0x8b, 0x0d, 0x10, 0x8b, 0x0e, 0x03, 0x8b, 0x0f, 0x10, 0x8c, 0x00,
  0x03, 0x8c, 0x01, 0x20, 0x8c, 0x02, 0x01, 0x8c, 0x03, 0x30, 0x8c, 0x06, 0x02, 0x8c, 0x07, 0x02,
  0x8c, 0x08, 0x01, 0x8c, 0x09, 0x02, 0x8c, 0x0a, 0x01, 0x8c, 0x0c, 0x02, 0x8c, 0x0d, 0x10, 0x8c,
  0x0e, 0x04, 0x8c, 0x0f, 0x02, 0x8d, 0x00, 0x02, 0x8d, 0x01, 0x01, 0x8d, 0x02, 0x01, 0x8d, 0x03,
  0x01, 0x8d, 0x04, 0x02, 0x8d, 0x05, 0x02, 0x8d, 0x07, 0x01, 0x8d, 0x08, 0x01, 0x8d, 0x09, 0x04,
  0x8d, 0x0a, 0x02, 0x8d, 0x0c, 0x02, 0x8d, 0x0d, 0x01, 0x8d, 0x0e, 0x10, 0x8d, 0x0f, 0x01, 0x8e,
  0x00, 0x02, 0x8e, 0x01, 0x30, 0x8e, 0x02, 0x01, 0x8e, 0x04, 0x10, 0x8e, 0x05, 0x03, 0x8e, 0x07,
  0x01, 0x8e, 0x08, 0x20, 0x8e, 0x09, 0x01, 0x8e, 0x0a, 0x02, 0x8e, 0x0b, 0x20, 0x8e, 0x0c, 0x10,
  0x8e, 0x0d, 0x40, 0x8e, 0x0e, 0x10, 0x8e, 0x0f, 0x10, 0x8f, 0x00, 0x03, 0x8f, 0x01, 0x10, 0x8f,
  0x02, 0x20, 0x8f, 0x04, 0x20, 0x8f, 0x05, 0x02, 0x8f, 0x06, 0x02, 0x8f, 0x08, 0x10, 0x8f, 0x09,
  0x03, 0x8f, 0x0b, 0x01, 0x8f, 0x0d, 0x10, 0x8f, 0x0e, 0x04, 0x90, 0x00, 0x02, 0x90, 0x01, 0x03,
  0x90, 0x03, 0x30, 0x90, 0x05, 0x01, 0x90, 0x06, 0x20, 0x90, 0x07, 0x10, 0x90, 0x08, 0x20, 0x90,
  0x0b, 0x10, 0x90, 0x0c, 0x10, 0x90, 0x0d, 0x10, 0x90, 0x0e, 0x30, 0x90, 0x0f, 0x10, 0x91, 0x00,
  0x03, 0x91, 0x01, 0x30, 0x91, 0x02, 0x30, 0x91, 0x03, 0x03, 0x91, 0x04, 0x20, 0x91, 0x05, 0x01,
  0x91, 0x06, 0x02, 0x91, 0x07, 0x10, 0x91, 0x08, 0x30, 0x91, 0x09, 0x02, 0x91, 0x0a, 0x20, 0x91,
  0x0b, 0x20, 0x91, 0x0c, 0x20, 0x91, 0x0d, 0x20, 0x91, 0x0e, 0x02, 0x92, 0x00, 0x01, 0x92, 0x01,
  0x40, 0x92, 0x02, 0x10, 0x92, 0x03, 0x40, 0x92, 0x04, 0x02, 0x92, 0x06, 0x01, 0x92, 0x07, 0x03,
  0x92, 0x0a, 0x01, 0x92, 0x0b, 0x01, 0x92, 0x0c, 0x02, 0x92, 0x0d, 0x20, 0x92, 0x0e, 0x04, 0x92,
  0x0f, 0x10, 0x93, 0x01, 0x03, 0x93, 0x02, 0x01, 0x93, 0x03, 0x02, 0x93, 0x04, 0x03, 0x93, 0x06,
  0x10, 0x93, 0x07, 0x03, 0x93, 0x08, 0x02, 0x93, 0x09, 0x02, 0x93, 0x0b, 0x10, 0x93, 0x0c, 0x10,
  0x93, 0x0d, 0x02, 0x94, 0x00, 0x01, 0x94, 0x01, 0x20, 0x94, 0x04, 0x20, 0x94, 0x05, 0x02, 0x94,
  0x06, 0x01, 0x94, 0x07, 0x01, 0x94, 0x08, 0x10, 0x94, 0x09, 0x02, 0x94, 0x0b, 0x10, 0x94, 0x0c,
  0x01, 0x94, 0x0d, 0x20, 0x94, 0x0f, 0x01, 0x95, 0x00, 0x10, 0x95, 0x01, 0x01, 0x95, 0x05, 0x01,
  0x95, 0x06, 0x01, 0x95, 0x09, 0x04, 0x95, 0x0a, 0x10, 0x95, 0x0b, 0x10, 0x95, 0x0c, 0x10, 0x95,
  0x0e, 0x04,
};

const uint16_t lenet5_fc1_offsets[10] = {
  0u, 1064u, 2472u, 3932u, 5277u, 6681u, 7842u, 8967u, 10108u, 11248u,
};

const uint8_t lenet5_fc1_entries[33744] = {
  0x00, 0x00, 0x10, 0x00, 0x4d, 0x10, 0x00, 0x6a, 0x10, 0x02, 0x15, 0x10, 0x02, 0x34, 0x01, 0x03,
  0x00, 0x10, 0x03, 0x04, 0x10, 0x03, 0x09, 0x10, 0x03, 0x14, 0x10, 0x03, 0x19, 0x10, 0x03, 0x25,
  0x10, 0x03, 0x46, 0x10, 0x03, 0x68, 0x10, 0x03, 0x6e, 0x10, 0x03, 0x76, 0x10, 0x04, 0x4e, 0x01,
  0x04, 0x59, 0x10, 0x05, 0x17, 0x01, 0x05, 0x22, 0x10, 0x05, 0x32, 0x01, 0x05, 0x66, 0x01, 0x06,
  0x1e, 0x10, 0x06, 0x3f, 0x10, 0x06, 0x64, 0x01, 0x07, 0x00, 0x10, 0x07, 0x04, 0x10, 0x07, 0x0d,
  0x10, 0x07, 0x17, 0x01, 0x07, 0x1f, 0x10, 0x07, 0x23, 0x10, 0x07, 0x31, 0x01, 0x07, 0x75, 0x10,
  0x08, 0x33, 0x01, 0x09, 0x09, 0x10, 0x09, 0x1a, 0x10, 0x09, 0x59, 0x01, 0x09, 0x72, 0x10, 0x09,
  0x74, 0x10, 0x0a, 0x1d, 0x10, 0x0a, 0x67, 0x10, 0x0b, 0x02, 0x10, 0x0b, 0x0b, 0x10, 0x0b, 0x59,
  0x10, 0x0c, 0x0d, 0x10, 0x0c, 0x76, 0x10, 0x0e, 0x12, 0x01, 0x0e, 0x14, 0x10, 0x0e, 0x20, 0x10,
  0x0e, 0x2c, 0x01, 0x0e, 0x31, 0x01, 0x0e, 0x68, 0x10, 0x0f, 0x38, 0x01, 0x0f, 0x39, 0x10, 0x0f,
  0x74, 0x10, 0x10, 0x6b, 0x10, 0x11, 0x24, 0x10, 0x11, 0x3c, 0x10, 0x11, 0x41, 0x01, 0x11, 0x5c,
  0x10, 0x11, 0x71, 0x01, 0x11, 0x75, 0x10, 0x12, 0x1c, 0x01, 0x12, 0x57, 0x01, 0x12, 0x6e, 0x01,
  0x13, 0x2c, 0x01, 0x13, 0x3b, 0x10, 0x13, 0x48, 0x10, 0x13, 0x5d, 0x10, 0x14, 0x3f, 0x10, 0x15,
  0x45, 0x01, 0x15, 0x46, 0x01, 0x15, 0x58, 0x10, 0x15, 0x5c, 0x10, 0x16, 0x07, 0x01, 0x16, 0x4c,
  0x10, 0x16, 0x64, 0x01, 0x16, 0x6c, 0x01, 0x17, 0x00, 0x10, 0x17, 0x0e, 0x10, 0x17, 0x42, 0x01,
  0x18, 0x2a, 0x01, 0x18, 0x3f, 0x01, 0x18, 0x62, 0x01, 0x18, 0x64, 0x01, 0x19, 0x0e, 0x10, 0x19,
  0x59, 0x01, 0x1b, 0x14, 0x01, 0x1b, 0x5f, 0x01, 0x1c, 0x2c, 0x01, 0x1d, 0x38, 0x01, 0x1d, 0x50,
  0x01, 0x1e, 0x38, 0x10, 0x1e, 0x4f, 0x01, 0x1e, 0x53, 0x10, 0x1e, 0x59, 0x01, 0x1f, 0x03, 0x01,
  0x1f, 0x08, 0x01, 0x1f, 0x35, 0x01, 0x1f, 0x54, 0x01, 0x20, 0x16, 0x10, 0x21, 0x40, 0x10, 0x22,
  0x1d, 0x01, 0x22, 0x43, 0x10, 0x22, 0x5b, 0x10, 0x23, 0x03, 0x10, 0x23, 0x0b, 0x01, 0x23, 0x16,
  0x01, 0x23, 0x19, 0x10, 0x23, 0x45, 0x01, 0x23, 0x5d, 0x10, 0x23, 0x71, 0x10, 0x24, 0x01, 0x01,
  0x24, 0x1c, 0x10, 0x24, 0x39, 0x10, 0x24, 0x62, 0x01, 0x25, 0x10, 0x01, 0x25, 0x13, 0x01, 0x25,
  0x28, 0x01, 0x25, 0x52, 0x10, 0x25, 0x68, 0x10, 0x26, 0x6b, 0x10, 0x27, 0x41, 0x01, 0x27, 0x48,
  0x10, 0x27, 0x56, 0x01, 0x27, 0x77, 0x10, 0x28, 0x01, 0x01, 0x28, 0x14, 0x01, 0x28, 0x4b, 0x10,
  0x28, 0x58, 0x01, 0x28, 0x64, 0x01, 0x2a, 0x08, 0x01, 0x2a, 0x18, 0x10, 0x2a, 0x29, 0x01, 0x2a,
  0x2f, 0x01, 0x2b, 0x08, 0x01, 0x2b, 0x3e, 0x01, 0x2c, 0x04, 0x10, 0x2c, 0x43, 0x10, 0x2c, 0x5c,
  0x10, 0x2c, 0x60, 0x01, 0x2c, 0x66, 0x01, 0x2c, 0x6b, 0x01, 0x2d, 0x57, 0x10, 0x2e, 0x3a, 0x10,
  0x2e, 0x44, 0x10, 0x2e, 0x6e, 0x10, 0x2f, 0x38, 0x10, 0x31, 0x02, 0x10, 0x31, 0x15, 0x10, 0x31,
  0x18, 0x10, 0x31, 0x20, 0x10, 0x31, 0x46, 0x01, 0x31, 0x77, 0x01, 0x32, 0x21, 0x10, 0x32, 0x22,
  0x01, 0x32, 0x55, 0x10, 0x33, 0x05, 0x01, 0x33, 0x49, 0x10, 0x33, 0x5c, 0x10, 0x33, 0x70, 0x01,
  0x34, 0x24, 0x10, 0x34, 0x3a, 0x01, 0x34, 0x58, 0x10, 0x34, 0x5b, 0x10, 0x35, 0x0a, 0x10, 0x35,
  0x43, 0x10, 0x35, 0x4e, 0x01, 0x35, 0x53, 0x10, 0x36, 0x2b, 0x10, 0x36, 0x45, 0x01, 0x36, 0x52,
  0x10, 0x37, 0x10, 0x10, 0x37, 0x61, 0x01, 0x38, 0x0b, 0x10, 0x38, 0x1c, 0x01, 0x38, 0x37, 0x01,
  0x39, 0x0b, 0x10, 0x39, 0x4d, 0x01, 0x39, 0x51, 0x01, 0x39, 0x71, 0x01, 0x3a, 0x0e, 0x10, 0x3a,
  0x3d, 0x10, 0x3a, 0x4f, 0x01, 0x3b, 0x05, 0x01, 0x3b, 0x48, 0x10, 0x3b, 0x70, 0x01, 0x3b, 0x71,
  0x10, 0x3b, 0x74, 0x01, 0x3c, 0x0c, 0x10, 0x3c, 0x47, 0x10, 0x3c, 0x56, 0x01, 0x3d, 0x06, 0x10,
  0x3d, 0x44, 0x01, 0x3d, 0x4e, 0x01, 0x3d, 0x59, 0x01, 0x3e, 0x17, 0x01, 0x3e, 0x6e, 0x10, 0x3f,
  0x35, 0x01, 0x3f, 0x56, 0x01, 0x3f, 0x6c, 0x10, 0x40, 0x0d, 0x10, 0x40, 0x1b, 0x01, 0x40, 0x30,
  0x10, 0x41, 0x0b, 0x10, 0x41, 0x0c, 0x10, 0x42, 0x0c, 0x10, 0x42, 0x37, 0x01, 0x42, 0x43, 0x10,
  0x43, 0x0c, 0x10, 0x43, 0x10, 0x10, 0x43, 0x52, 0x10, 0x44, 0x0e, 0x10, 0x44, 0x17, 0x01, 0x44,
  0x39, 0x10, 0x44, 0x51, 0x01, 0x44, 0x70, 0x01, 0x45, 0x02, 0x01, 0x45, 0x0c, 0x10, 0x45, 0x1c,
  0x10, 0x45, 0x1f, 0x10, 0x45, 0x2e, 0x10, 0x46, 0x05, 0x01, 0x46, 0x09, 0x01, 0x46, 0x0d, 0x10,
  0x46, 0x6e, 0x10, 0x47, 0x06, 0x01, 0x47, 0x12, 0x01, 0x47, 0x31, 0x10, 0x47, 0x32, 0x01, 0x47,
  0x52, 0x10, 0x47, 0x68, 0x10, 0x47, 0x72, 0x01, 0x47, 0x77, 0x10, 0x48, 0x01, 0x01, 0x48, 0x07,
  0x01, 0x48, 0x63, 0x10, 0x49, 0x43, 0x10, 0x49, 0x56, 0x01, 0x4a, 0x00, 0x10, 0x4a, 0x1e, 0x10,
  0x4a, 0x25, 0x10, 0x4a, 0x77, 0x01, 0x4b, 0x2a, 0x01, 0x4b, 0x33, 0x01, 0x4b, 0x36, 0x01, 0x4b,
  0x48, 0x10, 0x4b, 0x70, 0x01, 0x4c, 0x43, 0x10, 0x4c, 0x56, 0x01, 0x4c, 0x59, 0x01, 0x4c, 0x60,
  0x01, 0x4c, 0x6e, 0x10, 0x4d, 0x41, 0x10, 0x4e, 0x5b, 0x01, 0x4f, 0x17, 0x01, 0x4f, 0x55, 0x10,
  0x50, 0x1e, 0x01, 0x50, 0x56, 0x01, 0x51, 0x1e, 0x10, 0x51, 0x32, 0x01, 0x51, 0x40, 0x10, 0x52,
  0x2a, 0x01, 0x52, 0x31, 0x10, 0x52, 0x49, 0x10, 0x52, 0x56, 0x01, 0x52, 0x68, 0x10, 0x52, 0x6f,
  0x01, 0x53, 0x04, 0x10, 0x53, 0x4d, 0x01, 0x53, 0x6b, 0x10, 0x53, 0x6c, 0x01, 0x53, 0x74, 0x10,
  0x54, 0x00, 0x10, 0x54, 0x18, 0x10, 0x54, 0x1d, 0x01, 0x54, 0x22, 0x10, 0x54, 0x4c, 0x10, 0x54,
  0x57, 0x01, 0x54, 0x70, 0x01, 0x55, 0x04, 0x10, 0x55, 0x70, 0x01, 0x56, 0x00, 0x10, 0x56, 0x01,
  0x01, 0x56, 0x08, 0x10, 0x56, 0x09, 0x01, 0x56, 0x1a, 0x01, 0x56, 0x23, 0x01, 0x56, 0x48, 0x01,
  0x57, 0x1f, 0x10, 0x57, 0x29, 0x10, 0x57, 0x56, 0x01, 0x57, 0x5c, 0x10, 0x57, 0x66, 0x01, 0x58,
  0x1f, 0x10, 0x58, 0x51, 0x01, 0x58, 0x72, 0x01, 0x59, 0x16, 0x01, 0x59, 0x3e, 0x10, 0x59, 0x69,
  0x01, 0x59, 0x6a, 0x01, 0x5a, 0x06, 0x01, 0x5a, 0x12, 0x01, 0x5a, 0x33, 0x10, 0x5a, 0x4e, 0x01,
  0x5a, 0x4f, 0x01, 0x5b, 0x0c, 0x10, 0x5b, 0x11, 0x10, 0x5b, 0x20, 0x01, 0x5b, 0x6b, 0x10, 0x5c,
  0x0c, 0x10, 0x5c, 0x0e, 0x01, 0x5c, 0x12, 0x01, 0x5c, 0x4b, 0x10, 0x5c, 0x70, 0x01, 0x5e, 0x0d,
  0x10, 0x5e, 0x4d, 0x01, 0x5e, 0x56, 0x01, 0x5e, 0x61, 0x10, 0x5f, 0x3c, 0x10, 0x5f, 0x3d, 0x10,
  0x5f, 0x57, 0x01, 0x60, 0x0d, 0x10, 0x60, 0x21, 0x01, 0x60, 0x33, 0x10, 0x60, 0x3e, 0x01, 0x60,
  0x4f, 0x01, 0x60, 0x54, 0x01, 0x61, 0x22, 0x10, 0x61, 0x28, 0x01, 0x62, 0x0b, 0x01, 0x62, 0x3c,
  0x10, 0x62, 0x45, 0x01, 0x62, 0x6b, 0x10, 0x63, 0x02, 0x10, 0x63, 0x1a, 0x01, 0x63, 0x69, 0x01,
  0x63, 0x6c, 0x01, 0x64, 0x00, 0x10, 0x64, 0x25, 0x10, 0x64, 0x2b, 0x10, 0x64, 0x2e, 0x01, 0x64,
  0x57, 0x01, 0x64, 0x5b, 0x01, 0x64, 0x61, 0x01, 0x64, 0x62, 0x10, 0x64, 0x64, 0x01, 0x64, 0x69,
  0x01, 0x64, 0x70, 0x01, 0x65, 0x27, 0x10, 0x65, 0x29, 0x10, 0x65, 0x2d, 0x10, 0x65, 0x37, 0x01,
  0x65, 0x3f, 0x01, 0x65, 0x43, 0x10, 0x65, 0x69, 0x01, 0x66, 0x3a, 0x01, 0x66, 0x43, 0x10, 0x66,
  0x56, 0x01, 0x66, 0x5e, 0x10, 0x66, 0x6a, 0x01, 0x66, 0x75, 0x10, 0x67, 0x0b, 0x01, 0x67, 0x11,
  0x10, 0x67, 0x3f, 0x01, 0x67, 0x4b, 0x10, 0x67, 0x60, 0x01, 0x68, 0x12, 0x01, 0x68, 0x1d, 0x10,
  0x68, 0x25, 0x10, 0x68, 0x2c, 0x10, 0x68, 0x53, 0x10, 0x68, 0x5c, 0x10, 0x68, 0x63, 0x10, 0x68,
  0x72, 0x01, 0x68, 0x73, 0x01, 0x68, 0x74, 0x01, 0x6a, 0x11, 0x10, 0x6a, 0x56, 0x01, 0x6a, 0x5c,
  0x10, 0x6a, 0x76, 0x01, 0x6b, 0x00, 0x10, 0x6b, 0x04, 0x10, 0x6b, 0x12, 0x01, 0x6b, 0x14, 0x10,
  0x6b, 0x28, 0x01, 0x6b, 0x37, 0x01, 0x6b, 0x39, 0x10, 0x6b, 0x4f, 0x01, 0x6b, 0x5a, 0x10, 0x6b,
  0x60, 0x01, 0x6c, 0x1e, 0x01, 0x6c, 0x23, 0x10, 0x6c, 0x24, 0x10, 0x6c, 0x2a, 0x01, 0x6c, 0x2c,
  0x01, 0x6c, 0x35, 0x01, 0x6c, 0x50, 0x10, 0x6c, 0x56, 0x01, 0x6d, 0x08, 0x10, 0x6d, 0x27, 0x10,
  0x6d, 0x2e, 0x10, 0x6d, 0x3a, 0x10, 0x6d, 0x41, 0x01, 0x6d, 0x63, 0x01, 0x6e, 0x56, 0x01, 0x6e,
  0x58, 0x01, 0x6e, 0x5e, 0x01, 0x6f, 0x1e, 0x10, 0x6f, 0x25, 0x10, 0x6f, 0x3a, 0x01, 0x6f, 0x3d,
  0x10, 0x6f, 0x48, 0x01, 0x6f, 0x69, 0x01, 0x71, 0x27, 0x10, 0x71, 0x4e, 0x01, 0x72, 0x0e, 0x10,
  0x72, 0x1f, 0x10, 0x72, 0x46, 0x10, 0x72, 0x4f, 0x01, 0x72, 0x55, 0x10, 0x72, 0x5c, 0x10, 0x72,
  0x70, 0x01, 0x72, 0x77, 0x01, 0x73, 0x02, 0x01, 0x73, 0x06, 0x01, 0x73, 0x18, 0x10, 0x73, 0x22,
  0x01, 0x73, 0x24, 0x10, 0x73, 0x28, 0x10, 0x73, 0x58, 0x10, 0x73, 0x6c, 0x10, 0x73, 0x6e, 0x01,
  0x74, 0x12, 0x01, 0x74, 0x3b, 0x01, 0x74, 0x73, 0x01, 0x75, 0x06, 0x01, 0x75, 0x0b, 0x01, 0x75,
  0x0c, 0x10, 0x75, 0x2c, 0x01, 0x75, 0x5e, 0x01, 0x75, 0x60, 0x01, 0x75, 0x69, 0x01, 0x76, 0x0f,
  0x10, 0x76, 0x2c, 0x01, 0x76, 0x56, 0x01, 0x77, 0x28, 0x01, 0x77, 0x2c, 0x01, 0x77, 0x2f, 0x01,
  0x77, 0x34, 0x10, 0x77, 0x3b, 0x10, 0x77, 0x44, 0x10, 0x77, 0x5a, 0x01, 0x77, 0x5f, 0x10, 0x77,
  0x61, 0x10, 0x77, 0x66, 0x01, 0x77, 0x68, 0x10, 0x77, 0x69, 0x01, 0x77, 0x72, 0x01, 0x77, 0x74,
  0x01, 0x78, 0x09, 0x10, 0x78, 0x3d, 0x10, 0x78, 0x4c, 0x01, 0x78, 0x4f, 0x01, 0x78, 0x52, 0x10,
  0x78, 0x67, 0x10, 0x78, 0x6c, 0x01, 0x79, 0x0f, 0x01, 0x79, 0x1b, 0x01, 0x79, 0x61, 0x01, 0x79,
  0x68, 0x01, 0x7a, 0x06, 0x01, 0x7a, 0x1e, 0x10, 0x7a, 0x39, 0x10, 0x7a, 0x55, 0x10, 0x7b, 0x09,
  0x10, 0x7b, 0x39, 0x10, 0x7b, 0x44, 0x10, 0x7b, 0x45, 0x10, 0x7b, 0x4c, 0x01, 0x7b, 0x56, 0x01,
  0x7b, 0x61, 0x01, 0x7c, 0x0c, 0x10, 0x7c, 0x13, 0x10, 0x7c, 0x1f, 0x10, 0x7c, 0x29, 0x10, 0x7c,
  0x33, 0x10, 0x7c, 0x43, 0x10, 0x7c, 0x59, 0x01, 0x7c, 0x68, 0x10, 0x7d, 0x17, 0x01, 0x7e, 0x06,
  0x01, 0x7e, 0x29, 0x10, 0x7e, 0x2c, 0x01, 0x7e, 0x3a, 0x10, 0x7f, 0x00, 0x10, 0x7f, 0x09, 0x10,
  0x7f, 0x1f, 0x10, 0x7f, 0x40, 0x01, 0x80, 0x05, 0x01, 0x80, 0x0e, 0x01, 0x80, 0x3b, 0x01, 0x80,
  0x71, 0x10, 0x81, 0x05, 0x10, 0x81, 0x22, 0x01, 0x81, 0x4b, 0x10, 0x81, 0x5d, 0x10, 0x81, 0x62,
  0x10, 0x82, 0x01, 0x10, 0x82, 0x05, 0x10, 0x82, 0x0c, 0x10, 0x82, 0x12, 0x01, 0x82, 0x14, 0x10,
  0x82, 0x2a, 0x01, 0x82, 0x37, 0x01, 0x82, 0x3f, 0x01, 0x82, 0x43, 0x10, 0x82, 0x45, 0x01, 0x82,
  0x64, 0x10, 0x83, 0x05, 0x01, 0x83, 0x18, 0x10, 0x83, 0x6e, 0x01, 0x84, 0x0c, 0x10, 0x84, 0x3f,
  0x01, 0x84, 0x65, 0x10, 0x85, 0x05, 0x10, 0x85, 0x14, 0x10, 0x85, 0x20, 0x01, 0x85, 0x30, 0x10,
  0x85, 0x3c, 0x01, 0x85, 0x44, 0x10, 0x85, 0x45, 0x01, 0x85, 0x72, 0x01, 0x85, 0x77, 0x10, 0x86,
  0x02, 0x10, 0x86, 0x17, 0x01, 0x86, 0x29, 0x10, 0x86, 0x2c, 0x01, 0x86, 0x39, 0x10, 0x86, 0x5d,
  0x10, 0x86, 0x66, 0x10, 0x86, 0x69, 0x01, 0x87, 0x14, 0x10, 0x87, 0x43, 0x10, 0x87, 0x66, 0x01,
  0x87, 0x68, 0x10, 0x87, 0x6f, 0x01, 0x87, 0x77, 0x10, 0x88, 0x04, 0x10, 0x88, 0x0a, 0x01, 0x88,
  0x0c, 0x10, 0x88, 0x21, 0x10, 0x88, 0x23, 0x01, 0x88, 0x26, 0x10, 0x88, 0x29, 0x10, 0x88, 0x2d,
  0x01, 0x88, 0x52, 0x10, 0x88, 0x59, 0x01, 0x88, 0x5b, 0x01, 0x88, 0x72, 0x01, 0x89, 0x41, 0x01,
  0x89, 0x52, 0x10, 0x89, 0x5e, 0x01, 0x89, 0x70, 0x01, 0x8a, 0x39, 0x10, 0x8a, 0x6e, 0x01, 0x8b,
  0x19, 0x10, 0x8b, 0x40, 0x01, 0x8b, 0x51, 0x01, 0x8c, 0x04, 0x10, 0x8c, 0x0c, 0x10, 0x8c, 0x0f,
  0x01, 0x8c, 0x17, 0x01, 0x8c, 0x25, 0x10, 0x8c, 0x2e, 0x10, 0x8c, 0x34, 0x10, 0x8c, 0x43, 0x10,
  0x8c, 0x68, 0x10, 0x8d, 0x05, 0x10, 0x8d, 0x24, 0x01, 0x8d, 0x51, 0x01, 0x8d, 0x57, 0x01, 0x8d,
  0x6a, 0x01, 0x8d, 0x73, 0x01, 0x8e, 0x02, 0x10, 0x8e, 0x43, 0x10, 0x8f, 0x04, 0x10, 0x8f, 0x0e,
  0x10, 0x8f, 0x23, 0x01, 0x8f, 0x3d, 0x10, 0x8f, 0x4e, 0x01, 0x8f, 0x58, 0x01, 0x8f, 0x68, 0x10,
  0x90, 0x0e, 0x01, 0x90, 0x17, 0x01, 0x90, 0x2b, 0x10, 0x90, 0x68, 0x10, 0x91, 0x12, 0x01, 0x91,
  0x20, 0x01, 0x91, 0x22, 0x01, 0x91, 0x23, 0x01, 0x91, 0x2c, 0x01, 0x91, 0x3d, 0x10, 0x91, 0x40,
  0x01, 0x91, 0x4e, 0x01, 0x91, 0x68, 0x10, 0x91, 0x77, 0x01, 0x92, 0x05, 0x10, 0x92, 0x0c, 0x10,
  0x92, 0x0e, 0x10, 0x92, 0x26, 0x10, 0x92, 0x4f, 0x01, 0x93, 0x05, 0x01, 0x93, 0x0b, 0x10, 0x93,
  0x20, 0x10, 0x93, 0x58, 0x10, 0x93, 0x5b, 0x10, 0x94, 0x09, 0x10, 0x94, 0x23, 0x01, 0x94, 0x4b,
  0x01, 0x94, 0x4f, 0x01, 0x95, 0x40, 0x10, 0x95, 0x61, 0x10, 0x96, 0x24, 0x01, 0x96, 0x29, 0x10,
  0x97, 0x01, 0x10, 0x97, 0x0c, 0x10, 0x97, 0x0e, 0x10, 0x97, 0x1d, 0x10, 0x97, 0x27, 0x01, 0x97,
  0x28, 0x01, 0x97, 0x34, 0x10, 0x97, 0x40, 0x10, 0x97, 0x41, 0x01, 0x97, 0x6b, 0x10, 0x98, 0x01,
  0x10, 0x98, 0x0c, 0x10, 0x98, 0x1c, 0x01, 0x98, 0x27, 0x10, 0x98, 0x29, 0x10, 0x98, 0x3c, 0x01,
  0x98, 0x5b, 0x01, 0x98, 0x73, 0x01, 0x99, 0x04, 0x10, 0x99, 0x1e, 0x01, 0x99, 0x24, 0x10, 0x99,
  0x40, 0x10, 0x99, 0x48, 0x10, 0x9a, 0x59, 0x01, 0x9b, 0x13, 0x10, 0x9b, 0x20, 0x01, 0x9b, 0x3b,
  0x01, 0x9c, 0x0e, 0x10, 0x9c, 0x23, 0x01, 0x9c, 0x68, 0x10, 0x9d, 0x14, 0x10, 0x9d, 0x3e, 0x10,
  0x9d, 0x68, 0x10, 0x9e, 0x1e, 0x01, 0x9e, 0x55, 0x01, 0x9f, 0x00, 0x10, 0x9f, 0x09, 0x10, 0x9f,
  0x1e, 0x10, 0x9f, 0x21, 0x10, 0x9f, 0x31, 0x10, 0x9f, 0x39, 0x10, 0x9f, 0x44, 0x10, 0x9f, 0x4f,
  0x01, 0x9f, 0x5d, 0x10, 0xa0, 0x00, 0x10, 0xa0, 0x05, 0x10, 0xa0, 0x22, 0x10, 0xa0, 0x2c, 0x01,
  0xa0, 0x34, 0x10, 0xa0, 0x3f, 0x01, 0xa0, 0x43, 0x10, 0xa0, 0x51, 0x01, 0xa0, 0x53, 0x01, 0xa1,
  0x09, 0x10, 0xa1, 0x4d, 0x10, 0xa1, 0x50, 0x01, 0xa1, 0x70, 0x01, 0xa2, 0x24, 0x01, 0xa2, 0x4c,
  0x01, 0xa2, 0x69, 0x10, 0xa3, 0x02, 0x10, 0xa3, 0x0b, 0x10, 0xa3, 0x14, 0x01, 0xa3, 0x20, 0x10,
  0xa3, 0x24, 0x10, 0xa3, 0x58, 0x10, 0xa4, 0x06, 0x01, 0xa4, 0x13, 0x10, 0xa4, 0x18, 0x01, 0xa4,
  0x39, 0x10, 0xa4, 0x3c, 0x01, 0xa4, 0x77, 0x01, 0xa5, 0x1b, 0x10, 0xa5, 0x2d, 0x01, 0xa5, 0x30,
  0x10, 0xa5, 0x68, 0x10, 0xa6, 0x05, 0x10, 0xa6, 0x3b, 0x10, 0xa6, 0x4a, 0x10, 0xa6, 0x4d, 0x01,
  0xa6, 0x74, 0x01, 0xa7, 0x74, 0x01, 0xa8, 0x00, 0x10, 0xa8, 0x0c, 0x10, 0xa8, 0x12, 0x01, 0xa8,
  0x1e, 0x10, 0xa8, 0x23, 0x01, 0xa8, 0x28, 0x01, 0xa8, 0x52, 0x10, 0xa8, 0x67, 0x10, 0xa8, 0x68,
  0x10, 0xa9, 0x1d, 0x10, 0xa9, 0x1e, 0x01, 0xa9, 0x24, 0x10, 0xa9, 0x27, 0x01, 0xa9, 0x44, 0x01,
  0xa9, 0x4d, 0x01, 0xa9, 0x56, 0x01, 0xa9, 0x59, 0x01, 0xa9, 0x5d, 0x10, 0xa9, 0x6e, 0x10, 0xaa,
  0x11, 0x10, 0xaa, 0x56, 0x10, 0xab, 0x06, 0x10, 0xab, 0x13, 0x01, 0xab, 0x30, 0x10, 0xab, 0x3f,
  0x10, 0xac, 0x02, 0x01, 0xac, 0x0c, 0x10, 0xac, 0x15, 0x01, 0xac, 0x35, 0x01, 0xac, 0x59, 0x01,
  0xac, 0x74, 0x01, 0xad, 0x00, 0x10, 0xad, 0x04, 0x10, 0xad, 0x06, 0x01, 0xad, 0x09, 0x10, 0xad,
  0x28, 0x01, 0xad, 0x39, 0x10, 0xad, 0x44, 0x10, 0xae, 0x27, 0x01, 0xae, 0x40, 0x10, 0xae, 0x48,
  0x01, 0xae, 0x60, 0x01, 0xaf, 0x00, 0x10, 0xaf, 0x06, 0x01, 0xaf, 0x17, 0x01, 0xaf, 0x23, 0x01,
  0xaf, 0x27, 0x10, 0xaf, 0x70, 0x01, 0xaf, 0x77, 0x01, 0xb0, 0x0a, 0x10, 0xb0, 0x15, 0x01, 0xb0,
  0x17, 0x01, 0xb0, 0x28, 0x01, 0xb0, 0x34, 0x10, 0xb0, 0x59, 0x01, 0xb1, 0x17, 0x01, 0xb1, 0x3e,
  0x01, 0xb1, 0x73, 0x01, 0xb2, 0x00, 0x10, 0xb2, 0x19, 0x10, 0xb2, 0x25, 0x10, 0xb2, 0x26, 0x10,
  0xb2, 0x46, 0x10, 0xb2, 0x4b, 0x10, 0xb2, 0x4c, 0x10, 0xb2, 0x64, 0x01, 0xb2, 0x6c, 0x01, 0xb3,
  0x17, 0x01, 0xb3, 0x2c, 0x01, 0xb3, 0x40, 0x10, 0xb4, 0x0e, 0x10, 0xb4, 0x12, 0x01, 0xb4, 0x23,
  0x01, 0xb4, 0x27, 0x10, 0xb4, 0x33, 0x01, 0xb4, 0x48, 0x10, 0xb4, 0x6c, 0x01, 0xb5, 0x31, 0x10,
  0xb6, 0x04, 0x10, 0xb6, 0x0a, 0x10, 0xb6, 0x17, 0x01, 0xb6, 0x26, 0x10, 0xb6, 0x2d, 0x01, 0xb6,
  0x43, 0x10, 0xb6, 0x4e, 0x10, 0xb7, 0x00, 0x01, 0xb7, 0x02, 0x01, 0xb7, 0x3b, 0x01, 0xb8, 0x11,
  0x10, 0xb8, 0x1e, 0x10, 0xb8, 0x2c, 0x01, 0xb8, 0x31, 0x01, 0xb8, 0x59, 0x01, 0xb9, 0x17, 0x01,
  0xb9, 0x1f, 0x10, 0xb9, 0x2b, 0x10, 0xb9, 0x56, 0x01, 0xb9, 0x57, 0x10, 0xb9, 0x77, 0x10, 0xbb,
  0x0c, 0x10, 0xbb, 0x2c, 0x01, 0xbb, 0x51, 0x01, 0xbb, 0x53, 0x01, 0xbb, 0x6e, 0x10, 0xbb, 0x76,
  0x01, 0xbc, 0x05, 0x01, 0xbc, 0x14, 0x10, 0xbc, 0x23, 0x10, 0xbc, 0x2f, 0x01, 0xbc, 0x5b, 0x01,
  0xbc, 0x6a, 0x10, 0xbd, 0x27, 0x10, 0xbd, 0x28, 0x01, 0xbd, 0x33, 0x10, 0xbd, 0x63, 0x01, 0xbe,
  0x34, 0x10, 0xbe, 0x40, 0x10, 0xbe, 0x4e, 0x10, 0xbe, 0x59, 0x01, 0xbe, 0x6d, 0x10, 0xbf, 0x27,
  0x10, 0xbf, 0x3c, 0x01, 0xbf, 0x75, 0x10, 0xc0, 0x22, 0x10, 0xc0, 0x44, 0x01, 0xc0, 0x46, 0x01,
  0xc1, 0x17, 0x01, 0xc1, 0x39, 0x10, 0xc1, 0x60, 0x01, 0xc1, 0x62, 0x10, 0xc2, 0x03, 0x01, 0xc2,
  0x14, 0x10, 0xc2, 0x21, 0x10, 0xc2, 0x75, 0x10, 0xc3, 0x01, 0x10, 0xc3, 0x53, 0x10, 0xc3, 0x5d,
  0x10, 0xc3, 0x6a, 0x10, 0xc4, 0x06, 0x01, 0xc4, 0x11, 0x10, 0xc4, 0x14, 0x10, 0xc4, 0x45, 0x01,
  0xc5, 0x29, 0x01, 0xc5, 0x3d, 0x01, 0xc5, 0x42, 0x01, 0xc5, 0x4c, 0x10, 0xc5, 0x6e, 0x10, 0xc5,
  0x76, 0x10, 0xc6, 0x06, 0x01, 0xc6, 0x1e, 0x10, 0xc6, 0x28, 0x10, 0xc6, 0x42, 0x01, 0xc6, 0x56,
  0x10, 0xc7, 0x01, 0x10, 0xc7, 0x31, 0x01, 0xc7, 0x5d, 0x10, 0xc8, 0x11, 0x10, 0xc8, 0x55, 0x10,
  0xc8, 0x77, 0x01, 0xc9, 0x0a, 0x01, 0xc9, 0x0e, 0x10, 0xc9, 0x1a, 0x10, 0xc9, 0x1f, 0x01, 0xc9,
  0x33, 0x10, 0xc9, 0x46, 0x01, 0xc9, 0x4f, 0x01, 0xc9, 0x52, 0x01, 0xc9, 0x5c, 0x10, 0xc9, 0x65,
  0x10, 0xca, 0x3d, 0x10, 0xca, 0x3f, 0x01, 0xca, 0x43, 0x10, 0xcb, 0x10, 0x10, 0xcb, 0x29, 0x10,
  0xcb, 0x31, 0x10, 0xcb, 0x59, 0x01, 0xcc, 0x05, 0x01, 0xcc, 0x14, 0x10, 0xcc, 0x40, 0x10, 0xcc,
  0x53, 0x10, 0xce, 0x40, 0x10, 0xce, 0x49, 0x10, 0xce, 0x56, 0x10, 0xcf, 0x24, 0x10, 0xcf, 0x65,
  0x01, 0xcf, 0x77, 0x01, 0xd0, 0x30, 0x10, 0xd0, 0x53, 0x10, 0xd2, 0x03, 0x01, 0xd2, 0x2a, 0x10,
  0xd2, 0x3e, 0x01, 0xd2, 0x50, 0x10, 0xd2, 0x52, 0x01, 0xd3, 0x39, 0x10, 0xd3, 0x3a, 0x01, 0xd3,
  0x5b, 0x10, 0xd3, 0x77, 0x10, 0xd4, 0x14, 0x10, 0xd4, 0x27, 0x10, 0xd4, 0x28, 0x10, 0xd4, 0x32,
  0x01, 0xd4, 0x6a, 0x10, 0xd5, 0x4b, 0x01, 0xd6, 0x04, 0x01, 0xd6, 0x1c, 0x10, 0xd6, 0x21, 0x10,
  0xd6, 0x35, 0x10, 0xd6, 0x39, 0x10, 0xd6, 0x46, 0x01, 0xd6, 0x75, 0x01, 0xd7, 0x04, 0x01, 0xd7,
  0x14, 0x01, 0xd7, 0x17, 0x01, 0xd7, 0x49, 0x01, 0xd8, 0x52, 0x01, 0xd8, 0x72, 0x10, 0xd9, 0x13,
  0x01, 0xd9, 0x26, 0x10, 0xda, 0x2f, 0x10, 0xdb, 0x34, 0x10, 0xdb, 0x3d, 0x01, 0xdb, 0x43, 0x10,
  0xdc, 0x16, 0x10, 0xdc, 0x39, 0x10, 0xdc, 0x3e, 0x01, 0xdc, 0x40, 0x10, 0xdc, 0x47, 0x10, 0xdc,
  0x65, 0x01, 0xdd, 0x1d, 0x10, 0xdd, 0x2c, 0x01, 0xdd, 0x4d, 0x10, 0xdd, 0x6a, 0x01, 0xde, 0x00,
  0x01, 0xde, 0x0a, 0x01, 0xde, 0x22, 0x10, 0xde, 0x2d, 0x01, 0xde, 0x56, 0x10, 0xde, 0x6e, 0x01,
  0xdf, 0x17, 0x01, 0xdf, 0x3c, 0x01, 0xe0, 0x30, 0x01, 0xe0, 0x3a, 0x01, 0xe0, 0x40, 0x10, 0xe0,
  0x42, 0x01, 0xe0, 0x56, 0x10, 0xe1, 0x08, 0x01, 0xe1, 0x3a, 0x01, 0xe1, 0x48, 0x10, 0xe1, 0x6f,
  0x01, 0xe2, 0x2e, 0x01, 0xe2, 0x71, 0x10, 0xe3, 0x13, 0x01, 0xe3, 0x2f, 0x01, 0xe3, 0x51, 0x10,
  0xe3, 0x56, 0x10, 0xe4, 0x27, 0x10, 0xe4, 0x30, 0x10, 0xe4, 0x3c, 0x01, 0xe4, 0x42, 0x01, 0xe5,
  0x51, 0x10, 0xe5, 0x65, 0x01, 0xe6, 0x07, 0x10, 0xe6, 0x55, 0x01, 0xe7, 0x06, 0x10, 0xe7, 0x0d,
  0x01, 0xe7, 0x15, 0x01, 0xe7, 0x4d, 0x01, 0xe7, 0x6c, 0x01, 0xe8, 0x21, 0x10, 0xe8, 0x65, 0x10,
  0xe8, 0x76, 0x01, 0xe9, 0x1e, 0x01, 0xea, 0x00, 0x10, 0xea, 0x56, 0x01, 0xea, 0x58, 0x01, 0xeb,
  0x28, 0x01, 0xeb, 0x29, 0x01, 0xeb, 0x66, 0x01, 0xec, 0x27, 0x10, 0xec, 0x2f, 0x10, 0xec, 0x51,
  0x10, 0xec, 0x74, 0x10, 0xed, 0x39, 0x10, 0xee, 0x29, 0x01, 0xef, 0x55, 0x10, 0xf0, 0x28, 0x10,
  0xf0, 0x42, 0x01, 0xf0, 0x44, 0x01, 0xf1, 0x14, 0x10, 0xf1, 0x18, 0x10, 0xf1, 0x20, 0x10, 0xf1,
  0x24, 0x10, 0xf1, 0x40, 0x10, 0xf1, 0x42, 0x01, 0xf1, 0x43, 0x01, 0xf1, 0x44, 0x01, 0xf1, 0x46,
  0x01, 0xf1, 0x4f, 0x01, 0xf1, 0x56, 0x01, 0xf2, 0x01, 0x01, 0xf2, 0x06, 0x01, 0xf2, 0x0a, 0x10,
  0xf2, 0x0e, 0x10, 0xf2, 0x26, 0x10, 0xf2, 0x48, 0x01, 0xf2, 0x59, 0x01, 0xf2, 0x70, 0x10, 0xf3,
  0x0e, 0x10, 0xf3, 0x10, 0x01, 0xf3, 0x42, 0x01, 0xf3, 0x63, 0x10, 0xf4, 0x00, 0x10, 0xf4, 0x05,
  0x01, 0xf4, 0x0b, 0x10, 0xf4, 0x1e, 0x10, 0xf4, 0x42, 0x01, 0xf4, 0x44, 0x01, 0xf4, 0x47, 0x01,
  0xf4, 0x49, 0x10, 0xf5, 0x5d, 0x10, 0xf5, 0x6e, 0x10, 0xf6, 0x14, 0x01, 0xf6, 0x60, 0x10, 0xf7,
  0x17, 0x01, 0xf7, 0x1a, 0x01, 0xf7, 0x48, 0x10, 0xf8, 0x08, 0x01, 0xf8, 0x1e, 0x10, 0xf8, 0x4f,
  0x01, 0xf8, 0x6d, 0x01, 0xf9, 0x1f, 0x01, 0xfa, 0x26, 0x10, 0xfa, 0x32, 0x01, 0xfa, 0x37, 0x01,
  0xfa, 0x3a, 0x01, 0xfb, 0x37, 0x01, 0xfc, 0x23, 0x10, 0xfc, 0x3d, 0x01, 0xfc, 0x41, 0x10, 0xfc,
  0x5d, 0x10, 0xfd, 0x0b, 0x10, 0xfd, 0x18, 0x10, 0xfd, 0x1b, 0x10, 0xfd, 0x20, 0x10, 0xfd, 0x23,
  0x01, 0xfd, 0x44, 0x01, 0xfd, 0x49, 0x10, 0xfd, 0x4c, 0x10, 0xfd, 0x51, 0x01, 0xfd, 0x53, 0x10,
  0xfd, 0x68, 0x10, 0xfe, 0x21, 0x01, 0xfe, 0x5c, 0x01, 0xff, 0x00, 0x10, 0xff, 0x57, 0x01, 0xff,
  0x66, 0x01, 0xff, 0x68, 0x10, 0xff, 0x69, 0x01, 0x00, 0x2d, 0x01, 0x00, 0x40, 0x01, 0x01, 0x00,
  0x10, 0x01, 0x05, 0x01, 0x01, 0x0b, 0x10, 0x01, 0x14, 0x10, 0x01, 0x22, 0x10, 0x01, 0x34, 0x10,
  0x01, 0x40, 0x10, 0x01, 0x44, 0x01, 0x01, 0x46, 0x01, 0x01, 0x56, 0x01, 0x01, 0x6f, 0x01, 0x02,
  0x00, 0x10, 0x02, 0x0a, 0x10, 0x02, 0x1e, 0x10, 0x02, 0x26, 0x10, 0x02, 0x4e, 0x01, 0x02, 0x50,
  0x10, 0x02, 0x55, 0x10, 0x02, 0x59, 0x01, 0x02, 0x5d, 0x10, 0x02, 0x73, 0x01, 0x03, 0x24, 0x10,
  0x03, 0x44, 0x01, 0x04, 0x06, 0x01, 0x04, 0x13, 0x01, 0x04, 0x14, 0x10, 0x04, 0x15, 0x10, 0x04,
  0x18, 0x10, 0x04, 0x25, 0x10, 0x04, 0x2c, 0x10, 0x04, 0x2d, 0x01, 0x04, 0x4e, 0x01, 0x04, 0x59,
  0x01, 0x04, 0x5c, 0x10, 0x04, 0x5e, 0x10, 0x04, 0x5f, 0x10, 0x04, 0x69, 0x01, 0x04, 0x6c, 0x10,
  0x05, 0x16, 0x10, 0x05, 0x1d, 0x01, 0x05, 0x63, 0x01, 0x06, 0x65, 0x01, 0x06, 0x67, 0x10, 0x07,
  0x13, 0x10, 0x07, 0x1a, 0x01, 0x07, 0x31, 0x10, 0x08, 0x0c, 0x10, 0x08, 0x2d, 0x01, 0x08, 0x49,
  0x10, 0x08, 0x4f, 0x01, 0x08, 0x6c, 0x10, 0x09, 0x22, 0x01, 0x09, 0x45, 0x10, 0x09, 0x6a, 0x01,
  0x0a, 0x06, 0x01, 0x0a, 0x14, 0x10, 0x0a, 0x21, 0x10, 0x0a, 0x31, 0x01, 0x0a, 0x40, 0x10, 0x0a,
  0x41, 0x01, 0x0a, 0x51, 0x01, 0x0a, 0x5c, 0x10, 0x0a, 0x66, 0x01, 0x0a, 0x68, 0x10, 0x0b, 0x23,
  0x10, 0x0b, 0x26, 0x10, 0x0b, 0x34, 0x10, 0x0b, 0x45, 0x01, 0x0b, 0x59, 0x01, 0x0c, 0x1f, 0x01,
  0x0c, 0x6d, 0x10, 0x0d, 0x09, 0x10, 0x0d, 0x0b, 0x10, 0x0d, 0x4c, 0x10, 0x0d, 0x5e, 0x10, 0x0d,
  0x60, 0x01, 0x0d, 0x68, 0x10, 0x0d, 0x69, 0x01, 0x0d, 0x6c, 0x10, 0x0e, 0x1a, 0x01, 0x0e, 0x1c,
  0x01, 0x0e, 0x5c, 0x01, 0x0f, 0x26, 0x10, 0x0f, 0x3f, 0x10, 0x0f, 0x51, 0x01, 0x10, 0x26, 0x01,
  0x10, 0x3e, 0x01, 0x10, 0x5a, 0x10, 0x10, 0x5c, 0x01, 0x11, 0x43, 0x10, 0x11, 0x45, 0x01, 0x11,
  0x57, 0x01, 0x11, 0x58, 0x10, 0x11, 0x5d, 0x10, 0x11, 0x63, 0x10, 0x11, 0x68, 0x10, 0x11, 0x69,
  0x01, 0x12, 0x12, 0x01, 0x12, 0x25, 0x10, 0x12, 0x2e, 0x01, 0x12, 0x3b, 0x01, 0x12, 0x5c, 0x10,
  0x14, 0x0d, 0x10, 0x14, 0x1d, 0x01, 0x14, 0x23, 0x10, 0x14, 0x26, 0x10, 0x14, 0x2e, 0x01, 0x14,
  0x3f, 0x10, 0x14, 0x5e, 0x10, 0x14, 0x61, 0x01, 0x14, 0x64, 0x01, 0x14, 0x65, 0x10, 0x14, 0x6f,
  0x01, 0x15, 0x17, 0x01, 0x15, 0x20, 0x01, 0x15, 0x3c, 0x10, 0x15, 0x56, 0x01, 0x15, 0x68, 0x10,
  0x16, 0x06, 0x10, 0x16, 0x56, 0x01, 0x17, 0x22, 0x01, 0x17, 0x32, 0x01, 0x17, 0x43, 0x10, 0x17,
  0x56, 0x01, 0x17, 0x66, 0x01, 0x18, 0x06, 0x01, 0x18, 0x0c, 0x10, 0x18, 0x26, 0x10, 0x18, 0x27,
  0x10, 0x18, 0x2d, 0x01, 0x18, 0x45, 0x01, 0x18, 0x4e, 0x01, 0x18, 0x62, 0x10, 0x18, 0x71, 0x10,
  0x19, 0x0c, 0x01, 0x19, 0x39, 0x01, 0x19, 0x48, 0x01, 0x1a, 0x0c, 0x10, 0x1a, 0x18, 0x10, 0x1a,
  0x29, 0x10, 0x1a, 0x3a, 0x01, 0x1a, 0x40, 0x10, 0x1a, 0x42, 0x01, 0x1a, 0x68, 0x10, 0x1a, 0x6f,
  0x01, 0x1b, 0x44, 0x10, 0x1b, 0x68, 0x10, 0x1c, 0x00, 0x10, 0x1c, 0x0e, 0x10, 0x1c, 0x3b, 0x01,
  0x1c, 0x58, 0x10, 0x1c, 0x5d, 0x01, 0x1d, 0x06, 0x01, 0x1d, 0x0e, 0x10, 0x1d, 0x3d, 0x10, 0x1d,
  0x42, 0x01, 0x1d, 0x48, 0x01, 0x1d, 0x49, 0x10, 0x1d, 0x53, 0x10, 0x1d, 0x57, 0x01, 0x1d, 0x5c,
  0x10, 0x1d, 0x65, 0x10, 0x1d, 0x69, 0x01, 0x1e, 0x15, 0x01, 0x1e, 0x47, 0x10, 0x1e, 0x4c, 0x01,
  0x1e, 0x56, 0x01, 0x1e, 0x76, 0x10, 0x1f, 0x04, 0x10, 0x1f, 0x0c, 0x10, 0x1f, 0x0d, 0x10, 0x1f,
  0x17, 0x01, 0x1f, 0x58, 0x10, 0x1f, 0x5c, 0x10, 0x1f, 0x60, 0x01, 0x21, 0x0c, 0x10, 0x21, 0x1c,
  0x01, 0x21, 0x26, 0x10, 0x21, 0x29, 0x10, 0x21, 0x2e, 0x01, 0x21, 0x57, 0x01, 0x22, 0x0c, 0x10,
  0x22, 0x0e, 0x10, 0x22, 0x17, 0x01, 0x22, 0x29, 0x10, 0x22, 0x2d, 0x01, 0x22, 0x31, 0x10, 0x22,
  0x34, 0x10, 0x22, 0x56, 0x01, 0x22, 0x64, 0x01, 0x23, 0x12, 0x10, 0x23, 0x14, 0x10, 0x23, 0x27,
  0x01, 0x23, 0x2f, 0x01, 0x23, 0x31, 0x01, 0x23, 0x33, 0x01, 0x23, 0x37, 0x01, 0x23, 0x58, 0x10,
  0x23, 0x61, 0x10, 0x23, 0x66, 0x01, 0x23, 0x75, 0x01, 0x24, 0x0c, 0x10, 0x24, 0x1c, 0x01, 0x24,
  0x1f, 0x10, 0x24, 0x2c, 0x01, 0x24, 0x2d, 0x01, 0x24, 0x34, 0x10, 0x24, 0x42, 0x01, 0x24, 0x4b,
  0x01, 0x24, 0x51, 0x01, 0x24, 0x56, 0x01, 0x24, 0x5d, 0x10, 0x24, 0x60, 0x01, 0x24, 0x68, 0x10,
  0x24, 0x6e, 0x10, 0x25, 0x0c, 0x10, 0x25, 0x11, 0x10, 0x25, 0x17, 0x01, 0x25, 0x27, 0x01, 0x25,
  0x28, 0x01, 0x25, 0x2c, 0x01, 0x25, 0x34, 0x10, 0x25, 0x3d, 0x01, 0x25, 0x4d, 0x01, 0x26, 0x11,
  0x01, 0x27, 0x04, 0x10, 0x27, 0x0c, 0x10, 0x27, 0x14, 0x10, 0x27, 0x17, 0x01, 0x27, 0x28, 0x01,
  0x27, 0x29, 0x10, 0x27, 0x2c, 0x01, 0x27, 0x3d, 0x10, 0x27, 0x46, 0x01, 0x27, 0x75, 0x01, 0x28,
  0x0b, 0x01, 0x28, 0x0c, 0x10, 0x28, 0x12, 0x01, 0x28, 0x20, 0x01, 0x28, 0x34, 0x10, 0x28, 0x3c,
  0x10, 0x28, 0x41, 0x01, 0x28, 0x43, 0x10, 0x28, 0x47, 0x10, 0x28, 0x5d, 0x10, 0x28, 0x68, 0x10,
  0x28, 0x75, 0x10, 0x29, 0x40, 0x01, 0x29, 0x58, 0x01, 0x2a, 0x0f, 0x01, 0x2a, 0x33, 0x01, 0x2a,
  0x4d, 0x01, 0x2a, 0x59, 0x01, 0x2b, 0x05, 0x10, 0x2b, 0x17, 0x01, 0x2b, 0x24, 0x01, 0x2b, 0x27,
  0x01, 0x2b, 0x4d, 0x01, 0x2b, 0x56, 0x01, 0x2c, 0x0c, 0x01, 0x2c, 0x36, 0x10, 0x2d, 0x12, 0x01,
  0x2d, 0x25, 0x10, 0x2d, 0x2f, 0x10, 0x2d, 0x48, 0x01, 0x2e, 0x6d, 0x10, 0x2f, 0x06, 0x01, 0x2f,
  0x0c, 0x10, 0x2f, 0x1f, 0x10, 0x2f, 0x2d, 0x01, 0x2f, 0x34, 0x10, 0x2f, 0x40, 0x10, 0x2f, 0x5d,
  0x10, 0x2f, 0x60, 0x01, 0x30, 0x5c, 0x01, 0x30, 0x6b, 0x01, 0x31, 0x00, 0x10, 0x31, 0x17, 0x01,
  0x31, 0x24, 0x01, 0x31, 0x26, 0x10, 0x31, 0x27, 0x10, 0x31, 0x33, 0x10, 0x31, 0x5b, 0x01, 0x31,
  0x65, 0x10, 0x31, 0x75, 0x10, 0x32, 0x1f, 0x10, 0x32, 0x35, 0x01, 0x32, 0x45, 0x01, 0x32, 0x4c,
  0x10, 0x32, 0x4f, 0x01, 0x32, 0x52, 0x10, 0x32, 0x56, 0x01, 0x32, 0x6f, 0x01, 0x33, 0x06, 0x10,
  0x33, 0x40, 0x10, 0x34, 0x0c, 0x10, 0x34, 0x0e, 0x10, 0x34, 0x25, 0x10, 0x34, 0x33, 0x10, 0x34,
  0x34, 0x10, 0x34, 0x3e, 0x01, 0x34, 0x42, 0x01, 0x35, 0x04, 0x10, 0x35, 0x15, 0x01, 0x35, 0x24,
  0x01, 0x35, 0x27, 0x01, 0x35, 0x28, 0x01, 0x35, 0x2c, 0x01, 0x35, 0x2f, 0x01, 0x35, 0x34, 0x10,
  0x35, 0x3b, 0x10, 0x35, 0x49, 0x10, 0x35, 0x59, 0x01, 0x35, 0x5e, 0x01, 0x35, 0x65, 0x01, 0x35,
  0x70, 0x01, 0x35, 0x75, 0x01, 0x36, 0x04, 0x01, 0x36, 0x27, 0x10, 0x36, 0x3b, 0x01, 0x36, 0x42,
  0x01, 0x37, 0x0b, 0x10, 0x37, 0x14, 0x10, 0x37, 0x18, 0x10, 0x37, 0x27, 0x01, 0x37, 0x34, 0x10,
  0x37, 0x37, 0x01, 0x37, 0x59, 0x01, 0x37, 0x60, 0x01, 0x37, 0x69, 0x01, 0x38, 0x00, 0x10, 0x38,
  0x17, 0x01, 0x38, 0x1f, 0x10, 0x38, 0x22, 0x01, 0x38, 0x29, 0x10, 0x38, 0x38, 0x10, 0x38, 0x4f,
  0x01, 0x38, 0x60, 0x01, 0x38, 0x68, 0x10, 0x38, 0x6f, 0x01, 0x39, 0x02, 0x01, 0x39, 0x08, 0x01,
  0x39, 0x13, 0x01, 0x39, 0x14, 0x10, 0x39, 0x61, 0x10, 0x3a, 0x0a, 0x10, 0x3a, 0x1f, 0x10, 0x3a,
  0x51, 0x01, 0x3b, 0x1f, 0x10, 0x3b, 0x2c, 0x01, 0x3b, 0x3d, 0x01, 0x3b, 0x4c, 0x10, 0x3b, 0x4f,
  0x01, 0x3b, 0x56, 0x01, 0x3b, 0x5c, 0x10, 0x3b, 0x60, 0x01, 0x3b, 0x68, 0x10, 0x3c, 0x2b, 0x01,
  0x3c, 0x52, 0x01, 0x3c, 0x65, 0x10, 0x3d, 0x04, 0x10, 0x3d, 0x17, 0x01, 0x3d, 0x43, 0x10, 0x3d,
  0x65, 0x10, 0x3e, 0x70, 0x01, 0x3f, 0x09, 0x10, 0x3f, 0x17, 0x01, 0x3f, 0x19, 0x10, 0x3f, 0x2a,
  0x01, 0x3f, 0x43, 0x10, 0x3f, 0x66, 0x01, 0x3f, 0x6e, 0x10, 0x40, 0x0b, 0x10, 0x41, 0x00, 0x10,
  0x41, 0x0c, 0x10, 0x41, 0x0e, 0x10, 0x41, 0x1c, 0x01, 0x41, 0x24, 0x01, 0x41, 0x29, 0x10, 0x41,
  0x37, 0x01, 0x41, 0x42, 0x01, 0x41, 0x43, 0x10, 0x41, 0x55, 0x10, 0x41, 0x59, 0x01, 0x41, 0x5b,
  0x01, 0x42, 0x0c, 0x10, 0x42, 0x29, 0x10, 0x42, 0x43, 0x10, 0x42, 0x4d, 0x01, 0x42, 0x52, 0x10,
  0x42, 0x59, 0x01, 0x42, 0x68, 0x10, 0x42, 0x74, 0x01, 0x43, 0x56, 0x01, 0x43, 0x61, 0x10, 0x43,
  0x71, 0x01, 0x44, 0x0e, 0x10, 0x44, 0x19, 0x01, 0x44, 0x1f, 0x10, 0x44, 0x23, 0x01, 0x44, 0x25,
  0x10, 0x44, 0x30, 0x01, 0x44, 0x44, 0x10, 0x44, 0x4a, 0x10, 0x44, 0x4d, 0x01, 0x44, 0x50, 0x10,
  0x44, 0x52, 0x10, 0x44, 0x59, 0x01, 0x44, 0x5b, 0x01, 0x44, 0x5f, 0x10, 0x44, 0x68, 0x10, 0x44,
  0x72, 0x01, 0x45, 0x19, 0x01, 0x45, 0x1d, 0x10, 0x45, 0x24, 0x10, 0x45, 0x25, 0x01, 0x45, 0x34,
  0x10, 0x45, 0x43, 0x10, 0x45, 0x4d, 0x01, 0x45, 0x4f, 0x01, 0x45, 0x52, 0x10, 0x45, 0x59, 0x01,
  0x45, 0x5d, 0x10, 0x45, 0x5e, 0x01, 0x45, 0x64, 0x10, 0x45, 0x68, 0x10, 0x45, 0x6b, 0x10, 0x45,
  0x72, 0x01, 0x46, 0x05, 0x01, 0x46, 0x0c, 0x01, 0x46, 0x1f, 0x01, 0x46, 0x3b, 0x01, 0x46, 0x44,
  0x01, 0x47, 0x17, 0x01, 0x47, 0x1c, 0x10, 0x47, 0x52, 0x10, 0x47, 0x55, 0x01, 0x47, 0x59, 0x01,
  0x47, 0x6e, 0x10, 0x48, 0x0c, 0x10, 0x48, 0x1f, 0x10, 0x48, 0x2c, 0x01, 0x48, 0x32, 0x01, 0x48,
  0x33, 0x01, 0x48, 0x34, 0x10, 0x48, 0x3a, 0x10, 0x48, 0x3f, 0x01, 0x48, 0x52, 0x10, 0x48, 0x68,
  0x10, 0x49, 0x33, 0x01, 0x49, 0x45, 0x01, 0x49, 0x4d, 0x01, 0x49, 0x51, 0x10, 0x49, 0x59, 0x01,
  0x49, 0x63, 0x10, 0x49, 0x69, 0x10, 0x4a, 0x1f, 0x10, 0x4a, 0x65, 0x01, 0x4a, 0x69, 0x10, 0x4b,
  0x18, 0x01, 0x4b, 0x19, 0x10, 0x4b, 0x52, 0x01, 0x4b, 0x68, 0x10, 0x4c, 0x2a, 0x01, 0x4c, 0x51,
  0x10, 0x4d, 0x09, 0x10, 0x4d, 0x12, 0x01, 0x4d, 0x17, 0x01, 0x4d, 0x21, 0x10, 0x4d, 0x28, 0x01,
  0x4d, 0x29, 0x10, 0x4d, 0x44, 0x10, 0x4d, 0x4f, 0x01, 0x4d, 0x51, 0x01, 0x4d, 0x60, 0x01, 0x4d,
  0x67, 0x10, 0x4d, 0x68, 0x10, 0x4e, 0x58, 0x10, 0x4e, 0x6e, 0x01, 0x4f, 0x0a, 0x10, 0x4f, 0x29,
  0x10, 0x4f, 0x34, 0x10, 0x4f, 0x38, 0x01, 0x4f, 0x43, 0x10, 0x4f, 0x49, 0x01, 0x4f, 0x5a, 0x01,
  0x4f, 0x5b, 0x01, 0x50, 0x27, 0x01, 0x50, 0x29, 0x01, 0x50, 0x4a, 0x10, 0x50, 0x53, 0x01, 0x50,
  0x5c, 0x01, 0x51, 0x03, 0x01, 0x51, 0x09, 0x10, 0x51, 0x18, 0x01, 0x51, 0x1f, 0x10, 0x51, 0x28,
  0x01, 0x51, 0x3b, 0x10, 0x51, 0x40, 0x01, 0x51, 0x44, 0x10, 0x51, 0x4f, 0x01, 0x51, 0x52, 0x10,
  0x51, 0x59, 0x01, 0x51, 0x5b, 0x01, 0x51, 0x5d, 0x10, 0x51, 0x6c, 0x01, 0x51, 0x74, 0x01, 0x52,
  0x0c, 0x10, 0x52, 0x17, 0x01, 0x52, 0x36, 0x01, 0x52, 0x4d, 0x01, 0x52, 0x59, 0x01, 0x52, 0x68,
  0x10, 0x52, 0x69, 0x10, 0x52, 0x72, 0x01, 0x53, 0x05, 0x01, 0x53, 0x2b, 0x01, 0x54, 0x0a, 0x10,
  0x54, 0x11, 0x01, 0x54, 0x2e, 0x10, 0x54, 0x2f, 0x01, 0x54, 0x3c, 0x01, 0x54, 0x3e, 0x01, 0x54,
  0x43, 0x10, 0x54, 0x49, 0x01, 0x54, 0x4e, 0x10, 0x54, 0x4f, 0x01, 0x54, 0x57, 0x01, 0x54, 0x59,
  0x01, 0x54, 0x61, 0x10, 0x54, 0x74, 0x01, 0x55, 0x1d, 0x10, 0x55, 0x20, 0x10, 0x55, 0x27, 0x01,
  0x55, 0x40, 0x10, 0x55, 0x43, 0x10, 0x55, 0x59, 0x01, 0x55, 0x68, 0x10, 0x56, 0x0c, 0x10, 0x56,
  0x6c, 0x01, 0x57, 0x27, 0x01, 0x57, 0x3b, 0x10, 0x57, 0x43, 0x10, 0x57, 0x4f, 0x01, 0x57, 0x5f,
  0x10, 0x58, 0x09, 0x10, 0x58, 0x0c, 0x10, 0x58, 0x2c, 0x01, 0x58, 0x45, 0x01, 0x58, 0x46, 0x10,
  0x58, 0x49, 0x01, 0x58, 0x68, 0x10, 0x58, 0x73, 0x01, 0x59, 0x33, 0x01, 0x59, 0x40, 0x10, 0x59,
  0x59, 0x01, 0x59, 0x6b, 0x10, 0x59, 0x74, 0x01, 0x5a, 0x08, 0x10, 0x5a, 0x15, 0x01, 0x5a, 0x26,
  0x10, 0x5a, 0x34, 0x10, 0x5a, 0x39, 0x10, 0x5a, 0x42, 0x01, 0x5a, 0x4f, 0x01, 0x5a, 0x52, 0x10,
  0x5a, 0x67, 0x10, 0x5a, 0x6a, 0x10, 0x5a, 0x72, 0x01, 0x5c, 0x0e, 0x01, 0x5c, 0x2c, 0x01, 0x5c,
  0x60, 0x01, 0x5d, 0x09, 0x10, 0x5d, 0x0c, 0x10, 0x5d, 0x0e, 0x10, 0x5d, 0x12, 0x01, 0x5d, 0x39,
  0x10, 0x5d, 0x3b, 0x10, 0x5d, 0x42, 0x01, 0x5d, 0x4f, 0x01, 0x5d, 0x53, 0x10, 0x5d, 0x56, 0x01,
  0x5d, 0x69, 0x10, 0x5d, 0x6b, 0x10, 0x5d, 0x71, 0x10, 0x5e, 0x05, 0x01, 0x5e, 0x24, 0x10, 0x5e,
  0x34, 0x01, 0x5f, 0x0b, 0x01, 0x5f, 0x0c, 0x10, 0x5f, 0x2f, 0x01, 0x5f, 0x61, 0x10, 0x5f, 0x65,
  0x10, 0x5f, 0x6f, 0x01, 0x60, 0x5b, 0x10, 0x60, 0x63, 0x01, 0x61, 0x00, 0x10, 0x61, 0x05, 0x10,
  0x61, 0x0e, 0x10, 0x61, 0x12, 0x01, 0x61, 0x24, 0x01, 0x61, 0x27, 0x10, 0x61, 0x2c, 0x01, 0x61,
  0x39, 0x10, 0x61, 0x3c, 0x01, 0x61, 0x3d, 0x01, 0x61, 0x56, 0x01, 0x61, 0x59, 0x01, 0x61, 0x69,
  0x10, 0x61, 0x73, 0x01, 0x62, 0x06, 0x01, 0x62, 0x0c, 0x10, 0x62, 0x17, 0x01, 0x62, 0x22, 0x10,
  0x62, 0x34, 0x10, 0x62, 0x56, 0x01, 0x62, 0x60, 0x01, 0x62, 0x66, 0x01, 0x63, 0x77, 0x01, 0x64,
  0x04, 0x10, 0x64, 0x0c, 0x10, 0x64, 0x11, 0x01, 0x64, 0x2c, 0x01, 0x64, 0x30, 0x01, 0x64, 0x34,
  0x10, 0x64, 0x3c, 0x01, 0x64, 0x43, 0x10, 0x64, 0x4f, 0x01, 0x64, 0x53, 0x10, 0x64, 0x59, 0x01,
  0x64, 0x68, 0x10, 0x65, 0x4c, 0x10, 0x65, 0x59, 0x01, 0x65, 0x68, 0x10, 0x65, 0x72, 0x01, 0x65,
  0x74, 0x01, 0x66, 0x26, 0x01, 0x66, 0x2c, 0x01, 0x66, 0x4c, 0x10, 0x67, 0x04, 0x10, 0x67, 0x52,
  0x10, 0x67, 0x5f, 0x01, 0x68, 0x0c, 0x10, 0x68, 0x17, 0x01, 0x68, 0x23, 0x01, 0x68, 0x34, 0x10,
  0x69, 0x0c, 0x10, 0x69, 0x11, 0x01, 0x69, 0x19, 0x01, 0x69, 0x21, 0x10, 0x69, 0x2a, 0x01, 0x69,
  0x2d, 0x01, 0x69, 0x2f, 0x01, 0x69, 0x39, 0x10, 0x69, 0x3c, 0x01, 0x69, 0x48, 0x10, 0x69, 0x49,
  0x01, 0x69, 0x4c, 0x10, 0x69, 0x50, 0x10, 0x69, 0x5b, 0x10, 0x69, 0x61, 0x10, 0x69, 0x69, 0x10,
  0x6a, 0x30, 0x01, 0x6a, 0x55, 0x10, 0x6a, 0x69, 0x10, 0x6a, 0x73, 0x01, 0x6b, 0x6a, 0x01, 0x6c,
  0x08, 0x10, 0x6c, 0x2c, 0x01, 0x6c, 0x33, 0x01, 0x6c, 0x4c, 0x10, 0x6c, 0x4d, 0x01, 0x6c, 0x4e,
  0x10, 0x6c, 0x59, 0x01, 0x6c, 0x5d, 0x10, 0x6c, 0x72, 0x01, 0x6d, 0x0c, 0x10, 0x6d, 0x0e, 0x10,
  0x6d, 0x12, 0x01, 0x6d, 0x18, 0x01, 0x6d, 0x21, 0x10, 0x6d, 0x28, 0x01, 0x6d, 0x2f, 0x10, 0x6d,
  0x4f, 0x01, 0x6d, 0x55, 0x10, 0x6d, 0x59, 0x01, 0x6d, 0x5c, 0x10, 0x6d, 0x71, 0x01, 0x6e, 0x0b,
  0x10, 0x6e, 0x14, 0x01, 0x6e, 0x20, 0x10, 0x6e, 0x24, 0x10, 0x6e, 0x25, 0x01, 0x6e, 0x4d, 0x01,
  0x6e, 0x5d, 0x10, 0x6e, 0x73, 0x10, 0x6f, 0x56, 0x01, 0x6f, 0x68, 0x10, 0x70, 0x27, 0x01, 0x70,
  0x53, 0x01, 0x70, 0x6e, 0x10, 0x70, 0x70, 0x10, 0x71, 0x18, 0x01, 0x71, 0x2f, 0x01, 0x71, 0x56,
  0x01, 0x71, 0x73, 0x01, 0x72, 0x27, 0x01, 0x72, 0x33, 0x01, 0x72, 0x34, 0x10, 0x72, 0x5d, 0x10,
  0x72, 0x60, 0x01, 0x73, 0x0e, 0x10, 0x73, 0x14, 0x10, 0x73, 0x45, 0x10, 0x73, 0x4e, 0x01, 0x73,
  0x61, 0x01, 0x73, 0x65, 0x10, 0x73, 0x6c, 0x10, 0x73, 0x6e, 0x01, 0x73, 0x70, 0x01, 0x74, 0x17,
  0x01, 0x74, 0x21, 0x10, 0x74, 0x23, 0x01, 0x74, 0x34, 0x10, 0x74, 0x43, 0x10, 0x74, 0x45, 0x01,
  0x74, 0x4d, 0x01, 0x74, 0x52, 0x10, 0x74, 0x59, 0x01, 0x74, 0x64, 0x10, 0x75, 0x0c, 0x10, 0x75,
  0x2a, 0x01, 0x75, 0x2c, 0x01, 0x75, 0x32, 0x01, 0x75, 0x34, 0x10, 0x76, 0x06, 0x10, 0x76, 0x0c,
  0x10, 0x76, 0x1e, 0x01, 0x76, 0x28, 0x01, 0x76, 0x29, 0x10, 0x76, 0x36, 0x01, 0x76, 0x68, 0x10,
  0x76, 0x74, 0x01, 0x76, 0x75, 0x10, 0x77, 0x39, 0x10, 0x78, 0x11, 0x01, 0x78, 0x24, 0x01, 0x78,
  0x4d, 0x01, 0x78, 0x4e, 0x10, 0x78, 0x58, 0x01, 0x78, 0x68, 0x10, 0x78, 0x72, 0x01, 0x79, 0x06,
  0x10, 0x79, 0x13, 0x10, 0x79, 0x1b, 0x10, 0x79, 0x1d, 0x10, 0x79, 0x3c, 0x01, 0x79, 0x48, 0x10,
  0x79, 0x59, 0x01, 0x79, 0x5c, 0x10, 0x79, 0x76, 0x01, 0x7a, 0x42, 0x01, 0x7b, 0x1d, 0x10, 0x7b,
  0x6c, 0x10, 0x7c, 0x0c, 0x10, 0x7c, 0x17, 0x01, 0x7c, 0x1c, 0x01, 0x7c, 0x1e, 0x01, 0x7c, 0x2c,
  0x01, 0x7c, 0x2d, 0x01, 0x7c, 0x33, 0x01, 0x7c, 0x44, 0x01, 0x7c, 0x4e, 0x10, 0x7c, 0x56, 0x01,
  0x7c, 0x59, 0x01, 0x7c, 0x61, 0x10, 0x7c, 0x6b, 0x10, 0x7c, 0x6c, 0x01, 0x7c, 0x75, 0x10, 0x7d,
  0x09, 0x10, 0x7d, 0x13, 0x01, 0x7d, 0x2a, 0x01, 0x7d, 0x2e, 0x01, 0x7d, 0x40, 0x01, 0x7e, 0x5c,
  0x10, 0x7f, 0x6b, 0x10, 0x7f, 0x74, 0x01, 0x80, 0x00, 0x01, 0x80, 0x05, 0x01, 0x80, 0x18, 0x10,
  0x80, 0x33, 0x01, 0x80, 0x34, 0x01, 0x80, 0x4a, 0x01, 0x80, 0x5d, 0x10, 0x80, 0x5e, 0x10, 0x80,
  0x6c, 0x10, 0x80, 0x76, 0x10, 0x81, 0x06, 0x01, 0x82, 0x2e, 0x01, 0x82, 0x31, 0x01, 0x82, 0x57,
  0x01, 0x82, 0x64, 0x01, 0x82, 0x6f, 0x01, 0x82, 0x72, 0x10, 0x83, 0x3b, 0x01, 0x83, 0x58, 0x10,
  0x83, 0x5c, 0x10, 0x84, 0x0a, 0x10, 0x84, 0x11, 0x10, 0x84, 0x13, 0x01, 0x84, 0x2c, 0x10, 0x84,
  0x40, 0x10, 0x85, 0x49, 0x10, 0x85, 0x50, 0x10, 0x86, 0x2c, 0x10, 0x86, 0x4d, 0x10, 0x87, 0x16,
  0x10, 0x87, 0x1f, 0x01, 0x87, 0x29, 0x01, 0x87, 0x55, 0x01, 0x87, 0x57, 0x01, 0x87, 0x69, 0x01,
  0x88, 0x21, 0x10, 0x88, 0x46, 0x01, 0x88, 0x4c, 0x10, 0x88, 0x55, 0x01, 0x88, 0x57, 0x01, 0x88,
  0x74, 0x10, 0x89, 0x32, 0x10, 0x89, 0x43, 0x01, 0x89, 0x52, 0x01, 0x8a, 0x05, 0x01, 0x8a, 0x19,
  0x01, 0x8a, 0x23, 0x10, 0x8a, 0x3f, 0x10, 0x8a, 0x49, 0x10, 0x8a, 0x59, 0x01, 0x8a, 0x69, 0x01,
  0x8b, 0x31, 0x01, 0x8b, 0x3c, 0x01, 0x8c, 0x17, 0x10, 0x8c, 0x1a, 0x10, 0x8c, 0x1d, 0x10, 0x8c,
  0x62, 0x10, 0x8d, 0x32, 0x01, 0x8d, 0x56, 0x01, 0x8d, 0x5a, 0x10, 0x8e, 0x46, 0x10, 0x8e, 0x6f,
  0x10, 0x8f, 0x19, 0x10, 0x8f, 0x4c, 0x01, 0x8f, 0x54, 0x01, 0x8f, 0x72, 0x10, 0x90, 0x60, 0x10,
  0x91, 0x40, 0x10, 0x91, 0x48, 0x10, 0x91, 0x51, 0x10, 0x91, 0x59, 0x01, 0x92, 0x08, 0x01, 0x92,
  0x15, 0x10, 0x92, 0x3c, 0x01, 0x92, 0x4f, 0x01, 0x92, 0x5c, 0x10, 0x92, 0x71, 0x10, 0x93, 0x04,
  0x10, 0x93, 0x47, 0x01, 0x93, 0x75, 0x01, 0x94, 0x12, 0x01, 0x94, 0x18, 0x10, 0x94, 0x28, 0x10,
  0x94, 0x3e, 0x01, 0x94, 0x49, 0x10, 0x94, 0x53, 0x10, 0x94, 0x66, 0x01, 0x94, 0x6c, 0x10, 0x95,
  0x0d, 0x01, 0x95, 0x29, 0x01, 0x95, 0x4f, 0x01, 0x96, 0x4f, 0x01, 0x96, 0x52, 0x01, 0x96, 0x59,
  0x10, 0x96, 0x74, 0x01, 0x98, 0x06, 0x01, 0x98, 0x30, 0x10, 0x98, 0x31, 0x01, 0x98, 0x66, 0x01,
  0x99, 0x49, 0x10, 0x9a, 0x08, 0x01, 0x9a, 0x3e, 0x01, 0x9a, 0x44, 0x01, 0x9a, 0x4e, 0x01, 0x9a,
  0x54, 0x01, 0x9a, 0x57, 0x01, 0x9a, 0x59, 0x01, 0x9a, 0x72, 0x10, 0x9b, 0x11, 0x10, 0x9b, 0x5e,
  0x10, 0x9b, 0x66, 0x01, 0x9c, 0x01, 0x10, 0x9c, 0x1a, 0x01, 0x9c, 0x1c, 0x10, 0x9c, 0x20, 0x10,
  0x9c, 0x3e, 0x10, 0x9d, 0x00, 0x10, 0x9d, 0x3a, 0x01, 0x9d, 0x5c, 0x10, 0x9d, 0x66, 0x01, 0x9d,
  0x69, 0x01, 0x9e, 0x0c, 0x01, 0x9e, 0x30, 0x01, 0x9f, 0x00, 0x10, 0x9f, 0x08, 0x01, 0x9f, 0x0e,
  0x10, 0x9f, 0x31, 0x01, 0x9f, 0x39, 0x10, 0x9f, 0x4c, 0x10, 0xa0, 0x17, 0x10, 0xa0, 0x5c, 0x01,
  0xa1, 0x20, 0x10, 0xa1, 0x46, 0x01, 0xa1, 0x48, 0x01, 0xa1, 0x4b, 0x10, 0xa2, 0x31, 0x01, 0xa2,
  0x3f, 0x10, 0xa2, 0x45, 0x01, 0xa2, 0x67, 0x01, 0xa3, 0x02, 0x01, 0xa3, 0x13, 0x01, 0xa3, 0x1a,
  0x01, 0xa3, 0x27, 0x01, 0xa3, 0x41, 0x01, 0xa3, 0x64, 0x10, 0xa4, 0x08, 0x01, 0xa4, 0x21, 0x10,
  0xa4, 0x3b, 0x10, 0xa4, 0x5c, 0x10, 0xa4, 0x5e, 0x10, 0xa4, 0x69, 0x01, 0xa5, 0x26, 0x10, 0xa5,
  0x69, 0x01, 0xa6, 0x14, 0x10, 0xa6, 0x2f, 0x10, 0xa6, 0x3a, 0x10, 0xa6, 0x41, 0x01, 0xa6, 0x6f,
  0x10, 0xa7, 0x01, 0x10, 0xa7, 0x07, 0x01, 0xa7, 0x25, 0x01, 0xa8, 0x09, 0x10, 0xa8, 0x21, 0x10,
  0xa9, 0x15, 0x10, 0xa9, 0x22, 0x01, 0xa9, 0x40, 0x01, 0xaa, 0x0d, 0x10, 0xab, 0x05, 0x01, 0xab,
  0x49, 0x10, 0xac, 0x53, 0x10, 0xad, 0x09, 0x10, 0xad, 0x27, 0x10, 0xad, 0x3f, 0x10, 0xad, 0x42,
  0x01, 0xad, 0x44, 0x01, 0xad, 0x4c, 0x10, 0xad, 0x69, 0x01, 0xad, 0x6b, 0x10, 0xad, 0x6f, 0x10,
  0xae, 0x11, 0x10, 0xae, 0x4a, 0x01, 0xae, 0x5c, 0x01, 0xae, 0x6d, 0x10, 0xae, 0x73, 0x10, 0xaf,
  0x18, 0x10, 0xaf, 0x36, 0x01, 0xaf, 0x50, 0x10, 0xaf, 0x5f, 0x10, 0xb0, 0x5c, 0x01, 0xb1, 0x18,
  0x10, 0xb1, 0x24, 0x10, 0xb1, 0x51, 0x01, 0xb1, 0x52, 0x01, 0xb1, 0x59, 0x01, 0xb1, 0x66, 0x01,
  0xb2, 0x6e, 0x10, 0xb3, 0x18, 0x10, 0xb3, 0x2d, 0x01, 0xb3, 0x30, 0x01, 0xb3, 0x4f, 0x01, 0xb3,
  0x59, 0x01, 0xb3, 0x66, 0x01, 0xb4, 0x08, 0x01, 0xb4, 0x0e, 0x10, 0xb4, 0x15, 0x10, 0xb4, 0x25,
  0x10, 0xb4, 0x28, 0x10, 0xb4, 0x3a, 0x01, 0xb4, 0x4b, 0x10, 0xb4, 0x52, 0x01, 0xb4, 0x58, 0x10,
  0xb4, 0x59, 0x01, 0xb4, 0x6c, 0x10, 0xb6, 0x40, 0x01, 0xb6, 0x54, 0x10, 0xb6, 0x64, 0x10, 0xb6,
  0x6f, 0x10, 0xb7, 0x0d, 0x10, 0xb7, 0x29, 0x01, 0xb7, 0x49, 0x01, 0xb8, 0x02, 0x10, 0xb8, 0x12,
  0x01, 0xb8, 0x2d, 0x01, 0xb8, 0x58, 0x10, 0xb9, 0x0c, 0x01, 0xb9, 0x17, 0x01, 0xb9, 0x1d, 0x01,
  0xb9, 0x1e, 0x01, 0xb9, 0x43, 0x01, 0xb9, 0x61, 0x01, 0xb9, 0x66, 0x10, 0xb9, 0x68, 0x01, 0xba,
  0x41, 0x01, 0xba, 0x45, 0x01, 0xba, 0x55, 0x01, 0xba, 0x5e, 0x10, 0xba, 0x6e, 0x10, 0xbb, 0x2c,
  0x01, 0xbb, 0x55, 0x01, 0xbb, 0x5a, 0x01, 0xbb, 0x6c, 0x01, 0xbc, 0x24, 0x10, 0xbc, 0x25, 0x01,
  0xbc, 0x29, 0x01, 0xbc, 0x4b, 0x01, 0xbc, 0x71, 0x10, 0xbd, 0x04, 0x01, 0xbd, 0x12, 0x01, 0xbd,
  0x14, 0x10, 0xbd, 0x20, 0x10, 0xbd, 0x2d, 0x01, 0xbd, 0x37, 0x01, 0xbd, 0x39, 0x10, 0xbd, 0x42,
  0x01, 0xbd, 0x45, 0x01, 0xbd, 0x49, 0x10, 0xbd, 0x4b, 0x10, 0xbd, 0x53, 0x10, 0xbd, 0x59, 0x01,
  0xbd, 0x69, 0x01, 0xbd, 0x74, 0x10, 0xbd, 0x77, 0x10, 0xbe, 0x19, 0x10, 0xbe, 0x43, 0x01, 0xbe,
  0x74, 0x01, 0xbf, 0x18, 0x10, 0xbf, 0x1b, 0x10, 0xbf, 0x51, 0x01, 0xbf, 0x57, 0x01, 0xc0, 0x74,
  0x01, 0xc1, 0x0b, 0x10, 0xc1, 0x0d, 0x10, 0xc1, 0x28, 0x10, 0xc1, 0x44, 0x01, 0xc1, 0x46, 0x01,
  0xc1, 0x57, 0x01, 0xc1, 0x66, 0x01, 0xc2, 0x50, 0x10, 0xc2, 0x73, 0x01, 0xc3, 0x00, 0x10, 0xc3,
  0x1f, 0x10, 0xc3, 0x2c, 0x01, 0xc3, 0x32, 0x01, 0xc4, 0x08, 0x01, 0xc4, 0x14, 0x10, 0xc4, 0x26,
  0x10, 0xc4, 0x2d, 0x01, 0xc4, 0x32, 0x01, 0xc4, 0x40, 0x10, 0xc4, 0x50, 0x10, 0xc4, 0x55, 0x01,
  0xc4, 0x58, 0x10, 0xc4, 0x5b, 0x10, 0xc4, 0x6c, 0x10, 0xc4, 0x74, 0x10, 0xc5, 0x05, 0x10, 0xc5,
  0x22, 0x01, 0xc5, 0x45, 0x10, 0xc6, 0x0e, 0x10, 0xc6, 0x11, 0x01, 0xc6, 0x17, 0x10, 0xc6, 0x29,
  0x01, 0xc6, 0x3b, 0x10, 0xc6, 0x45, 0x01, 0xc6, 0x4c, 0x10, 0xc6, 0x51, 0x10, 0xc6, 0x59, 0x01,
  0xc6, 0x60, 0x10, 0xc6, 0x64, 0x10, 0xc7, 0x19, 0x01, 0xc7, 0x60, 0x01, 0xc8, 0x06, 0x01, 0xc8,
  0x21, 0x01, 0xc8, 0x45, 0x01, 0xc9, 0x1c, 0x01, 0xc9, 0x5d, 0x01, 0xc9, 0x64, 0x01, 0xc9, 0x6f,
  0x01, 0xca, 0x00, 0x10, 0xca, 0x05, 0x01, 0xca, 0x0a, 0x10, 0xca, 0x20, 0x10, 0xca, 0x24, 0x10,
  0xca, 0x46, 0x01, 0xca, 0x57, 0x01, 0xca, 0x5e, 0x10, 0xca, 0x6c, 0x10, 0xcb, 0x1c, 0x01, 0xcb,
  0x28, 0x01, 0xcb, 0x33, 0x01, 0xcb, 0x51, 0x10, 0xcb, 0x6d, 0x10, 0xcc, 0x57, 0x10, 0xcd, 0x06,
  0x01, 0xcd, 0x0d, 0x10, 0xcd, 0x17, 0x10, 0xcd, 0x1d, 0x01, 0xcd, 0x44, 0x01, 0xcd, 0x45, 0x01,
  0xcd, 0x4c, 0x10, 0xcd, 0x50, 0x10, 0xcd, 0x51, 0x01, 0xcd, 0x5b, 0x10, 0xcd, 0x66, 0x01, 0xcd,
  0x6c, 0x10, 0xcd, 0x72, 0x10, 0xce, 0x0c, 0x01, 0xce, 0x0d, 0x01, 0xce, 0x2c, 0x10, 0xce, 0x52,
  0x01, 0xce, 0x5c, 0x01, 0xce, 0x6a, 0x10, 0xce, 0x74, 0x01, 0xcf, 0x43, 0x10, 0xd0, 0x06, 0x01,
  0xd0, 0x22, 0x01, 0xd0, 0x4e, 0x10, 0xd1, 0x1b, 0x10, 0xd1, 0x27, 0x10, 0xd1, 0x2d, 0x01, 0xd1,
  0x2e, 0x01, 0xd2, 0x03, 0x10, 0xd2, 0x2e, 0x01, 0xd2, 0x45, 0x01, 0xd3, 0x04, 0x10, 0xd3, 0x06,
  0x01, 0xd3, 0x09, 0x10, 0xd3, 0x13, 0x01, 0xd3, 0x33, 0x10, 0xd3, 0x34, 0x10, 0xd3, 0x37, 0x01,
  0xd3, 0x56, 0x01, 0xd3, 0x5c, 0x10, 0xd3, 0x61, 0x01, 0xd3, 0x68, 0x10, 0xd3, 0x69, 0x01, 0xd3,
  0x73, 0x01, 0xd4, 0x00, 0x10, 0xd4, 0x0b, 0x10, 0xd4, 0x5c, 0x10, 0xd4, 0x77, 0x10, 0xd5, 0x21,
  0x01, 0xd5, 0x2c, 0x01, 0xd5, 0x74, 0x01, 0xd6, 0x0b, 0x01, 0xd6, 0x10, 0x10, 0xd6, 0x27, 0x01,
  0xd6, 0x35, 0x01, 0xd6, 0x37, 0x01, 0xd6, 0x3c, 0x01, 0xd6, 0x59, 0x01, 0xd6, 0x5d, 0x10, 0xd6,
  0x6e, 0x10, 0xd6, 0x71, 0x10, 0xd7, 0x05, 0x01, 0xd7, 0x11, 0x10, 0xd7, 0x22, 0x01, 0xd7, 0x6f,
  0x10, 0xd8, 0x38, 0x10, 0xd8, 0x6e, 0x10, 0xd9, 0x0b, 0x01, 0xd9, 0x18, 0x01, 0xd9, 0x1b, 0x01,
  0xd9, 0x22, 0x01, 0xda, 0x3f, 0x10, 0xda, 0x40, 0x10, 0xda, 0x48, 0x01, 0xdb, 0x28, 0x01, 0xdb,
  0x33, 0x01, 0xdb, 0x34, 0x10, 0xdb, 0x42, 0x01, 0xdb, 0x44, 0x10, 0xdb, 0x51, 0x10, 0xdb, 0x5e,
  0x01, 0xdc, 0x0e, 0x10, 0xdc, 0x1e, 0x10, 0xdc, 0x47, 0x10, 0xdd, 0x00, 0x01, 0xdd, 0x0d, 0x10,
  0xdd, 0x26, 0x10, 0xdd, 0x2d, 0x01, 0xdd, 0x2e, 0x10, 0xdd, 0x3f, 0x10, 0xdd, 0x4e, 0x01, 0xdd,
  0x57, 0x01, 0xdd, 0x5b, 0x10, 0xdd, 0x6c, 0x10, 0xde, 0x17, 0x10, 0xde, 0x26, 0x01, 0xde, 0x2a,
  0x01, 0xde, 0x6e, 0x01, 0xde, 0x74, 0x01, 0xdf, 0x47, 0x01, 0xdf, 0x4f, 0x01, 0xe0, 0x02, 0x01,
  0xe0, 0x08, 0x01, 0xe0, 0x14, 0x10, 0xe0, 0x34, 0x01, 0xe0, 0x65, 0x10, 0xe1, 0x00, 0x10, 0xe1,
  0x4d, 0x01, 0xe1, 0x51, 0x01, 0xe1, 0x5d, 0x10, 0xe1, 0x65, 0x10, 0xe2, 0x27, 0x10, 0xe2, 0x54,
  0x10, 0xe2, 0x5e, 0x10, 0xe3, 0x02, 0x10, 0xe3, 0x0b, 0x10, 0xe3, 0x0c, 0x10, 0xe3, 0x2c, 0x01,
  0xe3, 0x34, 0x10, 0xe3, 0x36, 0x01, 0xe3, 0x40, 0x10, 0xe3, 0x47, 0x01, 0xe3, 0x48, 0x01, 0xe3,
  0x4b, 0x01, 0xe3, 0x4f, 0x01, 0xe3, 0x59, 0x01, 0xe3, 0x68, 0x10, 0xe3, 0x69, 0x01, 0xe3, 0x6c,
  0x10, 0xe5, 0x06, 0x01, 0xe5, 0x28, 0x01, 0xe5, 0x2a, 0x01, 0xe5, 0x2b, 0x10, 0xe5, 0x2c, 0x01,
  0xe5, 0x30, 0x10, 0xe5, 0x32, 0x01, 0xe5, 0x49, 0x10, 0xe5, 0x50, 0x01, 0xe5, 0x6b, 0x10, 0xe6,
  0x05, 0x10, 0xe6, 0x09, 0x10, 0xe6, 0x1a, 0x10, 0xe6, 0x53, 0x10, 0xe6, 0x66, 0x01, 0xe7, 0x3f,
  0x10, 0xe8, 0x38, 0x10, 0xe9, 0x1a, 0x10, 0xe9, 0x1d, 0x10, 0xe9, 0x21, 0x10, 0xe9, 0x34, 0x10,
  0xe9, 0x37, 0x01, 0xe9, 0x63, 0x10, 0xe9, 0x66, 0x01, 0xe9, 0x68, 0x10, 0xea, 0x20, 0x10, 0xea,
  0x29, 0x10, 0xea, 0x6a, 0x01, 0xea, 0x6d, 0x10, 0xeb, 0x07, 0x01, 0xeb, 0x20, 0x01, 0xeb, 0x37,
  0x01, 0xeb, 0x74, 0x01, 0xeb, 0x76, 0x01, 0xec, 0x00, 0x10, 0xec, 0x22, 0x01, 0xec, 0x2d, 0x10,
  0xec, 0x33, 0x01, 0xec, 0x34, 0x01, 0xed, 0x17, 0x01, 0xed, 0x26, 0x10, 0xed, 0x2d, 0x01, 0xed,
  0x54, 0x10, 0xed, 0x59, 0x01, 0xed, 0x5e, 0x10, 0xee, 0x10, 0x10, 0xee, 0x14, 0x10, 0xee, 0x1c,
  0x10, 0xee, 0x71, 0x01, 0xef, 0x01, 0x01, 0xf0, 0x08, 0x01, 0xf0, 0x24, 0x10, 0xf0, 0x64, 0x10,
  0xf0, 0x76, 0x01, 0xf1, 0x27, 0x10, 0xf1, 0x3b, 0x01, 0xf1, 0x4b, 0x10, 0xf2, 0x38, 0x10, 0xf2,
  0x52, 0x10, 0xf2, 0x65, 0x10, 0xf3, 0x23, 0x10, 0xf3, 0x26, 0x10, 0xf3, 0x32, 0x01, 0xf3, 0x68,
  0x10, 0xf4, 0x01, 0x01, 0xf4, 0x05, 0x01, 0xf4, 0x1c, 0x01, 0xf4, 0x24, 0x01, 0xf4, 0x30, 0x01,
  0xf5, 0x04, 0x10, 0xf5, 0x08, 0x01, 0xf5, 0x0b, 0x10, 0xf5, 0x0c, 0x10, 0xf5, 0x17, 0x01, 0xf5,
  0x20, 0x10, 0xf5, 0x24, 0x10, 0xf5, 0x28, 0x01, 0xf5, 0x2c, 0x01, 0xf5, 0x3b, 0x10, 0xf5, 0x3f,
  0x10, 0xf5, 0x46, 0x01, 0xf5, 0x48, 0x01, 0xf5, 0x4c, 0x10, 0xf5, 0x50, 0x01, 0xf5, 0x59, 0x01,
  0xf5, 0x66, 0x01, 0xf5, 0x68, 0x10, 0xf5, 0x69, 0x01, 0xf5, 0x6a, 0x10, 0xf5, 0x70, 0x01, 0xf5,
  0x76, 0x10, 0xf5, 0x77, 0x10, 0xf6, 0x22, 0x01, 0xf6, 0x27, 0x10, 0xf7, 0x01, 0x01, 0xf7, 0x05,
  0x01, 0xf7, 0x0b, 0x10, 0xf7, 0x24, 0x10, 0xf7, 0x42, 0x01, 0xf7, 0x43, 0x10, 0xf7, 0x56, 0x01,
  0xf8, 0x29, 0x10, 0xf8, 0x31, 0x10, 0xf8, 0x6d, 0x01, 0xf9, 0x0d, 0x01, 0xf9, 0x12, 0x10, 0xf9,
  0x14, 0x10, 0xf9, 0x2f, 0x01, 0xf9, 0x31, 0x01, 0xf9, 0x37, 0x01, 0xf9, 0x3c, 0x01, 0xf9, 0x45,
  0x01, 0xf9, 0x65, 0x01, 0xf9, 0x66, 0x01, 0xf9, 0x6b, 0x10, 0xf9, 0x75, 0x01, 0xfa, 0x10, 0x01,
  0xfa, 0x1f, 0x10, 0xfa, 0x20, 0x10, 0xfa, 0x29, 0x10, 0xfa, 0x38, 0x10, 0xfa, 0x3e, 0x01, 0xfa,
  0x40, 0x10, 0xfb, 0x26, 0x01, 0xfb, 0x33, 0x10, 0xfb, 0x50, 0x01, 0xfb, 0x52, 0x01, 0xfb, 0x5d,
  0x01, 0xfc, 0x42, 0x01, 0xfd, 0x02, 0x01, 0xfd, 0x12, 0x01, 0xfd, 0x17, 0x01, 0xfd, 0x25, 0x10,
  0xfd, 0x29, 0x10, 0xfd, 0x2e, 0x10, 0xfd, 0x43, 0x10, 0xfd, 0x45, 0x01, 0xfd, 0x46, 0x10, 0xfd,
  0x48, 0x10, 0xfd, 0x52, 0x10, 0xfd, 0x60, 0x01, 0xfd, 0x6a, 0x10, 0xfd, 0x6c, 0x01, 0xfd, 0x72,
  0x01, 0xfd, 0x74, 0x01, 0xfe, 0x09, 0x10, 0xfe, 0x44, 0x01, 0xfe, 0x6a, 0x10, 0xfe, 0x6e, 0x01,
  0xff, 0x0f, 0x10, 0xff, 0x15, 0x01, 0xff, 0x17, 0x01, 0xff, 0x27, 0x10, 0xff, 0x29, 0x10, 0xff,
  0x57, 0x10, 0xff, 0x65, 0x10, 0xff, 0x6b, 0x01, 0x00, 0x0b, 0x10, 0x00, 0x24, 0x10, 0x00, 0x58,
  0x10, 0x00, 0x72, 0x10, 0x01, 0x11, 0x01, 0x01, 0x13, 0x10, 0x01, 0x1f, 0x10, 0x01, 0x2a, 0x01,
  0x01, 0x49, 0x01, 0x01, 0x60, 0x01, 0x01, 0x72, 0x01, 0x01, 0x76, 0x10, 0x02, 0x23, 0x01, 0x02,
  0x56, 0x01, 0x02, 0x74, 0x01, 0x03, 0x00, 0x10, 0x03, 0x0a, 0x10, 0x03, 0x21, 0x10, 0x03, 0x22,
  0x01, 0x03, 0x63, 0x10, 0x03, 0x6a, 0x10, 0x03, 0x72, 0x01, 0x03, 0x74, 0x01, 0x04, 0x2b, 0x10,
  0x04, 0x2e, 0x10, 0x04, 0x32, 0x10, 0x04, 0x48, 0x10, 0x04, 0x60, 0x01, 0x04, 0x6b, 0x01, 0x04,
  0x72, 0x01, 0x05, 0x00, 0x10, 0x05, 0x04, 0x10, 0x05, 0x0b, 0x10, 0x05, 0x0e, 0x10, 0x05, 0x10,
  0x10, 0x05, 0x12, 0x10, 0x05, 0x17, 0x01, 0x05, 0x25, 0x01, 0x05, 0x2c, 0x01, 0x05, 0x35, 0x01,
  0x05, 0x36, 0x01, 0x05, 0x45, 0x01, 0x05, 0x46, 0x01, 0x05, 0x48, 0x10, 0x05, 0x50, 0x01, 0x05,
  0x59, 0x01, 0x05, 0x5d, 0x10, 0x05, 0x66, 0x01, 0x05, 0x68, 0x10, 0x05, 0x69, 0x01, 0x05, 0x6b,
  0x10, 0x05, 0x77, 0x10, 0x06, 0x36, 0x10, 0x06, 0x5c, 0x01, 0x06, 0x5d, 0x01, 0x06, 0x6f, 0x01,
  0x07, 0x05, 0x01, 0x07, 0x1c, 0x01, 0x07, 0x1f, 0x10, 0x07, 0x20, 0x10, 0x07, 0x58, 0x10, 0x07,
  0x5d, 0x01, 0x07, 0x67, 0x01, 0x08, 0x29, 0x10, 0x08, 0x39, 0x01, 0x08, 0x3f, 0x10, 0x09, 0x08,
  0x01, 0x09, 0x15, 0x01, 0x09, 0x1c, 0x10, 0x09, 0x1f, 0x01, 0x09, 0x25, 0x01, 0x09, 0x27, 0x01,
  0x09, 0x2b, 0x01, 0x09, 0x2f, 0x01, 0x09, 0x34, 0x10, 0x09, 0x37, 0x01, 0x09, 0x45, 0x01, 0x09,
  0x53, 0x10, 0x09, 0x55, 0x01, 0x09, 0x59, 0x01, 0x09, 0x5d, 0x10, 0x09, 0x66, 0x01, 0x0a, 0x0d,
  0x10, 0x0a, 0x17, 0x01, 0x0a, 0x1f, 0x10, 0x0a, 0x2a, 0x01, 0x0a, 0x38, 0x10, 0x0a, 0x56, 0x01,
  0x0a, 0x69, 0x10, 0x0b, 0x05, 0x01, 0x0b, 0x5a, 0x10, 0x0c, 0x0b, 0x10, 0x0c, 0x1a, 0x01, 0x0c,
  0x44, 0x01, 0x0c, 0x49, 0x10, 0x0d, 0x0b, 0x01, 0x0d, 0x13, 0x10, 0x0d, 0x2a, 0x01, 0x0d, 0x33,
  0x01, 0x0d, 0x34, 0x10, 0x0d, 0x49, 0x01, 0x0d, 0x4e, 0x10, 0x0d, 0x52, 0x10, 0x0d, 0x5b, 0x01,
  0x0d, 0x5c, 0x10, 0x0d, 0x69, 0x10, 0x0d, 0x6f, 0x01, 0x0d, 0x72, 0x01, 0x0d, 0x74, 0x01, 0x0e,
  0x22, 0x01, 0x0e, 0x4d, 0x10, 0x0e, 0x70, 0x10, 0x0f, 0x29, 0x10, 0x0f, 0x49, 0x01, 0x0f, 0x69,
  0x10, 0x0f, 0x6b, 0x01, 0x10, 0x36, 0x01, 0x11, 0x0b, 0x01, 0x11, 0x12, 0x01, 0x11, 0x18, 0x01,
  0x12, 0x2f, 0x01, 0x13, 0x03, 0x01, 0x13, 0x25, 0x10, 0x13, 0x27, 0x10, 0x13, 0x3a, 0x10, 0x13,
  0x4f, 0x01, 0x14, 0x19, 0x10, 0x14, 0x29, 0x10, 0x14, 0x50, 0x10, 0x14, 0x67, 0x01, 0x15, 0x27,
  0x01, 0x15, 0x34, 0x10, 0x15, 0x3b, 0x10, 0x15, 0x40, 0x10, 0x15, 0x43, 0x10, 0x15, 0x59, 0x01,
  0x15, 0x66, 0x01, 0x15, 0x68, 0x10, 0x15, 0x6e, 0x10, 0x15, 0x70, 0x01, 0x16, 0x64, 0x01, 0x16,
  0x66, 0x10, 0x17, 0x09, 0x01, 0x17, 0x1e, 0x01, 0x17, 0x2a, 0x01, 0x17, 0x2f, 0x01, 0x17, 0x30,
  0x01, 0x17, 0x37, 0x10, 0x17, 0x75, 0x10, 0x18, 0x2b, 0x01, 0x18, 0x30, 0x01, 0x18, 0x59, 0x01,
  0x19, 0x02, 0x01, 0x19, 0x0b, 0x01, 0x19, 0x13, 0x01, 0x19, 0x21, 0x10, 0x19, 0x23, 0x01, 0x19,
  0x24, 0x01, 0x19, 0x4c, 0x10, 0x19, 0x55, 0x01, 0x19, 0x5d, 0x10, 0x19, 0x66, 0x01, 0x19, 0x69,
  0x10, 0x19, 0x6b, 0x10, 0x1a, 0x2f, 0x01, 0x1a, 0x33, 0x01, 0x1a, 0x3b, 0x01, 0x1a, 0x44, 0x10,
  0x1a, 0x48, 0x10, 0x1a, 0x49, 0x01, 0x1a, 0x61, 0x10, 0x1a, 0x6c, 0x01, 0x1a, 0x72, 0x01, 0x1a,
  0x74, 0x01, 0x1a, 0x75, 0x10, 0x1b, 0x0b, 0x10, 0x1b, 0x0c, 0x01, 0x1b, 0x24, 0x10, 0x1b, 0x47,
  0x01, 0x1b, 0x51, 0x10, 0x1c, 0x09, 0x01, 0x1c, 0x2d, 0x10, 0x1c, 0x32, 0x10, 0x1c, 0x4b, 0x10,
  0x1c, 0x5f, 0x10, 0x1d, 0x0b, 0x01, 0x1d, 0x0e, 0x10, 0x1d, 0x13, 0x10, 0x1d, 0x21, 0x10, 0x1d,
  0x2d, 0x01, 0x1d, 0x2f, 0x01, 0x1d, 0x40, 0x01, 0x1d, 0x52, 0x10, 0x1d, 0x64, 0x10, 0x1d, 0x69,
  0x10, 0x1d, 0x72, 0x01, 0x1d, 0x74, 0x01, 0x1e, 0x34, 0x01, 0x1e, 0x39, 0x01, 0x1e, 0x5c, 0x01,
  0x1f, 0x1c, 0x01, 0x1f, 0x4d, 0x01, 0x1f, 0x5c, 0x10, 0x1f, 0x64, 0x10, 0x1f, 0x6c, 0x01, 0x1f,
  0x74, 0x01, 0x20, 0x07, 0x10, 0x20, 0x3c, 0x10, 0x20, 0x58, 0x10, 0x21, 0x00, 0x10, 0x21, 0x05,
  0x10, 0x21, 0x09, 0x10, 0x21, 0x0b, 0x01, 0x21, 0x0e, 0x10, 0x21, 0x26, 0x01, 0x21, 0x30, 0x01,
  0x21, 0x49, 0x01, 0x21, 0x4f, 0x01, 0x21, 0x55, 0x10, 0x21, 0x5c, 0x10, 0x21, 0x62, 0x01, 0x21,
  0x64, 0x10, 0x21, 0x6a, 0x10, 0x22, 0x03, 0x10, 0x22, 0x0c, 0x10, 0x22, 0x28, 0x01, 0x22, 0x40,
  0x10, 0x22, 0x49, 0x01, 0x22, 0x74, 0x01, 0x23, 0x04, 0x01, 0x23, 0x24, 0x01, 0x23, 0x32, 0x10,
  0x23, 0x45, 0x10, 0x23, 0x56, 0x01, 0x23, 0x58, 0x01, 0x23, 0x5e, 0x01, 0x23, 0x69, 0x10, 0x23,
  0x6c, 0x01, 0x24, 0x4c, 0x10, 0x25, 0x0b, 0x10, 0x25, 0x11, 0x10, 0x25, 0x25, 0x01, 0x25, 0x49,
  0x10, 0x25, 0x59, 0x01, 0x25, 0x68, 0x10, 0x25, 0x6f, 0x01, 0x26, 0x03, 0x01, 0x26, 0x19, 0x01,
  0x27, 0x0b, 0x01, 0x27, 0x17, 0x01, 0x27, 0x2a, 0x01, 0x27, 0x2f, 0x01, 0x27, 0x45, 0x01, 0x27,
  0x49, 0x01, 0x27, 0x50, 0x10, 0x27, 0x61, 0x10, 0x27, 0x65, 0x10, 0x27, 0x68, 0x10, 0x27, 0x72,
  0x01, 0x27, 0x75, 0x10, 0x27, 0x76, 0x01, 0x28, 0x0a, 0x10, 0x28, 0x26, 0x01, 0x28, 0x40, 0x10,
  0x29, 0x08, 0x01, 0x29, 0x0e, 0x10, 0x29, 0x15, 0x01, 0x29, 0x18, 0x01, 0x29, 0x2a, 0x01, 0x29,
  0x37, 0x01, 0x29, 0x41, 0x10, 0x29, 0x49, 0x01, 0x29, 0x4b, 0x01, 0x29, 0x4f, 0x01, 0x29, 0x72,
  0x01, 0x2a, 0x0b, 0x01, 0x2a, 0x52, 0x10, 0x2a, 0x69, 0x10, 0x2a, 0x6a, 0x10, 0x2a, 0x6c, 0x01,
  0x2a, 0x70, 0x10, 0x2a, 0x72, 0x01, 0x2b, 0x24, 0x10, 0x2b, 0x25, 0x10, 0x2c, 0x05, 0x01, 0x2c,
  0x0c, 0x10, 0x2c, 0x68, 0x10, 0x2d, 0x0c, 0x10, 0x2d, 0x11, 0x01, 0x2d, 0x22, 0x10, 0x2d, 0x2c,
  0x01, 0x2d, 0x43, 0x10, 0x2d, 0x47, 0x01, 0x2d, 0x56, 0x10, 0x2d, 0x6e, 0x10, 0x2d, 0x73, 0x01,
  0x2e, 0x59, 0x10, 0x2e, 0x5c, 0x01, 0x2e, 0x65, 0x10, 0x2f, 0x0e, 0x10, 0x2f, 0x2f, 0x01, 0x2f,
  0x49, 0x01, 0x2f, 0x51, 0x10, 0x2f, 0x59, 0x01, 0x2f, 0x60, 0x01, 0x2f, 0x63, 0x10, 0x2f, 0x68,
  0x10, 0x2f, 0x6a, 0x01, 0x30, 0x63, 0x01, 0x30, 0x67, 0x01, 0x30, 0x71, 0x10, 0x30, 0x73, 0x10,
  0x30, 0x76, 0x01, 0x31, 0x00, 0x10, 0x31, 0x1c, 0x01, 0x31, 0x1f, 0x10, 0x31, 0x27, 0x01, 0x31,
  0x34, 0x10, 0x31, 0x4e, 0x10, 0x31, 0x51, 0x10, 0x31, 0x59, 0x01, 0x32, 0x1e, 0x01, 0x32, 0x20,
  0x10, 0x32, 0x24, 0x10, 0x32, 0x4d, 0x01, 0x32, 0x52, 0x10, 0x32, 0x53, 0x10, 0x32, 0x5d, 0x10,
  0x33, 0x31, 0x01, 0x33, 0x49, 0x01, 0x34, 0x1b, 0x10, 0x34, 0x30, 0x01, 0x34, 0x58, 0x10, 0x34,
  0x67, 0x01, 0x34, 0x6f, 0x10, 0x35, 0x03, 0x01, 0x35, 0x1c, 0x01, 0x35, 0x40, 0x10, 0x35, 0x4d,
  0x01, 0x35, 0x5e, 0x01, 0x35, 0x61, 0x01, 0x36, 0x0d, 0x01, 0x36, 0x27, 0x01, 0x36, 0x4a, 0x01,
  0x36, 0x52, 0x10, 0x36, 0x65, 0x01, 0x36, 0x69, 0x10, 0x36, 0x6f, 0x01, 0x36, 0x70, 0x10, 0x37,
  0x00, 0x10, 0x37, 0x09, 0x10, 0x37, 0x14, 0x10, 0x37, 0x2f, 0x01, 0x37, 0x31, 0x01, 0x37, 0x4c,
  0x10, 0x37, 0x61, 0x10, 0x37, 0x68, 0x10, 0x37, 0x72, 0x01, 0x38, 0x06, 0x10, 0x38, 0x40, 0x10,
  0x38, 0x53, 0x01, 0x38, 0x5b, 0x10, 0x38, 0x5d, 0x10, 0x38, 0x5e, 0x10, 0x39, 0x11, 0x01, 0x39,
  0x12, 0x01, 0x39, 0x22, 0x10, 0x39, 0x43, 0x10, 0x39, 0x47, 0x10, 0x39, 0x4d, 0x01, 0x39, 0x4f,
  0x01, 0x39, 0x50, 0x10, 0x39, 0x52, 0x10, 0x3a, 0x0c, 0x10, 0x3a, 0x1f, 0x10, 0x3a, 0x2f, 0x01,
  0x3a, 0x33, 0x01, 0x3a, 0x46, 0x01, 0x3a, 0x51, 0x10, 0x3a, 0x52, 0x10, 0x3a, 0x59, 0x01, 0x3a,
  0x61, 0x10, 0x3a, 0x6c, 0x01, 0x3a, 0x72, 0x01, 0x3b, 0x35, 0x01, 0x3b, 0x36, 0x01, 0x3c, 0x0c,
  0x10, 0x3c, 0x1e, 0x01, 0x3c, 0x21, 0x01, 0x3c, 0x28, 0x01, 0x3c, 0x2c, 0x01, 0x3c, 0x43, 0x10,
  0x3c, 0x4c, 0x10, 0x3c, 0x51, 0x10, 0x3c, 0x52, 0x10, 0x3c, 0x65, 0x10, 0x3c, 0x74, 0x01, 0x3d,
  0x1d, 0x10, 0x3d, 0x1f, 0x10, 0x3d, 0x33, 0x01, 0x3d, 0x3c, 0x01, 0x3d, 0x59, 0x01, 0x3e, 0x06,
  0x10, 0x3e, 0x48, 0x10, 0x3e, 0x5d, 0x01, 0x3e, 0x6a, 0x01, 0x3f, 0x0c, 0x10, 0x3f, 0x1e, 0x01,
  0x3f, 0x2e, 0x10, 0x3f, 0x32, 0x10, 0x3f, 0x34, 0x10, 0x3f, 0x3c, 0x01, 0x3f, 0x4e, 0x10, 0x3f,
  0x64, 0x10, 0x3f, 0x68, 0x10, 0x3f, 0x6e, 0x10, 0x40, 0x0a, 0x01, 0x40, 0x12, 0x10, 0x40, 0x40,
  0x01, 0x40, 0x4b, 0x10, 0x40, 0x4c, 0x01, 0x40, 0x6a, 0x01, 0x40, 0x75, 0x10, 0x41, 0x15, 0x10,
  0x41, 0x17, 0x10, 0x41, 0x1c, 0x10, 0x41, 0x1f, 0x01, 0x41, 0x52, 0x01, 0x41, 0x6c, 0x10, 0x42,
  0x06, 0x01, 0x42, 0x1e, 0x10, 0x42, 0x49, 0x10, 0x42, 0x5d, 0x10, 0x43, 0x08, 0x01, 0x43, 0x66,
  0x01, 0x43, 0x73, 0x01, 0x44, 0x0f, 0x01, 0x44, 0x18, 0x10, 0x44, 0x1e, 0x10, 0x44, 0x21, 0x10,
  0x44, 0x24, 0x10, 0x44, 0x40, 0x10, 0x44, 0x41, 0x01, 0x44, 0x44, 0x01, 0x44, 0x52, 0x01, 0x44,
  0x57, 0x01, 0x44, 0x58, 0x10, 0x44, 0x69, 0x01, 0x45, 0x29, 0x01, 0x45, 0x64, 0x10, 0x46, 0x26,
  0x01, 0x46, 0x33, 0x01, 0x46, 0x5a, 0x01, 0x46, 0x63, 0x10, 0x46, 0x64, 0x10, 0x46, 0x67, 0x01,
  0x46, 0x6e, 0x01, 0x47, 0x0c, 0x01, 0x48, 0x32, 0x10, 0x48, 0x39, 0x10, 0x48, 0x4f, 0x01, 0x48,
  0x56, 0x10, 0x48, 0x5c, 0x10, 0x49, 0x08, 0x01, 0x49, 0x2c, 0x10, 0x49, 0x31, 0x10, 0x49, 0x53,
  0x01, 0x4a, 0x02, 0x10, 0x4a, 0x14, 0x10, 0x4a, 0x18, 0x10, 0x4a, 0x21, 0x10, 0x4a, 0x45, 0x01,
  0x4a, 0x62, 0x01, 0x4a, 0x68, 0x01, 0x4a, 0x70, 0x01, 0x4b, 0x07, 0x01, 0x4b, 0x3b, 0x01, 0x4b,
  0x57, 0x01, 0x4c, 0x0e, 0x10, 0x4c, 0x20, 0x10, 0x4c, 0x25, 0x10, 0x4c, 0x26, 0x01, 0x4c, 0x41,
  0x10, 0x4c, 0x67, 0x01, 0x4c, 0x6c, 0x10, 0x4c, 0x71, 0x01, 0x4d, 0x40, 0x10, 0x4d, 0x53, 0x10,
  0x4d, 0x71, 0x10, 0x4e, 0x46, 0x10, 0x4e, 0x5c, 0x01, 0x50, 0x5d, 0x01, 0x50, 0x74, 0x01, 0x51,
  0x1e, 0x10, 0x51, 0x21, 0x10, 0x51, 0x5d, 0x10, 0x51, 0x5e, 0x10, 0x52, 0x13, 0x01, 0x52, 0x2b,
  0x01, 0x52, 0x33, 0x01, 0x52, 0x39, 0x10, 0x52, 0x56, 0x10, 0x53, 0x5c, 0x01, 0x53, 0x66, 0x01,
  0x54, 0x0a, 0x01, 0x54, 0x17, 0x10, 0x54, 0x45, 0x01, 0x54, 0x49, 0x10, 0x54, 0x4f, 0x01, 0x54,
  0x50, 0x10, 0x54, 0x53, 0x10, 0x54, 0x5f, 0x01, 0x54, 0x66, 0x01, 0x54, 0x69, 0x01, 0x54, 0x6c,
  0x10, 0x54, 0x74, 0x10, 0x54, 0x77, 0x10, 0x55, 0x00, 0x01, 0x55, 0x09, 0x01, 0x55, 0x19, 0x10,
  0x55, 0x51, 0x10, 0x56, 0x01, 0x10, 0x56, 0x14, 0x10, 0x56, 0x23, 0x01, 0x56, 0x33, 0x01, 0x56,
  0x37, 0x01, 0x56, 0x40, 0x01, 0x56, 0x61, 0x10, 0x56, 0x62, 0x10, 0x57, 0x23, 0x01, 0x57, 0x63,
  0x01, 0x58, 0x02, 0x10, 0x58, 0x08, 0x01, 0x58, 0x09, 0x10, 0x58, 0x14, 0x10, 0x58, 0x4e, 0x01,
  0x58, 0x52, 0x01, 0x58, 0x6b, 0x10, 0x59, 0x25, 0x01, 0x59, 0x70, 0x10, 0x5a, 0x00, 0x01, 0x5a,
  0x0e, 0x10, 0x5a, 0x1f, 0x01, 0x5a, 0x50, 0x10, 0x5a, 0x5c, 0x10, 0x5b, 0x15, 0x10, 0x5b, 0x21,
  0x10, 0x5b, 0x39, 0x10, 0x5b, 0x4f, 0x01, 0x5b, 0x53, 0x10, 0x5b, 0x66, 0x01, 0x5c, 0x28, 0x10,
  0x5c, 0x5a, 0x10, 0x5d, 0x0e, 0x10, 0x5d, 0x13, 0x01, 0x5d, 0x35, 0x10, 0x5d, 0x4f, 0x01, 0x5d,
  0x53, 0x10, 0x5d, 0x61, 0x10, 0x5e, 0x27, 0x01, 0x5e, 0x45, 0x10, 0x5f, 0x08, 0x01, 0x5f, 0x31,
  0x01, 0x5f, 0x45, 0x01, 0x5f, 0x4f, 0x10, 0x5f, 0x5d, 0x10, 0x60, 0x05, 0x01, 0x60, 0x20, 0x01,
  0x60, 0x44, 0x01, 0x60, 0x6a, 0x01, 0x60, 0x6e, 0x01, 0x61, 0x0e, 0x10, 0x61, 0x20, 0x10, 0x61,
  0x53, 0x10, 0x61, 0x57, 0x01, 0x61, 0x59, 0x01, 0x62, 0x1e, 0x10, 0x62, 0x63, 0x01, 0x62, 0x67,
  0x10, 0x63, 0x13, 0x01, 0x63, 0x23, 0x01, 0x63, 0x3c, 0x01, 0x63, 0x48, 0x10, 0x64, 0x18, 0x10,
  0x64, 0x22, 0x10, 0x64, 0x45, 0x01, 0x64, 0x4e, 0x01, 0x64, 0x5e, 0x10, 0x64, 0x77, 0x10, 0x65,
  0x0f, 0x10, 0x65, 0x26, 0x10, 0x65, 0x4e, 0x10, 0x65, 0x5c, 0x01, 0x66, 0x14, 0x10, 0x66, 0x2c,
  0x10, 0x66, 0x31, 0x01, 0x66, 0x4a, 0x01, 0x66, 0x5a, 0x10, 0x66, 0x66, 0x01, 0x66, 0x6f, 0x01,
  0x67, 0x0c, 0x01, 0x68, 0x05, 0x01, 0x68, 0x08, 0x01, 0x68, 0x1f, 0x01, 0x68, 0x40, 0x10, 0x68,
  0x44, 0x01, 0x68, 0x45, 0x01, 0x68, 0x55, 0x01, 0x68, 0x71, 0x10, 0x68, 0x74, 0x10, 0x69, 0x17,
  0x01, 0x69, 0x20, 0x01, 0x69, 0x3e, 0x10, 0x69, 0x5c, 0x01, 0x69, 0x73, 0x10, 0x6a, 0x06, 0x10,
  0x6a, 0x47, 0x10, 0x6a, 0x56, 0x10, 0x6a, 0x59, 0x01, 0x6b, 0x17, 0x01, 0x6b, 0x27, 0x01, 0x6b,
  0x2b, 0x01, 0x6c, 0x1f, 0x01, 0x6c, 0x55, 0x01, 0x6c, 0x5c, 0x01, 0x6c, 0x5d, 0x10, 0x6c, 0x76,
  0x10, 0x6d, 0x0b, 0x10, 0x6d, 0x14, 0x10, 0x6d, 0x1f, 0x01, 0x6d, 0x21, 0x10, 0x6d, 0x22, 0x10,
  0x6d, 0x40, 0x10, 0x6d, 0x44, 0x01, 0x6d, 0x45, 0x01, 0x6d, 0x4e, 0x01, 0x6d, 0x4f, 0x01, 0x6d,
  0x52, 0x01, 0x6d, 0x5b, 0x10, 0x6d, 0x5c, 0x10, 0x6d, 0x61, 0x01, 0x6d, 0x6d, 0x10, 0x6d, 0x71,
  0x10, 0x6e, 0x14, 0x10, 0x6e, 0x5e, 0x01, 0x6f, 0x00, 0x01, 0x6f, 0x0b, 0x10, 0x6f, 0x0e, 0x10,
  0x6f, 0x20, 0x10, 0x6f, 0x21, 0x10, 0x6f, 0x30, 0x10, 0x6f, 0x38, 0x01, 0x6f, 0x52, 0x01, 0x6f,
  0x66, 0x01, 0x70, 0x0b, 0x01, 0x70, 0x22, 0x01, 0x70, 0x2a, 0x01, 0x70, 0x5e, 0x01, 0x71, 0x0e,
  0x10, 0x71, 0x14, 0x01, 0x71, 0x20, 0x10, 0x71, 0x29, 0x01, 0x71, 0x3f, 0x10, 0x71, 0x43, 0x01,
  0x71, 0x44, 0x01, 0x71, 0x58, 0x10, 0x71, 0x5b, 0x10, 0x72, 0x4f, 0x01, 0x72, 0x51, 0x01, 0x73,
  0x2b, 0x10, 0x73, 0x55, 0x01, 0x73, 0x65, 0x01, 0x74, 0x04, 0x01, 0x74, 0x2d, 0x01, 0x74, 0x39,
  0x10, 0x74, 0x44, 0x01, 0x74, 0x45, 0x01, 0x74, 0x51, 0x01, 0x74, 0x53, 0x10, 0x74, 0x59, 0x01,
  0x74, 0x66, 0x01, 0x74, 0x72, 0x10, 0x75, 0x22, 0x01, 0x75, 0x63, 0x01, 0x75, 0x65, 0x01, 0x75,
  0x6c, 0x01, 0x76, 0x2b, 0x01, 0x76, 0x2d, 0x01, 0x76, 0x43, 0x01, 0x76, 0x46, 0x10, 0x76, 0x59,
  0x01, 0x76, 0x65, 0x01, 0x76, 0x67, 0x01, 0x77, 0x31, 0x01, 0x77, 0x36, 0x01, 0x77, 0x57, 0x10,
  0x77, 0x5c, 0x01, 0x78, 0x0b, 0x10, 0x78, 0x18, 0x10, 0x78, 0x28, 0x10, 0x78, 0x40, 0x10, 0x78,
  0x43, 0x01, 0x79, 0x04, 0x01, 0x79, 0x06, 0x10, 0x79, 0x2c, 0x01, 0x79, 0x50, 0x01, 0x7a, 0x0b,
  0x10, 0x7a, 0x0e, 0x10, 0x7a, 0x1d, 0x01, 0x7a, 0x25, 0x10, 0x7a, 0x53, 0x10, 0x7a, 0x5d, 0x10,
  0x7a, 0x63, 0x01, 0x7b, 0x22, 0x10, 0x7b, 0x5c, 0x01, 0x7b, 0x61, 0x10, 0x7b, 0x6c, 0x01, 0x7b,
  0x6f, 0x10, 0x7c, 0x09, 0x01, 0x7c, 0x0e, 0x10, 0x7c, 0x43, 0x01, 0x7c, 0x51, 0x10, 0x7c, 0x55,
  0x01, 0x7c, 0x5b, 0x10, 0x7c, 0x60, 0x10, 0x7d, 0x06, 0x01, 0x7d, 0x08, 0x01, 0x7d, 0x13, 0x01,
  0x7d, 0x1e, 0x10, 0x7d, 0x2f, 0x10, 0x7d, 0x3f, 0x10, 0x7d, 0x4d, 0x10, 0x7d, 0x4f, 0x01, 0x7d,
  0x52, 0x01, 0x7d, 0x5d, 0x10, 0x7d, 0x66, 0x01, 0x7d, 0x70, 0x10, 0x7e, 0x08, 0x01, 0x7e, 0x22,
  0x01, 0x7e, 0x25, 0x01, 0x7e, 0x3d, 0x10, 0x7f, 0x26, 0x10, 0x7f, 0x2a, 0x10, 0x7f, 0x51, 0x01,
  0x7f, 0x6c, 0x10, 0x80, 0x04, 0x01, 0x80, 0x18, 0x01, 0x80, 0x23, 0x01, 0x80, 0x48, 0x10, 0x80,
  0x5b, 0x01, 0x81, 0x12, 0x01, 0x81, 0x34, 0x01, 0x81, 0x4d, 0x10, 0x81, 0x58, 0x10, 0x81, 0x64,
  0x01, 0x82, 0x3b, 0x01, 0x83, 0x06, 0x01, 0x83, 0x08, 0x01, 0x83, 0x0e, 0x10, 0x83, 0x2d, 0x01,
  0x83, 0x39, 0x10, 0x83, 0x44, 0x01, 0x83, 0x4f, 0x01, 0x83, 0x53, 0x10, 0x83, 0x64, 0x01, 0x83,
  0x69, 0x01, 0x83, 0x70, 0x01, 0x84, 0x1d, 0x01, 0x84, 0x26, 0x10, 0x84, 0x31, 0x01, 0x84, 0x5d,
  0x10, 0x85, 0x26, 0x01, 0x85, 0x27, 0x01, 0x85, 0x5d, 0x01, 0x85, 0x5e, 0x01, 0x85, 0x62, 0x10,
  0x85, 0x69, 0x01, 0x86, 0x05, 0x10, 0x86, 0x1b, 0x01, 0x86, 0x25, 0x01, 0x86, 0x28, 0x01, 0x86,
  0x3a, 0x10, 0x86, 0x50, 0x01, 0x86, 0x59, 0x01, 0x86, 0x61, 0x10, 0x86, 0x64, 0x10, 0x86, 0x65,
  0x01, 0x86, 0x6c, 0x01, 0x87, 0x24, 0x01, 0x87, 0x3c, 0x10, 0x87, 0x60, 0x10, 0x87, 0x6c, 0x01,
  0x87, 0x6e, 0x01, 0x88, 0x27, 0x10, 0x88, 0x34, 0x01, 0x88, 0x43, 0x01, 0x88, 0x45, 0x01, 0x88,
  0x69, 0x01, 0x88, 0x6c, 0x10, 0x89, 0x13, 0x10, 0x89, 0x17, 0x01, 0x89, 0x2a, 0x01, 0x89, 0x56,
  0x01, 0x89, 0x74, 0x01, 0x8a, 0x0b, 0x10, 0x8a, 0x0c, 0x01, 0x8a, 0x1b, 0x10, 0x8a, 0x1e, 0x10,
  0x8a, 0x1f, 0x01, 0x8a, 0x27, 0x10, 0x8a, 0x2e, 0x01, 0x8a, 0x44, 0x01, 0x8a, 0x60, 0x10, 0x8a,
  0x61, 0x01, 0x8b, 0x2e, 0x10, 0x8b, 0x57, 0x10, 0x8b, 0x74, 0x01, 0x8c, 0x06, 0x10, 0x8c, 0x0d,
  0x01, 0x8c, 0x2b, 0x01, 0x8c, 0x2f, 0x01, 0x8c, 0x33, 0x01, 0x8c, 0x4b, 0x01, 0x8c, 0x59, 0x01,
  0x8c, 0x6c, 0x01, 0x8d, 0x0c, 0x01, 0x8d, 0x20, 0x10, 0x8d, 0x28, 0x10, 0x8d, 0x29, 0x01, 0x8d,
  0x3b, 0x01, 0x8d, 0x3d, 0x10, 0x8d, 0x51, 0x01, 0x8d, 0x52, 0x01, 0x8d, 0x5c, 0x10, 0x8d, 0x6c,
  0x10, 0x8e, 0x13, 0x01, 0x8e, 0x49, 0x10, 0x8f, 0x16, 0x01, 0x8f, 0x20, 0x10, 0x8f, 0x34, 0x01,
  0x8f, 0x51, 0x01, 0x8f, 0x6a, 0x01, 0x90, 0x13, 0x01, 0x90, 0x1d, 0x10, 0x90, 0x2b, 0x01, 0x90,
  0x32, 0x01, 0x90, 0x63, 0x10, 0x91, 0x3b, 0x01, 0x91, 0x52, 0x01, 0x91, 0x65, 0x10, 0x92, 0x06,
  0x01, 0x92, 0x1b, 0x10, 0x92, 0x3b, 0x01, 0x93, 0x20, 0x10, 0x93, 0x2d, 0x01, 0x93, 0x40, 0x10,
  0x93, 0x58, 0x10, 0x93, 0x5f, 0x01, 0x94, 0x08, 0x01, 0x94, 0x0a, 0x01, 0x94, 0x15, 0x01, 0x94,
  0x1e, 0x10, 0x94, 0x29, 0x01, 0x94, 0x4d, 0x10, 0x94, 0x68, 0x01, 0x95, 0x27, 0x10, 0x95, 0x4c,
  0x10, 0x95, 0x70, 0x01, 0x96, 0x06, 0x10, 0x96, 0x0d, 0x01, 0x96, 0x20, 0x01, 0x96, 0x28, 0x01,
  0x96, 0x29, 0x01, 0x96, 0x2f, 0x01, 0x96, 0x33, 0x01, 0x96, 0x36, 0x01, 0x96, 0x38, 0x10, 0x96,
  0x3b, 0x10, 0x96, 0x45, 0x01, 0x96, 0x4f, 0x01, 0x96, 0x59, 0x01, 0x96, 0x5d, 0x10, 0x96, 0x63,
  0x10, 0x96, 0x64, 0x10, 0x96, 0x65, 0x01, 0x96, 0x68, 0x10, 0x96, 0x6e, 0x10, 0x96, 0x70, 0x01,
  0x96, 0x72, 0x01, 0x97, 0x1b, 0x01, 0x97, 0x21, 0x10, 0x97, 0x34, 0x01, 0x97, 0x36, 0x10, 0x97,
  0x49, 0x10, 0x97, 0x4b, 0x10, 0x97, 0x61, 0x01, 0x97, 0x69, 0x01, 0x97, 0x75, 0x01, 0x98, 0x3a,
  0x01, 0x98, 0x64, 0x01, 0x99, 0x01, 0x10, 0x99, 0x02, 0x01, 0x99, 0x04, 0x10, 0x99, 0x0e, 0x10,
  0x99, 0x2c, 0x01, 0x99, 0x30, 0x10, 0x99, 0x5c, 0x10, 0x99, 0x60, 0x01, 0x99, 0x61, 0x01, 0x99,
  0x6b, 0x10, 0x99, 0x75, 0x01, 0x9a, 0x43, 0x01, 0x9a, 0x4e, 0x01, 0x9a, 0x64, 0x01, 0x9b, 0x12,
  0x10, 0x9b, 0x15, 0x01, 0x9b, 0x3c, 0x01, 0x9b, 0x5c, 0x01, 0x9c, 0x14, 0x01, 0x9c, 0x1c, 0x10,
  0x9c, 0x4c, 0x10, 0x9c, 0x61, 0x10, 0x9d, 0x01, 0x01, 0x9d, 0x04, 0x01, 0x9d, 0x06, 0x01, 0x9d,
  0x07, 0x10, 0x9d, 0x1b, 0x10, 0x9d, 0x5d, 0x10, 0x9d, 0x68, 0x01, 0x9e, 0x05, 0x10, 0x9f, 0x6d,
  0x10, 0xa0, 0x0d, 0x01, 0xa0, 0x1c, 0x10, 0xa0, 0x26, 0x01, 0xa0, 0x43, 0x01, 0xa0, 0x46, 0x01,
  0xa0, 0x57, 0x10, 0xa0, 0x75, 0x01, 0xa1, 0x31, 0x01, 0xa1, 0x38, 0x10, 0xa1, 0x4c, 0x01, 0xa2,
  0x18, 0x01, 0xa2, 0x62, 0x01, 0xa3, 0x2d, 0x01, 0xa3, 0x58, 0x10, 0xa3, 0x6b, 0x01, 0xa4, 0x12,
  0x01, 0xa4, 0x3b, 0x01, 0xa4, 0x41, 0x10, 0xa4, 0x45, 0x10, 0xa4, 0x49, 0x01, 0xa4, 0x67, 0x01,
  0xa4, 0x74, 0x01, 0xa5, 0x06, 0x01, 0xa5, 0x0b, 0x10, 0xa5, 0x13, 0x01, 0xa5, 0x30, 0x10, 0xa5,
  0x43, 0x10, 0xa5, 0x44, 0x01, 0xa5, 0x59, 0x01, 0xa5, 0x5b, 0x10, 0xa5, 0x68, 0x10, 0xa5, 0x69,
  0x01, 0xa5, 0x75, 0x01, 0xa6, 0x28, 0x01, 0xa6, 0x67, 0x10, 0xa6, 0x6b, 0x10, 0xa6, 0x6c, 0x01,
  0xa7, 0x13, 0x01, 0xa7, 0x20, 0x10, 0xa7, 0x4f, 0x01, 0xa7, 0x58, 0x10, 0xa7, 0x66, 0x01, 0xa8,
  0x4c, 0x01, 0xa8, 0x64, 0x10, 0xa9, 0x00, 0x10, 0xa9, 0x08, 0x01, 0xa9, 0x30, 0x10, 0xa9, 0x34,
  0x10, 0xa9, 0x35, 0x01, 0xa9, 0x43, 0x10, 0xa9, 0x57, 0x01, 0xa9, 0x59, 0x01, 0xa9, 0x64, 0x01,
  0xa9, 0x75, 0x01, 0xaa, 0x05, 0x01, 0xaa, 0x12, 0x01, 0xaa, 0x27, 0x10, 0xaa, 0x3b, 0x01, 0xaa,
  0x4d, 0x10, 0xaa, 0x59, 0x10, 0xaa, 0x65, 0x10, 0xaa, 0x6c, 0x10, 0xaa, 0x6e, 0x01, 0xab, 0x05,
  0x10, 0xab, 0x32, 0x01, 0xab, 0x33, 0x01, 0xab, 0x3f, 0x01, 0xab, 0x4c, 0x01, 0xab, 0x4e, 0x10,
  0xab, 0x60, 0x01, 0xab, 0x64, 0x10, 0xac, 0x14, 0x10, 0xac, 0x61, 0x10, 0xad, 0x08, 0x01, 0xad,
  0x27, 0x10, 0xad, 0x29, 0x10, 0xad, 0x34, 0x01, 0xad, 0x3e, 0x01, 0xad, 0x5d, 0x01, 0xad, 0x65,
  0x10, 0xae, 0x14, 0x01, 0xae, 0x21, 0x10, 0xae, 0x4a, 0x10, 0xae, 0x58, 0x10, 0xaf, 0x11, 0x01,
  0xb0, 0x09, 0x10, 0xb0, 0x21, 0x10, 0xb0, 0x31, 0x01, 0xb0, 0x6b, 0x10, 0xb1, 0x00, 0x01, 0xb1,
  0x0b, 0x01, 0xb1, 0x12, 0x01, 0xb1, 0x34, 0x01, 0xb1, 0x69, 0x10, 0xb2, 0x00, 0x01, 0xb2, 0x2a,
  0x01, 0xb2, 0x71, 0x10, 0xb2, 0x73, 0x10, 0xb3, 0x18, 0x01, 0xb3, 0x1f, 0x10, 0xb3, 0x2e, 0x10,
  0xb3, 0x43, 0x10, 0xb3, 0x44, 0x10, 0xb3, 0x48, 0x10, 0xb3, 0x74, 0x01, 0xb4, 0x0c, 0x01, 0xb4,
  0x0e, 0x01, 0xb4, 0x22, 0x01, 0xb4, 0x50, 0x01, 0xb5, 0x11, 0x10, 0xb5, 0x20, 0x10, 0xb5, 0x24,
  0x10, 0xb5, 0x2f, 0x01, 0xb5, 0x30, 0x10, 0xb5, 0x33, 0x01, 0xb5, 0x35, 0x01, 0xb5, 0x40, 0x10,
  0xb5, 0x45, 0x01, 0xb5, 0x4d, 0x01, 0xb5, 0x5c, 0x01, 0xb5, 0x66, 0x01, 0xb6, 0x0c, 0x10, 0xb6,
  0x22, 0x01, 0xb6, 0x32, 0x01, 0xb6, 0x3e, 0x10, 0xb6, 0x55, 0x10, 0xb6, 0x74, 0x01, 0xb7, 0x13,
  0x10, 0xb7, 0x18, 0x10, 0xb7, 0x30, 0x01, 0xb8, 0x22, 0x01, 0xb8, 0x26, 0x01, 0xb8, 0x3b, 0x01,
  0xb8, 0x4d, 0x10, 0xb8, 0x54, 0x10, 0xb9, 0x57, 0x01, 0xb9, 0x66, 0x01, 0xb9, 0x68, 0x10, 0xb9,
  0x6e, 0x10, 0xba, 0x20, 0x10, 0xba, 0x3d, 0x01, 0xbb, 0x05, 0x01, 0xbc, 0x09, 0x10, 0xbc, 0x37,
  0x01, 0xbc, 0x4f, 0x01, 0xbd, 0x05, 0x10, 0xbd, 0x23, 0x01, 0xbd, 0x25, 0x10, 0xbd, 0x2d, 0x01,
  0xbd, 0x5a, 0x10, 0xbd, 0x6a, 0x10, 0xbe, 0x19, 0x01, 0xbe, 0x1b, 0x01, 0xbe, 0x2b, 0x01, 0xbe,
  0x56, 0x10, 0xbe, 0x59, 0x01, 0xbe, 0x62, 0x01, 0xbf, 0x17, 0x10, 0xbf, 0x4d, 0x10, 0xbf, 0x52,
  0x01, 0xbf, 0x6d, 0x01, 0xc0, 0x27, 0x01, 0xc0, 0x3e, 0x01, 0xc0, 0x5e, 0x01, 0xc0, 0x67, 0x10,
  0xc1, 0x35, 0x10, 0xc1, 0x3b, 0x01, 0xc1, 0x53, 0x01, 0xc1, 0x65, 0x10, 0xc1, 0x74, 0x01, 0xc1,
  0x77, 0x01, 0xc2, 0x12, 0x01, 0xc2, 0x1a, 0x01, 0xc2, 0x24, 0x10, 0xc2, 0x61, 0x10, 0xc3, 0x1f,
  0x10, 0xc3, 0x33, 0x01, 0xc3, 0x55, 0x10, 0xc3, 0x69, 0x10, 0xc3, 0x74, 0x01, 0xc4, 0x08, 0x01,
  0xc4, 0x14, 0x10, 0xc4, 0x3d, 0x01, 0xc4, 0x4b, 0x01, 0xc4, 0x61, 0x10, 0xc5, 0x0a, 0x10, 0xc5,
  0x11, 0x10, 0xc5, 0x21, 0x01, 0xc5, 0x2f, 0x01, 0xc5, 0x35, 0x01, 0xc5, 0x4d, 0x01, 0xc5, 0x52,
  0x10, 0xc5, 0x53, 0x01, 0xc5, 0x69, 0x01, 0xc5, 0x74, 0x01, 0xc6, 0x04, 0x10, 0xc6, 0x1b, 0x01,
  0xc6, 0x24, 0x01, 0xc6, 0x45, 0x10, 0xc7, 0x0d, 0x10, 0xc7, 0x20, 0x10, 0xc7, 0x43, 0x01, 0xc7,
  0x6e, 0x01, 0xc7, 0x73, 0x10, 0xc8, 0x0e, 0x01, 0xc8, 0x34, 0x01, 0xc8, 0x48, 0x01, 0xc9, 0x0b,
  0x01, 0xc9, 0x26, 0x10, 0xc9, 0x28, 0x01, 0xc9, 0x2c, 0x01, 0xc9, 0x34, 0x10, 0xc9, 0x44, 0x10,
  0xc9, 0x52, 0x10, 0xc9, 0x59, 0x01, 0xc9, 0x62, 0x10, 0xc9, 0x74, 0x01, 0xca, 0x1a, 0x01, 0xca,
  0x20, 0x10, 0xca, 0x72, 0x01, 0xca, 0x76, 0x01, 0xca, 0x77, 0x01, 0xcb, 0x0b, 0x10, 0xcb, 0x18,
  0x10, 0xcb, 0x24, 0x10, 0xcb, 0x27, 0x01, 0xcb, 0x61, 0x01, 0xcc, 0x2a, 0x01, 0xcc, 0x30, 0x10,
  0xcc, 0x44, 0x01, 0xcc, 0x51, 0x10, 0xcd, 0x05, 0x10, 0xcd, 0x2a, 0x01, 0xcd, 0x34, 0x01, 0xcd,
  0x3b, 0x01, 0xcd, 0x49, 0x01, 0xcd, 0x58, 0x01, 0xcd, 0x74, 0x01, 0xce, 0x17, 0x10, 0xce, 0x21,
  0x10, 0xce, 0x33, 0x01, 0xce, 0x39, 0x10, 0xce, 0x53, 0x10, 0xce, 0x5e, 0x01, 0xce, 0x61, 0x10,
  0xcf, 0x08, 0x01, 0xcf, 0x2b, 0x10, 0xcf, 0x34, 0x01, 0xcf, 0x5c, 0x10, 0xcf, 0x67, 0x01, 0xd0,
  0x33, 0x01, 0xd0, 0x38, 0x10, 0xd0, 0x4d, 0x10, 0xd1, 0x00, 0x10, 0xd1, 0x02, 0x01, 0xd1, 0x20,
  0x01, 0xd1, 0x26, 0x01, 0xd1, 0x34, 0x01, 0xd1, 0x3b, 0x01, 0xd1, 0x6e, 0x10, 0xd2, 0x5d, 0x10,
  0xd2, 0x73, 0x10, 0xd3, 0x11, 0x01, 0xd3, 0x13, 0x10, 0xd3, 0x15, 0x01, 0xd3, 0x19, 0x01, 0xd3,
  0x1a, 0x10, 0xd3, 0x20, 0x01, 0xd3, 0x2a, 0x01, 0xd3, 0x2c, 0x01, 0xd3, 0x2f, 0x01, 0xd3, 0x30,
  0x01, 0xd3, 0x33, 0x01, 0xd3, 0x44, 0x10, 0xd3, 0x49, 0x01, 0xd3, 0x56, 0x01, 0xd3, 0x58, 0x01,
  0xd3, 0x72, 0x01, 0xd3, 0x74, 0x01, 0xd4, 0x12, 0x10, 0xd4, 0x14, 0x01, 0xd4, 0x15, 0x01, 0xd4,
  0x26, 0x01, 0xd4, 0x5e, 0x10, 0xd4, 0x68, 0x10, 0xd5, 0x0c, 0x10, 0xd5, 0x11, 0x10, 0xd5, 0x20,
  0x10, 0xd5, 0x28, 0x01, 0xd5, 0x2f, 0x01, 0xd5, 0x34, 0x10, 0xd5, 0x43, 0x10, 0xd5, 0x59, 0x01,
  0xd5, 0x66, 0x01, 0xd6, 0x01, 0x10, 0xd6, 0x34, 0x01, 0xd6, 0x67, 0x01, 0xd6, 0x6e, 0x01, 0xd7,
  0x11, 0x01, 0xd7, 0x47, 0x01, 0xd7, 0x53, 0x01, 0xd7, 0x65, 0x10, 0xd7, 0x74, 0x01, 0xd8, 0x0b,
  0x10, 0xd8, 0x24, 0x10, 0xd9, 0x01, 0x10, 0xd9, 0x03, 0x01, 0xd9, 0x06, 0x10, 0xd9, 0x0d, 0x01,
  0xd9, 0x1e, 0x01, 0xd9, 0x2c, 0x01, 0xd9, 0x34, 0x10, 0xd9, 0x52, 0x10, 0xd9, 0x54, 0x10, 0xd9,
  0x59, 0x01, 0xd9, 0x60, 0x01, 0xda, 0x0b, 0x10, 0xda, 0x13, 0x10, 0xda, 0x1f, 0x10, 0xda, 0x22,
  0x01, 0xda, 0x27, 0x10, 0xda, 0x3b, 0x01, 0xda, 0x3c, 0x10, 0xda, 0x5a, 0x10, 0xda, 0x74, 0x01,
  0xdb, 0x28, 0x10, 0xdb, 0x49, 0x10, 0xdb, 0x58, 0x10, 0xdb, 0x5c, 0x01, 0xdb, 0x6c, 0x10, 0xdc,
  0x24, 0x10, 0xdc, 0x41, 0x10, 0xdc, 0x47, 0x10, 0xdc, 0x4b, 0x10, 0xdc, 0x4c, 0x01, 0xdc, 0x50,
  0x01, 0xdc, 0x54, 0x10, 0xdc, 0x58, 0x10, 0xdd, 0x08, 0x01, 0xdd, 0x1d, 0x10, 0xde, 0x0d, 0x01,
  0xde, 0x3b, 0x01, 0xde, 0x43, 0x01, 0xde, 0x5c, 0x01, 0xde, 0x68, 0x01, 0xde, 0x69, 0x10, 0xde,
  0x74, 0x01, 0xdf, 0x20, 0x10, 0xdf, 0x31, 0x01, 0xdf, 0x39, 0x01, 0xdf, 0x60, 0x01, 0xe0, 0x30,
  0x10, 0xe0, 0x37, 0x10, 0xe0, 0x5d, 0x01, 0xe1, 0x2b, 0x01, 0xe1, 0x32, 0x01, 0xe1, 0x4d, 0x01,
  0xe1, 0x65, 0x01, 0xe2, 0x00, 0x10, 0xe2, 0x55, 0x01, 0xe2, 0x69, 0x10, 0xe3, 0x00, 0x10, 0xe3,
  0x0f, 0x01, 0xe3, 0x11, 0x01, 0xe3, 0x15, 0x01, 0xe3, 0x27, 0x10, 0xe3, 0x43, 0x01, 0xe3, 0x46,
  0x10, 0xe3, 0x4e, 0x10, 0xe3, 0x74, 0x01, 0xe3, 0x75, 0x10, 0xe4, 0x19, 0x01, 0xe4, 0x49, 0x01,
  0xe5, 0x37, 0x10, 0xe5, 0x39, 0x01, 0xe5, 0x48, 0x10, 0xe5, 0x4d, 0x01, 0xe5, 0x66, 0x01, 0xe6,
  0x22, 0x10, 0xe6, 0x46, 0x01, 0xe7, 0x11, 0x01, 0xe7, 0x13, 0x10, 0xe7, 0x27, 0x10, 0xe7, 0x43,
  0x10, 0xe7, 0x5e, 0x10, 0xe8, 0x0a, 0x01, 0xe8, 0x74, 0x10, 0xe9, 0x01, 0x01, 0xe9, 0x09, 0x10,
  0xe9, 0x14, 0x10, 0xe9, 0x17, 0x01, 0xe9, 0x19, 0x01, 0xe9, 0x25, 0x10, 0xe9, 0x3c, 0x01, 0xe9,
  0x46, 0x10, 0xe9, 0x4f, 0x01, 0xe9, 0x51, 0x10, 0xe9, 0x74, 0x01, 0xea, 0x16, 0x10, 0xea, 0x3e,
  0x10, 0xea, 0x43, 0x10, 0xea, 0x49, 0x01, 0xea, 0x52, 0x10, 0xea, 0x60, 0x01, 0xea, 0x64, 0x10,
  0xea, 0x69, 0x10, 0xeb, 0x25, 0x01, 0xeb, 0x69, 0x01, 0xec, 0x0e, 0x01, 0xec, 0x26, 0x10, 0xec,
  0x45, 0x01, 0xec, 0x46, 0x01, 0xed, 0x03, 0x01, 0xed, 0x09, 0x10, 0xed, 0x4f, 0x01, 0xee, 0x20,
  0x01, 0xee, 0x26, 0x01, 0xee, 0x2d, 0x10, 0xee, 0x3f, 0x01, 0xee, 0x4c, 0x01, 0xee, 0x55, 0x01,
  0xef, 0x02, 0x01, 0xef, 0x18, 0x10, 0xef, 0x26, 0x01, 0xef, 0x53, 0x10, 0xef, 0x5d, 0x10, 0xf0,
  0x53, 0x01, 0xf0, 0x5c, 0x01, 0xf0, 0x63, 0x01, 0xf1, 0x1a, 0x01, 0xf1, 0x21, 0x10, 0xf1, 0x22,
  0x10, 0xf1, 0x2c, 0x01, 0xf1, 0x4a, 0x10, 0xf1, 0x4d, 0x01, 0xf1, 0x4e, 0x10, 0xf1, 0x59, 0x01,
  0xf2, 0x00, 0x10, 0xf2, 0x20, 0x10, 0xf2, 0x29, 0x01, 0xf2, 0x2a, 0x01, 0xf2, 0x42, 0x01, 0xf2,
  0x49, 0x01, 0xf2, 0x61, 0x10, 0xf3, 0x3f, 0x01, 0xf3, 0x69, 0x10, 0xf3, 0x6a, 0x10, 0xf3, 0x6c,
  0x01, 0xf4, 0x02, 0x01, 0xf4, 0x0a, 0x10, 0xf4, 0x11, 0x01, 0xf4, 0x18, 0x10, 0xf4, 0x30, 0x01,
  0xf4, 0x37, 0x10, 0xf4, 0x57, 0x10, 0xf4, 0x59, 0x01, 0xf5, 0x12, 0x10, 0xf5, 0x14, 0x10, 0xf5,
  0x3b, 0x01, 0xf5, 0x46, 0x01, 0xf5, 0x4a, 0x10, 0xf5, 0x59, 0x01, 0xf6, 0x09, 0x01, 0xf7, 0x00,
  0x10, 0xf7, 0x09, 0x10, 0xf7, 0x18, 0x10, 0xf7, 0x19, 0x01, 0xf7, 0x1e, 0x01, 0xf7, 0x49, 0x01,
  0xf7, 0x4a, 0x10, 0xf7, 0x60, 0x01, 0xf7, 0x72, 0x01, 0xf7, 0x76, 0x01, 0xf8, 0x1e, 0x01, 0xf8,
  0x24, 0x10, 0xf8, 0x28, 0x10, 0xf8, 0x2b, 0x01, 0xf8, 0x3e, 0x01, 0xf9, 0x14, 0x10, 0xf9, 0x1f,
  0x10, 0xf9, 0x2c, 0x01, 0xf9, 0x42, 0x01, 0xf9, 0x43, 0x10, 0xf9, 0x53, 0x10, 0xf9, 0x59, 0x01,
  0xf9, 0x5d, 0x10, 0xf9, 0x61, 0x10, 0xf9, 0x6a, 0x10, 0xf9, 0x72, 0x01, 0xfa, 0x09, 0x10, 0xfa,
  0x0c, 0x10, 0xfa, 0x1c, 0x01, 0xfa, 0x1e, 0x01, 0xfa, 0x2b, 0x10, 0xfa, 0x2c, 0x01, 0xfa, 0x53,
  0x10, 0xfa, 0x60, 0x01, 0xfa, 0x6c, 0x01, 0xfa, 0x76, 0x01, 0xfb, 0x24, 0x10, 0xfb, 0x27, 0x01,
  0xfb, 0x2b, 0x10, 0xfb, 0x53, 0x01, 0xfb, 0x75, 0x10, 0xfc, 0x06, 0x10, 0xfc, 0x0c, 0x10, 0xfc,
  0x29, 0x10, 0xfc, 0x43, 0x10, 0xfc, 0x49, 0x01, 0xfc, 0x51, 0x10, 0xfc, 0x52, 0x10, 0xfc, 0x5c,
  0x01, 0xfd, 0x19, 0x01, 0xfd, 0x20, 0x10, 0xfd, 0x3b, 0x10, 0xfd, 0x45, 0x01, 0xfd, 0x53, 0x10,
  0xfe, 0x15, 0x01, 0xfe, 0x2f, 0x01, 0xfe, 0x46, 0x10, 0xfe, 0x5c, 0x01, 0xfe, 0x74, 0x01, 0xfe,
  0x75, 0x10, 0xff, 0x02, 0x01, 0xff, 0x04, 0x01, 0xff, 0x05, 0x01, 0xff, 0x4f, 0x01, 0xff, 0x6c,
  0x01, 0xff, 0x71, 0x10, 0x00, 0x01, 0x01, 0x00, 0x0b, 0x01, 0x00, 0x16, 0x01, 0x00, 0x28, 0x01,
  0x00, 0x33, 0x01, 0x00, 0x3f, 0x01, 0x00, 0x4e, 0x10, 0x00, 0x5c, 0x01, 0x00, 0x73, 0x10, 0x01,
  0x49, 0x10, 0x02, 0x00, 0x01, 0x02, 0x2e, 0x01, 0x02, 0x3c, 0x01, 0x02, 0x53, 0x10, 0x03, 0x32,
  0x10, 0x03, 0x59, 0x10, 0x04, 0x04, 0x01, 0x04, 0x0b, 0x10, 0x04, 0x34, 0x01, 0x04, 0x3f, 0x10,
  0x04, 0x4e, 0x01, 0x04, 0x57, 0x01, 0x04, 0x74, 0x10, 0x05, 0x00, 0x01, 0x05, 0x06, 0x10, 0x05,
  0x1d, 0x10, 0x05, 0x31, 0x10, 0x05, 0x53, 0x01, 0x06, 0x31, 0x01, 0x06, 0x43, 0x10, 0x06, 0x63,
  0x10, 0x06, 0x76, 0x10, 0x08, 0x0f, 0x10, 0x08, 0x1e, 0x10, 0x08, 0x21, 0x10, 0x08, 0x2d, 0x01,
  0x08, 0x2f, 0x10, 0x08, 0x40, 0x10, 0x08, 0x43, 0x01, 0x08, 0x53, 0x10, 0x08, 0x6b, 0x10, 0x08,
  0x73, 0x01, 0x09, 0x11, 0x10, 0x09, 0x1c, 0x01, 0x09, 0x75, 0x10, 0x0a, 0x00, 0x01, 0x0a, 0x12,
  0x10, 0x0a, 0x1f, 0x01, 0x0a, 0x25, 0x01, 0x0a, 0x29, 0x01, 0x0a, 0x54, 0x10, 0x0a, 0x5e, 0x10,
  0x0a, 0x6b, 0x10, 0x0a, 0x6c, 0x10, 0x0b, 0x0d, 0x01, 0x0b, 0x1d, 0x10, 0x0b, 0x26, 0x01, 0x0b,
  0x3f, 0x10, 0x0b, 0x45, 0x01, 0x0b, 0x4c, 0x10, 0x0b, 0x4f, 0x10, 0x0b, 0x60, 0x10, 0x0c, 0x15,
  0x10, 0x0c, 0x3d, 0x10, 0x0c, 0x6b, 0x10, 0x0d, 0x05, 0x01, 0x0d, 0x0c, 0x01, 0x0d, 0x14, 0x10,
  0x0d, 0x52, 0x01, 0x0d, 0x73, 0x01, 0x0d, 0x74, 0x10, 0x0e, 0x0d, 0x01, 0x0e, 0x14, 0x10, 0x0e,
  0x1a, 0x10, 0x0e, 0x2c, 0x01, 0x0e, 0x2f, 0x01, 0x0e, 0x31, 0x01, 0x0e, 0x61, 0x10, 0x0e, 0x77,
  0x10, 0x0f, 0x04, 0x10, 0x0f, 0x09, 0x10, 0x0f, 0x26, 0x01, 0x0f, 0x42, 0x01, 0x0f, 0x43, 0x01,
  0x0f, 0x48, 0x01, 0x0f, 0x63, 0x10, 0x0f, 0x70, 0x10, 0x10, 0x08, 0x01, 0x10, 0x14, 0x10, 0x10,
  0x17, 0x01, 0x10, 0x23, 0x01, 0x10, 0x29, 0x01, 0x10, 0x39, 0x01, 0x10, 0x51, 0x10, 0x10, 0x5c,
  0x01, 0x10, 0x6e, 0x01, 0x11, 0x0e, 0x10, 0x11, 0x2b, 0x01, 0x11, 0x4b, 0x01, 0x11, 0x53, 0x10,
  0x11, 0x5a, 0x10, 0x11, 0x5c, 0x10, 0x12, 0x29, 0x01, 0x13, 0x22, 0x10, 0x14, 0x02, 0x10, 0x14,
  0x0e, 0x10, 0x14, 0x1b, 0x10, 0x14, 0x22, 0x10, 0x14, 0x58, 0x10, 0x14, 0x60, 0x10, 0x14, 0x6f,
  0x01, 0x15, 0x13, 0x10, 0x15, 0x26, 0x10, 0x15, 0x47, 0x10, 0x15, 0x57, 0x10, 0x15, 0x6e, 0x01,
  0x15, 0x71, 0x01, 0x15, 0x72, 0x01, 0x15, 0x73, 0x10, 0x15, 0x74, 0x01, 0x16, 0x14, 0x10, 0x16,
  0x2d, 0x01, 0x16, 0x2f, 0x01, 0x16, 0x3e, 0x01, 0x16, 0x5e, 0x10, 0x16, 0x6f, 0x01, 0x17, 0x2e,
  0x10, 0x17, 0x34, 0x01, 0x17, 0x3b, 0x01, 0x17, 0x59, 0x10, 0x17, 0x63, 0x10, 0x18, 0x0e, 0x10,
  0x18, 0x2e, 0x01, 0x18, 0x2f, 0x10, 0x18, 0x42, 0x01, 0x18, 0x4b, 0x01, 0x18, 0x52, 0x01, 0x19,
  0x69, 0x01, 0x1a, 0x18, 0x10, 0x1a, 0x5b, 0x10, 0x1b, 0x2d, 0x01, 0x1b, 0x3b, 0x10, 0x1b, 0x43,
  0x01, 0x1c, 0x5b, 0x10, 0x1d, 0x0a, 0x01, 0x1d, 0x1f, 0x01, 0x1d, 0x2c, 0x10, 0x1d, 0x3f, 0x10,
  0x1d, 0x4c, 0x10, 0x1d, 0x4f, 0x01, 0x1d, 0x62, 0x01, 0x1d, 0x77, 0x10, 0x1e, 0x45, 0x01, 0x1e,
  0x66, 0x01, 0x1e, 0x70, 0x01, 0x1e, 0x77, 0x10, 0x1f, 0x00, 0x01, 0x1f, 0x04, 0x01, 0x1f, 0x35,
  0x10, 0x1f, 0x4c, 0x10, 0x1f, 0x4d, 0x10, 0x1f, 0x56, 0x10, 0x1f, 0x66, 0x01, 0x1f, 0x69, 0x01,
  0x1f, 0x72, 0x10, 0x20, 0x16, 0x01, 0x20, 0x6a, 0x10, 0x20, 0x6b, 0x10, 0x21, 0x18, 0x10, 0x21,
  0x24, 0x10, 0x21, 0x29, 0x01, 0x21, 0x35, 0x10, 0x21, 0x37, 0x10, 0x21, 0x3d, 0x01, 0x21, 0x4f,
  0x01, 0x22, 0x0e, 0x10, 0x22, 0x43, 0x01, 0x22, 0x57, 0x10, 0x22, 0x5c, 0x01, 0x22, 0x61, 0x10,
  0x24, 0x0e, 0x10, 0x24, 0x22, 0x10, 0x24, 0x40, 0x10, 0x24, 0x42, 0x01, 0x24, 0x45, 0x01, 0x24,
  0x6d, 0x01, 0x24, 0x72, 0x10, 0x25, 0x00, 0x10, 0x26, 0x14, 0x10, 0x26, 0x25, 0x10, 0x26, 0x31,
  0x01, 0x26, 0x49, 0x10, 0x26, 0x4e, 0x01, 0x26, 0x51, 0x01, 0x27, 0x13, 0x10, 0x27, 0x14, 0x10,
  0x27, 0x23, 0x01, 0x27, 0x29, 0x01, 0x28, 0x44, 0x01, 0x28, 0x6a, 0x01, 0x29, 0x19, 0x10, 0x29,
  0x28, 0x01, 0x29, 0x2b, 0x10, 0x2a, 0x10, 0x10, 0x2a, 0x11, 0x10, 0x2a, 0x13, 0x01, 0x2a, 0x1e,
  0x10, 0x2a, 0x45, 0x01, 0x2a, 0x47, 0x10, 0x2a, 0x5d, 0x10, 0x2b, 0x0c, 0x01, 0x2b, 0x27, 0x10,
  0x2b, 0x3f, 0x01, 0x2b, 0x4c, 0x01, 0x2b, 0x4e, 0x10, 0x2b, 0x59, 0x10, 0x2c, 0x4e, 0x10, 0x2c,
  0x50, 0x01, 0x2c, 0x5c, 0x01, 0x2d, 0x05, 0x01, 0x2d, 0x0e, 0x10, 0x2d, 0x21, 0x10, 0x2d, 0x22,
  0x10, 0x2d, 0x25, 0x10, 0x2d, 0x28, 0x10, 0x2d, 0x2e, 0x01, 0x2d, 0x33, 0x10, 0x2d, 0x4c, 0x10,
  0x2d, 0x58, 0x10, 0x2d, 0x77, 0x10, 0x2e, 0x14, 0x10, 0x2e, 0x31, 0x01, 0x2e, 0x32, 0x10, 0x2e,
  0x4f, 0x10, 0x2f, 0x00, 0x01, 0x2f, 0x29, 0x01, 0x2f, 0x34, 0x01, 0x2f, 0x39, 0x10, 0x2f, 0x59,
  0x01, 0x2f, 0x64, 0x01, 0x2f, 0x67, 0x10, 0x2f, 0x68, 0x01, 0x30, 0x18, 0x01, 0x30, 0x20, 0x01,
  0x30, 0x3b, 0x10, 0x31, 0x00, 0x01, 0x31, 0x16, 0x10, 0x31, 0x17, 0x10, 0x31, 0x24, 0x10, 0x31,
  0x38, 0x10, 0x31, 0x3b, 0x01, 0x31, 0x53, 0x10, 0x31, 0x56, 0x10, 0x32, 0x40, 0x01, 0x32, 0x43,
  0x01, 0x32, 0x45, 0x01, 0x33, 0x23, 0x10, 0x33, 0x29, 0x01, 0x33, 0x51, 0x01, 0x33, 0x53, 0x10,
  0x34, 0x21, 0x10, 0x34, 0x40, 0x10, 0x34, 0x4c, 0x10, 0x34, 0x5d, 0x10, 0x34, 0x60, 0x10, 0x35,
  0x24, 0x01, 0x36, 0x2c, 0x01, 0x36, 0x3b, 0x10, 0x36, 0x59, 0x01, 0x36, 0x6c, 0x01, 0x37, 0x17,
  0x10, 0x37, 0x18, 0x01, 0x37, 0x57, 0x10, 0x37, 0x67, 0x01, 0x38, 0x33, 0x10, 0x39, 0x0a, 0x10,
  0x39, 0x13, 0x10, 0x39, 0x17, 0x01, 0x39, 0x1c, 0x01, 0x39, 0x1e, 0x01, 0x39, 0x56, 0x01, 0x3a,
  0x0e, 0x10, 0x3a, 0x2c, 0x10, 0x3a, 0x3b, 0x01, 0x3b, 0x0b, 0x01, 0x3b, 0x18, 0x01, 0x3b, 0x26,
  0x10, 0x3b, 0x4e, 0x10, 0x3b, 0x57, 0x10, 0x3c, 0x64, 0x10, 0x3d, 0x0d, 0x01, 0x3d, 0x11, 0x10,
  0x3d, 0x13, 0x01, 0x3d, 0x20, 0x10, 0x3d, 0x22, 0x10, 0x3d, 0x24, 0x10, 0x3d, 0x27, 0x10, 0x3d,
  0x40, 0x10, 0x3d, 0x45, 0x01, 0x3d, 0x4f, 0x01, 0x3d, 0x56, 0x10, 0x3d, 0x5e, 0x10, 0x3d, 0x60,
  0x10, 0x3d, 0x64, 0x01, 0x3d, 0x6c, 0x10, 0x3d, 0x75, 0x01, 0x3e, 0x11, 0x01, 0x3e, 0x13, 0x01,
  0x3e, 0x1e, 0x10, 0x3e, 0x2d, 0x01, 0x3e, 0x31, 0x01, 0x3e, 0x49, 0x10, 0x3e, 0x51, 0x01, 0x3e,
  0x57, 0x01, 0x3f, 0x0a, 0x01, 0x3f, 0x1b, 0x01, 0x3f, 0x2d, 0x01, 0x3f, 0x3b, 0x01, 0x3f, 0x54,
  0x10, 0x3f, 0x5b, 0x10, 0x3f, 0x5d, 0x10, 0x3f, 0x6a, 0x01, 0x40, 0x20, 0x01, 0x40, 0x26, 0x01,
  0x40, 0x53, 0x01, 0x40, 0x56, 0x01, 0x40, 0x59, 0x01, 0x40, 0x68, 0x10, 0x41, 0x35, 0x10, 0x41,
  0x3b, 0x01, 0x42, 0x4e, 0x10, 0x42, 0x5c, 0x01, 0x42, 0x68, 0x01, 0x43, 0x1c, 0x10, 0x43, 0x2e,
  0x01, 0x43, 0x43, 0x01, 0x43, 0x52, 0x01, 0x43, 0x5e, 0x10, 0x43, 0x69, 0x01, 0x43, 0x6c, 0x10,
  0x44, 0x1f, 0x01, 0x44, 0x6e, 0x01, 0x45, 0x33, 0x10, 0x45, 0x3b, 0x01, 0x45, 0x74, 0x10, 0x46,
  0x0b, 0x01, 0x46, 0x0c, 0x10, 0x46, 0x19, 0x01, 0x46, 0x1d, 0x10, 0x46, 0x1e, 0x01, 0x46, 0x24,
  0x01, 0x46, 0x28, 0x01, 0x46, 0x2a, 0x01, 0x46, 0x2c, 0x01, 0x46, 0x2f, 0x01, 0x46, 0x33, 0x01,
  0x46, 0x34, 0x10, 0x46, 0x35, 0x01, 0x46, 0x36, 0x01, 0x46, 0x3c, 0x10, 0x46, 0x43, 0x10, 0x46,
  0x4c, 0x01, 0x46, 0x53, 0x01, 0x46, 0x65, 0x01, 0x46, 0x6c, 0x01, 0x47, 0x53, 0x10, 0x48, 0x2f,
  0x01, 0x48, 0x4e, 0x10, 0x49, 0x0c, 0x10, 0x49, 0x1f, 0x10, 0x49, 0x2a, 0x10, 0x49, 0x2c, 0x01,
  0x49, 0x3f, 0x01, 0x49, 0x59, 0x01, 0x49, 0x5b, 0x01, 0x49, 0x60, 0x01, 0x49, 0x69, 0x01, 0x49,
  0x73, 0x01, 0x4a, 0x05, 0x01, 0x4a, 0x06, 0x10, 0x4a, 0x14, 0x01, 0x4a, 0x22, 0x10, 0x4a, 0x28,
  0x10, 0x4a, 0x30, 0x01, 0x4a, 0x31, 0x10, 0x4a, 0x3b, 0x01, 0x4a, 0x53, 0x10, 0x4a, 0x5e, 0x10,
  0x4a, 0x6d, 0x01, 0x4b, 0x0b, 0x01, 0x4b, 0x22, 0x01, 0x4c, 0x16, 0x10, 0x4c, 0x19, 0x01, 0x4c,
  0x1e, 0x01, 0x4c, 0x2f, 0x01, 0x4c, 0x35, 0x01, 0x4c, 0x4e, 0x10, 0x4c, 0x50, 0x01, 0x4c, 0x51,
  0x10, 0x4c, 0x57, 0x10, 0x4c, 0x70, 0x10, 0x4c, 0x74, 0x01, 0x4d, 0x08, 0x01, 0x4d, 0x0a, 0x01,
  0x4d, 0x13, 0x01, 0x4d, 0x14, 0x10, 0x4d, 0x1c, 0x10, 0x4d, 0x25, 0x10, 0x4d, 0x27, 0x10, 0x4d,
  0x3d, 0x10, 0x4d, 0x43, 0x01, 0x4e, 0x0a, 0x10, 0x4e, 0x13, 0x01, 0x4e, 0x21, 0x10, 0x4e, 0x27,
  0x01, 0x4e, 0x37, 0x01, 0x4e, 0x66, 0x01, 0x4f, 0x05, 0x01, 0x4f, 0x06, 0x01, 0x4f, 0x36, 0x10,
  0x4f, 0x55, 0x01, 0x4f, 0x60, 0x10, 0x50, 0x02, 0x01, 0x50, 0x03, 0x10, 0x50, 0x08, 0x01, 0x50,
  0x0d, 0x10, 0x50, 0x17, 0x01, 0x50, 0x34, 0x10, 0x50, 0x36, 0x01, 0x50, 0x45, 0x01, 0x51, 0x00,
  0x01, 0x51, 0x05, 0x01, 0x51, 0x17, 0x10, 0x51, 0x3b, 0x01, 0x51, 0x45, 0x10, 0x51, 0x57, 0x10,
  0x51, 0x6c, 0x10, 0x52, 0x0c, 0x01, 0x52, 0x17, 0x10, 0x52, 0x5b, 0x01, 0x53, 0x20, 0x10, 0x53,
  0x25, 0x10, 0x53, 0x34, 0x01, 0x53, 0x44, 0x01, 0x53, 0x52, 0x01, 0x53, 0x54, 0x10, 0x53, 0x57,
  0x01, 0x53, 0x6c, 0x10, 0x54, 0x00, 0x01, 0x54, 0x38, 0x10, 0x55, 0x39, 0x10, 0x55, 0x4f, 0x01,
  0x55, 0x5c, 0x10, 0x55, 0x75, 0x01, 0x56, 0x26, 0x10, 0x56, 0x28, 0x01, 0x56, 0x2f, 0x01, 0x56,
  0x33, 0x01, 0x56, 0x34, 0x10, 0x56, 0x35, 0x01, 0x56, 0x3d, 0x01, 0x56, 0x48, 0x10, 0x56, 0x61,
  0x10, 0x56, 0x6c, 0x01, 0x56, 0x72, 0x01, 0x56, 0x74, 0x01, 0x57, 0x00, 0x01, 0x57, 0x15, 0x01,
  0x57, 0x31, 0x10, 0x57, 0x5e, 0x10, 0x57, 0x74, 0x01, 0x58, 0x0e, 0x01, 0x58, 0x34, 0x01, 0x58,
  0x66, 0x01, 0x59, 0x03, 0x01, 0x59, 0x06, 0x01, 0x59, 0x21, 0x10, 0x59, 0x2a, 0x10, 0x59, 0x2e,
  0x01, 0x59, 0x31, 0x01, 0x59, 0x4b, 0x10, 0x59, 0x4d, 0x10, 0x59, 0x5c, 0x10, 0x59, 0x66, 0x01,
  0x59, 0x69, 0x01, 0x5a, 0x05, 0x01, 0x5a, 0x12, 0x01, 0x5a, 0x28, 0x10, 0x5a, 0x30, 0x01, 0x5a,
  0x39, 0x10, 0x5a, 0x40, 0x10, 0x5a, 0x65, 0x10, 0x5b, 0x00, 0x01, 0x5b, 0x18, 0x01, 0x5b, 0x1c,
  0x01, 0x5b, 0x4a, 0x10, 0x5c, 0x1d, 0x10, 0x5c, 0x1e, 0x01, 0x5c, 0x2f, 0x01, 0x5c, 0x51, 0x10,
  0x5c, 0x65, 0x01, 0x5c, 0x6c, 0x01, 0x5d, 0x0d, 0x01, 0x5d, 0x2d, 0x01, 0x5d, 0x31, 0x01, 0x5d,
  0x3b, 0x01, 0x5d, 0x49, 0x01, 0x5d, 0x4d, 0x10, 0x5d, 0x51, 0x01, 0x5d, 0x54, 0x10, 0x5d, 0x63,
  0x10, 0x5d, 0x6c, 0x10, 0x5d, 0x6e, 0x01, 0x5d, 0x74, 0x01, 0x5e, 0x03, 0x01, 0x5e, 0x0e, 0x10,
  0x5e, 0x13, 0x01, 0x5e, 0x6a, 0x10, 0x5f, 0x05, 0x01, 0x5f, 0x27, 0x10, 0x5f, 0x2c, 0x10, 0x5f,
  0x30, 0x01, 0x5f, 0x4d, 0x10, 0x60, 0x17, 0x01, 0x60, 0x1c, 0x01, 0x60, 0x2b, 0x10, 0x60, 0x39,
  0x10, 0x60, 0x4d, 0x01, 0x60, 0x56, 0x01, 0x61, 0x4b, 0x01, 0x61, 0x6f, 0x10, 0x62, 0x1e, 0x10,
  0x62, 0x3b, 0x01, 0x62, 0x4f, 0x10, 0x63, 0x14, 0x10, 0x63, 0x2f, 0x01, 0x63, 0x51, 0x01, 0x63,
  0x67, 0x01, 0x64, 0x11, 0x01, 0x64, 0x34, 0x01, 0x64, 0x39, 0x01, 0x64, 0x41, 0x10, 0x64, 0x52,
  0x01, 0x64, 0x6f, 0x10, 0x65, 0x08, 0x01, 0x65, 0x11, 0x10, 0x65, 0x4e, 0x01, 0x65, 0x57, 0x01,
  0x66, 0x0e, 0x10, 0x66, 0x11, 0x01, 0x66, 0x14, 0x10, 0x66, 0x28, 0x01, 0x66, 0x2d, 0x10, 0x66,
  0x2f, 0x01, 0x66, 0x33, 0x01, 0x66, 0x45, 0x01, 0x66, 0x4d, 0x01, 0x66, 0x4f, 0x01, 0x66, 0x51,
  0x10, 0x66, 0x6e, 0x10, 0x66, 0x70, 0x01, 0x66, 0x72, 0x01, 0x67, 0x37, 0x01, 0x67, 0x4c, 0x10,
  0x68, 0x06, 0x01, 0x68, 0x08, 0x01, 0x68, 0x43, 0x01, 0x68, 0x45, 0x01, 0x68, 0x5c, 0x01, 0x68,
  0x5d, 0x10, 0x69, 0x08, 0x01, 0x69, 0x56, 0x10, 0x69, 0x60, 0x10, 0x69, 0x65, 0x01, 0x6a, 0x3b,
  0x01, 0x6a, 0x52, 0x01, 0x6b, 0x01, 0x10, 0x6b, 0x07, 0x10, 0x6b, 0x1b, 0x01, 0x6b, 0x21, 0x10,
  0x6b, 0x75, 0x01, 0x6c, 0x24, 0x01, 0x6c, 0x25, 0x10, 0x6c, 0x26, 0x01, 0x6c, 0x2c, 0x01, 0x6c,
  0x32, 0x01, 0x6c, 0x53, 0x10, 0x6c, 0x72, 0x01, 0x6c, 0x73, 0x01, 0x6d, 0x11, 0x01, 0x6d, 0x14,
  0x10, 0x6d, 0x19, 0x10, 0x6d, 0x31, 0x01, 0x6d, 0x33, 0x10, 0x6d, 0x34, 0x01, 0x6d, 0x3d, 0x10,
  0x6d, 0x55, 0x01, 0x6d, 0x67, 0x01, 0x6d, 0x6e, 0x01, 0x6e, 0x13, 0x10, 0x6e, 0x30, 0x01, 0x6e,
  0x4f, 0x01, 0x6e, 0x51, 0x01, 0x6f, 0x04, 0x01, 0x6f, 0x0a, 0x01, 0x6f, 0x43, 0x01, 0x6f, 0x45,
  0x01, 0x6f, 0x5c, 0x01, 0x6f, 0x69, 0x10, 0x6f, 0x74, 0x01, 0x70, 0x21, 0x10, 0x70, 0x3b, 0x10,
  0x70, 0x4f, 0x01, 0x70, 0x51, 0x10, 0x71, 0x11, 0x01, 0x71, 0x1e, 0x10, 0x71, 0x45, 0x01, 0x71,
  0x52, 0x01, 0x71, 0x62, 0x10, 0x71, 0x65, 0x10, 0x72, 0x1f, 0x01, 0x72, 0x34, 0x10, 0x72, 0x56,
  0x10, 0x72, 0x59, 0x01, 0x72, 0x5b, 0x10, 0x72, 0x5d, 0x10, 0x72, 0x66, 0x01, 0x73, 0x01, 0x01,
  0x73, 0x0c, 0x01, 0x73, 0x14, 0x10, 0x73, 0x2b, 0x10, 0x73, 0x30, 0x01, 0x74, 0x14, 0x10, 0x74,
  0x2b, 0x01, 0x74, 0x77, 0x10, 0x75, 0x05, 0x01, 0x75, 0x3a, 0x01, 0x75, 0x5c, 0x01, 0x76, 0x00,
  0x10, 0x76, 0x04, 0x10, 0x76, 0x1d, 0x10, 0x76, 0x20, 0x01, 0x76, 0x31, 0x01, 0x76, 0x36, 0x01,
  0x76, 0x43, 0x10, 0x76, 0x48, 0x01, 0x76, 0x63, 0x10, 0x76, 0x73, 0x01, 0x76, 0x75, 0x01, 0x77,
  0x0f, 0x01, 0x77, 0x1a, 0x10, 0x77, 0x46, 0x01, 0x77, 0x5b, 0x10, 0x77, 0x60, 0x10, 0x77, 0x66,
  0x01, 0x77, 0x68, 0x10, 0x77, 0x76, 0x01, 0x78, 0x00, 0x01, 0x79, 0x3e, 0x01, 0x79, 0x71, 0x10,
  0x79, 0x72, 0x01, 0x7a, 0x08, 0x01, 0x7a, 0x0a, 0x01, 0x7a, 0x11, 0x01, 0x7a, 0x14, 0x10, 0x7a,
  0x15, 0x01, 0x7a, 0x2b, 0x01, 0x7a, 0x4b, 0x01, 0x7a, 0x60, 0x10, 0x7a, 0x64, 0x10, 0x7b, 0x32,
  0x01, 0x7b, 0x4e, 0x01, 0x7b, 0x4f, 0x01, 0x7c, 0x00, 0x10, 0x7c, 0x06, 0x01, 0x7c, 0x1a, 0x10,
  0x7c, 0x37, 0x01, 0x7c, 0x6b, 0x10, 0x7d, 0x00, 0x01, 0x7d, 0x05, 0x01, 0x7e, 0x21, 0x10, 0x7e,
  0x24, 0x01, 0x7e, 0x26, 0x01, 0x7e, 0x53, 0x10, 0x7e, 0x65, 0x01, 0x7e, 0x6a, 0x01, 0x7e, 0x6c,
  0x01, 0x7f, 0x00, 0x01, 0x7f, 0x20, 0x01, 0x7f, 0x3c, 0x01, 0x7f, 0x4f, 0x10, 0x7f, 0x50, 0x10,
  0x7f, 0x76, 0x01, 0x80, 0x15, 0x01, 0x80, 0x36, 0x01, 0x80, 0x49, 0x01, 0x80, 0x4d, 0x01, 0x81,
  0x2e, 0x10, 0x81, 0x30, 0x10, 0x81, 0x39, 0x01, 0x81, 0x45, 0x01, 0x81, 0x50, 0x10, 0x81, 0x55,
  0x01, 0x81, 0x77, 0x10, 0x82, 0x1f, 0x01, 0x82, 0x24, 0x10, 0x83, 0x2f, 0x01, 0x83, 0x3c, 0x01,
  0x83, 0x56, 0x01, 0x83, 0x60, 0x01, 0x83, 0x69, 0x10, 0x83, 0x71, 0x10, 0x84, 0x0e, 0x01, 0x84,
  0x21, 0x01, 0x84, 0x26, 0x01, 0x84, 0x59, 0x01, 0x85, 0x0b, 0x10, 0x85, 0x11, 0x10, 0x85, 0x18,
  0x10, 0x85, 0x22, 0x01, 0x85, 0x27, 0x01, 0x85, 0x2f, 0x01, 0x85, 0x3a, 0x01, 0x85, 0x53, 0x01,
  0x86, 0x13, 0x01, 0x86, 0x39, 0x10, 0x87, 0x11, 0x01, 0x87, 0x29, 0x01, 0x87, 0x2a, 0x01, 0x87,
  0x32, 0x10, 0x87, 0x36, 0x10, 0x87, 0x43, 0x01, 0x87, 0x48, 0x10, 0x87, 0x51, 0x10, 0x87, 0x74,
  0x01, 0x88, 0x06, 0x01, 0x88, 0x2c, 0x10, 0x88, 0x40, 0x10, 0x88, 0x48, 0x01, 0x89, 0x00, 0x01,
  0x89, 0x1c, 0x01, 0x89, 0x21, 0x01, 0x89, 0x2e, 0x10, 0x89, 0x33, 0x01, 0x89, 0x61, 0x10, 0x89,
  0x6a, 0x10, 0x89, 0x72, 0x01, 0x8a, 0x0d, 0x01, 0x8a, 0x0e, 0x01, 0x8a, 0x19, 0x10, 0x8a, 0x27,
  0x10, 0x8a, 0x31, 0x01, 0x8a, 0x35, 0x10, 0x8a, 0x49, 0x01, 0x8a, 0x4d, 0x10, 0x8a, 0x5e, 0x10,
  0x8a, 0x70, 0x10, 0x8b, 0x18, 0x10, 0x8b, 0x30, 0x10, 0x8b, 0x49, 0x10, 0x8b, 0x69, 0x01, 0x8c,
  0x0c, 0x01, 0x8c, 0x11, 0x10, 0x8c, 0x2f, 0x10, 0x8c, 0x30, 0x10, 0x8d, 0x0f, 0x10, 0x8d, 0x1e,
  0x10, 0x8d, 0x63, 0x01, 0x8e, 0x05, 0x10, 0x8e, 0x0c, 0x01, 0x8e, 0x2c, 0x01, 0x8e, 0x4f, 0x01,
  0x8e, 0x74, 0x01, 0x8f, 0x4a, 0x10, 0x8f, 0x52, 0x01, 0x8f, 0x62, 0x01, 0x90, 0x0b, 0x01, 0x90,
  0x17, 0x10, 0x90, 0x29, 0x01, 0x90, 0x64, 0x10, 0x90, 0x68, 0x01, 0x90, 0x69, 0x10, 0x91, 0x44,
  0x01, 0x91, 0x45, 0x01, 0x92, 0x08, 0x10, 0x92, 0x0d, 0x01, 0x92, 0x39, 0x01, 0x92, 0x50, 0x10,
  0x92, 0x64, 0x10, 0x93, 0x29, 0x10, 0x93, 0x3d, 0x01, 0x93, 0x4d, 0x01, 0x93, 0x5d, 0x10, 0x93,
  0x73, 0x10, 0x94, 0x29, 0x01, 0x94, 0x2b, 0x01, 0x94, 0x38, 0x10, 0x94, 0x3e, 0x01, 0x94, 0x55,
  0x01, 0x95, 0x02, 0x10, 0x95, 0x05, 0x01, 0x95, 0x14, 0x10, 0x95, 0x22, 0x01, 0x95, 0x2b, 0x10,
  0x95, 0x2e, 0x10, 0x95, 0x33, 0x01, 0x95, 0x48, 0x10, 0x95, 0x4c, 0x01, 0x95, 0x4f, 0x10, 0x95,
  0x61, 0x10, 0x95, 0x69, 0x10, 0x95, 0x6f, 0x01, 0x95, 0x74, 0x01, 0x96, 0x1b, 0x01, 0x96, 0x50,
  0x01, 0x96, 0x61, 0x01, 0x97, 0x3b, 0x01, 0x97, 0x5e, 0x10, 0x97, 0x70, 0x10, 0x98, 0x0a, 0x01,
  0x98, 0x11, 0x10, 0x98, 0x44, 0x01, 0x98, 0x51, 0x01, 0x98, 0x58, 0x10, 0x98, 0x69, 0x01, 0x99,
  0x17, 0x01, 0x99, 0x2c, 0x01, 0x99, 0x2d, 0x01, 0x99, 0x52, 0x10, 0x99, 0x5d, 0x10, 0x99, 0x6e,
  0x10, 0x99, 0x73, 0x10, 0x9a, 0x03, 0x01, 0x9a, 0x11, 0x01, 0x9a, 0x2e, 0x10, 0x9a, 0x49, 0x01,
  0x9a, 0x5d, 0x10, 0x9a, 0x69, 0x10, 0x9b, 0x0b, 0x10, 0x9b, 0x24, 0x10, 0x9b, 0x25, 0x01, 0x9b,
  0x49, 0x10, 0x9b, 0x4e, 0x01, 0x9b, 0x50, 0x01, 0x9b, 0x61, 0x01, 0x9b, 0x69, 0x01, 0x9c, 0x35,
  0x01, 0x9c, 0x6e, 0x01, 0x9c, 0x71, 0x01, 0x9d, 0x2d, 0x01, 0x9d, 0x36, 0x10, 0x9d, 0x39, 0x10,
  0x9d, 0x42, 0x01, 0x9e, 0x11, 0x01, 0x9e, 0x22, 0x01, 0x9e, 0x29, 0x01, 0x9e, 0x33, 0x01, 0x9e,
  0x3b, 0x10, 0x9e, 0x3c, 0x01, 0x9f, 0x08, 0x10, 0x9f, 0x26, 0x01, 0xa0, 0x04, 0x01, 0xa0, 0x13,
  0x10, 0xa0, 0x26, 0x10, 0xa0, 0x37, 0x01, 0xa1, 0x08, 0x10, 0xa1, 0x39, 0x10, 0xa1, 0x3a, 0x01,
  0xa1, 0x54, 0x01, 0xa1, 0x61, 0x01, 0xa2, 0x08, 0x10, 0xa2, 0x15, 0x01, 0xa2, 0x51, 0x10, 0xa2,
  0x74, 0x01, 0xa3, 0x17, 0x01, 0xa3, 0x1d, 0x10, 0xa3, 0x24, 0x01, 0xa3, 0x3c, 0x01, 0xa3, 0x42,
  0x01, 0xa3, 0x4f, 0x01, 0xa3, 0x52, 0x10, 0xa3, 0x55, 0x10, 0xa3, 0x59, 0x01, 0xa3, 0x69, 0x10,
  0xa3, 0x72, 0x01, 0xa4, 0x75, 0x10, 0xa5, 0x06, 0x01, 0xa5, 0x1c, 0x01, 0xa5, 0x3e, 0x01, 0xa5,
  0x56, 0x01, 0xa5, 0x64, 0x10, 0xa6, 0x2d, 0x10, 0xa6, 0x57, 0x01, 0xa7, 0x06, 0x10, 0xa7, 0x25,
  0x10, 0xa7, 0x26, 0x01, 0xa7, 0x3e, 0x10, 0xa7, 0x63, 0x01, 0xa7, 0x6b, 0x01, 0xa8, 0x0b, 0x10,
  0xa8, 0x14, 0x01, 0xa8, 0x24, 0x10, 0xa8, 0x30, 0x10, 0xa8, 0x53, 0x01, 0xa9, 0x1a, 0x10, 0xa9,
  0x32, 0x01, 0xa9, 0x3e, 0x01, 0xa9, 0x40, 0x10, 0xa9, 0x4c, 0x10, 0xa9, 0x4f, 0x01, 0xa9, 0x50,
  0x10, 0xa9, 0x74, 0x01, 0xaa, 0x08, 0x10, 0xaa, 0x13, 0x10, 0xaa, 0x1e, 0x01, 0xaa, 0x37, 0x10,
  0xaa, 0x3b, 0x01, 0xaa, 0x42, 0x01, 0xaa, 0x5e, 0x10, 0xaa, 0x6b, 0x01, 0xaa, 0x6e, 0x10, 0xab,
  0x06, 0x10, 0xab, 0x3f, 0x01, 0xab, 0x55, 0x01, 0xab, 0x73, 0x10, 0xac, 0x11, 0x10, 0xac, 0x58,
  0x10, 0xac, 0x69, 0x01, 0xad, 0x2c, 0x01, 0xad, 0x41, 0x10, 0xad, 0x4f, 0x01, 0xad, 0x50, 0x10,
  0xad, 0x73, 0x01, 0xae, 0x05, 0x10, 0xaf, 0x25, 0x10, 0xaf, 0x28, 0x10, 0xaf, 0x49, 0x10, 0xaf,
  0x4e, 0x01, 0xb0, 0x02, 0x10, 0xb0, 0x12, 0x01, 0xb0, 0x2f, 0x01, 0xb0, 0x51, 0x01, 0xb1, 0x09,
  0x01, 0xb1, 0x18, 0x10, 0xb1, 0x1c, 0x01, 0xb1, 0x4d, 0x01, 0xb1, 0x52, 0x10, 0xb1, 0x5a, 0x10,
  0xb1, 0x5e, 0x10, 0xb1, 0x70, 0x10, 0xb2, 0x49, 0x01, 0xb3, 0x00, 0x10, 0xb3, 0x0e, 0x10, 0xb3,
  0x2a, 0x01, 0xb3, 0x33, 0x01, 0xb3, 0x45, 0x01, 0xb3, 0x4d, 0x01, 0xb3, 0x68, 0x10, 0xb3, 0x72,
  0x01, 0xb4, 0x08, 0x10, 0xb4, 0x18, 0x10, 0xb4, 0x22, 0x10, 0xb4, 0x24, 0x10, 0xb4, 0x37, 0x10,
  0xb4, 0x3f, 0x10, 0xb4, 0x4f, 0x10, 0xb4, 0x70, 0x10, 0xb4, 0x76, 0x01, 0xb5, 0x2a, 0x01, 0xb5,
  0x2f, 0x01, 0xb5, 0x30, 0x01, 0xb5, 0x3f, 0x01, 0xb5, 0x42, 0x01, 0xb5, 0x56, 0x10, 0xb5, 0x61,
  0x10, 0xb5, 0x71, 0x01, 0xb5, 0x74, 0x01, 0xb6, 0x14, 0x01, 0xb6, 0x50, 0x10, 0xb6, 0x76, 0x10,
  0xb7, 0x1e, 0x01, 0xb7, 0x66, 0x10, 0xb8, 0x30, 0x10, 0xb9, 0x00, 0x10, 0xb9, 0x02, 0x01, 0xb9,
  0x0e, 0x10, 0xb9, 0x2a, 0x01, 0xb9, 0x33, 0x01, 0xb9, 0x39, 0x10, 0xb9, 0x40, 0x10, 0xb9, 0x46,
  0x01, 0xb9, 0x50, 0x10, 0xb9, 0x59, 0x01, 0xb9, 0x5c, 0x10, 0xb9, 0x6e, 0x10, 0xb9, 0x72, 0x01,
  0xba, 0x17, 0x01, 0xba, 0x20, 0x10, 0xba, 0x2b, 0x10, 0xba, 0x34, 0x10, 0xba, 0x40, 0x10, 0xba,
  0x48, 0x10, 0xba, 0x49, 0x01, 0xba, 0x69, 0x10, 0xba, 0x75, 0x10, 0xbb, 0x15, 0x01, 0xbb, 0x1d,
  0x10, 0xbb, 0x2f, 0x01, 0xbb, 0x49, 0x01, 0xbc, 0x0e, 0x01, 0xbc, 0x1b, 0x01, 0xbc, 0x28, 0x01,
  0xbc, 0x74, 0x01, 0xbd, 0x08, 0x10, 0xbd, 0x39, 0x10, 0xbd, 0x40, 0x10, 0xbd, 0x45, 0x01, 0xbd,
  0x5b, 0x10, 0xbe, 0x0e, 0x01, 0xbe, 0x22, 0x01, 0xbe, 0x25, 0x10, 0xbe, 0x2a, 0x01, 0xbe, 0x38,
  0x10, 0xbe, 0x54, 0x10, 0xbe, 0x66, 0x01, 0xbf, 0x18, 0x10, 0xbf, 0x57, 0x10, 0xc0, 0x14, 0x10,
  0xc0, 0x2c, 0x01, 0xc0, 0x2d, 0x01, 0xc0, 0x42, 0x10, 0xc0, 0x45, 0x01, 0xc0, 0x5c, 0x01, 0xc0,
  0x5f, 0x01, 0xc1, 0x01, 0x01, 0xc1, 0x24, 0x01, 0xc1, 0x43, 0x01, 0xc1, 0x60, 0x10, 0xc2, 0x14,
  0x01, 0xc2, 0x19, 0x10, 0xc2, 0x74, 0x01, 0xc3, 0x45, 0x10, 0xc4, 0x2c, 0x10, 0xc4, 0x31, 0x10,
  0xc4, 0x39, 0x10, 0xc4, 0x3d, 0x10, 0xc4, 0x44, 0x01, 0xc4, 0x53, 0x10, 0xc5, 0x03, 0x10, 0xc5,
  0x1a, 0x10, 0xc5, 0x20, 0x01, 0xc5, 0x29, 0x01, 0xc5, 0x76, 0x10, 0xc6, 0x37, 0x01, 0xc6, 0x40,
  0x10, 0xc6, 0x6f, 0x01, 0xc7, 0x09, 0x10, 0xc7, 0x12, 0x10, 0xc7, 0x2f, 0x01, 0xc7, 0x37, 0x01,
  0xc7, 0x38, 0x10, 0xc7, 0x57, 0x10, 0xc7, 0x63, 0x10, 0xc8, 0x00, 0x01, 0xc8, 0x0e, 0x10, 0xc8,
  0x0f, 0x10, 0xc8, 0x2f, 0x01, 0xc8, 0x3f, 0x10, 0xc8, 0x47, 0x10, 0xc8, 0x4b, 0x01, 0xc8, 0x50,
  0x10, 0xc8, 0x53, 0x10, 0xc8, 0x5e, 0x10, 0xc8, 0x69, 0x01, 0xc8, 0x6a, 0x01, 0xc8, 0x6c, 0x10,
  0xc9, 0x08, 0x01, 0xc9, 0x26, 0x10, 0xc9, 0x57, 0x10, 0xc9, 0x6a, 0x01, 0xc9, 0x71, 0x01, 0xca,
  0x40, 0x01, 0xca, 0x5c, 0x01, 0xcb, 0x15, 0x01, 0xcb, 0x17, 0x10, 0xcb, 0x1e, 0x10, 0xcb, 0x42,
  0x01, 0xcb, 0x4f, 0x01, 0xcb, 0x50, 0x10, 0xcb, 0x5a, 0x01, 0xcc, 0x16, 0x10, 0xcc, 0x64, 0x01,
  0xcd, 0x14, 0x01, 0xcd, 0x39, 0x10, 0xce, 0x14, 0x10, 0xce, 0x36, 0x01, 0xce, 0x44, 0x01, 0xce,
  0x69, 0x01, 0xcf, 0x17, 0x10, 0xcf, 0x1e, 0x10, 0xcf, 0x24, 0x01, 0xcf, 0x43, 0x01, 0xcf, 0x4f,
  0x10, 0xcf, 0x6c, 0x10, 0xcf, 0x73, 0x10, 0xd0, 0x5d, 0x10, 0xd0, 0x66, 0x01, 0xd1, 0x2c, 0x10,
  0xd1, 0x3a, 0x10, 0xd1, 0x5b, 0x10, 0xd1, 0x5f, 0x01, 0xd2, 0x57, 0x10, 0xd3, 0x61, 0x10, 0xd3,
  0x67, 0x10, 0xd4, 0x0d, 0x01, 0xd4, 0x0e, 0x10, 0xd4, 0x2d, 0x01, 0xd4, 0x35, 0x10, 0xd4, 0x44,
  0x01, 0xd5, 0x0b, 0x01, 0xd5, 0x1c, 0x01, 0xd5, 0x20, 0x01, 0xd5, 0x26, 0x10, 0xd5, 0x39, 0x01,
  0xd5, 0x61, 0x10, 0xd6, 0x03, 0x10, 0xd6, 0x1b, 0x10, 0xd6, 0x23, 0x10, 0xd6, 0x2e, 0x01, 0xd6,
  0x3a, 0x01, 0xd6, 0x40, 0x10, 0xd7, 0x02, 0x01, 0xd7, 0x20, 0x01, 0xd7, 0x3e, 0x01, 0xd7, 0x41,
  0x01, 0xd7, 0x5b, 0x10, 0xd7, 0x73, 0x10, 0xd8, 0x12, 0x01, 0xd8, 0x36, 0x10, 0xd8, 0x37, 0x10,
  0xd8, 0x3c, 0x10, 0xd8, 0x44, 0x01, 0xd8, 0x48, 0x10, 0xd8, 0x53, 0x10, 0xd8, 0x59, 0x10, 0xd9,
  0x04, 0x10, 0xd9, 0x28, 0x01, 0xd9, 0x50, 0x01, 0xda, 0x10, 0x01, 0xda, 0x20, 0x01, 0xda, 0x58,
  0x10, 0xda, 0x5f, 0x10, 0xdb, 0x09, 0x10, 0xdb, 0x23, 0x10, 0xdb, 0x59, 0x10, 0xdb, 0x71, 0x01,
  0xdc, 0x28, 0x10, 0xdc, 0x3e, 0x01, 0xdc, 0x3f, 0x10, 0xdc, 0x40, 0x10, 0xdc, 0x44, 0x01, 0xdc,
  0x5b, 0x10, 0xdc, 0x64, 0x01, 0xdd, 0x05, 0x01, 0xdd, 0x0d, 0x01, 0xdd, 0x22, 0x10, 0xdd, 0x24,
  0x10, 0xdd, 0x39, 0x10, 0xdd, 0x4f, 0x01, 0xdd, 0x5e, 0x10, 0xdd, 0x76, 0x01, 0xde, 0x17, 0x10,
  0xde, 0x5e, 0x10, 0xdf, 0x0a, 0x01, 0xdf, 0x22, 0x10, 0xdf, 0x50, 0x10, 0xdf, 0x51, 0x01, 0xdf,
  0x6f, 0x01, 0xe0, 0x0b, 0x01, 0xe0, 0x14, 0x10, 0xe0, 0x1d, 0x01, 0xe0, 0x2c, 0x01, 0xe0, 0x3e,
  0x01, 0xe0, 0x4f, 0x10, 0xe0, 0x53, 0x01, 0xe0, 0x5d, 0x10, 0xe1, 0x08, 0x10, 0xe1, 0x39, 0x10,
  0xe1, 0x49, 0x01, 0xe1, 0x58, 0x10, 0xe2, 0x39, 0x01, 0xe2, 0x52, 0x10, 0xe2, 0x57, 0x10, 0xe2,
  0x75, 0x10, 0xe3, 0x03, 0x01, 0xe3, 0x35, 0x10, 0xe3, 0x48, 0x01, 0xe3, 0x50, 0x10, 0xe4, 0x09,
  0x10, 0xe4, 0x0a, 0x01, 0xe4, 0x2c, 0x10, 0xe4, 0x4d, 0x10, 0xe5, 0x21, 0x01, 0xe5, 0x33, 0x10,
  0xe6, 0x0d, 0x10, 0xe6, 0x0e, 0x10, 0xe6, 0x18, 0x10, 0xe6, 0x53, 0x10, 0xe6, 0x59, 0x01, 0xe7,
  0x1d, 0x01, 0xe7, 0x5c, 0x01, 0xe8, 0x08, 0x10, 0xe8, 0x1a, 0x01, 0xe8, 0x53, 0x10, 0xe8, 0x5c,
  0x01, 0xe8, 0x66, 0x10, 0xe8, 0x68, 0x01, 0xe8, 0x72, 0x01, 0xe9, 0x63, 0x01, 0xea, 0x28, 0x10,
  0xea, 0x59, 0x10, 0xeb, 0x17, 0x01, 0xeb, 0x21, 0x01, 0xeb, 0x45, 0x10, 0xeb, 0x5c, 0x01, 0xeb,
  0x5e, 0x01, 0xeb, 0x73, 0x10, 0xec, 0x1c, 0x01, 0xec, 0x2c, 0x01, 0xec, 0x2f, 0x01, 0xec, 0x3c,
  0x10, 0xec, 0x3d, 0x10, 0xec, 0x4b, 0x10, 0xec, 0x5e, 0x01, 0xec, 0x6a, 0x10, 0xed, 0x0b, 0x10,
  0xed, 0x19, 0x01, 0xed, 0x20, 0x10, 0xed, 0x40, 0x10, 0xed, 0x45, 0x01, 0xed, 0x4d, 0x10, 0xed,
  0x53, 0x10, 0xed, 0x71, 0x01, 0xee, 0x00, 0x01, 0xee, 0x1c, 0x10, 0xee, 0x3c, 0x10, 0xee, 0x45,
  0x01, 0xee, 0x52, 0x01, 0xee, 0x56, 0x10, 0xee, 0x64, 0x01, 0xee, 0x66, 0x01, 0xee, 0x6f, 0x01,
  0xef, 0x09, 0x10, 0xef, 0x2d, 0x01, 0xef, 0x39, 0x10, 0xef, 0x58, 0x10, 0xef, 0x5d, 0x10, 0xef,
  0x60, 0x10, 0xf0, 0x08, 0x01, 0xf0, 0x55, 0x01, 0xf0, 0x5d, 0x10, 0xf0, 0x6e, 0x10, 0xf1, 0x08,
  0x10, 0xf1, 0x0d, 0x01, 0xf1, 0x44, 0x01, 0xf1, 0x4f, 0x01, 0xf1, 0x70, 0x10, 0xf2, 0x14, 0x01,
  0xf2, 0x1c, 0x01, 0xf2, 0x3a, 0x10, 0xf2, 0x4e, 0x10, 0xf3, 0x25, 0x10, 0xf3, 0x2c, 0x10, 0xf3,
  0x43, 0x01, 0xf3, 0x64, 0x01, 0xf3, 0x74, 0x10, 0xf4, 0x05, 0x10, 0xf4, 0x11, 0x01, 0xf4, 0x28,
  0x01, 0xf4, 0x6f, 0x10, 0xf5, 0x17, 0x10, 0xf5, 0x2b, 0x01, 0xf5, 0x2d, 0x01, 0xf5, 0x3e, 0x10,
  0xf5, 0x6b, 0x01, 0xf5, 0x74, 0x10, 0xf6, 0x13, 0x10, 0xf6, 0x25, 0x01, 0xf6, 0x28, 0x01, 0xf6,
  0x2b, 0x10, 0xf6, 0x33, 0x01, 0xf6, 0x3c, 0x10, 0xf6, 0x3e, 0x01, 0xf6, 0x5e, 0x01, 0xf6, 0x61,
  0x10, 0xf6, 0x72, 0x01, 0xf7, 0x05, 0x10, 0xf7, 0x09, 0x10, 0xf7, 0x1e, 0x01, 0xf7, 0x27, 0x01,
  0xf7, 0x5b, 0x01, 0xf7, 0x65, 0x01, 0xf8, 0x05, 0x01, 0xf8, 0x6e, 0x01, 0xf8, 0x75, 0x10, 0xf8,
  0x77, 0x10, 0xf9, 0x06, 0x01, 0xf9, 0x2c, 0x10, 0xf9, 0x4a, 0x10, 0xf9, 0x6b, 0x01, 0xfa, 0x1a,
  0x01, 0xfa, 0x40, 0x01, 0xfb, 0x3c, 0x01, 0xfb, 0x5c, 0x01, 0xfb, 0x63, 0x10, 0xfb, 0x73, 0x10,
  0xfc, 0x17, 0x01, 0xfc, 0x1f, 0x10, 0xfc, 0x28, 0x01, 0xfc, 0x2b, 0x10, 0xfc, 0x47, 0x01, 0xfc,
  0x4d, 0x01, 0xfc, 0x52, 0x10, 0xfc, 0x73, 0x10, 0xfd, 0x04, 0x01, 0xfd, 0x0b, 0x10, 0xfd, 0x30,
  0x01, 0xfd, 0x37, 0x10, 0xfd, 0x4f, 0x01, 0xfd, 0x50, 0x10, 0xfd, 0x5e, 0x10, 0xfd, 0x6a, 0x01,
  0xfd, 0x76, 0x01, 0xfe, 0x2d, 0x01, 0xfe, 0x45, 0x01, 0xfe, 0x4c, 0x10, 0xfe, 0x59, 0x01, 0xfe,
  0x64, 0x01, 0xfe, 0x74, 0x10, 0xff, 0x0a, 0x01, 0xff, 0x0f, 0x10, 0xff, 0x14, 0x01, 0xff, 0x23,
  0x01, 0xff, 0x2f, 0x01, 0xff, 0x66, 0x10, 0x00, 0x08, 0x01, 0x01, 0x24, 0x10, 0x01, 0x26, 0x01,
  0x01, 0x5d, 0x01, 0x02, 0x1a, 0x01, 0x02, 0x1d, 0x10, 0x03, 0x1e, 0x10, 0x03, 0x2e, 0x01, 0x03,
  0x3b, 0x01, 0x03, 0x3f, 0x10, 0x03, 0x4f, 0x01, 0x03, 0x50, 0x10, 0x04, 0x2b, 0x01, 0x04, 0x49,
  0x01, 0x04, 0x6d, 0x10, 0x05, 0x21, 0x10, 0x05, 0x22, 0x10, 0x05, 0x2e, 0x01, 0x05, 0x73, 0x01,
  0x05, 0x75, 0x01, 0x06, 0x17, 0x01, 0x06, 0x30, 0x10, 0x06, 0x33, 0x01, 0x06, 0x3a, 0x01, 0x06,
  0x44, 0x10, 0x06, 0x52, 0x10, 0x06, 0x6e, 0x01, 0x06, 0x72, 0x01, 0x07, 0x4f, 0x01, 0x07, 0x54,
  0x10, 0x07, 0x57, 0x10, 0x08, 0x22, 0x01, 0x08, 0x24, 0x10, 0x08, 0x2c, 0x10, 0x08, 0x4e, 0x10,
  0x09, 0x17, 0x10, 0x09, 0x27, 0x10, 0x09, 0x2e, 0x01, 0x09, 0x40, 0x10, 0x0a, 0x0e, 0x10, 0x0a,
  0x11, 0x01, 0x0a, 0x1d, 0x10, 0x0a, 0x21, 0x10, 0x0a, 0x27, 0x10, 0x0a, 0x3a, 0x10, 0x0a, 0x56,
  0x10, 0x0b, 0x22, 0x01, 0x0b, 0x2e, 0x10, 0x0c, 0x19, 0x01, 0x0c, 0x1c, 0x01, 0x0c, 0x43, 0x10,
  0x0c, 0x6c, 0x01, 0x0d, 0x0b, 0x10, 0x0d, 0x27, 0x10, 0x0d, 0x43, 0x01, 0x0e, 0x1e, 0x10, 0x0e,
  0x64, 0x01, 0x0f, 0x0a, 0x01, 0x0f, 0x13, 0x01, 0x0f, 0x16, 0x10, 0x0f, 0x28, 0x10, 0x0f, 0x5d,
  0x01, 0x0f, 0x67, 0x01, 0x0f, 0x6a, 0x01, 0x10, 0x00, 0x10, 0x10, 0x11, 0x10, 0x10, 0x1d, 0x01,
  0x10, 0x40, 0x01, 0x11, 0x00, 0x01, 0x11, 0x02, 0x10, 0x11, 0x0d, 0x01, 0x11, 0x1c, 0x10, 0x11,
  0x28, 0x10, 0x11, 0x44, 0x01, 0x12, 0x00, 0x10, 0x12, 0x14, 0x01, 0x12, 0x16, 0x01, 0x12, 0x3b,
  0x01, 0x12, 0x5d, 0x01, 0x13, 0x1a, 0x10, 0x13, 0x1e, 0x10, 0x13, 0x4c, 0x10, 0x13, 0x4d, 0x10,
  0x13, 0x50, 0x10, 0x13, 0x55, 0x01, 0x13, 0x5e, 0x10, 0x14, 0x20, 0x10, 0x14, 0x26, 0x01, 0x14,
  0x72, 0x10, 0x14, 0x75, 0x10, 0x15, 0x13, 0x01, 0x15, 0x26, 0x01, 0x15, 0x37, 0x01, 0x15, 0x3b,
  0x01, 0x15, 0x43, 0x01, 0x15, 0x4f, 0x01, 0x15, 0x52, 0x01, 0x16, 0x04, 0x10, 0x16, 0x14, 0x10,
  0x16, 0x15, 0x01, 0x16, 0x31, 0x01, 0x16, 0x41, 0x01, 0x16, 0x43, 0x10, 0x16, 0x65, 0x01, 0x16,
  0x68, 0x10, 0x17, 0x0e, 0x10, 0x17, 0x13, 0x01, 0x17, 0x5b, 0x01, 0x18, 0x1e, 0x01, 0x18, 0x24,
  0x10, 0x18, 0x57, 0x10, 0x18, 0x72, 0x10, 0x19, 0x06, 0x01, 0x19, 0x1d, 0x01, 0x19, 0x33, 0x01,
  0x19, 0x36, 0x10, 0x19, 0x37, 0x01, 0x19, 0x52, 0x01, 0x19, 0x5b, 0x10, 0x19, 0x63, 0x10, 0x19,
  0x64, 0x01, 0x1a, 0x28, 0x10, 0x1a, 0x39, 0x10, 0x1a, 0x44, 0x01, 0x1a, 0x5c, 0x10, 0x1a, 0x66,
  0x10, 0x1a, 0x73, 0x01, 0x1b, 0x08, 0x10, 0x1b, 0x41, 0x10, 0x1b, 0x59, 0x01, 0x1b, 0x69, 0x10,
  0x1c, 0x0c, 0x10, 0x1c, 0x13, 0x10, 0x1c, 0x1e, 0x01, 0x1c, 0x34, 0x10, 0x1c, 0x42, 0x10, 0x1c,
  0x4d, 0x01, 0x1c, 0x52, 0x10, 0x1c, 0x56, 0x01, 0x1c, 0x68, 0x10, 0x1c, 0x6c, 0x01, 0x1c, 0x72,
  0x01, 0x1d, 0x05, 0x01, 0x1d, 0x0c, 0x01, 0x1d, 0x14, 0x10, 0x1d, 0x1a, 0x10, 0x1d, 0x26, 0x01,
  0x1d, 0x31, 0x01, 0x1d, 0x43, 0x01, 0x1d, 0x4d, 0x10, 0x1d, 0x60, 0x10, 0x1d, 0x66, 0x01, 0x1d,
  0x67, 0x01, 0x1e, 0x02, 0x10, 0x1e, 0x1c, 0x10, 0x1e, 0x3f, 0x01, 0x1e, 0x6f, 0x01, 0x1f, 0x4c,
  0x01, 0x1f, 0x51, 0x10, 0x1f, 0x58, 0x10, 0x1f, 0x60, 0x10, 0x1f, 0x6f, 0x10, 0x20, 0x00, 0x10,
  0x20, 0x0e, 0x10, 0x20, 0x28, 0x01, 0x20, 0x39, 0x10, 0x20, 0x40, 0x01, 0x20, 0x4f, 0x01, 0x20,
  0x58, 0x01, 0x21, 0x27, 0x10, 0x21, 0x2a, 0x01, 0x21, 0x52, 0x01, 0x21, 0x59, 0x10, 0x21, 0x5f,
  0x10, 0x21, 0x67, 0x01, 0x21, 0x72, 0x10, 0x21, 0x76, 0x10, 0x22, 0x0e, 0x10, 0x22, 0x14, 0x01,
  0x22, 0x19, 0x01, 0x22, 0x23, 0x10, 0x22, 0x4b, 0x10, 0x23, 0x00, 0x01, 0x23, 0x06, 0x01, 0x23,
  0x08, 0x01, 0x23, 0x14, 0x10, 0x23, 0x28, 0x10, 0x23, 0x3f, 0x10, 0x23, 0x43, 0x01, 0x24, 0x07,
  0x01, 0x24, 0x08, 0x01, 0x24, 0x0e, 0x01, 0x24, 0x20, 0x10, 0x24, 0x3b, 0x01, 0x25, 0x11, 0x10,
  0x25, 0x1e, 0x10, 0x25, 0x2c, 0x10, 0x25, 0x69, 0x01, 0x26, 0x04, 0x10, 0x26, 0x08, 0x01, 0x26,
  0x0d, 0x01, 0x26, 0x11, 0x01, 0x26, 0x12, 0x01, 0x26, 0x14, 0x10, 0x26, 0x2d, 0x01, 0x26, 0x31,
  0x01, 0x26, 0x4d, 0x01, 0x26, 0x61, 0x10, 0x26, 0x69, 0x10, 0x26, 0x6a, 0x10, 0x27, 0x21, 0x10,
  0x27, 0x26, 0x01, 0x27, 0x4f, 0x01, 0x27, 0x6f, 0x10, 0x28, 0x28, 0x10, 0x28, 0x3e, 0x10, 0x28,
  0x75, 0x10, 0x29, 0x10, 0x10, 0x29, 0x22, 0x01, 0x29, 0x26, 0x10, 0x29, 0x62, 0x10, 0x29, 0x63,
  0x10, 0x29, 0x6a, 0x10, 0x29, 0x6f, 0x01, 0x29, 0x74, 0x01, 0x2a, 0x05, 0x01, 0x2a, 0x09, 0x10,
  0x2a, 0x14, 0x01, 0x2a, 0x20, 0x10, 0x2a, 0x28, 0x10, 0x2a, 0x3d, 0x01, 0x2a, 0x40, 0x10, 0x2a,
  0x77, 0x01, 0x2b, 0x0d, 0x10, 0x2b, 0x27, 0x10, 0x2b, 0x29, 0x10, 0x2b, 0x33, 0x01, 0x2b, 0x60,
  0x01, 0x2b, 0x6a, 0x01, 0x2b, 0x72, 0x01, 0x2b, 0x73, 0x01, 0x2c, 0x0e, 0x10, 0x2c, 0x1a, 0x01,
  0x2c, 0x1f, 0x10, 0x2c, 0x2c, 0x01, 0x2c, 0x43, 0x10, 0x2c, 0x4d, 0x01, 0x2c, 0x60, 0x01, 0x2c,
  0x68, 0x10, 0x2c, 0x72, 0x01, 0x2d, 0x2a, 0x01, 0x2d, 0x31, 0x01, 0x2d, 0x35, 0x10, 0x2d, 0x67,
  0x01, 0x2d, 0x68, 0x01, 0x2d, 0x6e, 0x01, 0x2d, 0x75, 0x10, 0x2e, 0x11, 0x01, 0x2e, 0x24, 0x01,
  0x2e, 0x2f, 0x01, 0x2e, 0x4f, 0x01, 0x2e, 0x6c, 0x01, 0x2f, 0x1c, 0x01, 0x2f, 0x2f, 0x10, 0x2f,
  0x3e, 0x10, 0x2f, 0x40, 0x10, 0x2f, 0x64, 0x10, 0x2f, 0x75, 0x10, 0x30, 0x0e, 0x10, 0x30, 0x21,
  0x10, 0x30, 0x29, 0x01, 0x30, 0x4a, 0x10, 0x30, 0x58, 0x01, 0x30, 0x60, 0x01, 0x31, 0x05, 0x01,
  0x31, 0x5d, 0x01, 0x32, 0x3f, 0x10, 0x32, 0x40, 0x01, 0x32, 0x53, 0x10, 0x33, 0x00, 0x01, 0x33,
  0x08, 0x01, 0x33, 0x14, 0x10, 0x33, 0x25, 0x01, 0x33, 0x2e, 0x10, 0x33, 0x31, 0x01, 0x33, 0x65,
  0x10, 0x33, 0x67, 0x01, 0x34, 0x0c, 0x01, 0x34, 0x3b, 0x01, 0x34, 0x40, 0x10, 0x34, 0x4b, 0x10,
  0x34, 0x6e, 0x01, 0x35, 0x01, 0x01, 0x35, 0x05, 0x01, 0x35, 0x0e, 0x01, 0x35, 0x11, 0x10, 0x35,
  0x15, 0x01, 0x35, 0x31, 0x01, 0x35, 0x52, 0x01, 0x35, 0x61, 0x10, 0x35, 0x74, 0x01, 0x36, 0x08,
  0x01, 0x36, 0x09, 0x10, 0x36, 0x0c, 0x10, 0x36, 0x28, 0x01, 0x36, 0x39, 0x10, 0x36, 0x49, 0x01,
  0x36, 0x4d, 0x01, 0x36, 0x51, 0x10, 0x36, 0x68, 0x10, 0x37, 0x0b, 0x10, 0x37, 0x11, 0x01, 0x37,
  0x28, 0x10, 0x37, 0x44, 0x01, 0x37, 0x4a, 0x10, 0x37, 0x51, 0x10, 0x37, 0x68, 0x01, 0x37, 0x69,
  0x10, 0x37, 0x6e, 0x01, 0x38, 0x27, 0x10, 0x38, 0x39, 0x01, 0x38, 0x58, 0x10, 0x38, 0x60, 0x01,
  0x38, 0x66, 0x10, 0x39, 0x14, 0x10, 0x39, 0x2f, 0x01, 0x39, 0x31, 0x01, 0x39, 0x66, 0x01, 0x39,
  0x74, 0x01, 0x3a, 0x06, 0x10, 0x3a, 0x31, 0x01, 0x3a, 0x3e, 0x10, 0x3a, 0x45, 0x01, 0x3a, 0x4e,
  0x01, 0x3a, 0x52, 0x01, 0x3a, 0x55, 0x01, 0x3a, 0x58, 0x10, 0x3a, 0x67, 0x01, 0x3a, 0x6e, 0x01,
  0x3a, 0x72, 0x10, 0x3a, 0x76, 0x10, 0x3b, 0x11, 0x10, 0x3b, 0x69, 0x01, 0x3c, 0x0e, 0x10, 0x3c,
  0x1c, 0x10, 0x3c, 0x21, 0x10, 0x3c, 0x42, 0x01, 0x3c, 0x52, 0x10, 0x3c, 0x53, 0x10, 0x3c, 0x5e,
  0x01, 0x3d, 0x08, 0x01, 0x3d, 0x31, 0x01, 0x3d, 0x41, 0x10, 0x3d, 0x60, 0x10, 0x3e, 0x37, 0x01,
  0x3f, 0x0c, 0x01, 0x3f, 0x12, 0x01, 0x3f, 0x65, 0x10, 0x3f, 0x77, 0x01, 0x40, 0x09, 0x10, 0x40,
  0x11, 0x01, 0x40, 0x1a, 0x10, 0x40, 0x2e, 0x10, 0x40, 0x40, 0x01, 0x40, 0x61, 0x10, 0x40, 0x6c,
  0x01, 0x40, 0x72, 0x01, 0x41, 0x26, 0x01, 0x41, 0x3b, 0x01, 0x41, 0x3f, 0x01, 0x41, 0x6e, 0x01,
  0x42, 0x04, 0x01, 0x42, 0x08, 0x10, 0x42, 0x4c, 0x01, 0x42, 0x5c, 0x01, 0x42, 0x77, 0x01, 0x43,
  0x27, 0x10, 0x43, 0x3e, 0x01, 0x43, 0x5e, 0x10, 0x43, 0x6e, 0x10, 0x43, 0x75, 0x10, 0x43, 0x76,
  0x01, 0x44, 0x08, 0x10, 0x44, 0x11, 0x10, 0x44, 0x24, 0x01, 0x44, 0x39, 0x10, 0x44, 0x43, 0x10,
  0x44, 0x49, 0x10, 0x44, 0x4d, 0x10, 0x44, 0x4e, 0x01, 0x44, 0x5a, 0x10, 0x44, 0x65, 0x10, 0x44,
  0x69, 0x01, 0x44, 0x6e, 0x10, 0x45, 0x00, 0x01, 0x45, 0x14, 0x10, 0x45, 0x20, 0x10, 0x45, 0x2e,
  0x10, 0x45, 0x39, 0x01, 0x45, 0x48, 0x10, 0x45, 0x5a, 0x10, 0x45, 0x5c, 0x01, 0x45, 0x67, 0x01,
  0x46, 0x21, 0x10, 0x46, 0x2c, 0x10, 0x46, 0x43, 0x01, 0x46, 0x4f, 0x01, 0x46, 0x69, 0x01, 0x46,
  0x75, 0x01, 0x47, 0x04, 0x01, 0x47, 0x0c, 0x01, 0x47, 0x0e, 0x01, 0x47, 0x1f, 0x01, 0x47, 0x33,
  0x01, 0x47, 0x3b, 0x01, 0x47, 0x43, 0x01, 0x48, 0x6c, 0x10, 0x49, 0x05, 0x01, 0x49, 0x08, 0x01,
  0x49, 0x13, 0x10, 0x49, 0x15, 0x01, 0x49, 0x22, 0x01, 0x49, 0x29, 0x10, 0x49, 0x2f, 0x01, 0x49,
  0x39, 0x01, 0x49, 0x48, 0x10, 0x49, 0x61, 0x10, 0x49, 0x67, 0x01, 0x49, 0x72, 0x01, 0x49, 0x73,
  0x10, 0x4a, 0x3b, 0x01, 0x4a, 0x40, 0x01, 0x4a, 0x65, 0x10, 0x4b, 0x24, 0x10, 0x4b, 0x5c, 0x01,
  0x4c, 0x1b, 0x10, 0x4c, 0x27, 0x01, 0x4c, 0x2b, 0x01, 0x4c, 0x2f, 0x10, 0x4c, 0x3d, 0x01, 0x4c,
  0x50, 0x01, 0x4c, 0x6b, 0x10, 0x4d, 0x22, 0x10, 0x4d, 0x5a, 0x10, 0x4e, 0x16, 0x10, 0x4e, 0x29,
  0x01, 0x4e, 0x6e, 0x10, 0x4f, 0x63, 0x01, 0x50, 0x23, 0x01, 0x50, 0x34, 0x01, 0x50, 0x4f, 0x01,
  0x50, 0x57, 0x10, 0x50, 0x63, 0x10, 0x50, 0x6f, 0x10, 0x51, 0x09, 0x01, 0x51, 0x1f, 0x01, 0x51,
  0x27, 0x10, 0x51, 0x30, 0x10, 0x51, 0x3c, 0x10, 0x51, 0x51, 0x01, 0x51, 0x6b, 0x01, 0x51, 0x76,
  0x01, 0x52, 0x05, 0x10, 0x52, 0x0a, 0x01, 0x52, 0x12, 0x01, 0x52, 0x22, 0x10, 0x52, 0x70, 0x10,
  0x53, 0x06, 0x10, 0x53, 0x0d, 0x10, 0x53, 0x12, 0x01, 0x53, 0x1a, 0x01, 0x53, 0x27, 0x10, 0x53,
  0x43, 0x10, 0x53, 0x59, 0x01, 0x53, 0x65, 0x10, 0x53, 0x6a, 0x01, 0x54, 0x16, 0x10, 0x54, 0x22,
  0x10, 0x54, 0x2d, 0x10, 0x54, 0x72, 0x10, 0x54, 0x77, 0x01, 0x55, 0x1c, 0x01, 0x55, 0x1f, 0x10,
  0x55, 0x22, 0x01, 0x55, 0x24, 0x10, 0x55, 0x2e, 0x10, 0x55, 0x31, 0x01, 0x55, 0x5b, 0x10, 0x55,
  0x6c, 0x01, 0x55, 0x70, 0x10, 0x55, 0x72, 0x01, 0x55, 0x74, 0x01, 0x56, 0x05, 0x01, 0x56, 0x51,
  0x01, 0x57, 0x02, 0x10, 0x57, 0x33, 0x10, 0x57, 0x35, 0x10, 0x57, 0x4b, 0x01, 0x57, 0x50, 0x10,
  0x57, 0x56, 0x10, 0x57, 0x6a, 0x01, 0x57, 0x72, 0x10, 0x57, 0x74, 0x10, 0x58, 0x11, 0x10, 0x58,
  0x13, 0x01, 0x58, 0x30, 0x10, 0x58, 0x50, 0x01, 0x58, 0x69, 0x01, 0x58, 0x76, 0x10, 0x59, 0x07,
  0x01, 0x59, 0x0c, 0x10, 0x59, 0x11, 0x01, 0x59, 0x13, 0x10, 0x59, 0x1c, 0x01, 0x59, 0x27, 0x10,
  0x59, 0x2a, 0x01, 0x59, 0x2c, 0x01, 0x59, 0x2d, 0x01, 0x59, 0x3e, 0x01, 0x59, 0x40, 0x10, 0x59,
  0x77, 0x10, 0x5a, 0x09, 0x01, 0x5a, 0x1a, 0x01, 0x5a, 0x35, 0x10, 0x5a, 0x5b, 0x01, 0x5a, 0x60,
  0x10, 0x5b, 0x13, 0x10, 0x5b, 0x17, 0x10, 0x5b, 0x22, 0x01, 0x5b, 0x27, 0x01, 0x5b, 0x33, 0x10,
  0x5b, 0x48, 0x10, 0x5c, 0x04, 0x01, 0x5c, 0x2b, 0x01, 0x5c, 0x45, 0x10, 0x5c, 0x4a, 0x10, 0x5c,
  0x4c, 0x01, 0x5c, 0x72, 0x10, 0x5c, 0x75, 0x10, 0x5d, 0x18, 0x10, 0x5d, 0x48, 0x01, 0x5d, 0x58,
  0x10, 0x5e, 0x13, 0x01, 0x5e, 0x3d, 0x10, 0x5e, 0x44, 0x01, 0x5e, 0x55, 0x01, 0x5e, 0x6c, 0x01,
  0x5f, 0x3a, 0x10, 0x5f, 0x50, 0x01, 0x5f, 0x5c, 0x01, 0x5f, 0x71, 0x10, 0x60, 0x02, 0x01, 0x60,
  0x19, 0x01, 0x61, 0x05, 0x01, 0x61, 0x0b, 0x10, 0x61, 0x34, 0x01, 0x61, 0x37, 0x10, 0x61, 0x5c,
  0x01, 0x62, 0x11, 0x10, 0x62, 0x14, 0x01, 0x62, 0x15, 0x01, 0x62, 0x37, 0x10, 0x62, 0x40, 0x01,
  0x62, 0x55, 0x01, 0x62, 0x5c, 0x01, 0x63, 0x14, 0x01, 0x63, 0x16, 0x01, 0x63, 0x19, 0x01, 0x63,
  0x1a, 0x01, 0x63, 0x31, 0x10, 0x63, 0x42, 0x01, 0x63, 0x4f, 0x01, 0x63, 0x50, 0x10, 0x63, 0x53,
  0x10, 0x63, 0x5e, 0x10, 0x63, 0x60, 0x01, 0x63, 0x63, 0x01, 0x63, 0x70, 0x10, 0x64, 0x11, 0x10,
  0x64, 0x31, 0x10, 0x64, 0x49, 0x10, 0x64, 0x63, 0x01, 0x65, 0x05, 0x10, 0x65, 0x11, 0x01, 0x65,
  0x3d, 0x10, 0x65, 0x48, 0x10, 0x65, 0x49, 0x01, 0x65, 0x51, 0x10, 0x65, 0x52, 0x10, 0x65, 0x65,
  0x10, 0x65, 0x68, 0x10, 0x65, 0x69, 0x10, 0x65, 0x6c, 0x01, 0x66, 0x0e, 0x01, 0x66, 0x3f, 0x01,
  0x66, 0x40, 0x01, 0x66, 0x4d, 0x10, 0x67, 0x08, 0x10, 0x67, 0x1e, 0x01, 0x67, 0x2c, 0x01, 0x67,
  0x3a, 0x10, 0x67, 0x3b, 0x01, 0x67, 0x53, 0x01, 0x67, 0x5c, 0x01, 0x67, 0x6a, 0x01, 0x67, 0x75,
  0x10, 0x68, 0x34, 0x01, 0x68, 0x49, 0x10, 0x68, 0x53, 0x01, 0x68, 0x5d, 0x01, 0x68, 0x62, 0x10,
  0x68, 0x64, 0x01, 0x68, 0x6e, 0x01, 0x69, 0x0e, 0x10, 0x69, 0x18, 0x10, 0x69, 0x2f, 0x01, 0x69,
  0x42, 0x01, 0x69, 0x49, 0x01, 0x69, 0x50, 0x10, 0x69, 0x58, 0x10, 0x69, 0x59, 0x01, 0x6a, 0x14,
  0x01, 0x6a, 0x1b, 0x01, 0x6a, 0x1d, 0x10, 0x6a, 0x38, 0x10, 0x6a, 0x5c, 0x01, 0x6a, 0x77, 0x01,
  0x6b, 0x29, 0x10, 0x6b, 0x39, 0x01, 0x6b, 0x55, 0x01, 0x6b, 0x58, 0x10, 0x6c, 0x0e, 0x01, 0x6c,
  0x46, 0x10, 0x6c, 0x53, 0x01, 0x6c, 0x5c, 0x01, 0x6c, 0x74, 0x01, 0x6d, 0x05, 0x01, 0x6d, 0x0c,
  0x01, 0x6d, 0x66, 0x10, 0x6d, 0x77, 0x01, 0x6e, 0x44, 0x01, 0x6e, 0x45, 0x01, 0x6e, 0x4f, 0x01,
  0x6e, 0x5d, 0x10, 0x6e, 0x67, 0x10, 0x6f, 0x05, 0x01, 0x6f, 0x11, 0x10, 0x6f, 0x35, 0x10, 0x6f,
  0x77, 0x01, 0x70, 0x18, 0x01, 0x70, 0x34, 0x10, 0x70, 0x5e, 0x01, 0x70, 0x67, 0x10, 0x70, 0x6e,
  0x10, 0x71, 0x1e, 0x01, 0x71, 0x25, 0x10, 0x72, 0x37, 0x01, 0x72, 0x42, 0x01, 0x73, 0x01, 0x10,
  0x73, 0x19, 0x01, 0x73, 0x2c, 0x01, 0x73, 0x4d, 0x01, 0x73, 0x52, 0x10, 0x73, 0x59, 0x01, 0x73,
  0x5e, 0x10, 0x74, 0x01, 0x10, 0x74, 0x13, 0x01, 0x74, 0x14, 0x01, 0x74, 0x18, 0x01, 0x74, 0x31,
  0x10, 0x74, 0x6e, 0x10, 0x74, 0x71, 0x10, 0x75, 0x0f, 0x01, 0x75, 0x15, 0x01, 0x75, 0x17, 0x01,
  0x75, 0x1c, 0x01, 0x75, 0x25, 0x10, 0x75, 0x28, 0x01, 0x75, 0x29, 0x10, 0x75, 0x3c, 0x01, 0x75,
  0x59, 0x01, 0x75, 0x6a, 0x10, 0x75, 0x76, 0x01, 0x76, 0x0a, 0x01, 0x76, 0x11, 0x10, 0x76, 0x21,
  0x01, 0x76, 0x5c, 0x01, 0x76, 0x68, 0x10, 0x77, 0x15, 0x10, 0x77, 0x1e, 0x01, 0x77, 0x2f, 0x10,
  0x77, 0x39, 0x10, 0x77, 0x3a, 0x10, 0x77, 0x5a, 0x10, 0x77, 0x68, 0x10, 0x77, 0x69, 0x01, 0x77,
  0x71, 0x10, 0x77, 0x74, 0x10, 0x78, 0x11, 0x10, 0x78, 0x18, 0x01, 0x78, 0x30, 0x10, 0x78, 0x3a,
  0x01, 0x79, 0x0c, 0x10, 0x79, 0x0e, 0x10, 0x79, 0x12, 0x10, 0x79, 0x1c, 0x01, 0x79, 0x1e, 0x01,
  0x79, 0x25, 0x10, 0x79, 0x2d, 0x01, 0x79, 0x5b, 0x10, 0x79, 0x69, 0x10, 0x7a, 0x08, 0x10, 0x7a,
  0x15, 0x01, 0x7a, 0x2c, 0x01, 0x7a, 0x34, 0x10, 0x7a, 0x39, 0x10, 0x7b, 0x0b, 0x01, 0x7b, 0x51,
  0x10, 0x7b, 0x76, 0x10, 0x7c, 0x0c, 0x10, 0x7c, 0x11, 0x10, 0x7c, 0x20, 0x01, 0x7c, 0x22, 0x01,
  0x7c, 0x2e, 0x10, 0x7d, 0x44, 0x01, 0x7d, 0x70, 0x10, 0x7e, 0x21, 0x01, 0x7e, 0x2d, 0x01, 0x7e,
  0x2e, 0x10, 0x7f, 0x1d, 0x10, 0x7f, 0x26, 0x10, 0x7f, 0x30, 0x10, 0x7f, 0x3f, 0x01, 0x7f, 0x4e,
  0x01, 0x7f, 0x5a, 0x01, 0x80, 0x0b, 0x10, 0x80, 0x2d, 0x01, 0x80, 0x53, 0x01, 0x80, 0x61, 0x01,
  0x80, 0x6c, 0x10, 0x81, 0x35, 0x01, 0x81, 0x45, 0x01, 0x82, 0x14, 0x10, 0x82, 0x22, 0x01, 0x82,
  0x25, 0x01, 0x82, 0x40, 0x01, 0x82, 0x5e, 0x01, 0x83, 0x15, 0x01, 0x83, 0x16, 0x01, 0x83, 0x4c,
  0x01, 0x83, 0x51, 0x10, 0x83, 0x57, 0x10, 0x84, 0x09, 0x10, 0x84, 0x2e, 0x01, 0x84, 0x42, 0x01,
  0x85, 0x09, 0x01, 0x85, 0x11, 0x10, 0x85, 0x1a, 0x10, 0x85, 0x25, 0x01, 0x85, 0x29, 0x01, 0x85,
  0x2d, 0x01, 0x85, 0x4c, 0x01, 0x85, 0x6e, 0x10, 0x86, 0x46, 0x01, 0x86, 0x4b, 0x01, 0x86, 0x5b,
  0x10, 0x87, 0x0b, 0x10, 0x87, 0x36, 0x01, 0x87, 0x3a, 0x01, 0x87, 0x3f, 0x10, 0x87, 0x44, 0x01,
  0x87, 0x46, 0x01, 0x87, 0x4e, 0x01, 0x87, 0x53, 0x01, 0x87, 0x68, 0x10, 0x88, 0x06, 0x10, 0x88,
  0x0e, 0x10, 0x88, 0x37, 0x01, 0x88, 0x4f, 0x01, 0x89, 0x08, 0x01, 0x89, 0x0c, 0x10, 0x89, 0x14,
  0x10, 0x89, 0x3d, 0x01, 0x89, 0x4f, 0x10, 0x8a, 0x0e, 0x10, 0x8a, 0x22, 0x01, 0x8a, 0x63, 0x10,
  0x8a, 0x6c, 0x10, 0x8a, 0x76, 0x10, 0x8b, 0x0d, 0x01, 0x8c, 0x00, 0x10, 0x8c, 0x08, 0x01, 0x8c,
  0x09, 0x10, 0x8c, 0x40, 0x10, 0x8c, 0x51, 0x01, 0x8c, 0x59, 0x01, 0x8d, 0x0e, 0x10, 0x8d, 0x27,
  0x10, 0x8d, 0x44, 0x10, 0x8d, 0x59, 0x10, 0x8d, 0x75, 0x10, 0x8e, 0x05, 0x01, 0x8e, 0x0b, 0x10,
  0x8e, 0x12, 0x01, 0x8e, 0x17, 0x10, 0x8e, 0x24, 0x10, 0x8e, 0x2d, 0x01, 0x8e, 0x3f, 0x10, 0x8e,
  0x46, 0x01, 0x8e, 0x52, 0x01, 0x8e, 0x72, 0x10, 0x8f, 0x15, 0x01, 0x8f, 0x1b, 0x10, 0x8f, 0x1f,
  0x01, 0x8f, 0x2f, 0x01, 0x8f, 0x52, 0x01, 0x8f, 0x59, 0x01, 0x8f, 0x64, 0x10, 0x90, 0x08, 0x01,
  0x90, 0x20, 0x10, 0x90, 0x4c, 0x10, 0x90, 0x5b, 0x10, 0x90, 0x5d, 0x10, 0x90, 0x61, 0x01, 0x91,
  0x03, 0x10, 0x91, 0x3a, 0x10, 0x91, 0x6f, 0x10, 0x92, 0x08, 0x01, 0x92, 0x3f, 0x01, 0x92, 0x44,
  0x10, 0x92, 0x4c, 0x01, 0x92, 0x51, 0x10, 0x92, 0x64, 0x10, 0x93, 0x27, 0x01, 0x94, 0x3b, 0x10,
  0x94, 0x47, 0x10, 0x95, 0x2f, 0x01, 0x95, 0x39, 0x01, 0x96, 0x09, 0x10, 0x96, 0x0e, 0x10, 0x96,
  0x16, 0x01, 0x96, 0x22, 0x10, 0x96, 0x2d, 0x01, 0x96, 0x45, 0x01, 0x96, 0x4f, 0x01, 0x96, 0x56,
  0x01, 0x96, 0x59, 0x01, 0x97, 0x22, 0x01, 0x97, 0x28, 0x01, 0x97, 0x65, 0x01, 0x98, 0x09, 0x10,
  0x98, 0x32, 0x10, 0x98, 0x6f, 0x10, 0x99, 0x13, 0x10, 0x99, 0x2a, 0x10, 0x9a, 0x08, 0x01, 0x9a,
  0x1c, 0x01, 0x9a, 0x33, 0x01, 0x9a, 0x5e, 0x01, 0x9b, 0x09, 0x10, 0x9b, 0x11, 0x10, 0x9b, 0x35,
  0x01, 0x9b, 0x37, 0x01, 0x9b, 0x63, 0x10, 0x9c, 0x00, 0x10, 0x9c, 0x06, 0x01, 0x9c, 0x09, 0x10,
  0x9c, 0x0b, 0x10, 0x9c, 0x0e, 0x10, 0x9c, 0x13, 0x10, 0x9c, 0x2a, 0x10, 0x9c, 0x37, 0x01, 0x9c,
  0x3b, 0x01, 0x9c, 0x4f, 0x01, 0x9c, 0x70, 0x01, 0x9d, 0x0c, 0x01, 0x9d, 0x0e, 0x10, 0x9d, 0x21,
  0x10, 0x9d, 0x33, 0x01, 0x9d, 0x53, 0x10, 0x9d, 0x71, 0x01, 0x9e, 0x04, 0x01, 0x9e, 0x08, 0x10,
  0x9e, 0x20, 0x10, 0x9e, 0x24, 0x10, 0x9e, 0x46, 0x01, 0x9e, 0x4c, 0x10, 0x9e, 0x59, 0x01, 0x9e,
  0x5b, 0x10, 0x9e, 0x5d, 0x10, 0x9e, 0x6e, 0x10, 0x9e, 0x72, 0x10, 0x9f, 0x54, 0x10, 0xa0, 0x0c,
  0x10, 0xa0, 0x13, 0x01, 0xa0, 0x3f, 0x10, 0xa1, 0x19, 0x01, 0xa1, 0x39, 0x10, 0xa1, 0x3a, 0x10,
  0xa1, 0x53, 0x10, 0xa2, 0x1c, 0x01, 0xa2, 0x1e, 0x01, 0xa2, 0x32, 0x10, 0xa3, 0x31, 0x10, 0xa3,
  0x41, 0x10, 0xa3, 0x4e, 0x01, 0xa4, 0x06, 0x10, 0xa4, 0x0b, 0x01, 0xa4, 0x3f, 0x01, 0xa5, 0x11,
  0x10, 0xa5, 0x35, 0x01, 0xa5, 0x3e, 0x01, 0xa5, 0x43, 0x01, 0xa5, 0x6b, 0x01, 0xa6, 0x2f, 0x10,
  0xa6, 0x48, 0x01, 0xa6, 0x4b, 0x01, 0xa6, 0x60, 0x01, 0xa6, 0x61, 0x01, 0xa7, 0x10, 0x10, 0xa7,
  0x5c, 0x01, 0xa7, 0x65, 0x01, 0xa7, 0x69, 0x01, 0xa7, 0x6b, 0x01, 0xa8, 0x09, 0x10, 0xa8, 0x1d,
  0x10, 0xa8, 0x32, 0x10, 0xa8, 0x3e, 0x10, 0xaa, 0x57, 0x01, 0xaa, 0x6c, 0x01, 0xab, 0x00, 0x01,
  0xab, 0x08, 0x01, 0xab, 0x57, 0x10, 0xab, 0x5c, 0x01, 0xab, 0x64, 0x10, 0xab, 0x72, 0x01, 0xac,
  0x08, 0x01, 0xac, 0x6a, 0x10, 0xad, 0x0e, 0x10, 0xad, 0x1f, 0x01, 0xad, 0x21, 0x10, 0xae, 0x14,
  0x01, 0xae, 0x1f, 0x01, 0xae, 0x22, 0x10, 0xae, 0x44, 0x01, 0xae, 0x4b, 0x01, 0xae, 0x4c, 0x10,
  0xae, 0x60, 0x10, 0xae, 0x66, 0x10, 0xae, 0x6a, 0x01, 0xaf, 0x27, 0x01, 0xaf, 0x29, 0x01, 0xaf,
  0x6a, 0x01, 0xb0, 0x2f, 0x01, 0xb0, 0x73, 0x10, 0xb1, 0x14, 0x10, 0xb1, 0x1b, 0x01, 0xb1, 0x20,
  0x10, 0xb1, 0x6f, 0x10, 0xb2, 0x29, 0x01, 0xb2, 0x2b, 0x10, 0xb2, 0x2f, 0x10, 0xb2, 0x50, 0x01,
  0xb3, 0x0f, 0x10, 0xb3, 0x21, 0x10, 0xb3, 0x22, 0x10, 0xb3, 0x2a, 0x10, 0xb3, 0x39, 0x10, 0xb3,
  0x72, 0x10, 0xb4, 0x14, 0x10, 0xb4, 0x1a, 0x10, 0xb4, 0x49, 0x01, 0xb4, 0x65, 0x01, 0xb5, 0x30,
  0x10, 0xb5, 0x4d, 0x01, 0xb6, 0x06, 0x01, 0xb6, 0x14, 0x10, 0xb6, 0x3c, 0x01, 0xb6, 0x3f, 0x01,
  0xb6, 0x40, 0x01, 0xb6, 0x4c, 0x01, 0xb6, 0x4f, 0x10, 0xb6, 0x56, 0x01, 0xb6, 0x66, 0x01, 0xb7,
  0x52, 0x10, 0xb8, 0x12, 0x10, 0xb8, 0x18, 0x10, 0xb8, 0x25, 0x01, 0xb8, 0x50, 0x01, 0xb8, 0x60,
  0x01, 0xb9, 0x07, 0x01, 0xb9, 0x1d, 0x01, 0xb9, 0x2f, 0x01, 0xba, 0x0e, 0x10, 0xba, 0x19, 0x01,
  0xba, 0x33, 0x10, 0xba, 0x40, 0x01, 0xba, 0x54, 0x01, 0xbb, 0x23, 0x01, 0xbb, 0x31, 0x01, 0xbb,
  0x35, 0x01, 0xbb, 0x75, 0x10, 0xbc, 0x25, 0x01, 0xbc, 0x48, 0x10, 0xbc, 0x52, 0x10, 0xbc, 0x73,
  0x10, 0xbc, 0x74, 0x01, 0xbc, 0x76, 0x10, 0xbd, 0x05, 0x01, 0xbd, 0x08, 0x10, 0xbd, 0x0b, 0x10,
  0xbd, 0x49, 0x01, 0xbd, 0x53, 0x10, 0xbd, 0x6e, 0x01, 0xbe, 0x11, 0x10, 0xbe, 0x14, 0x01, 0xbe,
  0x2f, 0x01, 0xbe, 0x43, 0x01, 0xbe, 0x4e, 0x10, 0xbe, 0x63, 0x01, 0xbf, 0x04, 0x10, 0xbf, 0x2d,
  0x01, 0xbf, 0x6a, 0x01, 0xc0, 0x05, 0x10, 0xc0, 0x1d, 0x01, 0xc0, 0x41, 0x01, 0xc0, 0x4a, 0x10,
  0xc0, 0x51, 0x01, 0xc0, 0x57, 0x01, 0xc0, 0x6f, 0x01, 0xc1, 0x1b, 0x01, 0xc1, 0x2f, 0x10, 0xc1,
  0x66, 0x10, 0xc1, 0x73, 0x01, 0xc2, 0x26, 0x01, 0xc2, 0x3a, 0x10, 0xc2, 0x3d, 0x01, 0xc2, 0x43,
  0x10, 0xc2, 0x50, 0x01, 0xc2, 0x52, 0x10, 0xc2, 0x56, 0x01, 0xc3, 0x18, 0x10, 0xc3, 0x26, 0x01,
  0xc3, 0x27, 0x10, 0xc3, 0x5e, 0x10, 0xc3, 0x61, 0x01, 0xc5, 0x21, 0x10, 0xc5, 0x6d, 0x10, 0xc6,
  0x22, 0x01, 0xc6, 0x3e, 0x01, 0xc6, 0x41, 0x01, 0xc6, 0x4e, 0x10, 0xc6, 0x5c, 0x01, 0xc7, 0x08,
  0x01, 0xc8, 0x00, 0x10, 0xc8, 0x11, 0x01, 0xc8, 0x14, 0x10, 0xc8, 0x1e, 0x01, 0xc8, 0x2a, 0x01,
  0xc8, 0x39, 0x10, 0xc8, 0x74, 0x10, 0xc9, 0x22, 0x10, 0xc9, 0x27, 0x10, 0xc9, 0x53, 0x10, 0xc9,
  0x67, 0x01, 0xc9, 0x69, 0x01, 0xc9, 0x6a, 0x01, 0xca, 0x1a, 0x10, 0xca, 0x2e, 0x01, 0xca, 0x3c,
  0x01, 0xca, 0x43, 0x10, 0xca, 0x48, 0x01, 0xca, 0x5c, 0x10, 0xca, 0x73, 0x01, 0xcb, 0x0e, 0x01,
  0xcb, 0x28, 0x01, 0xcb, 0x5a, 0x10, 0xcb, 0x6e, 0x10, 0xcc, 0x13, 0x10, 0xcc, 0x1e, 0x01, 0xcc,
  0x43, 0x10, 0xcc, 0x50, 0x01, 0xcd, 0x0b, 0x10, 0xcd, 0x14, 0x10, 0xcd, 0x18, 0x10, 0xcd, 0x1c,
  0x01, 0xcd, 0x24, 0x10, 0xcd, 0x3d, 0x01, 0xcd, 0x4b, 0x01, 0xce, 0x01, 0x01, 0xce, 0x06, 0x01,
  0xce, 0x2f, 0x01, 0xce, 0x4d, 0x10, 0xce, 0x6e, 0x01, 0xce, 0x74, 0x01, 0xcf, 0x0a, 0x10, 0xcf,
  0x20, 0x10, 0xcf, 0x26, 0x10, 0xd0, 0x0e, 0x10, 0xd0, 0x2e, 0x01, 0xd0, 0x42, 0x01, 0xd0, 0x4f,
  0x01, 0xd0, 0x53, 0x10, 0xd0, 0x58, 0x01, 0xd0, 0x61, 0x10, 0xd1, 0x0a, 0x10, 0xd1, 0x2f, 0x10,
  0xd1, 0x64, 0x10, 0xd1, 0x71, 0x01, 0xd2, 0x0b, 0x10, 0xd2, 0x39, 0x10, 0xd2, 0x4d, 0x01, 0xd3,
  0x1d, 0x10, 0xd3, 0x39, 0x01, 0xd3, 0x46, 0x01, 0xd3, 0x57, 0x10, 0xd3, 0x6c, 0x10, 0xd4, 0x0d,
  0x10, 0xd4, 0x13, 0x10, 0xd4, 0x2c, 0x01, 0xd4, 0x60, 0x01, 0xd4, 0x61, 0x01, 0xd4, 0x6a, 0x10,
  0xd5, 0x0e, 0x10, 0xd5, 0x3b, 0x01, 0xd5, 0x40, 0x10, 0xd5, 0x47, 0x10, 0xd5, 0x4f, 0x01, 0xd5,
  0x53, 0x10, 0xd5, 0x5d, 0x01, 0xd5, 0x73, 0x01, 0xd6, 0x29, 0x10, 0xd6, 0x31, 0x01, 0xd6, 0x55,
  0x01, 0xd6, 0x66, 0x01, 0xd6, 0x73, 0x10, 0xd6, 0x75, 0x10, 0xd6, 0x76, 0x01, 0xd7, 0x0c, 0x10,
  0xd7, 0x19, 0x01, 0xd7, 0x1e, 0x01, 0xd7, 0x24, 0x10, 0xd7, 0x2c, 0x01, 0xd7, 0x39, 0x10, 0xd7,
  0x50, 0x01, 0xd7, 0x62, 0x01, 0xd7, 0x72, 0x10, 0xd8, 0x12, 0x10, 0xd8, 0x17, 0x01, 0xd8, 0x1c,
  0x01, 0xd8, 0x1e, 0x01, 0xd8, 0x37, 0x10, 0xd8, 0x3a, 0x10, 0xd8, 0x3e, 0x10, 0xd8, 0x56, 0x01,
  0xd8, 0x65, 0x10, 0xd8, 0x74, 0x10, 0xd9, 0x06, 0x01, 0xd9, 0x0e, 0x10, 0xd9, 0x17, 0x10, 0xd9,
  0x28, 0x10, 0xd9, 0x2f, 0x01, 0xd9, 0x31, 0x01, 0xd9, 0x4d, 0x10, 0xd9, 0x4f, 0x01, 0xd9, 0x74,
  0x01, 0xd9, 0x75, 0x01, 0xda, 0x0d, 0x10, 0xda, 0x21, 0x10, 0xda, 0x2f, 0x10, 0xda, 0x42, 0x01,
  0xda, 0x4f, 0x01, 0xda, 0x51, 0x10, 0xda, 0x53, 0x10, 0xda, 0x56, 0x01, 0xda, 0x58, 0x10, 0xda,
  0x5c, 0x10, 0xdb, 0x16, 0x01, 0xdb, 0x17, 0x01, 0xdb, 0x19, 0x10, 0xdb, 0x2d, 0x10, 0xdb, 0x2f,
  0x01, 0xdb, 0x45, 0x01, 0xdb, 0x6c, 0x01, 0xdc, 0x16, 0x01, 0xdc, 0x17, 0x01, 0xdc, 0x1e, 0x01,
  0xdc, 0x48, 0x10, 0xdc, 0x4c, 0x10, 0xdc, 0x4d, 0x01, 0xdc, 0x50, 0x10, 0xdc, 0x5d, 0x10, 0xdc,
  0x60, 0x01, 0xde, 0x1e, 0x10, 0xde, 0x31, 0x01, 0xde, 0x41, 0x01, 0xde, 0x56, 0x10, 0xde, 0x60,
  0x10, 0xde, 0x66, 0x01, 0xde, 0x71, 0x10, 0xdf, 0x1c, 0x01, 0xdf, 0x21, 0x10, 0xdf, 0x40, 0x01,
  0xdf, 0x4d, 0x01, 0xdf, 0x55, 0x10, 0xdf, 0x61, 0x01, 0xdf, 0x65, 0x01, 0xdf, 0x72, 0x10, 0xe0,
  0x15, 0x01, 0xe0, 0x27, 0x01, 0xe0, 0x3a, 0x01, 0xe0, 0x51, 0x01, 0xe0, 0x56, 0x10, 0xe0, 0x57,
  0x01, 0xe0, 0x61, 0x10, 0xe0, 0x66, 0x01, 0xe1, 0x08, 0x10, 0xe1, 0x19, 0x01, 0xe1, 0x59, 0x10,
  0xe2, 0x0e, 0x10, 0xe2, 0x39, 0x10, 0xe2, 0x40, 0x01, 0xe2, 0x4f, 0x01, 0xe3, 0x02, 0x10, 0xe3,
  0x03, 0x10, 0xe3, 0x0b, 0x10, 0xe3, 0x0c, 0x01, 0xe3, 0x11, 0x01, 0xe3, 0x1a, 0x10, 0xe3, 0x2e,
  0x10, 0xe3, 0x51, 0x10, 0xe3, 0x6c, 0x10, 0xe3, 0x6f, 0x10, 0xe4, 0x0e, 0x10, 0xe4, 0x18, 0x10,
  0xe4, 0x21, 0x10, 0xe4, 0x2b, 0x10, 0xe4, 0x3e, 0x10, 0xe4, 0x5b, 0x01, 0xe5, 0x00, 0x01, 0xe5,
  0x25, 0x01, 0xe5, 0x2a, 0x01, 0xe5, 0x2d, 0x10, 0xe6, 0x14, 0x10, 0xe6, 0x49, 0x01, 0xe6, 0x4c,
  0x10, 0xe6, 0x4e, 0x10, 0xe6, 0x4f, 0x10, 0xe6, 0x61, 0x10, 0xe6, 0x76, 0x01, 0xe7, 0x17, 0x01,
  0xe7, 0x1c, 0x01, 0xe7, 0x1d, 0x10, 0xe7, 0x3e, 0x10, 0xe7, 0x48, 0x01, 0xe7, 0x60, 0x01, 0xe8,
  0x00, 0x10, 0xe8, 0x0d, 0x10, 0xe8, 0x24, 0x10, 0xe8, 0x2d, 0x10, 0xe8, 0x2e, 0x01, 0xe8, 0x40,
  0x01, 0xe8, 0x49, 0x10, 0xe8, 0x67, 0x10, 0xe9, 0x05, 0x01, 0xe9, 0x14, 0x10, 0xe9, 0x5c, 0x01,
  0xe9, 0x5d, 0x10, 0xe9, 0x66, 0x01, 0xe9, 0x75, 0x01, 0xea, 0x14, 0x01, 0xea, 0x17, 0x01, 0xea,
  0x1c, 0x01, 0xea, 0x1e, 0x01, 0xea, 0x21, 0x10, 0xea, 0x23, 0x01, 0xea, 0x29, 0x01, 0xea, 0x2f,
  0x10, 0xea, 0x3a, 0x10, 0xea, 0x60, 0x01, 0xeb, 0x0a, 0x10, 0xeb, 0x0e, 0x10, 0xeb, 0x21, 0x10,
  0xeb, 0x23, 0x01, 0xeb, 0x24, 0x01, 0xeb, 0x4f, 0x01, 0xeb, 0x6c, 0x01, 0xeb, 0x74, 0x01, 0xec,
  0x00, 0x10, 0xec, 0x0c, 0x10, 0xec, 0x0e, 0x10, 0xec, 0x11, 0x01, 0xec, 0x18, 0x10, 0xec, 0x2d,
  0x10, 0xec, 0x2e, 0x01, 0xec, 0x32, 0x01, 0xec, 0x4f, 0x01, 0xec, 0x50, 0x10, 0xec, 0x52, 0x10,
  0xec, 0x53, 0x10, 0xed, 0x02, 0x10, 0xed, 0x0d, 0x10, 0xed, 0x28, 0x10, 0xed, 0x3b, 0x01, 0xed,
  0x48, 0x01, 0xed, 0x6d, 0x10, 0xed, 0x6f, 0x10, 0xed, 0x70, 0x10, 0xed, 0x72, 0x10, 0xee, 0x21,
  0x01, 0xee, 0x43, 0x01, 0xef, 0x00, 0x10, 0xef, 0x03, 0x01, 0xef, 0x19, 0x01, 0xef, 0x1e, 0x01,
  0xef, 0x30, 0x01, 0xef, 0x43, 0x10, 0xef, 0x56, 0x10, 0xef, 0x73, 0x01, 0xf0, 0x05, 0x10, 0xf0,
  0x41, 0x01, 0xf1, 0x00, 0x10, 0xf1, 0x1b, 0x01, 0xf1, 0x55, 0x10, 0xf1, 0x59, 0x10, 0xf1, 0x60,
  0x01, 0xf2, 0x05, 0x01, 0xf2, 0x1f, 0x01, 0xf2, 0x2a, 0x01, 0xf2, 0x4f, 0x01, 0xf3, 0x02, 0x10,
  0xf3, 0x14, 0x10, 0xf3, 0x2a, 0x01, 0xf3, 0x43, 0x01, 0xf3, 0x52, 0x01, 0xf3, 0x55, 0x01, 0xf3,
  0x56, 0x10, 0xf3, 0x62, 0x10, 0xf3, 0x66, 0x01, 0xf4, 0x32, 0x10, 0xf4, 0x4f, 0x01, 0xf4, 0x5b,
  0x01, 0xf4, 0x65, 0x01, 0xf4, 0x69, 0x01, 0xf4, 0x76, 0x10, 0xf5, 0x36, 0x01, 0xf5, 0x6a, 0x10,
  0xf5, 0x6e, 0x01, 0xf6, 0x27, 0x10, 0xf6, 0x32, 0x01, 0xf6, 0x33, 0x01, 0xf6, 0x50, 0x10, 0xf6,
  0x6f, 0x01, 0xf6, 0x75, 0x01, 0xf7, 0x1c, 0x01, 0xf7, 0x3f, 0x01, 0xf7, 0x46, 0x10, 0xf7, 0x64,
  0x10, 0xf8, 0x04, 0x01, 0xf8, 0x0b, 0x01, 0xf8, 0x0e, 0x10, 0xf8, 0x21, 0x10, 0xf8, 0x60, 0x01,
  0xf9, 0x08, 0x01, 0xf9, 0x0c, 0x01, 0xf9, 0x14, 0x10, 0xf9, 0x40, 0x10, 0xf9, 0x50, 0x10, 0xf9,
  0x52, 0x01, 0xf9, 0x57, 0x10, 0xf9, 0x62, 0x10, 0xf9, 0x67, 0x01, 0xf9, 0x6b, 0x01, 0xf9, 0x6e,
  0x01, 0xfa, 0x06, 0x10, 0xfa, 0x0e, 0x10, 0xfa, 0x1c, 0x01, 0xfa, 0x29, 0x01, 0xfa, 0x2f, 0x10,
  0xfa, 0x52, 0x10, 0xfa, 0x55, 0x10, 0xfa, 0x63, 0x01, 0xfa, 0x69, 0x10, 0xfb, 0x04, 0x01, 0xfb,
  0x0e, 0x10, 0xfb, 0x2c, 0x10, 0xfb, 0x40, 0x01, 0xfb, 0x42, 0x01, 0xfb, 0x45, 0x10, 0xfb, 0x72,
  0x01, 0xfb, 0x74, 0x01, 0xfc, 0x0e, 0x10, 0xfc, 0x21, 0x10, 0xfc, 0x6c, 0x01, 0xfd, 0x51, 0x10,
  0xfd, 0x5d, 0x01, 0xfe, 0x11, 0x01, 0xfe, 0x29, 0x10, 0xfe, 0x2b, 0x01, 0xff, 0x00, 0x10, 0xff,
  0x33, 0x01, 0xff, 0x3f, 0x01, 0xff, 0x42, 0x01, 0xff, 0x58, 0x01, 0x00, 0x6e, 0x10, 0x01, 0x2e,
  0x01, 0x01, 0x43, 0x01, 0x01, 0x56, 0x01, 0x01, 0x5c, 0x01, 0x02, 0x12, 0x01, 0x02, 0x29, 0x01,
  0x02, 0x2f, 0x01, 0x03, 0x0b, 0x01, 0x03, 0x24, 0x01, 0x03, 0x32, 0x01, 0x03, 0x36, 0x10, 0x03,
  0x45, 0x01, 0x03, 0x58, 0x01, 0x03, 0x59, 0x01, 0x03, 0x63, 0x01, 0x03, 0x6a, 0x01, 0x03, 0x6d,
  0x10, 0x04, 0x05, 0x01, 0x04, 0x26, 0x10, 0x04, 0x4c, 0x01, 0x04, 0x77, 0x10, 0x05, 0x08, 0x01,
  0x05, 0x6a, 0x10, 0x06, 0x39, 0x10, 0x06, 0x4f, 0x01, 0x06, 0x5b, 0x01, 0x07, 0x4d, 0x01, 0x07,
  0x50, 0x01, 0x07, 0x6f, 0x10, 0x08, 0x2d, 0x10, 0x08, 0x32, 0x01, 0x08, 0x38, 0x10, 0x08, 0x47,
  0x10, 0x08, 0x5e, 0x01, 0x09, 0x0f, 0x01, 0x09, 0x14, 0x10, 0x09, 0x21, 0x01, 0x09, 0x26, 0x10,
  0x09, 0x2b, 0x10, 0x09, 0x34, 0x10, 0x09, 0x35, 0x10, 0x09, 0x4d, 0x10, 0x09, 0x6c, 0x10, 0x09,
  0x76, 0x10, 0x0a, 0x2f, 0x10, 0x0a, 0x6e, 0x10, 0x0b, 0x66, 0x01, 0x0c, 0x48, 0x10, 0x0c, 0x50,
  0x01, 0x0d, 0x0e, 0x10, 0x0e, 0x23, 0x01, 0x0e, 0x25, 0x01, 0x0e, 0x32, 0x01, 0x0e, 0x4f, 0x01,
  0x0e, 0x50, 0x10, 0x0e, 0x59, 0x01, 0x0f, 0x13, 0x10, 0x0f, 0x5b, 0x01, 0x0f, 0x5e, 0x01, 0x10,
  0x00, 0x10, 0x10, 0x0e, 0x10, 0x10, 0x13, 0x01, 0x10, 0x5d, 0x10, 0x10, 0x74, 0x10, 0x11, 0x33,
  0x01, 0x11, 0x50, 0x01, 0x11, 0x6d, 0x10, 0x12, 0x18, 0x01, 0x12, 0x36, 0x01, 0x12, 0x45, 0x01,
  0x12, 0x4b, 0x01, 0x12, 0x74, 0x01, 0x13, 0x00, 0x10, 0x13, 0x14, 0x01, 0x13, 0x19, 0x01, 0x13,
  0x50, 0x10, 0x13, 0x55, 0x01, 0x13, 0x61, 0x01, 0x13, 0x70, 0x10, 0x13, 0x71, 0x10, 0x14, 0x23,
  0x01, 0x14, 0x2c, 0x10, 0x15, 0x0b, 0x01, 0x15, 0x1f, 0x10, 0x15, 0x3c, 0x10, 0x15, 0x51, 0x10,
  0x15, 0x55, 0x01, 0x15, 0x5c, 0x01, 0x15, 0x5e, 0x01, 0x15, 0x75, 0x10, 0x16, 0x30, 0x01, 0x16,
  0x44, 0x01, 0x16, 0x52, 0x01, 0x16, 0x59, 0x10, 0x17, 0x09, 0x10, 0x17, 0x0d, 0x01, 0x17, 0x10,
  0x10, 0x17, 0x1b, 0x01, 0x17, 0x2f, 0x10, 0x17, 0x47, 0x10, 0x17, 0x74, 0x10, 0x18, 0x20, 0x01,
  0x18, 0x26, 0x10, 0x18, 0x46, 0x10, 0x18, 0x67, 0x01, 0x18, 0x6e, 0x01, 0x19, 0x06, 0x01, 0x19,
  0x0c, 0x10, 0x19, 0x14, 0x10, 0x19, 0x19, 0x10, 0x19, 0x21, 0x01, 0x19, 0x29, 0x10, 0x19, 0x2f,
  0x01, 0x19, 0x33, 0x01, 0x19, 0x52, 0x10, 0x19, 0x61, 0x10, 0x19, 0x6f, 0x01, 0x19, 0x73, 0x10,
  0x19, 0x74, 0x01, 0x1a, 0x14, 0x01, 0x1a, 0x19, 0x01, 0x1a, 0x35, 0x01, 0x1a, 0x45, 0x01, 0x1a,
  0x61, 0x01, 0x1a, 0x75, 0x10, 0x1b, 0x3c, 0x01, 0x1b, 0x5d, 0x10, 0x1b, 0x64, 0x10, 0x1c, 0x05,
  0x01, 0x1c, 0x3c, 0x10, 0x1d, 0x18, 0x10, 0x1d, 0x64, 0x01, 0x1d, 0x69, 0x01, 0x1d, 0x74, 0x01,
  0x1e, 0x05, 0x01, 0x1e, 0x1a, 0x01, 0x1e, 0x34, 0x01, 0x1e, 0x4d, 0x01, 0x1e, 0x75, 0x10, 0x1f,
  0x23, 0x10, 0x20, 0x2b, 0x01, 0x20, 0x2f, 0x10, 0x20, 0x4b, 0x01, 0x20, 0x59, 0x01, 0x20, 0x5c,
  0x10, 0x20, 0x64, 0x10, 0x20, 0x68, 0x01, 0x20, 0x71, 0x01, 0x21, 0x09, 0x01, 0x21, 0x0a, 0x01,
  0x21, 0x24, 0x01, 0x21, 0x2a, 0x01, 0x21, 0x40, 0x01, 0x21, 0x4a, 0x10, 0x21, 0x5c, 0x01, 0x21,
  0x62, 0x10, 0x21, 0x69, 0x01, 0x21, 0x74, 0x01, 0x22, 0x1e, 0x01, 0x22, 0x20, 0x01, 0x22, 0x25,
  0x01, 0x23, 0x14, 0x01, 0x23, 0x22, 0x10, 0x23, 0x57, 0x01, 0x23, 0x69, 0x01, 0x24, 0x54, 0x10,
  0x24, 0x62, 0x10, 0x24, 0x77, 0x01, 0x25, 0x01, 0x10, 0x25, 0x06, 0x10, 0x25, 0x0b, 0x01, 0x25,
  0x17, 0x01, 0x25, 0x18, 0x01, 0x25, 0x1f, 0x10, 0x25, 0x2c, 0x01, 0x25, 0x49, 0x01, 0x25, 0x4e,
  0x10, 0x25, 0x51, 0x10, 0x26, 0x11, 0x10, 0x26, 0x19, 0x10, 0x26, 0x2b, 0x01, 0x26, 0x2d, 0x10,
  0x26, 0x33, 0x10, 0x26, 0x6c, 0x01, 0x27, 0x24, 0x01, 0x27, 0x68, 0x10, 0x28, 0x10, 0x01, 0x28,
  0x14, 0x10, 0x28, 0x1f, 0x01, 0x28, 0x43, 0x01, 0x28, 0x6d, 0x10, 0x29, 0x00, 0x10, 0x29, 0x18,
  0x10, 0x29, 0x2b, 0x10, 0x29, 0x2c, 0x01, 0x29, 0x4f, 0x01, 0x29, 0x53, 0x10, 0x2a, 0x31, 0x10,
  0x2a, 0x58, 0x01, 0x2a, 0x59, 0x01, 0x2a, 0x63, 0x01, 0x2b, 0x00, 0x01, 0x2b, 0x0d, 0x01, 0x2b,
  0x12, 0x01, 0x2b, 0x1a, 0x01, 0x2c, 0x13, 0x01, 0x2c, 0x1a, 0x10, 0x2c, 0x31, 0x01, 0x2c, 0x3f,
  0x01, 0x2c, 0x58, 0x01, 0x2d, 0x05, 0x01, 0x2d, 0x11, 0x10, 0x2d, 0x30, 0x10, 0x2d, 0x31, 0x10,
  0x2d, 0x50, 0x01, 0x2d, 0x5c, 0x01, 0x2e, 0x05, 0x01, 0x2e, 0x08, 0x10, 0x2e, 0x2c, 0x10, 0x2e,
  0x2f, 0x10, 0x2e, 0x44, 0x01, 0x2e, 0x5e, 0x10, 0x2f, 0x1f, 0x01, 0x2f, 0x3a, 0x01, 0x30, 0x11,
  0x01, 0x30, 0x5f, 0x01, 0x30, 0x70, 0x01, 0x31, 0x00, 0x01, 0x31, 0x0b, 0x01, 0x31, 0x11, 0x10,
  0x31, 0x1a, 0x01, 0x31, 0x29, 0x01, 0x31, 0x30, 0x10, 0x31, 0x69, 0x01, 0x32, 0x0d, 0x01, 0x32,
  0x14, 0x10, 0x32, 0x20, 0x01, 0x32, 0x4c, 0x10, 0x32, 0x59, 0x01, 0x32, 0x6c, 0x10, 0x32, 0x73,
  0x01, 0x33, 0x0b, 0x10, 0x33, 0x5b, 0x10, 0x34, 0x12, 0x10, 0x34, 0x23, 0x01, 0x34, 0x40, 0x01,
  0x34, 0x59, 0x01, 0x35, 0x0a, 0x10, 0x35, 0x3a, 0x10, 0x35, 0x3e, 0x10, 0x35, 0x54, 0x01, 0x36,
  0x14, 0x10, 0x36, 0x5c, 0x01, 0x37, 0x14, 0x01, 0x37, 0x31, 0x10, 0x37, 0x33, 0x01, 0x37, 0x59,
  0x01, 0x37, 0x69, 0x01, 0x37, 0x77, 0x01, 0x38, 0x14, 0x10, 0x38, 0x23, 0x01, 0x38, 0x2e, 0x10,
  0x38, 0x3f, 0x01, 0x38, 0x44, 0x10, 0x39, 0x11, 0x10, 0x39, 0x66, 0x10, 0x39, 0x70, 0x10, 0x3a,
  0x07, 0x10, 0x3a, 0x11, 0x10, 0x3a, 0x16, 0x01, 0x3a, 0x24, 0x01, 0x3a, 0x68, 0x10, 0x3a, 0x69,
  0x01, 0x3b, 0x3c, 0x01, 0x3b, 0x50, 0x10, 0x3b, 0x6e, 0x10, 0x3c, 0x0e, 0x01, 0x3c, 0x14, 0x01,
  0x3c, 0x25, 0x10, 0x3c, 0x34, 0x10, 0x3c, 0x5c, 0x01, 0x3c, 0x71, 0x10, 0x3d, 0x11, 0x10, 0x3d,
  0x27, 0x01, 0x3d, 0x5c, 0x01, 0x3d, 0x77, 0x01, 0x3e, 0x17, 0x01, 0x3e, 0x1c, 0x01, 0x3e, 0x26,
  0x10, 0x3e, 0x3a, 0x01, 0x3e, 0x6e, 0x10, 0x3f, 0x11, 0x10, 0x3f, 0x2f, 0x01, 0x3f, 0x61, 0x10,
  0x40, 0x0d, 0x10, 0x40, 0x19, 0x01, 0x40, 0x2f, 0x10, 0x40, 0x31, 0x01, 0x40, 0x44, 0x01, 0x40,
  0x48, 0x01, 0x40, 0x4e, 0x01, 0x40, 0x58, 0x10, 0x40, 0x5e, 0x10, 0x40, 0x67, 0x01, 0x40, 0x6e,
  0x10, 0x41, 0x2f, 0x01, 0x41, 0x43, 0x01, 0x42, 0x38, 0x01, 0x42, 0x48, 0x10, 0x43, 0x06, 0x10,
  0x43, 0x0e, 0x01, 0x43, 0x10, 0x01, 0x43, 0x24, 0x10, 0x43, 0x2f, 0x01, 0x43, 0x6d, 0x01, 0x43,
  0x74, 0x01, 0x44, 0x13, 0x01, 0x44, 0x2c, 0x10, 0x44, 0x67, 0x01, 0x45, 0x05, 0x01, 0x45, 0x1e,
  0x10, 0x45, 0x24, 0x10, 0x45, 0x36, 0x01, 0x45, 0x45, 0x01, 0x45, 0x67, 0x01, 0x46, 0x00, 0x10,
  0x46, 0x24, 0x10, 0x47, 0x06, 0x01, 0x47, 0x18, 0x10, 0x47, 0x26, 0x10, 0x47, 0x2c, 0x01, 0x47,
  0x40, 0x10, 0x47, 0x41, 0x10, 0x47, 0x5c, 0x10, 0x47, 0x6e, 0x10, 0x48, 0x5c, 0x01, 0x49, 0x00,
  0x01, 0x49, 0x12, 0x01, 0x49, 0x18, 0x10, 0x49, 0x5b, 0x10, 0x4a, 0x14, 0x10, 0x4a, 0x1a, 0x10,
  0x4a, 0x24, 0x01, 0x4a, 0x70, 0x01, 0x4b, 0x49, 0x10, 0x4b, 0x5f, 0x01, 0x4b, 0x74, 0x10, 0x4c,
  0x15, 0x10, 0x4c, 0x3d, 0x10, 0x4c, 0x61, 0x01, 0x4c, 0x66, 0x01, 0x4c, 0x72, 0x10, 0x4c, 0x74,
  0x10, 0x4d, 0x1a, 0x10, 0x4d, 0x2f, 0x01, 0x4d, 0x48, 0x10, 0x4d, 0x4a, 0x01, 0x4d, 0x67, 0x01,
  0x4d, 0x76, 0x10, 0x4e, 0x06, 0x10, 0x4e, 0x14, 0x01, 0x4e, 0x35, 0x10, 0x4e, 0x46, 0x01, 0x4e,
  0x5c, 0x10, 0x4f, 0x0b, 0x01, 0x4f, 0x75, 0x01, 0x50, 0x0b, 0x10, 0x50, 0x18, 0x10, 0x50, 0x22,
  0x10, 0x50, 0x24, 0x10, 0x50, 0x43, 0x10, 0x50, 0x46, 0x01, 0x50, 0x49, 0x10, 0x50, 0x50, 0x10,
  0x51, 0x1b, 0x01, 0x51, 0x32, 0x10, 0x51, 0x3d, 0x10, 0x51, 0x76, 0x10, 0x52, 0x14, 0x10, 0x52,
  0x4f, 0x10, 0x53, 0x19, 0x01, 0x53, 0x3c, 0x10, 0x53, 0x44, 0x10, 0x53, 0x52, 0x10, 0x53, 0x5c,
  0x01, 0x53, 0x60, 0x01, 0x54, 0x52, 0x01, 0x54, 0x5c, 0x01, 0x55, 0x00, 0x01, 0x55, 0x0b, 0x10,
  0x55, 0x22, 0x01, 0x55, 0x77, 0x01, 0x56, 0x0b, 0x10, 0x56, 0x40, 0x10, 0x56, 0x43, 0x10, 0x56,
  0x4f, 0x01, 0x56, 0x60, 0x01, 0x56, 0x6f, 0x10, 0x56, 0x75, 0x10, 0x57, 0x05, 0x01, 0x57, 0x08,
  0x10, 0x57, 0x0f, 0x10, 0x57, 0x18, 0x10, 0x57, 0x2f, 0x01, 0x57, 0x31, 0x10, 0x57, 0x5e, 0x10,
  0x58, 0x1a, 0x10, 0x58, 0x54, 0x10, 0x58, 0x5f, 0x01, 0x59, 0x3f, 0x01, 0x5a, 0x14, 0x10, 0x5a,
  0x32, 0x10, 0x5b, 0x60, 0x10, 0x5b, 0x67, 0x01, 0x5c, 0x03, 0x01, 0x5c, 0x0c, 0x10, 0x5c, 0x19,
  0x01, 0x5c, 0x20, 0x10, 0x5c, 0x2f, 0x10, 0x5c, 0x49, 0x10, 0x5c, 0x4c, 0x10, 0x5c, 0x53, 0x10,
  0x5c, 0x56, 0x01, 0x5c, 0x5c, 0x10, 0x5c, 0x6e, 0x10, 0x5d, 0x1a, 0x10, 0x5d, 0x39, 0x10, 0x5d,
  0x3b, 0x10, 0x5d, 0x40, 0x01, 0x5d, 0x72, 0x01, 0x5e, 0x00, 0x10, 0x5e, 0x05, 0x01, 0x5e, 0x0b,
  0x10, 0x5e, 0x22, 0x10, 0x5e, 0x27, 0x10, 0x5e, 0x45, 0x01, 0x5e, 0x5e, 0x10, 0x5f, 0x0e, 0x10,
  0x5f, 0x1f, 0x10, 0x5f, 0x3c, 0x01, 0x5f, 0x5f, 0x10, 0x60, 0x18, 0x10, 0x60, 0x34, 0x10, 0x60,
  0x56, 0x01, 0x60, 0x5e, 0x10, 0x60, 0x61, 0x01, 0x61, 0x0b, 0x01, 0x61, 0x13, 0x01, 0x61, 0x15,
  0x10, 0x62, 0x21, 0x01, 0x62, 0x35, 0x01, 0x62, 0x53, 0x01, 0x62, 0x57, 0x01, 0x62, 0x68, 0x10,
  0x63, 0x14, 0x01, 0x63, 0x40, 0x01, 0x63, 0x42, 0x01, 0x64, 0x24, 0x01, 0x64, 0x25, 0x01, 0x64,
  0x46, 0x10, 0x64, 0x51, 0x10, 0x64, 0x5c, 0x01, 0x65, 0x08, 0x10, 0x65, 0x14, 0x01, 0x65, 0x1a,
  0x01, 0x65, 0x45, 0x01, 0x65, 0x5c, 0x01, 0x66, 0x01, 0x10, 0x66, 0x08, 0x01, 0x66, 0x14, 0x10,
  0x66, 0x27, 0x10, 0x66, 0x34, 0x10, 0x66, 0x48, 0x01, 0x66, 0x58, 0x10, 0x66, 0x66, 0x01, 0x67,
  0x4a, 0x10, 0x67, 0x59, 0x10, 0x67, 0x69, 0x01, 0x67, 0x72, 0x01, 0x68, 0x14, 0x10, 0x68, 0x1e,
  0x01, 0x68, 0x26, 0x10, 0x68, 0x31, 0x01, 0x68, 0x37, 0x01, 0x68, 0x40, 0x01, 0x68, 0x44, 0x10,
  0x68, 0x63, 0x10, 0x69, 0x37, 0x10, 0x6a, 0x02, 0x01, 0x6a, 0x14, 0x10, 0x6a, 0x51, 0x10, 0x6a,
  0x56, 0x01, 0x6b, 0x14, 0x10, 0x6b, 0x1b, 0x10, 0x6b, 0x2e, 0x10, 0x6c, 0x05, 0x01, 0x6c, 0x12,
  0x01, 0x6c, 0x1f, 0x10, 0x6c, 0x28, 0x10, 0x6c, 0x2e, 0x10, 0x6c, 0x3c, 0x01, 0x6c, 0x58, 0x10,
  0x6d, 0x1b, 0x01, 0x6d, 0x2c, 0x01, 0x6d, 0x70, 0x10, 0x6e, 0x02, 0x10, 0x6e, 0x0b, 0x10, 0x6e,
  0x0e, 0x10, 0x6e, 0x44, 0x01, 0x6e, 0x4c, 0x10, 0x6e, 0x50, 0x10, 0x6e, 0x58, 0x10, 0x6e, 0x5c,
  0x10, 0x6e, 0x5e, 0x10, 0x6e, 0x63, 0x01, 0x6e, 0x74, 0x10, 0x6f, 0x0c, 0x10, 0x6f, 0x14, 0x10,
  0x6f, 0x3c, 0x01, 0x6f, 0x5d, 0x10, 0x6f, 0x63, 0x10, 0x70, 0x1e, 0x01, 0x70, 0x34, 0x10, 0x70,
  0x65, 0x10, 0x71, 0x02, 0x10, 0x71, 0x1c, 0x01, 0x71, 0x57, 0x01, 0x71, 0x6c, 0x01, 0x72, 0x42,
  0x10, 0x72, 0x5b, 0x10, 0x72, 0x5d, 0x10, 0x73, 0x05, 0x01, 0x73, 0x1b, 0x01, 0x73, 0x1d, 0x10,
  0x73, 0x2f, 0x10, 0x74, 0x12, 0x10, 0x74, 0x4e, 0x10, 0x75, 0x0e, 0x01, 0x75, 0x11, 0x10, 0x75,
  0x40, 0x01, 0x75, 0x4a, 0x10, 0x75, 0x5e, 0x01, 0x76, 0x06, 0x01, 0x76, 0x0e, 0x01, 0x76, 0x14,
  0x10, 0x76, 0x28, 0x10, 0x76, 0x31, 0x01, 0x77, 0x20, 0x01, 0x77, 0x70, 0x01, 0x78, 0x53, 0x01,
  0x78, 0x65, 0x01, 0x79, 0x0a, 0x01, 0x79, 0x2f, 0x01, 0x79, 0x37, 0x10, 0x79, 0x5d, 0x01, 0x7a,
  0x39, 0x10, 0x7b, 0x06, 0x01, 0x7b, 0x2e, 0x10, 0x7b, 0x61, 0x10, 0x7c, 0x25, 0x01, 0x7c, 0x26,
  0x10, 0x7c, 0x2e, 0x10, 0x7c, 0x63, 0x01, 0x7c, 0x64, 0x10, 0x7d, 0x14, 0x10, 0x7d, 0x21, 0x10,
  0x7d, 0x29, 0x01, 0x7d, 0x56, 0x01, 0x7d, 0x59, 0x01, 0x7d, 0x72, 0x10, 0x7e, 0x04, 0x01, 0x7f,
  0x0a, 0x10, 0x7f, 0x14, 0x10, 0x7f, 0x42, 0x10, 0x80, 0x1d, 0x01, 0x80, 0x47, 0x10, 0x81, 0x39,
  0x10, 0x81, 0x4f, 0x01, 0x82, 0x00, 0x10, 0x82, 0x0d, 0x10, 0x82, 0x14, 0x01, 0x82, 0x17, 0x01,
  0x82, 0x3f, 0x01, 0x82, 0x55, 0x10, 0x82, 0x5d, 0x01, 0x83, 0x18, 0x10, 0x83, 0x19, 0x01, 0x83,
  0x1d, 0x10, 0x83, 0x20, 0x10, 0x83, 0x22, 0x01, 0x83, 0x39, 0x10, 0x83, 0x44, 0x01, 0x83, 0x48,
  0x01, 0x83, 0x63, 0x10, 0x83, 0x67, 0x10, 0x84, 0x04, 0x10, 0x84, 0x1c, 0x01, 0x84, 0x5e, 0x01,
  0x84, 0x65, 0x01, 0x85, 0x02, 0x01, 0x85, 0x05, 0x10, 0x85, 0x21, 0x10, 0x85, 0x66, 0x10, 0x86,
  0x14, 0x10, 0x86, 0x18, 0x01, 0x86, 0x25, 0x01, 0x86, 0x4e, 0x10, 0x86, 0x51, 0x10, 0x86, 0x55,
  0x01, 0x86, 0x66, 0x01, 0x87, 0x03, 0x10, 0x87, 0x17, 0x10, 0x87, 0x53, 0x10, 0x87, 0x6a, 0x10,
  0x87, 0x6e, 0x10, 0x88, 0x58, 0x01, 0x88, 0x72, 0x10, 0x89, 0x1c, 0x10, 0x89, 0x2d, 0x10, 0x89,
  0x42, 0x01, 0x89, 0x46, 0x01, 0x89, 0x4c, 0x01, 0x89, 0x5a, 0x10, 0x8a, 0x12, 0x10, 0x8a, 0x14,
  0x10, 0x8a, 0x2f, 0x10, 0x8a, 0x53, 0x10, 0x8a, 0x70, 0x01, 0x8b, 0x2f, 0x01, 0x8b, 0x48, 0x10,
  0x8b, 0x5c, 0x01, 0x8b, 0x5f, 0x10, 0x8c, 0x1e, 0x01, 0x8c, 0x22, 0x01, 0x8c, 0x2f, 0x01, 0x8c,
  0x53, 0x01, 0x8c, 0x61, 0x10, 0x8d, 0x43, 0x10, 0x8d, 0x5e, 0x01, 0x8e, 0x08, 0x01, 0x8e, 0x57,
  0x10, 0x8f, 0x03, 0x10, 0x8f, 0x17, 0x01, 0x8f, 0x1f, 0x01, 0x8f, 0x2e, 0x01, 0x8f, 0x4f, 0x01,
  0x8f, 0x56, 0x01, 0x8f, 0x75, 0x10, 0x90, 0x14, 0x10, 0x90, 0x2d, 0x01, 0x90, 0x31, 0x01, 0x90,
  0x44, 0x01, 0x90, 0x58, 0x01, 0x91, 0x0e, 0x10, 0x91, 0x12, 0x10, 0x91, 0x21, 0x10, 0x91, 0x50,
  0x01, 0x91, 0x66, 0x10, 0x92, 0x2f, 0x01, 0x92, 0x39, 0x10, 0x92, 0x42, 0x01, 0x92, 0x5d, 0x01,
  0x92, 0x62, 0x01, 0x92, 0x67, 0x10, 0x92, 0x6a, 0x10, 0x93, 0x45, 0x10, 0x93, 0x4f, 0x01, 0x93,
  0x50, 0x01, 0x93, 0x5e, 0x01, 0x93, 0x6f, 0x10, 0x93, 0x73, 0x01, 0x93, 0x75, 0x10, 0x93, 0x77,
  0x01, 0x94, 0x23, 0x01, 0x94, 0x2c, 0x01, 0x95, 0x09, 0x10, 0x95, 0x26, 0x01, 0x95, 0x28, 0x01,
  0x95, 0x53, 0x10, 0x95, 0x68, 0x01, 0x96, 0x06, 0x10, 0x96, 0x21, 0x01, 0x96, 0x2f, 0x01, 0x96,
  0x4f, 0x10, 0x96, 0x5c, 0x01, 0x96, 0x74, 0x01, 0x97, 0x1a, 0x10, 0x97, 0x2d, 0x01, 0x97, 0x3b,
  0x10, 0x97, 0x4f, 0x01, 0x97, 0x53, 0x10, 0x98, 0x0c, 0x10, 0x98, 0x14, 0x01, 0x98, 0x23, 0x01,
  0x99, 0x08, 0x01, 0x99, 0x1b, 0x01, 0x99, 0x37, 0x01, 0x99, 0x52, 0x01, 0x9a, 0x0b, 0x10, 0x9a,
  0x0c, 0x10, 0x9a, 0x14, 0x10, 0x9a, 0x25, 0x01, 0x9a, 0x2e, 0x01, 0x9a, 0x37, 0x01, 0x9a, 0x3b,
  0x10, 0x9a, 0x3c, 0x01, 0x9a, 0x42, 0x01, 0x9a, 0x62, 0x01, 0x9b, 0x0c, 0x10, 0x9b, 0x19, 0x10,
  0x9b, 0x29, 0x10, 0x9b, 0x72, 0x01, 0x9b, 0x74, 0x01, 0x9c, 0x14, 0x10, 0x9c, 0x28, 0x01, 0x9c,
  0x34, 0x10, 0x9d, 0x2f, 0x10, 0x9d, 0x32, 0x10, 0x9e, 0x00, 0x01, 0x9e, 0x02, 0x10, 0x9e, 0x0c,
  0x01, 0x9e, 0x0d, 0x01, 0x9e, 0x31, 0x01, 0x9e, 0x4f, 0x10, 0x9e, 0x52, 0x01, 0x9e, 0x5e, 0x01,
  0x9e, 0x64, 0x10, 0x9f, 0x1c, 0x01, 0x9f, 0x2c, 0x01, 0x9f, 0x43, 0x10, 0x9f, 0x52, 0x10, 0x9f,
  0x56, 0x01, 0xa0, 0x12, 0x01, 0xa0, 0x29, 0x01, 0xa0, 0x2e, 0x10, 0xa0, 0x5d, 0x10, 0xa1, 0x18,
  0x10, 0xa1, 0x1a, 0x01, 0xa1, 0x3b, 0x10, 0xa1, 0x43, 0x10, 0xa1, 0x66, 0x10, 0xa1, 0x77, 0x01,
  0xa2, 0x35, 0x01, 0xa2, 0x43, 0x01, 0xa2, 0x5b, 0x10, 0xa3, 0x1c, 0x01, 0xa3, 0x41, 0x01, 0xa4,
  0x00, 0x10, 0xa4, 0x09, 0x10, 0xa4, 0x4f, 0x01, 0xa4, 0x75, 0x01, 0xa5, 0x04, 0x01, 0xa5, 0x26,
  0x01, 0xa5, 0x28, 0x10, 0xa5, 0x29, 0x01, 0xa5, 0x59, 0x10, 0xa6, 0x22, 0x01, 0xa6, 0x27, 0x10,
  0xa6, 0x29, 0x10, 0xa6, 0x2f, 0x01, 0xa6, 0x36, 0x10, 0xa6, 0x37, 0x01, 0xa6, 0x63, 0x10, 0xa6,
  0x74, 0x01, 0xa7, 0x00, 0x10, 0xa7, 0x0a, 0x10, 0xa7, 0x4d, 0x01, 0xa7, 0x60, 0x01, 0xa8, 0x00,
  0x10, 0xa8, 0x0e, 0x10, 0xa8, 0x11, 0x10, 0xa8, 0x1d, 0x10, 0xa8, 0x21, 0x10, 0xa8, 0x48, 0x01,
  0xa8, 0x49, 0x10, 0xa8, 0x61, 0x10, 0xa8, 0x66, 0x10, 0xa8, 0x69, 0x01, 0xa9, 0x14, 0x10, 0xa9,
  0x27, 0x10, 0xa9, 0x29, 0x01, 0xa9, 0x31, 0x01, 0xa9, 0x3e, 0x10, 0xa9, 0x63, 0x10, 0xa9, 0x66,
  0x01, 0xa9, 0x6f, 0x10, 0xaa, 0x21, 0x10, 0xaa, 0x34, 0x10, 0xaa, 0x42, 0x01, 0xaa, 0x44, 0x01,
  0xaa, 0x4b, 0x10, 0xaa, 0x4d, 0x01, 0xaa, 0x4f, 0x01, 0xaa, 0x50, 0x01, 0xaa, 0x56, 0x01, 0xab,
  0x05, 0x10, 0xab, 0x0f, 0x01, 0xab, 0x21, 0x10, 0xab, 0x2f, 0x01, 0xab, 0x46, 0x01, 0xab, 0x74,
  0x01, 0xac, 0x0f, 0x01, 0xac, 0x25, 0x10, 0xac, 0x31, 0x10, 0xac, 0x39, 0x10, 0xac, 0x4f, 0x01,
  0xac, 0x59, 0x01, 0xad, 0x0d, 0x10, 0xad, 0x56, 0x01, 0xae, 0x11, 0x01, 0xae, 0x31, 0x01, 0xae,
  0x67, 0x10, 0xaf, 0x13, 0x10, 0xaf, 0x22, 0x10, 0xaf, 0x32, 0x10, 0xaf, 0x39, 0x10, 0xaf, 0x55,
  0x10, 0xaf, 0x65, 0x01, 0xb0, 0x00, 0x01, 0xb0, 0x14, 0x01, 0xb0, 0x58, 0x10, 0xb0, 0x6d, 0x10,
  0xb1, 0x2e, 0x01, 0xb1, 0x59, 0x10, 0xb1, 0x5d, 0x01, 0xb2, 0x1e, 0x10, 0xb2, 0x26, 0x10, 0xb2,
  0x29, 0x01, 0xb2, 0x55, 0x01, 0xb3, 0x17, 0x10, 0xb3, 0x41, 0x10, 0xb3, 0x53, 0x01, 0xb3, 0x56,
  0x10, 0xb3, 0x73, 0x01, 0xb3, 0x75, 0x10, 0xb4, 0x29, 0x01, 0xb4, 0x50, 0x01, 0xb4, 0x5c, 0x01,
  0xb4, 0x5d, 0x01, 0xb4, 0x5e, 0x01, 0xb5, 0x05, 0x01, 0xb5, 0x26, 0x01, 0xb5, 0x51, 0x10, 0xb5,
  0x68, 0x01, 0xb6, 0x33, 0x01, 0xb6, 0x39, 0x10, 0xb6, 0x3b, 0x01, 0xb6, 0x3f, 0x01, 0xb6, 0x47,
  0x10, 0xb6, 0x4e, 0x10, 0xb6, 0x5d, 0x01, 0xb6, 0x61, 0x10, 0xb6, 0x72, 0x01, 0xb7, 0x0a, 0x10,
  0xb7, 0x36, 0x01, 0xb7, 0x44, 0x10, 0xb7, 0x4f, 0x01, 0xb7, 0x61, 0x01, 0xb7, 0x6a, 0x01, 0xb7,
  0x75, 0x10, 0xb8, 0x0e, 0x10, 0xb8, 0x21, 0x10, 0xb8, 0x27, 0x01, 0xb8, 0x3f, 0x10, 0xb8, 0x5e,
  0x01, 0xb8, 0x72, 0x01, 0xb9, 0x27, 0x10, 0xb9, 0x35, 0x10, 0xb9, 0x37, 0x10, 0xb9, 0x50, 0x10,
  0xb9, 0x73, 0x10, 0xba, 0x19, 0x01, 0xba, 0x29, 0x01, 0xba, 0x61, 0x01, 0xba, 0x65, 0x01, 0xbb,
  0x09, 0x10, 0xbb, 0x16, 0x10, 0xbb, 0x2d, 0x10, 0xbb, 0x5c, 0x01, 0xbc, 0x14, 0x01, 0xbc, 0x19,
  0x01, 0xbc, 0x2b, 0x01, 0xbc, 0x6d, 0x01, 0xbc, 0x72, 0x01, 0xbd, 0x12, 0x10, 0xbd, 0x30, 0x10,
  0xbd, 0x4b, 0x10, 0xbd, 0x4c, 0x10, 0xbd, 0x73, 0x01, 0xbe, 0x4a, 0x10, 0xbe, 0x4b, 0x10, 0xbe,
  0x4d, 0x01, 0xbe, 0x5e, 0x10, 0xbe, 0x6e, 0x10, 0xbf, 0x16, 0x01, 0xbf, 0x19, 0x01, 0xbf, 0x3e,
  0x01, 0xc0, 0x18, 0x01, 0xc0, 0x27, 0x10, 0xc0, 0x52, 0x10, 0xc1, 0x2d, 0x10, 0xc1, 0x30, 0x10,
  0xc1, 0x57, 0x10, 0xc1, 0x69, 0x01, 0xc1, 0x74, 0x01, 0xc2, 0x00, 0x01, 0xc2, 0x08, 0x01, 0xc2,
  0x35, 0x01, 0xc3, 0x60, 0x10, 0xc4, 0x1b, 0x10, 0xc4, 0x1c, 0x10, 0xc4, 0x3b, 0x10, 0xc4, 0x68,
  0x01, 0xc4, 0x74, 0x01, 0xc5, 0x12, 0x01, 0xc5, 0x3e, 0x10, 0xc6, 0x1a, 0x01, 0xc6, 0x5a, 0x01,
  0xc6, 0x68, 0x01, 0xc7, 0x2b, 0x01, 0xc7, 0x3f, 0x01, 0xc7, 0x41, 0x01, 0xc7, 0x5d, 0x10, 0xc7,
  0x62, 0x10, 0xc7, 0x63, 0x01, 0xc7, 0x6a, 0x01, 0xc8, 0x17, 0x10, 0xc8, 0x21, 0x10, 0xc8, 0x29,
  0x01, 0xc8, 0x75, 0x01, 0xc9, 0x15, 0x01, 0xc9, 0x25, 0x01, 0xc9, 0x3b, 0x01, 0xca, 0x0d, 0x01,
  0xca, 0x32, 0x10, 0xca, 0x5e, 0x10, 0xca, 0x68, 0x01, 0xca, 0x76, 0x10, 0xcb, 0x25, 0x01, 0xcb,
  0x26, 0x01, 0xcb, 0x41, 0x01, 0xcc, 0x32, 0x10, 0xcd, 0x1c, 0x10, 0xcd, 0x27, 0x01, 0xcd, 0x4d,
  0x10, 0xcd, 0x53, 0x10, 0xcd, 0x63, 0x10, 0xcd, 0x6b, 0x10, 0xcd, 0x6e, 0x01, 0xce, 0x00, 0x10,
  0xce, 0x33, 0x01, 0xce, 0x4d, 0x01, 0xce, 0x56, 0x01, 0xcf, 0x55, 0x10, 0xcf, 0x68, 0x01, 0xd0,
  0x03, 0x01, 0xd0, 0x22, 0x10, 0xd2, 0x24, 0x01, 0xd2, 0x2a, 0x01, 0xd2, 0x2c, 0x01, 0xd2, 0x39,
  0x01, 0xd2, 0x51, 0x01, 0xd2, 0x58, 0x01, 0xd2, 0x5d, 0x10, 0xd2, 0x65, 0x01, 0xd2, 0x6c, 0x01,
  0xd3, 0x14, 0x01, 0xd3, 0x1f, 0x01, 0xd3, 0x50, 0x01, 0xd3, 0x5d, 0x10, 0xd3, 0x65, 0x01, 0xd3,
  0x66, 0x10, 0xd3, 0x69, 0x01, 0xd4, 0x13, 0x01, 0xd4, 0x1b, 0x10, 0xd4, 0x29, 0x01, 0xd4, 0x2c,
  0x10, 0xd4, 0x3c, 0x01, 0xd4, 0x52, 0x01, 0xd4, 0x6b, 0x10, 0xd5, 0x1b, 0x01, 0xd5, 0x30, 0x01,
  0xd5, 0x49, 0x01, 0xd5, 0x63, 0x01, 0xd5, 0x69, 0x10, 0xd5, 0x75, 0x10, 0xd6, 0x1c, 0x10, 0xd6,
  0x1f, 0x01, 0xd6, 0x29, 0x01, 0xd6, 0x2f, 0x10, 0xd6, 0x72, 0x10, 0xd7, 0x0c, 0x10, 0xd7, 0x14,
  0x01, 0xd7, 0x3a, 0x01, 0xd7, 0x4a, 0x10, 0xd7, 0x59, 0x01, 0xd7, 0x5d, 0x10, 0xd7, 0x6e, 0x10,
  0xd8, 0x12, 0x01, 0xd8, 0x2a, 0x01, 0xd8, 0x46, 0x10, 0xd9, 0x45, 0x10, 0xda, 0x04, 0x10, 0xda,
  0x06, 0x10, 0xda, 0x2f, 0x01, 0xda, 0x3d, 0x10, 0xda, 0x47, 0x01, 0xda, 0x50, 0x01, 0xda, 0x5f,
  0x10, 0xdb, 0x30, 0x01, 0xdb, 0x31, 0x01, 0xdb, 0x5d, 0x10, 0xdb, 0x70, 0x01, 0xdc, 0x14, 0x10,
  0xdc, 0x20, 0x10, 0xdc, 0x5b, 0x01, 0xdc, 0x66, 0x01, 0xdd, 0x33, 0x10, 0xdd, 0x3b, 0x10, 0xdd,
  0x51, 0x01, 0xdd, 0x5c, 0x01, 0xdd, 0x75, 0x01, 0xde, 0x08, 0x10, 0xde, 0x4f, 0x01, 0xde, 0x58,
  0x10, 0xdf, 0x45, 0x01, 0xe0, 0x09, 0x10, 0xe0, 0x10, 0x10, 0xe0, 0x62, 0x01, 0xe1, 0x14, 0x10,
  0xe1, 0x38, 0x10, 0xe1, 0x41, 0x01, 0xe1, 0x4f, 0x10, 0xe2, 0x21, 0x01, 0xe2, 0x31, 0x01, 0xe2,
  0x43, 0x10, 0xe2, 0x48, 0x10, 0xe3, 0x11, 0x10, 0xe3, 0x15, 0x01, 0xe3, 0x3e, 0x01, 0xe3, 0x63,
  0x01, 0xe4, 0x11, 0x10, 0xe4, 0x18, 0x01, 0xe4, 0x1d, 0x01, 0xe4, 0x28, 0x01, 0xe4, 0x45, 0x01,
  0xe4, 0x47, 0x01, 0xe4, 0x58, 0x01, 0xe4, 0x5d, 0x10, 0xe4, 0x66, 0x01, 0xe5, 0x0c, 0x10, 0xe5,
  0x12, 0x01, 0xe5, 0x6b, 0x01, 0xe5, 0x72, 0x10, 0xe6, 0x52, 0x01, 0xe6, 0x56, 0x10, 0xe6, 0x5c,
  0x10, 0xe7, 0x05, 0x10, 0xe7, 0x35, 0x01, 0xe7, 0x6f, 0x01, 0xe8, 0x08, 0x01, 0xe8, 0x14, 0x10,
  0xe8, 0x16, 0x10, 0xe8, 0x56, 0x10, 0xe9, 0x11, 0x10, 0xe9, 0x3b, 0x10, 0xe9, 0x46, 0x01, 0xe9,
  0x69, 0x01, 0xea, 0x3a, 0x01, 0xea, 0x49, 0x10, 0xea, 0x59, 0x01, 0xea, 0x5d, 0x10, 0xea, 0x76,
  0x01, 0xeb, 0x24, 0x01, 0xeb, 0x44, 0x10, 0xeb, 0x62, 0x10, 0xec, 0x4d, 0x01, 0xed, 0x1b, 0x10,
  0xed, 0x66, 0x01, 0xee, 0x01, 0x01, 0xee, 0x08, 0x10, 0xee, 0x0b, 0x10, 0xee, 0x2b, 0x10, 0xee,
  0x3f, 0x10, 0xee, 0x5c, 0x10, 0xee, 0x66, 0x10, 0xee, 0x69, 0x01, 0xee, 0x74, 0x01, 0xf0, 0x57,
  0x01, 0xf0, 0x69, 0x10, 0xf0, 0x6a, 0x01, 0xf1, 0x68, 0x10, 0xf2, 0x00, 0x10, 0xf2, 0x07, 0x01,
  0xf2, 0x35, 0x01, 0xf2, 0x64, 0x01, 0xf2, 0x71, 0x10, 0xf3, 0x11, 0x10, 0xf3, 0x3e, 0x01, 0xf3,
  0x45, 0x01, 0xf3, 0x56, 0x10, 0xf3, 0x76, 0x01, 0xf4, 0x33, 0x01, 0xf4, 0x3f, 0x01, 0xf4, 0x59,
  0x01, 0xf4, 0x64, 0x01, 0xf4, 0x68, 0x10, 0xf5, 0x0c, 0x10, 0xf5, 0x0e, 0x10, 0xf5, 0x22, 0x10,
  0xf5, 0x23, 0x01, 0xf5, 0x55, 0x10, 0xf5, 0x62, 0x10, 0xf6, 0x08, 0x01, 0xf6, 0x18, 0x01, 0xf6,
  0x26, 0x10, 0xf6, 0x28, 0x01, 0xf6, 0x3a, 0x01, 0xf6, 0x56, 0x01, 0xf6, 0x59, 0x10, 0xf6, 0x72,
  0x01, 0xf7, 0x2d, 0x01, 0xf7, 0x45, 0x01, 0xf7, 0x59, 0x01, 0xf7, 0x5f, 0x10, 0xf7, 0x6f, 0x01,
  0xf8, 0x11, 0x01, 0xf8, 0x18, 0x01, 0xf8, 0x1c, 0x10, 0xf8, 0x2e, 0x10, 0xf9, 0x42, 0x01, 0xfa,
  0x16, 0x01, 0xfa, 0x28, 0x01, 0xfa, 0x35, 0x01, 0xfa, 0x43, 0x10, 0xfa, 0x4d, 0x01, 0xfa, 0x59,
  0x01, 0xfa, 0x6f, 0x01, 0xfb, 0x17, 0x01, 0xfb, 0x51, 0x10, 0xfb, 0x55, 0x01, 0xfc, 0x10, 0x10,
  0xfc, 0x28, 0x01, 0xfc, 0x2d, 0x01, 0xfc, 0x3a, 0x01, 0xfc, 0x3d, 0x01, 0xfc, 0x4d, 0x01, 0xfc,
  0x59, 0x01, 0xfc, 0x64, 0x10, 0xfd, 0x00, 0x01, 0xfd, 0x11, 0x10, 0xfd, 0x6a, 0x10, 0xfd, 0x73,
  0x10, 0xfd, 0x74, 0x01, 0xfe, 0x26, 0x10, 0xfe, 0x2f, 0x01, 0xfe, 0x35, 0x01, 0xff, 0x37, 0x01,
  0xff, 0x3c, 0x01, 0xff, 0x49, 0x10, 0x00, 0x0d, 0x10, 0x00, 0x5a, 0x10, 0x00, 0x5e, 0x10, 0x00,
  0x60, 0x01, 0x00, 0x66, 0x01, 0x00, 0x6d, 0x01, 0x01, 0x14, 0x10, 0x01, 0x35, 0x01, 0x01, 0x3c,
  0x01, 0x02, 0x2d, 0x01, 0x02, 0x33, 0x10, 0x02, 0x45, 0x01, 0x03, 0x15, 0x01, 0x03, 0x2f, 0x01,
  0x03, 0x45, 0x01, 0x03, 0x48, 0x10, 0x03, 0x57, 0x10, 0x03, 0x72, 0x01, 0x03, 0x77, 0x01, 0x04,
  0x11, 0x01, 0x04, 0x72, 0x10, 0x05, 0x0b, 0x10, 0x05, 0x18, 0x10, 0x05, 0x1f, 0x10, 0x05, 0x20,
  0x10, 0x05, 0x77, 0x01, 0x06, 0x18, 0x10, 0x06, 0x4d, 0x10, 0x06, 0x52, 0x01, 0x06, 0x5b, 0x10,
  0x06, 0x6d, 0x10, 0x06, 0x75, 0x10, 0x07, 0x1c, 0x01, 0x07, 0x2c, 0x01, 0x07, 0x40, 0x10, 0x07,
  0x46, 0x01, 0x07, 0x5e, 0x10, 0x08, 0x14, 0x10, 0x08, 0x19, 0x10, 0x09, 0x0c, 0x10, 0x09, 0x37,
  0x10, 0x09, 0x38, 0x01, 0x09, 0x3c, 0x01, 0x09, 0x56, 0x01, 0x09, 0x5a, 0x10, 0x0a, 0x0b, 0x10,
  0x0a, 0x14, 0x10, 0x0a, 0x28, 0x10, 0x0a, 0x37, 0x01, 0x0a, 0x5c, 0x10, 0x0b, 0x05, 0x01, 0x0b,
  0x72, 0x10, 0x0d, 0x0e, 0x01, 0x0d, 0x1f, 0x01, 0x0d, 0x2d, 0x01, 0x0d, 0x37, 0x01, 0x0d, 0x55,
  0x01, 0x0d, 0x60, 0x10, 0x0e, 0x11, 0x01, 0x0e, 0x4b, 0x10, 0x0e, 0x6e, 0x10, 0x0f, 0x16, 0x01,
  0x0f, 0x17, 0x01, 0x0f, 0x33, 0x01, 0x0f, 0x52, 0x10, 0x10, 0x00, 0x10, 0x10, 0x0d, 0x10, 0x10,
  0x19, 0x01, 0x10, 0x1b, 0x01, 0x10, 0x2c, 0x01, 0x10, 0x43, 0x10, 0x10, 0x4c, 0x10, 0x10, 0x56,
  0x01, 0x11, 0x23, 0x01, 0x11, 0x2d, 0x01, 0x11, 0x70, 0x01, 0x12, 0x1a, 0x10, 0x12, 0x2d, 0x01,
  0x12, 0x40, 0x10, 0x12, 0x64, 0x10, 0x13, 0x23, 0x01, 0x13, 0x40, 0x01, 0x13, 0x59, 0x01, 0x13,
  0x62, 0x10, 0x14, 0x32, 0x10, 0x14, 0x3c, 0x01, 0x14, 0x6b, 0x10, 0x15, 0x0a, 0x10, 0x15, 0x2e,
  0x10, 0x15, 0x34, 0x01, 0x15, 0x40, 0x10, 0x15, 0x45, 0x01, 0x15, 0x54, 0x10, 0x16, 0x00, 0x10,
  0x16, 0x2a, 0x10, 0x17, 0x0d, 0x10, 0x17, 0x12, 0x01, 0x17, 0x22, 0x10, 0x17, 0x23, 0x10, 0x17,
  0x48, 0x01, 0x17, 0x66, 0x10, 0x18, 0x05, 0x01, 0x18, 0x07, 0x01, 0x18, 0x08, 0x01, 0x18, 0x6c,
  0x10, 0x19, 0x1e, 0x01, 0x19, 0x53, 0x01, 0x1a, 0x05, 0x01, 0x1a, 0x46, 0x01, 0x1a, 0x53, 0x01,
  0x1b, 0x06, 0x01, 0x1b, 0x09, 0x10, 0x1b, 0x1c, 0x01, 0x1b, 0x20, 0x10, 0x1b, 0x33, 0x10, 0x1b,
  0x46, 0x01, 0x1b, 0x4e, 0x01, 0x1b, 0x57, 0x01, 0x1b, 0x61, 0x01, 0x1b, 0x69, 0x01, 0x1c, 0x01,
  0x10, 0x1c, 0x0d, 0x10, 0x1c, 0x0e, 0x10, 0x1c, 0x14, 0x10, 0x1c, 0x37, 0x01, 0x1c, 0x3d, 0x10,
  0x1c, 0x4f, 0x01, 0x1c, 0x56, 0x01, 0x1c, 0x5c, 0x10, 0x1c, 0x61, 0x01, 0x1c, 0x68, 0x10, 0x1c,
  0x6c, 0x10, 0x1c, 0x6f, 0x10, 0x1c, 0x72, 0x10, 0x1d, 0x14, 0x10, 0x1d, 0x3f, 0x01, 0x1e, 0x00,
  0x10, 0x1e, 0x07, 0x10, 0x1e, 0x0b, 0x10, 0x1e, 0x2d, 0x01, 0x1e, 0x39, 0x10, 0x1e, 0x53, 0x10,
  0x1e, 0x73, 0x01, 0x1f, 0x25, 0x01, 0x1f, 0x43, 0x01, 0x1f, 0x6f, 0x10, 0x20, 0x04, 0x01, 0x20,
  0x11, 0x01, 0x20, 0x22, 0x10, 0x20, 0x39, 0x10, 0x20, 0x44, 0x01, 0x20, 0x69, 0x01, 0x21, 0x37,
  0x01, 0x21, 0x57, 0x01, 0x22, 0x13, 0x10, 0x22, 0x2f, 0x01, 0x22, 0x4f, 0x10, 0x22, 0x6c, 0x01,
  0x23, 0x10, 0x01, 0x23, 0x6d, 0x10, 0x24, 0x13, 0x10, 0x24, 0x18, 0x01, 0x24, 0x31, 0x01, 0x24,
  0x49, 0x01, 0x24, 0x6d, 0x01, 0x24, 0x76, 0x01, 0x25, 0x15, 0x01, 0x25, 0x2f, 0x01, 0x25, 0x4d,
  0x01, 0x25, 0x74, 0x01, 0x26, 0x03, 0x10, 0x26, 0x0b, 0x10, 0x26, 0x14, 0x10, 0x26, 0x18, 0x10,
  0x26, 0x25, 0x01, 0x26, 0x29, 0x01, 0x26, 0x3a, 0x10, 0x26, 0x3b, 0x01, 0x26, 0x48, 0x01, 0x26,
  0x4f, 0x01, 0x26, 0x57, 0x01, 0x27, 0x4b, 0x01, 0x28, 0x02, 0x10, 0x28, 0x56, 0x01, 0x29, 0x22,
  0x10, 0x29, 0x42, 0x01, 0x29, 0x4f, 0x10, 0x29, 0x6c, 0x01, 0x29, 0x73, 0x10, 0x2a, 0x0f, 0x10,
  0x2a, 0x27, 0x01, 0x2a, 0x2c, 0x01, 0x2a, 0x2f, 0x01, 0x2a, 0x48, 0x10, 0x2a, 0x6c, 0x01, 0x2b,
  0x18, 0x10, 0x2b, 0x1c, 0x01, 0x2c, 0x01, 0x10, 0x2c, 0x1f, 0x10, 0x2c, 0x27, 0x10, 0x2c, 0x32,
  0x10, 0x2c, 0x5c, 0x10, 0x2d, 0x22, 0x01, 0x2d, 0x24, 0x01, 0x2d, 0x25, 0x01, 0x2d, 0x44, 0x10,
  0x2d, 0x50, 0x01, 0x2d, 0x53, 0x10, 0x2e, 0x14, 0x10, 0x2e, 0x18, 0x10, 0x2e, 0x24, 0x10, 0x2e,
  0x30, 0x01, 0x2e, 0x3c, 0x01, 0x2e, 0x46, 0x01, 0x2e, 0x57, 0x01, 0x2f, 0x00, 0x10, 0x2f, 0x25,
  0x01, 0x30, 0x24, 0x10, 0x30, 0x2b, 0x01, 0x30, 0x31, 0x01, 0x30, 0x38, 0x10, 0x31, 0x1c, 0x01,
  0x31, 0x5a, 0x10, 0x32, 0x1c, 0x01, 0x32, 0x20, 0x01, 0x32, 0x24, 0x01, 0x32, 0x41, 0x01, 0x32,
  0x58, 0x01, 0x32, 0x66, 0x10, 0x33, 0x0a, 0x10, 0x33, 0x40, 0x01, 0x33, 0x53, 0x10, 0x34, 0x04,
  0x10, 0x34, 0x0f, 0x01, 0x34, 0x1c, 0x01, 0x34, 0x26, 0x10, 0x34, 0x51, 0x01, 0x34, 0x6b, 0x01,
  0x35, 0x0b, 0x01, 0x35, 0x4c, 0x01, 0x35, 0x68, 0x01, 0x36, 0x14, 0x10, 0x36, 0x1a, 0x10, 0x36,
  0x4f, 0x10, 0x36, 0x68, 0x01, 0x37, 0x17, 0x10, 0x37, 0x52, 0x01, 0x38, 0x44, 0x10, 0x38, 0x60,
  0x01, 0x38, 0x63, 0x10, 0x38, 0x74, 0x01, 0x39, 0x15, 0x01, 0x39, 0x1f, 0x01, 0x39, 0x40, 0x01,
  0x39, 0x69, 0x01, 0x3a, 0x06, 0x10, 0x3a, 0x27, 0x01, 0x3a, 0x3c, 0x10, 0x3a, 0x5b, 0x01, 0x3a,
  0x5e, 0x01, 0x3a, 0x5f, 0x01, 0x3b, 0x04, 0x01, 0x3b, 0x14, 0x01, 0x3b, 0x17, 0x01, 0x3b, 0x1f,
  0x10, 0x3b, 0x54, 0x10, 0x3b, 0x74, 0x01, 0x3c, 0x17, 0x01, 0x3c, 0x3b, 0x01, 0x3c, 0x45, 0x01,
  0x3c, 0x50, 0x10, 0x3c, 0x6d, 0x10, 0x3d, 0x0a, 0x10, 0x3d, 0x12, 0x10, 0x3d, 0x27, 0x01, 0x3d,
  0x37, 0x01, 0x3d, 0x50, 0x01, 0x3d, 0x63, 0x10, 0x3d, 0x72, 0x10, 0x3e, 0x0b, 0x10, 0x3e, 0x14,
  0x10, 0x3e, 0x18, 0x10, 0x3e, 0x20, 0x10, 0x3e, 0x3c, 0x01, 0x3e, 0x66, 0x01, 0x3e, 0x6d, 0x10,
  0x3f, 0x0d, 0x10, 0x3f, 0x58, 0x10, 0x40, 0x08, 0x01, 0x40, 0x0c, 0x01, 0x40, 0x0e, 0x01, 0x40,
  0x14, 0x10, 0x40, 0x23, 0x10, 0x40, 0x27, 0x10, 0x40, 0x28, 0x10, 0x40, 0x2f, 0x10, 0x40, 0x3f,
  0x10, 0x40, 0x45, 0x01, 0x40, 0x58, 0x10, 0x41, 0x00, 0x10, 0x41, 0x3a, 0x01, 0x41, 0x55, 0x10,
  0x41, 0x72, 0x01, 0x42, 0x2f, 0x01, 0x42, 0x61, 0x10, 0x42, 0x6c, 0x01, 0x42, 0x6f, 0x01, 0x42,
  0x72, 0x01, 0x43, 0x04, 0x10, 0x43, 0x09, 0x10, 0x43, 0x18, 0x10, 0x43, 0x1b, 0x01, 0x43, 0x21,
  0x10, 0x43, 0x4f, 0x01, 0x43, 0x71, 0x10, 0x44, 0x09, 0x01, 0x44, 0x0b, 0x01, 0x44, 0x2e, 0x10,
  0x44, 0x2f, 0x01, 0x44, 0x31, 0x10, 0x44, 0x3e, 0x01, 0x44, 0x5e, 0x01, 0x44, 0x6c, 0x01, 0x44,
  0x72, 0x01, 0x45, 0x24, 0x01, 0x45, 0x2d, 0x10, 0x45, 0x64, 0x01, 0x45, 0x72, 0x01, 0x46, 0x0e,
  0x01, 0x46, 0x1b, 0x01, 0x46, 0x2d, 0x01, 0x46, 0x2e, 0x10, 0x46, 0x37, 0x10, 0x46, 0x52, 0x01,
  0x46, 0x69, 0x10, 0x47, 0x06, 0x01, 0x47, 0x1d, 0x01, 0x47, 0x4b, 0x01, 0x47, 0x4c, 0x01, 0x47,
  0x60, 0x10, 0x48, 0x0b, 0x01, 0x48, 0x18, 0x01, 0x48, 0x1b, 0x10, 0x48, 0x23, 0x01, 0x48, 0x2d,
  0x10, 0x48, 0x6a, 0x01, 0x48, 0x6d, 0x01, 0x49, 0x20, 0x10, 0x49, 0x22, 0x01, 0x49, 0x24, 0x10,
  0x49, 0x26, 0x01, 0x49, 0x2e, 0x01, 0x49, 0x6c, 0x10, 0x4a, 0x0f, 0x10, 0x4a, 0x12, 0x10, 0x4a,
  0x29, 0x01, 0x4a, 0x38, 0x01, 0x4a, 0x50, 0x01, 0x4a, 0x6d, 0x10, 0x4b, 0x08, 0x10, 0x4b, 0x0e,
  0x01, 0x4b, 0x11, 0x10, 0x4b, 0x13, 0x01, 0x4b, 0x2d, 0x10, 0x4b, 0x2f, 0x01, 0x4b, 0x48, 0x10,
  0x4b, 0x73, 0x10, 0x4c, 0x33, 0x01, 0x4c, 0x40, 0x01, 0x4c, 0x5d, 0x01, 0x4c, 0x60, 0x01, 0x4c,
  0x65, 0x10, 0x4c, 0x68, 0x10, 0x4d, 0x12, 0x10, 0x4d, 0x1a, 0x10, 0x4d, 0x37, 0x01, 0x4e, 0x16,
  0x01, 0x4e, 0x1c, 0x01, 0x4e, 0x24, 0x10, 0x4e, 0x2b, 0x10, 0x4e, 0x50, 0x01, 0x4f, 0x26, 0x10,
  0x4f, 0x27, 0x01, 0x4f, 0x48, 0x10, 0x4f, 0x4e, 0x10, 0x4f, 0x60, 0x01, 0x4f, 0x61, 0x10, 0x50,
  0x09, 0x01, 0x50, 0x1e, 0x10, 0x50, 0x31, 0x01, 0x50, 0x3b, 0x01, 0x50, 0x50, 0x10, 0x51, 0x00,
  0x10, 0x51, 0x2d, 0x10, 0x51, 0x46, 0x01, 0x51, 0x4d, 0x01, 0x52, 0x0a, 0x01, 0x52, 0x1e, 0x10,
  0x52, 0x2f, 0x01, 0x52, 0x35, 0x01, 0x52, 0x45, 0x10, 0x54, 0x00, 0x10, 0x54, 0x14, 0x01, 0x54,
  0x29, 0x01, 0x54, 0x2f, 0x01, 0x54, 0x4f, 0x01, 0x55, 0x09, 0x10, 0x55, 0x26, 0x01, 0x55, 0x39,
  0x10, 0x56, 0x0a, 0x10, 0x56, 0x2d, 0x10, 0x56, 0x2f, 0x01, 0x56, 0x46, 0x10, 0x56, 0x5c, 0x01,
  0x56, 0x72, 0x01, 0x56, 0x73, 0x10, 0x57, 0x02, 0x01, 0x57, 0x4e, 0x01, 0x57, 0x69, 0x01, 0x58,
  0x0d, 0x01, 0x58, 0x24, 0x01, 0x58, 0x34, 0x01, 0x58, 0x39, 0x10, 0x58, 0x51, 0x01, 0x58, 0x5b,
  0x01, 0x58, 0x6c, 0x01, 0x59, 0x08, 0x01, 0x59, 0x14, 0x10, 0x59, 0x1a, 0x10, 0x59, 0x31, 0x01,
  0x59, 0x52, 0x01, 0x59, 0x6a, 0x10, 0x5a, 0x21, 0x10, 0x5a, 0x4f, 0x01, 0x5b, 0x05, 0x10, 0x5b,
  0x1e, 0x10, 0x5b, 0x2f, 0x01, 0x5b, 0x37, 0x01, 0x5b, 0x4a, 0x10, 0x5b, 0x52, 0x01, 0x5b, 0x61,
  0x10, 0x5b, 0x73, 0x10, 0x5b, 0x74, 0x01, 0x5c, 0x1e, 0x10, 0x5c, 0x35, 0x10, 0x5c, 0x37, 0x01,
  0x5c, 0x4b, 0x01, 0x5c, 0x5e, 0x01, 0x5c, 0x72, 0x01, 0x5d, 0x09, 0x10, 0x5d, 0x12, 0x10, 0x5d,
  0x3b, 0x10, 0x5d, 0x4b, 0x01, 0x5d, 0x4f, 0x01, 0x5e, 0x52, 0x01, 0x5e, 0x6f, 0x10, 0x5f, 0x00,
  0x10, 0x5f, 0x12, 0x10, 0x5f, 0x21, 0x10, 0x5f, 0x4c, 0x01, 0x5f, 0x50, 0x01, 0x5f, 0x60, 0x01,
  0x60, 0x0c, 0x01, 0x60, 0x12, 0x01, 0x60, 0x2e, 0x10, 0x60, 0x31, 0x01, 0x60, 0x35, 0x10, 0x61,
  0x08, 0x01, 0x61, 0x0e, 0x10, 0x61, 0x31, 0x01, 0x61, 0x53, 0x10, 0x61, 0x5e, 0x01, 0x63, 0x21,
  0x10, 0x64, 0x26, 0x01, 0x64, 0x2f, 0x01, 0x64, 0x48, 0x01, 0x64, 0x6d, 0x01, 0x64, 0x6e, 0x01,
  0x65, 0x26, 0x01, 0x65, 0x43, 0x01, 0x66, 0x13, 0x01, 0x66, 0x28, 0x01, 0x66, 0x33, 0x01, 0x66,
  0x4c, 0x01, 0x66, 0x5f, 0x01, 0x66, 0x61, 0x10, 0x66, 0x64, 0x01, 0x66, 0x66, 0x01, 0x66, 0x6f,
  0x01, 0x66, 0x74, 0x01, 0x68, 0x15, 0x01, 0x68, 0x33, 0x01, 0x69, 0x08, 0x01, 0x69, 0x14, 0x10,
  0x69, 0x31, 0x01, 0x69, 0x6a, 0x10, 0x6a, 0x0e, 0x10, 0x6a, 0x4a, 0x10, 0x6a, 0x6e, 0x01, 0x6b,
  0x02, 0x01, 0x6b, 0x0b, 0x01, 0x6b, 0x15, 0x01, 0x6b, 0x26, 0x01, 0x6b, 0x72, 0x01, 0x6c, 0x0e,
  0x10, 0x6c, 0x0f, 0x01, 0x6c, 0x2f, 0x01, 0x6c, 0x59, 0x01, 0x6d, 0x05, 0x01, 0x6d, 0x08, 0x01,
  0x6d, 0x4e, 0x10, 0x6d, 0x5f, 0x10, 0x6e, 0x19, 0x01, 0x6e, 0x65, 0x10, 0x6e, 0x71, 0x01, 0x6f,
  0x17, 0x10, 0x6f, 0x29, 0x01, 0x6f, 0x35, 0x01, 0x70, 0x04, 0x10, 0x70, 0x11, 0x01, 0x70, 0x34,
  0x10, 0x70, 0x4f, 0x10, 0x70, 0x50, 0x10, 0x70, 0x59, 0x01, 0x70, 0x6e, 0x10, 0x70, 0x6f, 0x01,
  0x71, 0x29, 0x01, 0x71, 0x56, 0x01, 0x71, 0x70, 0x01, 0x72, 0x43, 0x01, 0x72, 0x4a, 0x10, 0x73,
  0x52, 0x10, 0x74, 0x0e, 0x10, 0x75, 0x1b, 0x01, 0x75, 0x3b, 0x01, 0x75, 0x5f, 0x01, 0x75, 0x68,
  0x01, 0x75, 0x72, 0x10, 0x76, 0x0e, 0x10, 0x76, 0x11, 0x10, 0x76, 0x12, 0x10, 0x76, 0x32, 0x01,
  0x76, 0x75, 0x01, 0x77, 0x19, 0x01, 0x77, 0x5b, 0x01, 0x78, 0x09, 0x10, 0x79, 0x0c, 0x01, 0x79,
  0x4a, 0x10, 0x79, 0x69, 0x10, 0x7a, 0x21, 0x10, 0x7a, 0x29, 0x01, 0x7a, 0x36, 0x01, 0x7a, 0x3a,
  0x01, 0x7c, 0x06, 0x10, 0x7c, 0x10, 0x10, 0x7c, 0x20, 0x10, 0x7c, 0x25, 0x10, 0x7c, 0x2f, 0x01,
  0x7c, 0x63, 0x10, 0x7d, 0x21, 0x10, 0x7d, 0x29, 0x01, 0x7d, 0x2c, 0x10, 0x7e, 0x00, 0x10, 0x7e,
  0x0a, 0x10, 0x7e, 0x28, 0x01, 0x7f, 0x0e, 0x10, 0x7f, 0x13, 0x01, 0x7f, 0x15, 0x01, 0x7f, 0x52,
  0x01, 0x7f, 0x72, 0x01, 0x80, 0x04, 0x10, 0x80, 0x28, 0x01, 0x80, 0x3c, 0x01, 0x80, 0x50, 0x10,
  0x80, 0x64, 0x01, 0x80, 0x68, 0x10, 0x80, 0x6e, 0x10, 0x81, 0x29, 0x01, 0x81, 0x2b, 0x01, 0x81,
  0x4d, 0x10, 0x82, 0x01, 0x01, 0x82, 0x27, 0x10, 0x82, 0x3e, 0x01, 0x82, 0x66, 0x01, 0x83, 0x00,
  0x01, 0x83, 0x16, 0x01, 0x83, 0x17, 0x10, 0x83, 0x50, 0x01, 0x84, 0x2c, 0x10, 0x84, 0x45, 0x01,
  0x85, 0x2c, 0x10, 0x85, 0x37, 0x10, 0x85, 0x66, 0x10, 0x86, 0x22, 0x01, 0x86, 0x77, 0x01, 0x87,
  0x4d, 0x01, 0x87, 0x5d, 0x10, 0x89, 0x1f, 0x01, 0x89, 0x3a, 0x01, 0x89, 0x73, 0x10, 0x8a, 0x2f,
  0x01, 0x8a, 0x46, 0x01, 0x8b, 0x01, 0x10, 0x8b, 0x07, 0x01, 0x8c, 0x3b, 0x01, 0x8c, 0x45, 0x01,
  0x8c, 0x47, 0x10, 0x8d, 0x27, 0x01, 0x8d, 0x65, 0x01, 0x8e, 0x24, 0x10, 0x8e, 0x6d, 0x10, 0x8f,
  0x2a, 0x01, 0x90, 0x0e, 0x10, 0x90, 0x21, 0x10, 0x90, 0x45, 0x01, 0x90, 0x60, 0x01, 0x90, 0x6f,
  0x01, 0x90, 0x72, 0x01, 0x91, 0x0c, 0x01, 0x91, 0x0e, 0x01, 0x91, 0x2b, 0x01, 0x92, 0x3e, 0x01,
  0x92, 0x6e, 0x10, 0x93, 0x29, 0x01, 0x93, 0x3a, 0x01, 0x93, 0x59, 0x01, 0x93, 0x5d, 0x10, 0x94,
  0x10, 0x10, 0x94, 0x1d, 0x10, 0x94, 0x3c, 0x01, 0x94, 0x41, 0x01, 0x94, 0x45, 0x01, 0x94, 0x57,
  0x01, 0x95, 0x20, 0x10, 0x95, 0x50, 0x10, 0x95, 0x5b, 0x10, 0x95, 0x6a, 0x01, 0x95, 0x6c, 0x01,
  0x96, 0x12, 0x10, 0x96, 0x1f, 0x01, 0x96, 0x20, 0x01, 0x96, 0x43, 0x01, 0x97, 0x1b, 0x10, 0x97,
  0x6c, 0x10, 0x97, 0x77, 0x10, 0x98, 0x02, 0x01, 0x98, 0x0d, 0x01, 0x98, 0x19, 0x10, 0x98, 0x2a,
  0x01, 0x98, 0x70, 0x10, 0x99, 0x24, 0x10, 0x99, 0x44, 0x01, 0x99, 0x4a, 0x10, 0x99, 0x4f, 0x10,
  0x99, 0x5f, 0x01, 0x99, 0x64, 0x10, 0x99, 0x6f, 0x01, 0x9a, 0x1c, 0x01, 0x9b, 0x06, 0x10, 0x9b,
  0x12, 0x01, 0x9b, 0x51, 0x10, 0x9c, 0x34, 0x01, 0x9c, 0x57, 0x01, 0x9d, 0x00, 0x01, 0x9d, 0x0b,
  0x01, 0x9d, 0x43, 0x01, 0x9d, 0x45, 0x01, 0x9d, 0x55, 0x01, 0x9d, 0x69, 0x01, 0x9d, 0x6b, 0x10,
  0x9e, 0x1c, 0x01, 0x9e, 0x26, 0x10, 0x9e, 0x54, 0x10, 0x9e, 0x63, 0x10, 0x9f, 0x04, 0x01, 0xa0,
  0x21, 0x10, 0xa0, 0x4a, 0x10, 0xa0, 0x55, 0x10, 0xa0, 0x6f, 0x01, 0xa0, 0x77, 0x10, 0xa1, 0x0e,
  0x01, 0xa1, 0x0f, 0x01, 0xa1, 0x37, 0x01, 0xa1, 0x4d, 0x10, 0xa2, 0x28, 0x01, 0xa2, 0x3a, 0x01,
  0xa2, 0x3e, 0x01, 0xa2, 0x56, 0x01, 0xa2, 0x57, 0x01, 0xa2, 0x5e, 0x10, 0xa3, 0x05, 0x10, 0xa3,
  0x2a, 0x01, 0xa3, 0x2f, 0x01, 0xa3, 0x3b, 0x10, 0xa3, 0x5a, 0x01, 0xa3, 0x6c, 0x01, 0xa3, 0x74,
  0x01, 0xa4, 0x0b, 0x01, 0xa4, 0x12, 0x01, 0xa4, 0x14, 0x10, 0xa4, 0x2d, 0x01, 0xa4, 0x44, 0x10,
  0xa4, 0x45, 0x01, 0xa4, 0x5d, 0x10, 0xa4, 0x60, 0x01, 0xa5, 0x0e, 0x10, 0xa5, 0x19, 0x01, 0xa5,
  0x66, 0x10, 0xa6, 0x3f, 0x01, 0xa6, 0x74, 0x10, 0xa7, 0x04, 0x10, 0xa7, 0x34, 0x10, 0xa7, 0x3a,
  0x01, 0xa7, 0x72, 0x01, 0xa8, 0x64, 0x01, 0xa9, 0x10, 0x01, 0xa9, 0x1b, 0x10, 0xa9, 0x69, 0x01,
  0xaa, 0x12, 0x01, 0xaa, 0x14, 0x10, 0xaa, 0x2b, 0x10, 0xaa, 0x33, 0x01, 0xaa, 0x40, 0x10, 0xaa,
  0x43, 0x10, 0xaa, 0x63, 0x10, 0xaa, 0x6f, 0x01, 0xaa, 0x72, 0x01, 0xab, 0x19, 0x01, 0xab, 0x1f,
  0x01, 0xab, 0x26, 0x10, 0xab, 0x3b, 0x01, 0xab, 0x70, 0x10, 0xac, 0x06, 0x01, 0xac, 0x1c, 0x01,
  0xac, 0x30, 0x01, 0xac, 0x3a, 0x01, 0xac, 0x5e, 0x10, 0xad, 0x0b, 0x01, 0xad, 0x16, 0x01, 0xad,
  0x4b, 0x01, 0xad, 0x6e, 0x10, 0xae, 0x26, 0x10, 0xae, 0x3a, 0x01, 0xaf, 0x64, 0x10, 0xaf, 0x71,
  0x10, 0xb0, 0x0b, 0x10, 0xb0, 0x18, 0x10, 0xb0, 0x24, 0x10, 0xb0, 0x39, 0x10, 0xb0, 0x4e, 0x01,
  0xb0, 0x4f, 0x01, 0xb0, 0x69, 0x01, 0xb0, 0x70, 0x10, 0xb0, 0x73, 0x10, 0xb1, 0x0c, 0x10, 0xb1,
  0x14, 0x10, 0xb1, 0x1f, 0x10, 0xb1, 0x31, 0x01, 0xb1, 0x48, 0x10, 0xb1, 0x6e, 0x10, 0xb2, 0x00,
  0x10, 0xb2, 0x09, 0x10, 0xb2, 0x1f, 0x10, 0xb2, 0x21, 0x10, 0xb2, 0x27, 0x10, 0xb2, 0x2d, 0x01,
  0xb2, 0x33, 0x01, 0xb2, 0x66, 0x10, 0xb3, 0x11, 0x10, 0xb3, 0x21, 0x01, 0xb3, 0x28, 0x01, 0xb3,
  0x30, 0x10, 0xb3, 0x72, 0x01, 0xb4, 0x16, 0x01, 0xb4, 0x2b, 0x10, 0xb5, 0x04, 0x10, 0xb5, 0x4c,
  0x10, 0xb5, 0x59, 0x01, 0xb5, 0x6e, 0x10, 0xb6, 0x04, 0x10, 0xb6, 0x71, 0x10, 0xb6, 0x73, 0x10,
  0xb7, 0x28, 0x01, 0xb7, 0x2f, 0x01, 0xb7, 0x31, 0x01, 0xb7, 0x3a, 0x01, 0xb7, 0x3e, 0x01, 0xb7,
  0x45, 0x01, 0xb7, 0x48, 0x10, 0xb7, 0x4b, 0x10, 0xb7, 0x56, 0x01, 0xb7, 0x6f, 0x01, 0xb7, 0x72,
  0x01, 0xb8, 0x04, 0x10, 0xb8, 0x1d, 0x01, 0xb8, 0x1e, 0x01, 0xb8, 0x26, 0x10, 0xb8, 0x27, 0x10,
  0xb8, 0x29, 0x10, 0xb8, 0x56, 0x01, 0xb9, 0x1a, 0x10, 0xb9, 0x31, 0x10, 0xb9, 0x4e, 0x01, 0xba,
  0x01, 0x01, 0xba, 0x02, 0x01, 0xba, 0x16, 0x10, 0xba, 0x2d, 0x01, 0xba, 0x33, 0x01, 0xba, 0x57,
  0x01, 0xba, 0x64, 0x01, 0xba, 0x68, 0x10, 0xba, 0x71, 0x10, 0xba, 0x74, 0x01, 0xbb, 0x1c, 0x01,
  0xbb, 0x1f, 0x10, 0xbb, 0x2f, 0x01, 0xbb, 0x38, 0x01, 0xbb, 0x5c, 0x10, 0xbc, 0x12, 0x01, 0xbc,
  0x19, 0x10, 0xbc, 0x25, 0x10, 0xbc, 0x3e, 0x01, 0xbc, 0x51, 0x01, 0xbc, 0x63, 0x10, 0xbc, 0x74,
  0x01, 0xbd, 0x0c, 0x10, 0xbd, 0x3b, 0x01, 0xbd, 0x5a, 0x10, 0xbe, 0x5b, 0x10, 0xbe, 0x61, 0x10,
  0xbf, 0x0d, 0x10, 0xbf, 0x1b, 0x01, 0xbf, 0x2c, 0x01, 0xbf, 0x65, 0x10, 0xbf, 0x6d, 0x10, 0xc0,
  0x46, 0x01, 0xc0, 0x56, 0x01, 0xc0, 0x58, 0x10, 0xc0, 0x65, 0x10, 0xc1, 0x08, 0x01, 0xc1, 0x2d,
  0x01, 0xc1, 0x57, 0x01, 0xc1, 0x60, 0x01, 0xc2, 0x0c, 0x10, 0xc2, 0x1c, 0x01, 0xc2, 0x2c, 0x01,
  0xc2, 0x33, 0x10, 0xc2, 0x5e, 0x10, 0xc3, 0x4f, 0x10, 0xc3, 0x58, 0x10, 0xc3, 0x5d, 0x10, 0xc3,
  0x61, 0x01, 0xc4, 0x5c, 0x10, 0xc4, 0x5e, 0x10, 0xc5, 0x0d, 0x10, 0xc5, 0x20, 0x10, 0xc5, 0x47,
  0x01, 0xc5, 0x5e, 0x10, 0xc5, 0x68, 0x10, 0xc6, 0x1b, 0x01, 0xc6, 0x28, 0x10, 0xc6, 0x2d, 0x01,
  0xc6, 0x42, 0x01, 0xc6, 0x6a, 0x10, 0xc7, 0x0a, 0x10, 0xc7, 0x1e, 0x01, 0xc7, 0x3f, 0x10, 0xc7,
  0x40, 0x10, 0xc8, 0x08, 0x01, 0xc8, 0x15, 0x10, 0xc8, 0x5d, 0x10, 0xc9, 0x0d, 0x10, 0xc9, 0x38,
  0x01, 0xca, 0x08, 0x01, 0xca, 0x1f, 0x10, 0xca, 0x2c, 0x01, 0xca, 0x2d, 0x01, 0xca, 0x40, 0x10,
  0xca, 0x6d, 0x10, 0xca, 0x6e, 0x10, 0xcc, 0x08, 0x01, 0xcc, 0x14, 0x10, 0xcc, 0x31, 0x01, 0xcc,
  0x4c, 0x10, 0xcc, 0x61, 0x01, 0xcd, 0x14, 0x10, 0xcd, 0x22, 0x01, 0xcd, 0x3e, 0x10, 0xcd, 0x46,
  0x01, 0xcd, 0x77, 0x01, 0xce, 0x14, 0x10, 0xce, 0x31, 0x01, 0xce, 0x53, 0x10, 0xce, 0x56, 0x10,
  0xce, 0x6c, 0x10, 0xce, 0x73, 0x01, 0xcf, 0x08, 0x10, 0xcf, 0x18, 0x10, 0xcf, 0x1c, 0x01, 0xcf,
  0x4e, 0x01, 0xcf, 0x57, 0x01, 0xd0, 0x1f, 0x01, 0xd0, 0x20, 0x10, 0xd0, 0x39, 0x10, 0xd0, 0x3b,
  0x01, 0xd0, 0x5b, 0x10, 0xd1, 0x40, 0x10, 0xd1, 0x70, 0x10, 0xd2, 0x0d, 0x10, 0xd2, 0x2b, 0x10,
  0xd2, 0x2c, 0x01, 0xd2, 0x47, 0x01, 0xd2, 0x56, 0x01, 0xd2, 0x60, 0x01, 0xd2, 0x6a, 0x10, 0xd3,
  0x64, 0x10, 0xd4, 0x13, 0x10, 0xd4, 0x27, 0x01, 0xd4, 0x45, 0x01, 0xd5, 0x35, 0x10, 0xd5, 0x47,
  0x01, 0xd6, 0x02, 0x10, 0xd6, 0x14, 0x10, 0xd6, 0x27, 0x10, 0xd6, 0x28, 0x10, 0xd6, 0x31, 0x01,
  0xd6, 0x46, 0x01, 0xd6, 0x61, 0x01, 0xd6, 0x6f, 0x10, 0xd6, 0x72, 0x10, 0xd7, 0x00, 0x10, 0xd7,
  0x27, 0x10, 0xd7, 0x52, 0x01, 0xd7, 0x65, 0x10, 0xd8, 0x43, 0x10, 0xd8, 0x4d, 0x01, 0xd8, 0x59,
  0x01, 0xd8, 0x60, 0x01, 0xd8, 0x74, 0x10, 0xd8, 0x76, 0x01, 0xd9, 0x4e, 0x01, 0xda, 0x1c, 0x01,
  0xda, 0x1e, 0x01, 0xda, 0x2f, 0x10, 0xda, 0x40, 0x10, 0xda, 0x4d, 0x01, 0xda, 0x4e, 0x01, 0xda,
  0x68, 0x10, 0xda, 0x6e, 0x10, 0xda, 0x75, 0x10, 0xdb, 0x20, 0x10, 0xdb, 0x5c, 0x10, 0xdb, 0x66,
  0x01, 0xdb, 0x6c, 0x10, 0xdb, 0x74, 0x10, 0xdc, 0x08, 0x01, 0xdc, 0x2e, 0x01, 0xdc, 0x33, 0x10,
  0xdc, 0x41, 0x01, 0xdc, 0x48, 0x01, 0xdc, 0x69, 0x01, 0xde, 0x08, 0x01, 0xde, 0x14, 0x10, 0xde,
  0x1f, 0x01, 0xde, 0x21, 0x10, 0xde, 0x26, 0x01, 0xde, 0x31, 0x01, 0xde, 0x41, 0x10, 0xde, 0x55,
  0x01, 0xde, 0x75, 0x01, 0xdf, 0x08, 0x01, 0xdf, 0x0b, 0x10, 0xdf, 0x14, 0x10, 0xdf, 0x1c, 0x01,
  0xdf, 0x20, 0x10, 0xdf, 0x2f, 0x10, 0xdf, 0x44, 0x01, 0xdf, 0x57, 0x01, 0xdf, 0x61, 0x01, 0xdf,
  0x72, 0x10, 0xe0, 0x20, 0x10, 0xe0, 0x3f, 0x10, 0xe0, 0x58, 0x10, 0xe0, 0x66, 0x01, 0xe0, 0x74,
  0x10, 0xe1, 0x17, 0x01, 0xe1, 0x2e, 0x10, 0xe1, 0x66, 0x10, 0xe2, 0x04, 0x10, 0xe2, 0x0f, 0x01,
  0xe2, 0x13, 0x10, 0xe2, 0x1c, 0x01, 0xe2, 0x1f, 0x10, 0xe2, 0x27, 0x10, 0xe2, 0x43, 0x10, 0xe3,
  0x52, 0x10, 0xe3, 0x56, 0x01, 0xe4, 0x09, 0x10, 0xe4, 0x31, 0x01, 0xe4, 0x59, 0x01, 0xe5, 0x1e,
  0x01, 0xe5, 0x51, 0x10, 0xe6, 0x08, 0x01, 0xe6, 0x14, 0x10, 0xe6, 0x2d, 0x01, 0xe6, 0x4f, 0x10,
  0xe6, 0x53, 0x10, 0xe6, 0x5d, 0x10, 0xe6, 0x6f, 0x10, 0xe6, 0x74, 0x10, 0xe7, 0x2d, 0x01, 0xe7,
  0x43, 0x10, 0xe7, 0x4e, 0x01, 0xe8, 0x12, 0x01, 0xe8, 0x1c, 0x01, 0xe8, 0x27, 0x10, 0xe8, 0x2c,
  0x01, 0xe8, 0x39, 0x01, 0xe8, 0x3b, 0x01, 0xe9, 0x5f, 0x01, 0xe9, 0x71, 0x01, 0xea, 0x0d, 0x10,
  0xea, 0x22, 0x10, 0xea, 0x29, 0x10, 0xea, 0x2d, 0x01, 0xea, 0x57, 0x01, 0xea, 0x5d, 0x10, 0xea,
  0x65, 0x10, 0xeb, 0x09, 0x01, 0xeb, 0x0d, 0x10, 0xeb, 0x29, 0x10, 0xeb, 0x54, 0x01, 0xeb, 0x5e,
  0x10, 0xeb, 0x60, 0x01, 0xeb, 0x6e, 0x10, 0xec, 0x65, 0x10, 0xee, 0x08, 0x01, 0xee, 0x09, 0x10,
  0xee, 0x0d, 0x01, 0xee, 0x0e, 0x10, 0xee, 0x14, 0x10, 0xee, 0x29, 0x01, 0xee, 0x2f, 0x10, 0xee,
  0x63, 0x10, 0xef, 0x05, 0x01, 0xef, 0x0b, 0x10, 0xef, 0x1f, 0x10, 0xef, 0x32, 0x10, 0xef, 0x35,
  0x01, 0xef, 0x3f, 0x10, 0xef, 0x4d, 0x01, 0xef, 0x5d, 0x10, 0xef, 0x6e, 0x10, 0xf0, 0x0c, 0x01,
  0xf0, 0x11, 0x01, 0xf0, 0x18, 0x10, 0xf0, 0x24, 0x10, 0xf0, 0x4d, 0x10, 0xf0, 0x52, 0x01, 0xf0,
  0x68, 0x01, 0xf1, 0x05, 0x10, 0xf1, 0x0b, 0x01, 0xf1, 0x40, 0x01, 0xf1, 0x47, 0x10, 0xf1, 0x6e,
  0x10, 0xf2, 0x56, 0x01, 0xf3, 0x36, 0x01, 0xf3, 0x3b, 0x10, 0xf3, 0x61, 0x10, 0xf3, 0x70, 0x01,
  0xf4, 0x09, 0x01, 0xf4, 0x0a, 0x10, 0xf4, 0x1c, 0x01, 0xf4, 0x1f, 0x10, 0xf4, 0x2c, 0x01, 0xf4,
  0x43, 0x10, 0xf4, 0x52, 0x10, 0xf4, 0x56, 0x01, 0xf5, 0x08, 0x10, 0xf5, 0x5d, 0x01, 0xf5, 0x6b,
  0x01, 0xf6, 0x08, 0x01, 0xf6, 0x2d, 0x01, 0xf6, 0x3b, 0x01, 0xf6, 0x50, 0x10, 0xf7, 0x00, 0x01,
  0xf7, 0x01, 0x01, 0xf7, 0x5b, 0x10, 0xf8, 0x16, 0x10, 0xf8, 0x1f, 0x10, 0xf8, 0x23, 0x01, 0xf8,
  0x2b, 0x10, 0xf8, 0x2c, 0x01, 0xf8, 0x43, 0x10, 0xf8, 0x56, 0x01, 0xf8, 0x57, 0x01, 0xf8, 0x6e,
  0x10, 0xf9, 0x2c, 0x10, 0xf9, 0x2e, 0x01, 0xf9, 0x45, 0x10, 0xf9, 0x75, 0x01, 0xfa, 0x27, 0x10,
  0xfa, 0x29, 0x10, 0xfa, 0x55, 0x10, 0xfa, 0x56, 0x01, 0xfb, 0x40, 0x10, 0xfb, 0x48, 0x01, 0xfc,
  0x01, 0x10, 0xfc, 0x0b, 0x10, 0xfc, 0x13, 0x10, 0xfd, 0x2c, 0x01, 0xfd, 0x2e, 0x10, 0xfd, 0x3b,
  0x01, 0xfd, 0x50, 0x01, 0xfe, 0x17, 0x10, 0xfe, 0x28, 0x10, 0xfe, 0x62, 0x01, 0xff, 0x11, 0x01,
  0xff, 0x1c, 0x01, 0xff, 0x1f, 0x10, 0xff, 0x27, 0x10, 0xff, 0x2c, 0x01, 0xff, 0x3f, 0x10, 0xff,
  0x50, 0x10, 0xff, 0x61, 0x01, 0x00, 0x04, 0x01, 0x00, 0x2d, 0x01, 0x00, 0x2f, 0x10, 0x00, 0x40,
  0x10, 0x00, 0x4d, 0x10, 0x00, 0x66, 0x01, 0x00, 0x69, 0x10, 0x01, 0x18, 0x01, 0x01, 0x1a, 0x10,
  0x01, 0x74, 0x01, 0x02, 0x15, 0x01, 0x02, 0x1e, 0x10, 0x03, 0x09, 0x10, 0x03, 0x21, 0x10, 0x03,
  0x25, 0x01, 0x03, 0x42, 0x01, 0x03, 0x53, 0x10, 0x04, 0x54, 0x10, 0x04, 0x56, 0x01, 0x05, 0x0e,
  0x10, 0x05, 0x14, 0x01, 0x05, 0x2a, 0x01, 0x05, 0x33, 0x01, 0x05, 0x61, 0x10, 0x06, 0x1d, 0x10,
  0x06, 0x3b, 0x01, 0x06, 0x42, 0x10, 0x06, 0x44, 0x10, 0x06, 0x4d, 0x01, 0x06, 0x57, 0x10, 0x06,
  0x68, 0x10, 0x06, 0x71, 0x10, 0x07, 0x2d, 0x01, 0x07, 0x4f, 0x10, 0x07, 0x56, 0x01, 0x08, 0x36,
  0x10, 0x08, 0x3b, 0x01, 0x08, 0x3d, 0x10, 0x08, 0x43, 0x10, 0x08, 0x56, 0x01, 0x08, 0x62, 0x10,
  0x09, 0x0b, 0x10, 0x09, 0x15, 0x10, 0x09, 0x18, 0x10, 0x09, 0x21, 0x10, 0x09, 0x2f, 0x01, 0x09,
  0x4f, 0x01, 0x09, 0x67, 0x01, 0x09, 0x70, 0x01, 0x0a, 0x0b, 0x01, 0x0a, 0x20, 0x01, 0x0a, 0x23,
  0x01, 0x0a, 0x25, 0x10, 0x0a, 0x27, 0x10, 0x0a, 0x5c, 0x10, 0x0b, 0x0e, 0x01, 0x0b, 0x45, 0x10,
  0x0b, 0x49, 0x01, 0x0b, 0x57, 0x10, 0x0b, 0x59, 0x10, 0x0c, 0x23, 0x01, 0x0c, 0x5a, 0x10, 0x0d,
  0x00, 0x10, 0x0d, 0x0a, 0x10, 0x0d, 0x15, 0x01, 0x0d, 0x1c, 0x01, 0x0d, 0x61, 0x10, 0x0d, 0x74,
  0x01, 0x0e, 0x05, 0x01, 0x0e, 0x0b, 0x10, 0x0e, 0x12, 0x10, 0x0e, 0x24, 0x10, 0x0e, 0x53, 0x01,
  0x0f, 0x02, 0x10, 0x0f, 0x14, 0x10, 0x0f, 0x30, 0x01, 0x0f, 0x33, 0x01, 0x0f, 0x48, 0x01, 0x0f,
  0x5a, 0x01, 0x0f, 0x68, 0x10, 0x0f, 0x74, 0x10, 0x10, 0x02, 0x01, 0x10, 0x51, 0x10, 0x10, 0x6b,
  0x01, 0x11, 0x22, 0x01, 0x11, 0x25, 0x01, 0x11, 0x34, 0x10, 0x11, 0x40, 0x01, 0x11, 0x66, 0x01,
  0x11, 0x67, 0x10, 0x12, 0x04, 0x01, 0x12, 0x25, 0x10, 0x12, 0x2d, 0x01, 0x12, 0x6a, 0x10, 0x12,
  0x6f, 0x01, 0x13, 0x0e, 0x10, 0x13, 0x22, 0x01, 0x13, 0x36, 0x01, 0x13, 0x37, 0x01, 0x14, 0x05,
  0x10, 0x14, 0x06, 0x01, 0x14, 0x46, 0x01, 0x15, 0x0a, 0x01, 0x15, 0x21, 0x10, 0x15, 0x39, 0x10,
  0x15, 0x61, 0x10, 0x15, 0x69, 0x01, 0x16, 0x09, 0x01, 0x16, 0x0c, 0x01, 0x16, 0x19, 0x10, 0x16,
  0x2d, 0x10, 0x16, 0x33, 0x01, 0x17, 0x3a, 0x01, 0x17, 0x3b, 0x01, 0x17, 0x3e, 0x01, 0x18, 0x33,
  0x01, 0x18, 0x56, 0x01, 0x18, 0x6c, 0x01, 0x19, 0x0b, 0x10, 0x19, 0x0e, 0x10, 0x19, 0x14, 0x10,
  0x19, 0x15, 0x10, 0x19, 0x18, 0x10, 0x19, 0x22, 0x01, 0x19, 0x2d, 0x01, 0x19, 0x3c, 0x01, 0x19,
  0x43, 0x01, 0x19, 0x44, 0x01, 0x19, 0x58, 0x10, 0x19, 0x62, 0x01, 0x19, 0x66, 0x01, 0x19, 0x6b,
  0x10, 0x1a, 0x00, 0x10, 0x1a, 0x1b, 0x10, 0x1a, 0x28, 0x01, 0x1a, 0x57, 0x01, 0x1a, 0x59, 0x01,
  0x1a, 0x60, 0x01, 0x1a, 0x64, 0x01, 0x1a, 0x65, 0x10, 0x1b, 0x15, 0x01, 0x1b, 0x19, 0x10, 0x1b,
  0x22, 0x01, 0x1b, 0x34, 0x01, 0x1b, 0x4f, 0x10, 0x1c, 0x0e, 0x01, 0x1c, 0x4f, 0x10, 0x1d, 0x19,
  0x10, 0x1d, 0x2c, 0x10, 0x1d, 0x2f, 0x01, 0x1d, 0x33, 0x01, 0x1d, 0x40, 0x01, 0x1d, 0x43, 0x01,
  0x1d, 0x4f, 0x01, 0x1d, 0x50, 0x01, 0x1d, 0x53, 0x10, 0x1d, 0x57, 0x01, 0x1d, 0x63, 0x10, 0x1d,
  0x75, 0x01, 0x1e, 0x05, 0x01, 0x1e, 0x18, 0x10, 0x1e, 0x1c, 0x01, 0x1e, 0x20, 0x10, 0x1e, 0x53,
  0x01, 0x1e, 0x60, 0x01, 0x1e, 0x6a, 0x01, 0x1e, 0x72, 0x10, 0x1e, 0x74, 0x10, 0x1f, 0x11, 0x01,
  0x1f, 0x27, 0x10, 0x1f, 0x35, 0x10, 0x1f, 0x3b, 0x01, 0x20, 0x0e, 0x01, 0x20, 0x3b, 0x01, 0x20,
  0x4f, 0x10, 0x20, 0x5e, 0x10, 0x20, 0x6b, 0x01, 0x20, 0x70, 0x10, 0x20, 0x72, 0x10, 0x21, 0x19,
  0x10, 0x21, 0x36, 0x01, 0x21, 0x37, 0x01, 0x21, 0x49, 0x01, 0x21, 0x51, 0x01, 0x21, 0x5d, 0x01,
  0x22, 0x23, 0x01, 0x22, 0x45, 0x01, 0x22, 0x4f, 0x10, 0x22, 0x5b, 0x01, 0x23, 0x20, 0x10, 0x23,
  0x27, 0x01, 0x23, 0x43, 0x01, 0x23, 0x4f, 0x01, 0x24, 0x06, 0x01, 0x24, 0x15, 0x01, 0x24, 0x1a,
  0x10, 0x24, 0x42, 0x01, 0x24, 0x4f, 0x01, 0x25, 0x0b, 0x10, 0x25, 0x28, 0x10, 0x25, 0x3e, 0x10,
  0x25, 0x42, 0x01, 0x25, 0x63, 0x10, 0x26, 0x0b, 0x10, 0x26, 0x22, 0x01, 0x26, 0x24, 0x10, 0x26,
  0x2e, 0x01, 0x26, 0x2f, 0x01, 0x26, 0x4e, 0x10, 0x26, 0x52, 0x01, 0x26, 0x5b, 0x01, 0x26, 0x5c,
  0x01, 0x26, 0x60, 0x10, 0x26, 0x72, 0x01, 0x27, 0x04, 0x10, 0x27, 0x15, 0x01, 0x27, 0x20, 0x01,
  0x27, 0x2e, 0x01, 0x27, 0x3b, 0x01, 0x27, 0x54, 0x10, 0x27, 0x5c, 0x10, 0x27, 0x6e, 0x10, 0x27,
  0x70, 0x01, 0x27, 0x74, 0x01, 0x28, 0x37, 0x01, 0x28, 0x62, 0x10, 0x28, 0x66, 0x01, 0x28, 0x74,
  0x01, 0x29, 0x12, 0x10, 0x29, 0x18, 0x10, 0x29, 0x20, 0x10, 0x29, 0x62, 0x01, 0x2a, 0x1f, 0x10,
  0x2a, 0x40, 0x01, 0x2a, 0x6a, 0x10, 0x2b, 0x19, 0x01, 0x2b, 0x44, 0x01, 0x2b, 0x4b, 0x01, 0x2b,
  0x64, 0x10, 0x2c, 0x33, 0x01, 0x2c, 0x57, 0x10, 0x2d, 0x0c, 0x01, 0x2d, 0x14, 0x10, 0x2d, 0x57,
  0x01, 0x2e, 0x09, 0x01, 0x2f, 0x76, 0x01, 0x30, 0x09, 0x01, 0x30, 0x14, 0x01, 0x30, 0x50, 0x10,
  0x30, 0x6e, 0x10, 0x31, 0x08, 0x01, 0x31, 0x3a, 0x10, 0x31, 0x46, 0x10, 0x31, 0x6a, 0x10, 0x31,
  0x70, 0x01, 0x31, 0x72, 0x01, 0x32, 0x1c, 0x01, 0x32, 0x31, 0x01, 0x32, 0x34, 0x10, 0x32, 0x38,
  0x10, 0x32, 0x6d, 0x01, 0x32, 0x75, 0x10, 0x33, 0x3a, 0x01, 0x33, 0x3d, 0x10, 0x33, 0x5b, 0x10,
  0x33, 0x64, 0x01, 0x34, 0x0d, 0x01, 0x35, 0x05, 0x01, 0x35, 0x0f, 0x01, 0x35, 0x12, 0x10, 0x35,
  0x18, 0x10, 0x35, 0x4d, 0x01, 0x36, 0x0b, 0x10, 0x36, 0x12, 0x10, 0x36, 0x24, 0x10, 0x36, 0x33,
  0x01, 0x37, 0x1b, 0x10, 0x37, 0x1f, 0x10, 0x37, 0x2e, 0x01, 0x37, 0x3e, 0x01, 0x37, 0x60, 0x01,
  0x37, 0x6c, 0x01, 0x38, 0x12, 0x01, 0x38, 0x13, 0x10, 0x39, 0x0b, 0x10, 0x39, 0x20, 0x10, 0x39,
  0x24, 0x10, 0x39, 0x28, 0x10, 0x39, 0x2c, 0x10, 0x39, 0x45, 0x10, 0x39, 0x57, 0x10, 0x3a, 0x15,
  0x01, 0x3a, 0x17, 0x01, 0x3a, 0x18, 0x01, 0x3a, 0x1a, 0x10, 0x3a, 0x45, 0x01, 0x3a, 0x4d, 0x01,
  0x3b, 0x25, 0x01, 0x3b, 0x28, 0x01, 0x3b, 0x31, 0x01, 0x3b, 0x4b, 0x10, 0x3c, 0x02, 0x01, 0x3c,
  0x59, 0x01, 0x3d, 0x2a, 0x01, 0x3d, 0x51, 0x01, 0x3d, 0x5e, 0x01, 0x3e, 0x20, 0x10, 0x3e, 0x23,
  0x10, 0x3e, 0x29, 0x01, 0x3e, 0x2f, 0x01, 0x3e, 0x49, 0x01, 0x3e, 0x60, 0x10, 0x3f, 0x2c, 0x01,
  0x3f, 0x57, 0x01, 0x3f, 0x59, 0x01, 0x3f, 0x5a, 0x10, 0x40, 0x11, 0x10, 0x40, 0x2f, 0x01, 0x40,
  0x3a, 0x01, 0x40, 0x3e, 0x01, 0x40, 0x74, 0x01, 0x41, 0x4e, 0x01, 0x42, 0x10, 0x10, 0x42, 0x46,
  0x10, 0x42, 0x69, 0x01, 0x42, 0x6f, 0x01, 0x43, 0x14, 0x10, 0x43, 0x15, 0x01, 0x43, 0x24, 0x01,
  0x43, 0x2a, 0x01, 0x43, 0x66, 0x01, 0x45, 0x14, 0x01, 0x45, 0x26, 0x10, 0x45, 0x2d, 0x01, 0x45,
  0x32, 0x10, 0x45, 0x3f, 0x10, 0x45, 0x52, 0x10, 0x46, 0x36, 0x01, 0x46, 0x3f, 0x01, 0x47, 0x00,
  0x10, 0x47, 0x5d, 0x10, 0x47, 0x60, 0x01, 0x48, 0x28, 0x01, 0x48, 0x74, 0x01, 0x49, 0x03, 0x10,
  0x49, 0x15, 0x01, 0x49, 0x3f, 0x10, 0x49, 0x45, 0x10, 0x49, 0x74, 0x01, 0x4a, 0x10, 0x10, 0x4a,
  0x2a, 0x01, 0x4a, 0x43, 0x10, 0x4a, 0x58, 0x10, 0x4b, 0x12, 0x01, 0x4b, 0x43, 0x01, 0x4b, 0x50,
  0x10, 0x4b, 0x51, 0x10, 0x4e, 0x05, 0x10, 0x4e, 0x21, 0x10, 0x4e, 0x39, 0x10, 0x4f, 0x1d, 0x10,
  0x4f, 0x24, 0x01, 0x4f, 0x3f, 0x01, 0x4f, 0x5b, 0x01, 0x4f, 0x6a, 0x01, 0x50, 0x02, 0x10, 0x50,
  0x04, 0x10, 0x50, 0x1c, 0x01, 0x50, 0x1f, 0x10, 0x50, 0x26, 0x10, 0x50, 0x44, 0x01, 0x51, 0x31,
  0x01, 0x51, 0x3f, 0x01, 0x51, 0x52, 0x01, 0x52, 0x04, 0x10, 0x52, 0x0a, 0x10, 0x52, 0x0c, 0x10,
  0x53, 0x11, 0x10, 0x53, 0x14, 0x10, 0x54, 0x22, 0x10, 0x54, 0x26, 0x10, 0x54, 0x52, 0x01, 0x54,
  0x5d, 0x10, 0x55, 0x1e, 0x10, 0x55, 0x4a, 0x01, 0x55, 0x61, 0x10, 0x55, 0x69, 0x01, 0x55, 0x71,
  0x10, 0x56, 0x77, 0x10, 0x57, 0x2c, 0x01, 0x58, 0x60, 0x01, 0x59, 0x02, 0x01, 0x59, 0x3e, 0x01,
  0x59, 0x58, 0x01, 0x5a, 0x0d, 0x10, 0x5a, 0x41, 0x01, 0x5a, 0x57, 0x01, 0x5b, 0x0e, 0x10, 0x5b,
  0x1a, 0x01, 0x5c, 0x17, 0x01, 0x5c, 0x1c, 0x01, 0x5c, 0x60, 0x01, 0x5e, 0x08, 0x01, 0x5e, 0x26,
  0x10, 0x5e, 0x3e, 0x01, 0x5e, 0x40, 0x01, 0x5e, 0x44, 0x01, 0x5e, 0x69, 0x01, 0x5e, 0x6d, 0x10,
  0x5e, 0x74, 0x01, 0x5f, 0x06, 0x01, 0x5f, 0x0d, 0x10, 0x5f, 0x13, 0x10, 0x5f, 0x60, 0x01, 0x5f,
  0x62, 0x10, 0x5f, 0x68, 0x10, 0x60, 0x06, 0x01, 0x60, 0x0e, 0x10, 0x60, 0x21, 0x10, 0x60, 0x32,
  0x01, 0x60, 0x38, 0x10, 0x60, 0x3f, 0x10, 0x60, 0x4f, 0x01, 0x60, 0x53, 0x10, 0x60, 0x61, 0x10,
  0x61, 0x1f, 0x01, 0x61, 0x29, 0x10, 0x61, 0x38, 0x10, 0x62, 0x00, 0x10, 0x62, 0x2f, 0x01, 0x62,
  0x51, 0x01, 0x62, 0x56, 0x01, 0x62, 0x61, 0x10, 0x62, 0x73, 0x10, 0x62, 0x74, 0x01, 0x63, 0x18,
  0x01, 0x63, 0x25, 0x10, 0x63, 0x37, 0x01, 0x63, 0x57, 0x01, 0x63, 0x68, 0x10, 0x63, 0x74, 0x01,
  0x64, 0x29, 0x10, 0x64, 0x2a, 0x01, 0x64, 0x39, 0x01, 0x64, 0x50, 0x10, 0x64, 0x56, 0x01, 0x64,
  0x5d, 0x10, 0x64, 0x60, 0x01, 0x64, 0x62, 0x10, 0x65, 0x0d, 0x01, 0x65, 0x2d, 0x01, 0x65, 0x40,
  0x10, 0x65, 0x4b, 0x10, 0x65, 0x77, 0x10, 0x66, 0x4a, 0x10, 0x67, 0x57, 0x01, 0x68, 0x0e, 0x10,
  0x68, 0x33, 0x01, 0x68, 0x48, 0x01, 0x68, 0x65, 0x10, 0x68, 0x71, 0x01, 0x69, 0x00, 0x01, 0x69,
  0x1d, 0x01, 0x69, 0x1e, 0x10, 0x69, 0x21, 0x01, 0x69, 0x2a, 0x01, 0x69, 0x68, 0x10, 0x69, 0x72,
  0x10, 0x6a, 0x08, 0x01, 0x6a, 0x1a, 0x10, 0x6a, 0x22, 0x01, 0x6a, 0x2c, 0x01, 0x6a, 0x2f, 0x01,
  0x6a, 0x5c, 0x10, 0x6a, 0x61, 0x10, 0x6a, 0x68, 0x10, 0x6b, 0x19, 0x10, 0x6b, 0x65, 0x10, 0x6b,
  0x6e, 0x10, 0x6c, 0x20, 0x10, 0x6c, 0x3e, 0x10, 0x6c, 0x68, 0x10, 0x6d, 0x0f, 0x10, 0x6d, 0x12,
  0x01, 0x6d, 0x58, 0x01, 0x6d, 0x5e, 0x10, 0x6d, 0x62, 0x01, 0x6e, 0x01, 0x01, 0x6e, 0x37, 0x01,
  0x6e, 0x46, 0x10, 0x6e, 0x75, 0x01, 0x6f, 0x2e, 0x01, 0x6f, 0x37, 0x10, 0x6f, 0x45, 0x01, 0x6f,
  0x65, 0x10, 0x70, 0x0b, 0x10, 0x70, 0x0d, 0x10, 0x70, 0x13, 0x10, 0x70, 0x20, 0x10, 0x70, 0x3e,
  0x01, 0x70, 0x58, 0x10, 0x70, 0x61, 0x10, 0x70, 0x74, 0x01, 0x71, 0x0d, 0x10, 0x71, 0x1f, 0x10,
  0x71, 0x32, 0x01, 0x71, 0x43, 0x10, 0x71, 0x45, 0x01, 0x71, 0x59, 0x01, 0x72, 0x37, 0x01, 0x72,
  0x55, 0x10, 0x72, 0x65, 0x10, 0x72, 0x6e, 0x01, 0x72, 0x73, 0x10, 0x74, 0x0d, 0x10, 0x74, 0x2f,
  0x01, 0x74, 0x5d, 0x10, 0x74, 0x60, 0x01, 0x74, 0x72, 0x01, 0x75, 0x5d, 0x10, 0x75, 0x5e, 0x10,
  0x75, 0x67, 0x10, 0x75, 0x71, 0x10, 0x76, 0x04, 0x10, 0x76, 0x23, 0x10, 0x76, 0x40, 0x01, 0x76,
  0x5c, 0x10, 0x76, 0x68, 0x10, 0x76, 0x6e, 0x10, 0x77, 0x26, 0x10, 0x77, 0x3a, 0x01, 0x77, 0x4e,
  0x01, 0x77, 0x58, 0x10, 0x77, 0x5c, 0x10, 0x78, 0x34, 0x01, 0x78, 0x56, 0x01, 0x79, 0x02, 0x01,
  0x79, 0x14, 0x10, 0x79, 0x1a, 0x10, 0x79, 0x20, 0x01, 0x79, 0x26, 0x10, 0x79, 0x3a, 0x01, 0x79,
  0x43, 0x10, 0x7a, 0x01, 0x01, 0x7a, 0x06, 0x01, 0x7a, 0x08, 0x01, 0x7a, 0x1c, 0x01, 0x7a, 0x2b,
  0x10, 0x7a, 0x2f, 0x01, 0x7a, 0x45, 0x10, 0x7a, 0x52, 0x01, 0x7a, 0x6d, 0x10, 0x7b, 0x24, 0x10,
  0x7b, 0x30, 0x01, 0x7b, 0x56, 0x01, 0x7b, 0x61, 0x10, 0x7c, 0x2f, 0x01, 0x7c, 0x34, 0x10, 0x7c,
  0x5f, 0x10, 0x7c, 0x60, 0x01, 0x7d, 0x43, 0x10, 0x7d, 0x56, 0x01, 0x7d, 0x59, 0x01, 0x7d, 0x65,
  0x10, 0x7d, 0x68, 0x10, 0x7d, 0x75, 0x10, 0x7e, 0x01, 0x01, 0x7e, 0x37, 0x01, 0x7e, 0x41, 0x01,
  0x7e, 0x43, 0x10, 0x7e, 0x45, 0x10, 0x7e, 0x73, 0x10, 0x7f, 0x12, 0x01, 0x7f, 0x17, 0x01, 0x7f,
  0x29, 0x10, 0x7f, 0x3f, 0x01, 0x7f, 0x67, 0x10, 0x80, 0x08, 0x01, 0x80, 0x14, 0x10, 0x80, 0x1e,
  0x10, 0x80, 0x20, 0x01, 0x80, 0x42, 0x10, 0x80, 0x66, 0x01, 0x80, 0x6e, 0x01, 0x80, 0x72, 0x10,
  0x81, 0x18, 0x10, 0x81, 0x1c, 0x01, 0x81, 0x1d, 0x01, 0x81, 0x21, 0x01, 0x81, 0x2a, 0x10, 0x81,
  0x34, 0x10, 0x81, 0x59, 0x01, 0x81, 0x5c, 0x10, 0x81, 0x68, 0x10, 0x82, 0x2c, 0x01, 0x82, 0x3a,
  0x01, 0x82, 0x63, 0x01, 0x83, 0x05, 0x01, 0x83, 0x40, 0x10, 0x83, 0x5d, 0x10, 0x84, 0x0c, 0x10,
  0x84, 0x22, 0x10, 0x84, 0x26, 0x01, 0x84, 0x64, 0x01, 0x84, 0x6c, 0x10, 0x84, 0x72, 0x10, 0x85,
  0x20, 0x10, 0x85, 0x26, 0x10, 0x85, 0x27, 0x10, 0x85, 0x2f, 0x10, 0x85, 0x40, 0x10, 0x85, 0x50,
  0x10, 0x85, 0x53, 0x01, 0x86, 0x18, 0x10, 0x86, 0x1e, 0x10, 0x86, 0x24, 0x01, 0x86, 0x68, 0x10,
  0x86, 0x72, 0x10, 0x87, 0x1a, 0x10, 0x87, 0x39, 0x10, 0x87, 0x62, 0x01, 0x88, 0x08, 0x01, 0x88,
  0x0b, 0x10, 0x88, 0x27, 0x10, 0x88, 0x43, 0x10, 0x88, 0x62, 0x01, 0x89, 0x03, 0x01, 0x89, 0x05,
  0x01, 0x89, 0x37, 0x10, 0x89, 0x4f, 0x10, 0x8a, 0x03, 0x01, 0x8a, 0x0b, 0x10, 0x8a, 0x0d, 0x10,
  0x8a, 0x21, 0x01, 0x8a, 0x4f, 0x10, 0x8a, 0x68, 0x10, 0x8b, 0x06, 0x10, 0x8b, 0x46, 0x10, 0x8c,
  0x47, 0x10, 0x8d, 0x0e, 0x01, 0x8d, 0x40, 0x10, 0x8d, 0x68, 0x10, 0x8d, 0x6b, 0x10, 0x8d, 0x6c,
  0x10, 0x8e, 0x05, 0x01, 0x8e, 0x2d, 0x01, 0x8e, 0x2f, 0x10, 0x8e, 0x3c, 0x01, 0x8e, 0x4f, 0x01,
  0x8e, 0x75, 0x01, 0x8f, 0x07, 0x01, 0x8f, 0x0a, 0x10, 0x8f, 0x18, 0x10, 0x8f, 0x40, 0x10, 0x8f,
  0x70, 0x01, 0x90, 0x08, 0x01, 0x90, 0x14, 0x10, 0x90, 0x19, 0x10, 0x90, 0x1f, 0x01, 0x90, 0x23,
  0x10, 0x90, 0x26, 0x01, 0x90, 0x28, 0x10, 0x90, 0x2d, 0x01, 0x90, 0x4d, 0x10, 0x90, 0x50, 0x01,
  0x90, 0x56, 0x10, 0x90, 0x59, 0x10, 0x90, 0x6f, 0x10, 0x91, 0x17, 0x01, 0x91, 0x1f, 0x10, 0x91,
  0x20, 0x10, 0x91, 0x29, 0x10, 0x91, 0x2c, 0x01, 0x91, 0x5e, 0x10, 0x91, 0x60, 0x01, 0x91, 0x71,
  0x10, 0x92, 0x23, 0x01, 0x92, 0x29, 0x10, 0x92, 0x3f, 0x10, 0x92, 0x53, 0x01, 0x92, 0x68, 0x10,
  0x93, 0x17, 0x01, 0x93, 0x25, 0x10, 0x93, 0x3b, 0x01, 0x93, 0x45, 0x01, 0x93, 0x73, 0x01, 0x94,
  0x20, 0x10, 0x94, 0x2f, 0x10, 0x94, 0x33, 0x10, 0x94, 0x43, 0x10, 0x94, 0x47, 0x10, 0x94, 0x74,
  0x10, 0x95, 0x0b, 0x10, 0x95, 0x17, 0x10, 0x95, 0x18, 0x10, 0x95, 0x1c, 0x10, 0x95, 0x28, 0x10,
  0x96, 0x03, 0x01, 0x96, 0x14, 0x10, 0x96, 0x48, 0x01, 0x96, 0x65, 0x10, 0x97, 0x14, 0x10, 0x97,
  0x28, 0x10, 0x97, 0x31, 0x01, 0x97, 0x37, 0x01, 0x97, 0x3f, 0x10, 0x98, 0x05, 0x01, 0x98, 0x17,
  0x01, 0x98, 0x20, 0x10, 0x98, 0x31, 0x01, 0x98, 0x43, 0x10, 0x98, 0x53, 0x01, 0x98, 0x75, 0x10,
  0x99, 0x2c, 0x10, 0x99, 0x45, 0x10, 0x9a, 0x29, 0x10, 0x9a, 0x46, 0x01, 0x9a, 0x6d, 0x10, 0x9b,
  0x01, 0x10, 0x9b, 0x04, 0x10, 0x9b, 0x2b, 0x10, 0x9b, 0x48, 0x01, 0x9b, 0x50, 0x10, 0x9b, 0x62,
  0x01, 0x9b, 0x6c, 0x10, 0x9c, 0x06, 0x01, 0x9c, 0x13, 0x10, 0x9c, 0x4e, 0x01, 0x9c, 0x59, 0x01,
  0x9c, 0x6f, 0x10, 0x9d, 0x27, 0x10, 0x9d, 0x5e, 0x10, 0x9d, 0x60, 0x01, 0x9d, 0x67, 0x01, 0x9d,
  0x68, 0x10, 0x9d, 0x6e, 0x10, 0x9d, 0x70, 0x10, 0x9d, 0x75, 0x10, 0x9e, 0x08, 0x01, 0x9e, 0x20,
  0x10, 0x9e, 0x3c, 0x01, 0x9e, 0x5c, 0x10, 0x9e, 0x6f, 0x10, 0x9f, 0x01, 0x10, 0x9f, 0x19, 0x10,
  0x9f, 0x28, 0x10, 0x9f, 0x34, 0x10, 0x9f, 0x46, 0x01, 0x9f, 0x50, 0x10, 0x9f, 0x73, 0x01, 0xa0,
  0x08, 0x01, 0xa0, 0x14, 0x10, 0xa0, 0x26, 0x01, 0xa0, 0x28, 0x10, 0xa0, 0x29, 0x01, 0xa0, 0x39,
  0x10, 0xa0, 0x3b, 0x01, 0xa0, 0x6a, 0x10, 0xa0, 0x6f, 0x10, 0xa0, 0x70, 0x01, 0xa1, 0x00, 0x10,
  0xa1, 0x0c, 0x10, 0xa1, 0x43, 0x10, 0xa1, 0x50, 0x10, 0xa1, 0x56, 0x01, 0xa2, 0x19, 0x10, 0xa2,
  0x6d, 0x10, 0xa2, 0x6f, 0x01, 0xa3, 0x24, 0x01, 0xa3, 0x60, 0x01, 0xa4, 0x0c, 0x10, 0xa4, 0x0d,
  0x10, 0xa4, 0x17, 0x01, 0xa4, 0x37, 0x10, 0xa4, 0x41, 0x10, 0xa4, 0x56, 0x01, 0xa4, 0x60, 0x01,
  0xa4, 0x68, 0x10, 0xa5, 0x18, 0x10, 0xa5, 0x25, 0x10, 0xa5, 0x5a, 0x10, 0xa6, 0x07, 0x01, 0xa6,
  0x56, 0x10, 0xa7, 0x42, 0x01, 0xa7, 0x58, 0x10, 0xa7, 0x64, 0x01, 0xa8, 0x0d, 0x10, 0xa8, 0x1c,
  0x01, 0xa8, 0x2c, 0x01, 0xa8, 0x43, 0x10, 0xa8, 0x56, 0x01, 0xa9, 0x17, 0x10, 0xa9, 0x43, 0x01,
  0xaa, 0x2c, 0x01, 0xaa, 0x37, 0x10, 0xaa, 0x46, 0x01, 0xaa, 0x52, 0x01, 0xab, 0x0e, 0x01, 0xab,
  0x19, 0x10, 0xab, 0x21, 0x01, 0xab, 0x23, 0x10, 0xab, 0x46, 0x01, 0xac, 0x01, 0x10, 0xac, 0x09,
  0x01, 0xac, 0x45, 0x01, 0xac, 0x50, 0x10, 0xac, 0x6e, 0x10, 0xac, 0x77, 0x10, 0xad, 0x09, 0x01,
  0xad, 0x17, 0x01, 0xad, 0x5a, 0x10, 0xad, 0x60, 0x01, 0xad, 0x77, 0x01, 0xae, 0x0c, 0x01, 0xae,
  0x23, 0x10, 0xae, 0x4f, 0x01, 0xae, 0x5b, 0x01, 0xaf, 0x23, 0x10, 0xaf, 0x29, 0x10, 0xaf, 0x40,
  0x10, 0xb0, 0x14, 0x10, 0xb0, 0x17, 0x10, 0xb0, 0x2f, 0x10, 0xb0, 0x3a, 0x10, 0xb0, 0x3e, 0x10,
  0xb0, 0x63, 0x10, 0xb0, 0x6f, 0x10, 0xb0, 0x73, 0x01, 0xb1, 0x04, 0x10, 0xb1, 0x15, 0x01, 0xb1,
  0x1f, 0x10, 0xb1, 0x24, 0x01, 0xb1, 0x28, 0x01, 0xb2, 0x5e, 0x10, 0xb3, 0x14, 0x01, 0xb4, 0x0e,
  0x01, 0xb4, 0x2c, 0x01, 0xb4, 0x5e, 0x10, 0xb4, 0x67, 0x10, 0xb4, 0x68, 0x10, 0xb4, 0x6b, 0x01,
  0xb7, 0x3b, 0x01, 0xb7, 0x66, 0x01, 0xb7, 0x75, 0x10, 0xb8, 0x1f, 0x10, 0xb8, 0x22, 0x10, 0xb8,
  0x4e, 0x10, 0xb8, 0x68, 0x10, 0xb9, 0x53, 0x10, 0xb9, 0x59, 0x01, 0xb9, 0x6e, 0x01, 0xba, 0x0c,
  0x10, 0xba, 0x45, 0x01, 0xba, 0x4c, 0x01, 0xba, 0x6b, 0x01, 0xbb, 0x28, 0x10, 0xbb, 0x3b, 0x01,
  0xbb, 0x69, 0x01, 0xbd, 0x1a, 0x01, 0xbd, 0x1f, 0x10, 0xbd, 0x2c, 0x01, 0xbd, 0x43, 0x10, 0xbd,
  0x56, 0x01, 0xbd, 0x60, 0x01, 0xbd, 0x75, 0x10, 0xbe, 0x21, 0x10, 0xbe, 0x37, 0x01, 0xbe, 0x3b,
  0x10, 0xbe, 0x48, 0x01, 0xbe, 0x63, 0x10, 0xbe, 0x6f, 0x10, 0xbe, 0x71, 0x01, 0xbe, 0x72, 0x10,
  0xbf, 0x32, 0x01, 0xbf, 0x3f, 0x10, 0xbf, 0x40, 0x10, 0xbf, 0x59, 0x10, 0xc0, 0x20, 0x10, 0xc0,
  0x43, 0x01, 0xc0, 0x4d, 0x10, 0xc0, 0x55, 0x01, 0xc0, 0x59, 0x10, 0xc0, 0x63, 0x10, 0xc0, 0x6c,
  0x10, 0xc1, 0x2f, 0x01, 0xc2, 0x12, 0x01, 0xc3, 0x0d, 0x01, 0xc3, 0x15, 0x01, 0xc3, 0x33, 0x01,
  0xc3, 0x58, 0x01, 0xc4, 0x32, 0x01, 0xc4, 0x50, 0x10, 0xc4, 0x6e, 0x10, 0xc5, 0x08, 0x01, 0xc5,
  0x1f, 0x01, 0xc5, 0x20, 0x01, 0xc5, 0x3e, 0x01, 0xc5, 0x3f, 0x01, 0xc5, 0x41, 0x10, 0xc6, 0x04,
  0x01, 0xc6, 0x06, 0x01, 0xc6, 0x08, 0x01, 0xc6, 0x0a, 0x01, 0xc6, 0x22, 0x01, 0xc6, 0x37, 0x01,
  0xc6, 0x45, 0x10, 0xc6, 0x58, 0x01, 0xc6, 0x66, 0x01, 0xc6, 0x70, 0x01, 0xc6, 0x74, 0x01, 0xc7,
  0x1c, 0x01, 0xc7, 0x22, 0x10, 0xc7, 0x27, 0x10, 0xc7, 0x40, 0x10, 0xc7, 0x53, 0x01, 0xc8, 0x0c,
  0x10, 0xc8, 0x12, 0x01, 0xc8, 0x2f, 0x01, 0xc8, 0x50, 0x10, 0xc9, 0x08, 0x01, 0xc9, 0x26, 0x01,
  0xc9, 0x2d, 0x10, 0xc9, 0x45, 0x10, 0xc9, 0x53, 0x10, 0xc9, 0x5c, 0x01, 0xc9, 0x6f, 0x10, 0xca,
  0x28, 0x01, 0xcb, 0x15, 0x10, 0xcc, 0x26, 0x01, 0xcc, 0x2a, 0x01, 0xcc, 0x2f, 0x01, 0xcc, 0x3a,
  0x10, 0xcc, 0x3b, 0x01, 0xcc, 0x65, 0x10, 0xcd, 0x2b, 0x10, 0xcd, 0x2e, 0x01, 0xcd, 0x4c, 0x01,
  0xcd, 0x4e, 0x01, 0xcd, 0x50, 0x10, 0xcd, 0x71, 0x01, 0xce, 0x11, 0x01, 0xce, 0x21, 0x10, 0xce,
  0x22, 0x10, 0xce, 0x37, 0x01, 0xce, 0x52, 0x10, 0xcf, 0x40, 0x10, 0xcf, 0x4f, 0x10, 0xd0, 0x0b,
  0x10, 0xd0, 0x1c, 0x01, 0xd0, 0x2d, 0x01, 0xd0, 0x3b, 0x01, 0xd0, 0x40, 0x10, 0xd0, 0x58, 0x10,
  0xd0, 0x74, 0x10, 0xd1, 0x3e, 0x10, 0xd2, 0x23, 0x01, 0xd2, 0x40, 0x10, 0xd2, 0x50, 0x10, 0xd2,
  0x53, 0x01, 0xd3, 0x05, 0x10, 0xd3, 0x08, 0x01, 0xd3, 0x35, 0x01, 0xd3, 0x3e, 0x01, 0xd3, 0x4d,
  0x10, 0xd3, 0x56, 0x01, 0xd4, 0x37, 0x01, 0xd5, 0x2d, 0x10, 0xd5, 0x4e, 0x10, 0xd5, 0x5b, 0x01,
  0xd6, 0x06, 0x01, 0xd6, 0x34, 0x01, 0xd6, 0x41, 0x10, 0xd6, 0x50, 0x01, 0xd6, 0x61, 0x10, 0xd6,
  0x69, 0x01, 0xd6, 0x74, 0x01, 0xd7, 0x34, 0x10, 0xd7, 0x42, 0x10, 0xd7, 0x6e, 0x10, 0xd8, 0x28,
  0x01, 0xd8, 0x2d, 0x10, 0xd9, 0x09, 0x10, 0xd9, 0x0b, 0x10, 0xd9, 0x14, 0x10, 0xd9, 0x18, 0x10,
  0xd9, 0x21, 0x10, 0xd9, 0x22, 0x01, 0xd9, 0x31, 0x01, 0xd9, 0x3c, 0x01, 0xd9, 0x58, 0x10, 0xd9,
  0x66, 0x01, 0xd9, 0x6c, 0x10, 0xda, 0x2c, 0x01, 0xda, 0x41, 0x10, 0xda, 0x45, 0x01, 0xdb, 0x2c,
  0x10, 0xdb, 0x57, 0x10, 0xdc, 0x15, 0x01, 0xdc, 0x1a, 0x01, 0xdc, 0x24, 0x10, 0xdd, 0x1f, 0x10,
  0xdd, 0x2c, 0x01, 0xdd, 0x51, 0x01, 0xde, 0x17, 0x01, 0xde, 0x2e, 0x01, 0xde, 0x3a, 0x01, 0xde,
  0x3f, 0x10, 0xde, 0x6a, 0x10, 0xdf, 0x07, 0x10, 0xdf, 0x17, 0x01, 0xdf, 0x4a, 0x10, 0xdf, 0x4d,
  0x01, 0xe0, 0x12, 0x01, 0xe0, 0x1d, 0x10, 0xe0, 0x22, 0x10, 0xe0, 0x3b, 0x01, 0xe0, 0x5e, 0x10,
  0xe1, 0x20, 0x01, 0xe1, 0x3c, 0x01, 0xe1, 0x6a, 0x01, 0xe2, 0x1e, 0x01, 0xe2, 0x3e, 0x10, 0xe2,
  0x50, 0x10, 0xe2, 0x70, 0x10, 0xe3, 0x34, 0x01, 0xe3, 0x3b, 0x10, 0xe3, 0x4a, 0x10, 0xe3, 0x4d,
  0x01, 0xe3, 0x4e, 0x01, 0xe3, 0x70, 0x01, 0xe4, 0x1c, 0x10, 0xe4, 0x57, 0x01, 0xe5, 0x0e, 0x10,
  0xe5, 0x12, 0x10, 0xe5, 0x22, 0x01, 0xe5, 0x44, 0x01, 0xe5, 0x70, 0x01, 0xe6, 0x15, 0x01, 0xe6,
  0x33, 0x01, 0xe6, 0x49, 0x01, 0xe6, 0x51, 0x10, 0xe6, 0x57, 0x10, 0xe7, 0x2c, 0x01, 0xe7, 0x6b,
  0x01, 0xe7, 0x6d, 0x10, 0xe7, 0x6e, 0x10, 0xe8, 0x39, 0x01, 0xe8, 0x61, 0x01, 0xe8, 0x76, 0x10,
  0xe9, 0x22, 0x01, 0xe9, 0x33, 0x01, 0xe9, 0x37, 0x01, 0xe9, 0x3c, 0x01, 0xe9, 0x4f, 0x01, 0xe9,
  0x63, 0x10, 0xea, 0x10, 0x01, 0xea, 0x16, 0x01, 0xea, 0x19, 0x01, 0xea, 0x59, 0x01, 0xea, 0x6e,
  0x10, 0xeb, 0x28, 0x10, 0xeb, 0x44, 0x01, 0xec, 0x18, 0x10, 0xec, 0x1b, 0x01, 0xec, 0x20, 0x10,
  0xec, 0x33, 0x01, 0xec, 0x68, 0x01, 0xec, 0x6a, 0x01, 0xec, 0x6d, 0x10, 0xed, 0x28, 0x01, 0xee,
  0x1b, 0x10, 0xee, 0x1d, 0x01, 0xee, 0x28, 0x10, 0xee, 0x36, 0x10, 0xee, 0x41, 0x10, 0xee, 0x70,
  0x10, 0xee, 0x72, 0x01, 0xef, 0x2f, 0x10, 0xef, 0x45, 0x01, 0xef, 0x5c, 0x10, 0xf0, 0x24, 0x10,
  0xf0, 0x3d, 0x01, 0xf0, 0x4e, 0x10, 0xf0, 0x60, 0x10, 0xf1, 0x18, 0x01, 0xf1, 0x30, 0x10, 0xf1,
  0x6e, 0x10, 0xf2, 0x0a, 0x10, 0xf2, 0x12, 0x01, 0xf2, 0x1c, 0x01, 0xf2, 0x45, 0x01, 0xf2, 0x68,
  0x10, 0xf2, 0x6b, 0x01, 0xf3, 0x10, 0x10, 0xf3, 0x37, 0x01, 0xf4, 0x15, 0x10, 0xf4, 0x17, 0x01,
  0xf4, 0x30, 0x01, 0xf5, 0x08, 0x01, 0xf5, 0x1b, 0x10, 0xf5, 0x25, 0x01, 0xf5, 0x2b, 0x10, 0xf5,
  0x37, 0x01, 0xf5, 0x4f, 0x01, 0xf5, 0x63, 0x10, 0xf6, 0x08, 0x10, 0xf6, 0x20, 0x10, 0xf6, 0x29,
  0x01, 0xf6, 0x69, 0x01, 0xf7, 0x2b, 0x10, 0xf7, 0x43, 0x10, 0xf7, 0x4e, 0x01, 0xf7, 0x66, 0x10,
  0xf8, 0x1f, 0x10, 0xf8, 0x45, 0x01, 0xf9, 0x01, 0x01, 0xf9, 0x22, 0x01, 0xf9, 0x56, 0x01, 0xf9,
  0x6a, 0x10, 0xf9, 0x6e, 0x01, 0xf9, 0x72, 0x01, 0xfa, 0x20, 0x10, 0xfa, 0x4c, 0x01, 0xfa, 0x52,
  0x10, 0xfa, 0x59, 0x01, 0xfa, 0x5d, 0x10, 0xfa, 0x67, 0x10, 0xfb, 0x2b, 0x01, 0xfb, 0x63, 0x01,
  0xfb, 0x72, 0x10, 0xfc, 0x18, 0x10, 0xfc, 0x24, 0x10, 0xfc, 0x3c, 0x01, 0xfc, 0x58, 0x10, 0xfd,
  0x26, 0x01, 0xfd, 0x4c, 0x01, 0xfe, 0x19, 0x10, 0xff, 0x18, 0x01, 0xff, 0x28, 0x01, 0xff, 0x5d,
  0x10, 0xff, 0x6e, 0x10, 0x00, 0x24, 0x10, 0x00, 0x75, 0x01, 0x01, 0x5f, 0x01, 0x02, 0x0d, 0x10,
  0x02, 0x20, 0x10, 0x02, 0x6b, 0x01, 0x03, 0x1b, 0x10, 0x03, 0x2c, 0x01, 0x03, 0x49, 0x10, 0x04,
  0x1c, 0x01, 0x04, 0x27, 0x01, 0x04, 0x3b, 0x01, 0x04, 0x59, 0x01, 0x04, 0x5e, 0x10, 0x05, 0x09,
  0x10, 0x05, 0x17, 0x10, 0x05, 0x1d, 0x01, 0x05, 0x37, 0x01, 0x05, 0x63, 0x10, 0x05, 0x6e, 0x01,
  0x05, 0x72, 0x01, 0x05, 0x77, 0x10, 0x06, 0x68, 0x01, 0x07, 0x02, 0x01, 0x07, 0x0c, 0x10, 0x07,
  0x0d, 0x10, 0x07, 0x12, 0x01, 0x07, 0x17, 0x01, 0x07, 0x56, 0x01, 0x08, 0x38, 0x01, 0x08, 0x42,
  0x01, 0x0a, 0x2b, 0x10, 0x0a, 0x31, 0x10, 0x0a, 0x42, 0x01, 0x0a, 0x56, 0x01, 0x0a, 0x66, 0x01,
  0x0b, 0x13, 0x10, 0x0b, 0x1c, 0x01, 0x0b, 0x3c, 0x10, 0x0b, 0x44, 0x01, 0x0b, 0x5b, 0x01, 0x0b,
  0x77, 0x10, 0x0c, 0x1e, 0x01, 0x0c, 0x21, 0x10, 0x0c, 0x24, 0x10, 0x0c, 0x56, 0x01, 0x0c, 0x5c,
  0x01, 0x0d, 0x31, 0x10, 0x0d, 0x66, 0x01, 0x0e, 0x14, 0x10, 0x0e, 0x1b, 0x10, 0x0f, 0x58, 0x01,
  0x0f, 0x5e, 0x10, 0x0f, 0x6d, 0x10, 0x10, 0x0b, 0x10, 0x10, 0x20, 0x10, 0x10, 0x3e, 0x01, 0x10,
  0x60, 0x01, 0x10, 0x69, 0x01, 0x11, 0x1e, 0x01, 0x11, 0x3a, 0x01, 0x11, 0x57, 0x01, 0x11, 0x5d,
  0x10, 0x12, 0x17, 0x01, 0x12, 0x26, 0x10, 0x12, 0x60, 0x01, 0x12, 0x69, 0x10, 0x13, 0x03, 0x10,
  0x13, 0x2b, 0x10, 0x13, 0x45, 0x01, 0x13, 0x51, 0x01, 0x13, 0x5d, 0x10, 0x13, 0x72, 0x10, 0x14,
  0x04, 0x10, 0x14, 0x05, 0x01, 0x15, 0x01, 0x01, 0x15, 0x0d, 0x10, 0x15, 0x33, 0x01, 0x15, 0x5c,
  0x10, 0x15, 0x74, 0x01, 0x16, 0x0c, 0x01, 0x16, 0x21, 0x01, 0x16, 0x3a, 0x01, 0x16, 0x77, 0x10,
  0x17, 0x10, 0x10, 0x17, 0x1e, 0x01, 0x17, 0x3b, 0x01, 0x17, 0x43, 0x10, 0x17, 0x70, 0x10, 0x17,
  0x75, 0x10, 0x18, 0x00, 0x10, 0x18, 0x18, 0x10, 0x18, 0x52, 0x10, 0x18, 0x60, 0x01, 0x19, 0x1c,
  0x01, 0x19, 0x24, 0x01, 0x19, 0x60, 0x01, 0x19, 0x71, 0x10, 0x1a, 0x00, 0x10, 0x1a, 0x26, 0x10,
  0x1a, 0x43, 0x10, 0x1a, 0x56, 0x01, 0x1b, 0x1c, 0x01, 0x1b, 0x59, 0x10, 0x1b, 0x63, 0x10, 0x1b,
  0x70, 0x01, 0x1c, 0x11, 0x10, 0x1c, 0x41, 0x01, 0x1c, 0x4b, 0x10, 0x1c, 0x50, 0x01, 0x1c, 0x61,
  0x01, 0x1c, 0x67, 0x10, 0x1d, 0x43, 0x10, 0x1d, 0x50, 0x10, 0x1e, 0x00, 0x01, 0x1f, 0x0d, 0x10,
  0x1f, 0x11, 0x01, 0x1f, 0x26, 0x10, 0x1f, 0x2a, 0x01, 0x20, 0x00, 0x10, 0x20, 0x01, 0x01, 0x20,
  0x2b, 0x10, 0x20, 0x4b, 0x10, 0x21, 0x37, 0x01, 0x21, 0x43, 0x10, 0x21, 0x64, 0x01, 0x22, 0x00,
  0x10, 0x22, 0x04, 0x10, 0x22, 0x1f, 0x10, 0x22, 0x20, 0x10, 0x22, 0x21, 0x10, 0x22, 0x44, 0x01,
  0x22, 0x64, 0x01, 0x23, 0x05, 0x10, 0x23, 0x19, 0x10, 0x23, 0x1a, 0x10, 0x23, 0x58, 0x10, 0x23,
  0x5c, 0x10, 0x23, 0x6d, 0x10, 0x23, 0x72, 0x01, 0x24, 0x00, 0x10, 0x24, 0x17, 0x01, 0x24, 0x27,
  0x01, 0x24, 0x29, 0x10, 0x24, 0x3e, 0x01, 0x24, 0x43, 0x10, 0x24, 0x45, 0x10, 0x24, 0x5c, 0x10,
  0x24, 0x60, 0x01, 0x24, 0x67, 0x10, 0x25, 0x04, 0x10, 0x25, 0x0a, 0x01, 0x25, 0x17, 0x01, 0x25,
  0x1d, 0x01, 0x25, 0x2f, 0x01, 0x25, 0x31, 0x01, 0x25, 0x52, 0x01, 0x25, 0x69, 0x01, 0x25, 0x74,
  0x01, 0x26, 0x06, 0x10, 0x26, 0x0d, 0x10, 0x26, 0x26, 0x10, 0x27, 0x00, 0x10, 0x27, 0x29, 0x10,
  0x27, 0x2b, 0x10, 0x27, 0x3a, 0x01, 0x27, 0x56, 0x01, 0x27, 0x5c, 0x10, 0x28, 0x26, 0x10, 0x28,
  0x30, 0x01, 0x28, 0x3a, 0x01, 0x28, 0x4b, 0x10, 0x28, 0x55, 0x10, 0x28, 0x72, 0x01, 0x28, 0x74,
  0x01, 0x29, 0x04, 0x10, 0x29, 0x12, 0x01, 0x29, 0x27, 0x10, 0x29, 0x28, 0x01, 0x29, 0x32, 0x10,
  0x29, 0x45, 0x01, 0x29, 0x4a, 0x10, 0x2a, 0x06, 0x01, 0x2a, 0x19, 0x10, 0x2a, 0x56, 0x01, 0x2a,
  0x60, 0x01, 0x2a, 0x73, 0x10, 0x2b, 0x00, 0x10, 0x2b, 0x02, 0x10, 0x2b, 0x25, 0x01, 0x2b, 0x3c,
  0x10, 0x2b, 0x5c, 0x10, 0x2b, 0x60, 0x01, 0x2c, 0x46, 0x01, 0x2d, 0x15, 0x01, 0x2d, 0x60, 0x01,
  0x2e, 0x0d, 0x10, 0x2e, 0x18, 0x01, 0x2e, 0x2c, 0x01, 0x2e, 0x33, 0x01, 0x2e, 0x3b, 0x01, 0x2e,
  0x4c, 0x01, 0x2f, 0x04, 0x10, 0x2f, 0x0d, 0x10, 0x2f, 0x16, 0x01, 0x2f, 0x17, 0x01, 0x2f, 0x52,
  0x10, 0x30, 0x01, 0x01, 0x30, 0x11, 0x10, 0x30, 0x19, 0x10, 0x30, 0x26, 0x10, 0x30, 0x2b, 0x10,
  0x30, 0x53, 0x10, 0x30, 0x56, 0x01, 0x30, 0x5d, 0x01, 0x30, 0x60, 0x01, 0x30, 0x6e, 0x01, 0x31,
  0x0b, 0x10, 0x31, 0x18, 0x10, 0x31, 0x20, 0x10, 0x31, 0x26, 0x10, 0x31, 0x3e, 0x01, 0x32, 0x01,
  0x01, 0x32, 0x11, 0x10, 0x32, 0x24, 0x10, 0x32, 0x26, 0x10, 0x32, 0x2e, 0x01, 0x32, 0x40, 0x10,
  0x33, 0x24, 0x01, 0x33, 0x43, 0x10, 0x33, 0x4e, 0x01, 0x33, 0x60, 0x01, 0x33, 0x72, 0x01, 0x34,
  0x00, 0x10, 0x34, 0x04, 0x10, 0x34, 0x15, 0x01, 0x34, 0x22, 0x01, 0x34, 0x26, 0x10, 0x34, 0x30,
  0x01, 0x34, 0x55, 0x10, 0x34, 0x56, 0x01, 0x35, 0x0c, 0x10, 0x35, 0x50, 0x10, 0x35, 0x56, 0x01,
  0x35, 0x58, 0x01, 0x35, 0x65, 0x10, 0x36, 0x08, 0x01, 0x36, 0x13, 0x10, 0x36, 0x25, 0x01, 0x36,
  0x2f, 0x01, 0x36, 0x39, 0x01, 0x36, 0x51, 0x10, 0x36, 0x53, 0x01, 0x37, 0x20, 0x10, 0x37, 0x26,
  0x10, 0x37, 0x52, 0x10, 0x37, 0x6e, 0x10, 0x38, 0x00, 0x10, 0x38, 0x0b, 0x10, 0x38, 0x18, 0x10,
  0x38, 0x1f, 0x10, 0x38, 0x26, 0x10, 0x38, 0x2b, 0x10, 0x38, 0x40, 0x10, 0x38, 0x44, 0x01, 0x38,
  0x5d, 0x01, 0x38, 0x6e, 0x01, 0x39, 0x25, 0x10, 0x39, 0x27, 0x10, 0x39, 0x2b, 0x10, 0x39, 0x2c,
  0x01, 0x39, 0x3b, 0x01, 0x39, 0x68, 0x10, 0x3a, 0x01, 0x01, 0x3a, 0x08, 0x01, 0x3a, 0x09, 0x10,
  0x3a, 0x1c, 0x10, 0x3a, 0x1e, 0x10, 0x3a, 0x25, 0x01, 0x3a, 0x40, 0x10, 0x3a, 0x44, 0x01, 0x3b,
  0x00, 0x10, 0x3b, 0x06, 0x01, 0x3b, 0x13, 0x10, 0x3b, 0x2b, 0x10, 0x3b, 0x33, 0x01, 0x3b, 0x5b,
  0x10, 0x3b, 0x60, 0x01, 0x3b, 0x6f, 0x01, 0x3c, 0x04, 0x10, 0x3c, 0x08, 0x01, 0x3c, 0x17, 0x01,
  0x3c, 0x25, 0x01, 0x3c, 0x72, 0x01, 0x3d, 0x0c, 0x10, 0x3d, 0x13, 0x10, 0x3d, 0x14, 0x10, 0x3d,
  0x45, 0x01, 0x3d, 0x56, 0x01, 0x3d, 0x5b, 0x10, 0x3d, 0x71, 0x10, 0x3e, 0x08, 0x01, 0x3e, 0x2f,
  0x01, 0x3e, 0x43, 0x10, 0x3e, 0x51, 0x01, 0x3e, 0x60, 0x01, 0x3e, 0x6f, 0x01, 0x3f, 0x0b, 0x10,
  0x3f, 0x1a, 0x01, 0x3f, 0x2b, 0x10, 0x3f, 0x46, 0x01, 0x3f, 0x5a, 0x10, 0x3f, 0x64, 0x01, 0x40,
  0x28, 0x10, 0x40, 0x5b, 0x01, 0x40, 0x5e, 0x01, 0x41, 0x0b, 0x10, 0x41, 0x20, 0x10, 0x41, 0x28,
  0x10, 0x41, 0x3b, 0x01, 0x41, 0x51, 0x01, 0x41, 0x55, 0x01, 0x42, 0x08, 0x01, 0x42, 0x11, 0x10,
  0x42, 0x70, 0x10, 0x43, 0x12, 0x01, 0x44, 0x28, 0x10, 0x44, 0x48, 0x01, 0x44, 0x52, 0x01, 0x45,
  0x3f, 0x10, 0x45, 0x51, 0x01, 0x45, 0x5a, 0x10, 0x45, 0x66, 0x01, 0x45, 0x6c, 0x10, 0x45, 0x71,
  0x01, 0x46, 0x33, 0x10, 0x46, 0x37, 0x01, 0x46, 0x76, 0x01, 0x47, 0x08, 0x01, 0x47, 0x14, 0x10,
  0x47, 0x28, 0x10, 0x47, 0x34, 0x01, 0x48, 0x14, 0x10, 0x48, 0x16, 0x10, 0x48, 0x20, 0x10, 0x48,
  0x3b, 0x01, 0x48, 0x55, 0x01, 0x48, 0x5d, 0x10, 0x48, 0x6c, 0x10, 0x48, 0x6e, 0x10, 0x48, 0x73,
  0x01, 0x49, 0x04, 0x01, 0x49, 0x1e, 0x10, 0x49, 0x2f, 0x10, 0x49, 0x45, 0x10, 0x4a, 0x2f, 0x10,
  0x4a, 0x55, 0x01, 0x4a, 0x66, 0x01, 0x4a, 0x74, 0x10, 0x4b, 0x27, 0x01, 0x4b, 0x73, 0x01, 0x4c,
  0x2a, 0x10, 0x4c, 0x38, 0x01, 0x4d, 0x25, 0x10, 0x4d, 0x65, 0x10, 0x4e, 0x02, 0x01, 0x4e, 0x09,
  0x10, 0x4e, 0x0b, 0x10, 0x4e, 0x0d, 0x10, 0x4e, 0x1f, 0x10, 0x4e, 0x5c, 0x10, 0x4f, 0x3c, 0x01,
  0x4f, 0x6c, 0x10, 0x50, 0x23, 0x10, 0x50, 0x42, 0x01, 0x50, 0x63, 0x10, 0x50, 0x73, 0x01, 0x51,
  0x00, 0x01, 0x51, 0x05, 0x01, 0x51, 0x16, 0x01, 0x51, 0x42, 0x10, 0x51, 0x5a, 0x10, 0x51, 0x66,
  0x01, 0x52, 0x56, 0x10, 0x52, 0x72, 0x10, 0x52, 0x73, 0x01, 0x53, 0x18, 0x10, 0x53, 0x47, 0x10,
  0x54, 0x17, 0x10, 0x54, 0x4e, 0x01, 0x54, 0x5d, 0x10, 0x54, 0x72, 0x10, 0x54, 0x75, 0x10, 0x55,
  0x28, 0x10, 0x55, 0x34, 0x01, 0x55, 0x3c, 0x01, 0x55, 0x40, 0x10, 0x55, 0x67, 0x01, 0x56, 0x4b,
  0x10, 0x56, 0x55, 0x01, 0x56, 0x59, 0x01, 0x57, 0x0b, 0x10, 0x57, 0x14, 0x10, 0x57, 0x2f, 0x10,
  0x57, 0x72, 0x10, 0x58, 0x20, 0x10, 0x58, 0x25, 0x10, 0x59, 0x0a, 0x01, 0x59, 0x0c, 0x01, 0x59,
  0x0e, 0x10, 0x59, 0x30, 0x10, 0x59, 0x3b, 0x01, 0x59, 0x52, 0x01, 0x59, 0x62, 0x01, 0x59, 0x68,
  0x01, 0x59, 0x6c, 0x10, 0x5a, 0x28, 0x10, 0x5a, 0x2c, 0x10, 0x5a, 0x52, 0x01, 0x5a, 0x74, 0x10,
  0x5b, 0x28, 0x10, 0x5b, 0x6c, 0x10, 0x5b, 0x6d, 0x10, 0x5b, 0x77, 0x10, 0x5c, 0x07, 0x10, 0x5c,
  0x08, 0x01, 0x5c, 0x6d, 0x10, 0x5c, 0x76, 0x10, 0x5d, 0x0b, 0x10, 0x5d, 0x3b, 0x01, 0x5d, 0x6b,
  0x01, 0x5e, 0x25, 0x10, 0x5e, 0x59, 0x01, 0x5e, 0x5f, 0x10, 0x5e, 0x60, 0x01, 0x5e, 0x6c, 0x10,
  0x5f, 0x1e, 0x10, 0x5f, 0x4e, 0x01, 0x5f, 0x50, 0x10, 0x5f, 0x72, 0x10, 0x60, 0x2e, 0x01, 0x60,
  0x39, 0x10, 0x60, 0x41, 0x10, 0x60, 0x53, 0x10, 0x61, 0x35, 0x10, 0x61, 0x39, 0x01, 0x61, 0x42,
  0x01, 0x63, 0x2c, 0x01, 0x63, 0x42, 0x01, 0x63, 0x43, 0x10, 0x63, 0x50, 0x10, 0x63, 0x60, 0x01,
  0x64, 0x02, 0x10, 0x64, 0x10, 0x01, 0x64, 0x18, 0x10, 0x64, 0x2f, 0x10, 0x64, 0x3b, 0x01, 0x64,
  0x6b, 0x01, 0x64, 0x72, 0x10, 0x65, 0x13, 0x01, 0x65, 0x16, 0x10, 0x65, 0x36, 0x10, 0x65, 0x66,
  0x01, 0x66, 0x0d, 0x01, 0x66, 0x47, 0x01, 0x66, 0x77, 0x10, 0x67, 0x35, 0x10, 0x67, 0x3a, 0x10,
  0x67, 0x61, 0x01, 0x67, 0x6c, 0x10, 0x67, 0x72, 0x10, 0x68, 0x2f, 0x10, 0x68, 0x43, 0x01, 0x68,
  0x47, 0x10, 0x68, 0x5a, 0x10, 0x69, 0x0b, 0x10, 0x69, 0x11, 0x01, 0x69, 0x20, 0x10, 0x69, 0x45,
  0x10, 0x69, 0x55, 0x01, 0x69, 0x58, 0x10, 0x6a, 0x1e, 0x10, 0x6a, 0x33, 0x10, 0x6a, 0x44, 0x01,
  0x6b, 0x04, 0x01, 0x6b, 0x2f, 0x10, 0x6b, 0x49, 0x10, 0x6c, 0x07, 0x01, 0x6c, 0x2e, 0x01, 0x6c,
  0x49, 0x10, 0x6d, 0x29, 0x10, 0x6d, 0x68, 0x10, 0x6d, 0x76, 0x10, 0x6e, 0x2c, 0x01, 0x6e, 0x2d,
  0x01, 0x6e, 0x30, 0x01, 0x6e, 0x3b, 0x01, 0x6e, 0x5c, 0x10, 0x6e, 0x5d, 0x10, 0x6e, 0x6e, 0x10,
  0x6e, 0x74, 0x01, 0x6f, 0x05, 0x01, 0x6f, 0x06, 0x01, 0x6f, 0x20, 0x10, 0x6f, 0x28, 0x10, 0x6f,
  0x3a, 0x10, 0x6f, 0x42, 0x10, 0x6f, 0x71, 0x10, 0x70, 0x02, 0x10, 0x70, 0x03, 0x10, 0x70, 0x44,
  0x01, 0x70, 0x53, 0x10, 0x70, 0x75, 0x01, 0x71, 0x27, 0x10, 0x72, 0x20, 0x10, 0x72, 0x22, 0x10,
  0x72, 0x24, 0x10, 0x72, 0x4a, 0x10, 0x73, 0x50, 0x10, 0x74, 0x35, 0x10, 0x74, 0x41, 0x10, 0x75,
  0x10, 0x10, 0x76, 0x10, 0x01, 0x76, 0x19, 0x10, 0x76, 0x1a, 0x10, 0x76, 0x22, 0x01, 0x76, 0x2f,
  0x01, 0x76, 0x51, 0x10, 0x76, 0x61, 0x10, 0x76, 0x74, 0x01, 0x76, 0x75, 0x01, 0x77, 0x01, 0x10,
  0x77, 0x05, 0x01, 0x77, 0x11, 0x01, 0x77, 0x27, 0x10, 0x77, 0x2f, 0x10, 0x77, 0x35, 0x10, 0x77,
  0x3b, 0x01, 0x77, 0x40, 0x10, 0x77, 0x43, 0x01, 0x77, 0x4c, 0x01, 0x78, 0x05, 0x01, 0x78, 0x69,
  0x01, 0x79, 0x05, 0x01, 0x79, 0x28, 0x10, 0x79, 0x3c, 0x01, 0x79, 0x51, 0x10, 0x7a, 0x26, 0x01,
  0x7a, 0x6e, 0x01, 0x7b, 0x0b, 0x10, 0x7b, 0x21, 0x10, 0x7b, 0x25, 0x10, 0x7b, 0x26, 0x01, 0x7b,
  0x3a, 0x10, 0x7b, 0x3e, 0x10, 0x7b, 0x40, 0x10, 0x7b, 0x53, 0x10, 0x7c, 0x11, 0x10, 0x7c, 0x17,
  0x10, 0x7c, 0x1c, 0x10, 0x7c, 0x2b, 0x01, 0x7c, 0x42, 0x01, 0x7c, 0x45, 0x10, 0x7c, 0x46, 0x10,
  0x7d, 0x09, 0x01, 0x7d, 0x15, 0x01, 0x7d, 0x3b, 0x01, 0x7d, 0x58, 0x01, 0x7e, 0x17, 0x01, 0x7e,
  0x36, 0x01, 0x7e, 0x40, 0x01, 0x7e, 0x49, 0x01, 0x7e, 0x56, 0x01, 0x7e, 0x60, 0x01, 0x7f, 0x07,
  0x01, 0x7f, 0x0f, 0x10, 0x7f, 0x58, 0x10, 0x7f, 0x6b, 0x01, 0x7f, 0x74, 0x10, 0x80, 0x39, 0x10,
  0x81, 0x2e, 0x10, 0x81, 0x6c, 0x01, 0x82, 0x06, 0x10, 0x82, 0x0b, 0x10, 0x82, 0x24, 0x10, 0x82,
  0x57, 0x10, 0x83, 0x15, 0x01, 0x83, 0x2f, 0x01, 0x83, 0x77, 0x10, 0x84, 0x0e, 0x01, 0x84, 0x12,
  0x01, 0x84, 0x1b, 0x01, 0x84, 0x1e, 0x10, 0x84, 0x2b, 0x01, 0x85, 0x25, 0x10, 0x85, 0x2e, 0x10,
  0x85, 0x2f, 0x01, 0x85, 0x3e, 0x01, 0x86, 0x08, 0x01, 0x86, 0x09, 0x10, 0x86, 0x28, 0x10, 0x86,
  0x2c, 0x10, 0x86, 0x34, 0x01, 0x86, 0x37, 0x01, 0x86, 0x43, 0x01, 0x86, 0x46, 0x10, 0x86, 0x48,
  0x01, 0x86, 0x5e, 0x01, 0x86, 0x6e, 0x01, 0x86, 0x75, 0x01, 0x87, 0x09, 0x01, 0x87, 0x41, 0x10,
  0x87, 0x62, 0x01, 0x87, 0x69, 0x01, 0x88, 0x2c, 0x01, 0x88, 0x41, 0x10, 0x88, 0x6d, 0x10, 0x88,
  0x70, 0x10, 0x89, 0x00, 0x01, 0x89, 0x2d, 0x01, 0x89, 0x52, 0x01, 0x89, 0x74, 0x01, 0x8a, 0x1b,
  0x01, 0x8a, 0x20, 0x10, 0x8a, 0x22, 0x10, 0x8a, 0x24, 0x10, 0x8a, 0x58, 0x10, 0x8a, 0x76, 0x10,
  0x8c, 0x00, 0x01, 0x8c, 0x17, 0x10, 0x8c, 0x2c, 0x10, 0x8c, 0x35, 0x10, 0x8c, 0x43, 0x01, 0x8c,
  0x5c, 0x01, 0x8c, 0x61, 0x10, 0x8d, 0x20, 0x01, 0x8d, 0x53, 0x01, 0x8d, 0x70, 0x10, 0x8e, 0x13,
  0x10, 0x8e, 0x1a, 0x10, 0x8e, 0x2d, 0x01, 0x8e, 0x40, 0x01, 0x8e, 0x4c, 0x10, 0x8e, 0x52, 0x10,
  0x8e, 0x5c, 0x10, 0x8f, 0x00, 0x10, 0x8f, 0x08, 0x10, 0x8f, 0x0b, 0x10, 0x8f, 0x2c, 0x01, 0x8f,
  0x3b, 0x01, 0x8f, 0x40, 0x10, 0x8f, 0x59, 0x01, 0x90, 0x11, 0x01, 0x90, 0x21, 0x10, 0x90, 0x29,
  0x10, 0x90, 0x63, 0x10, 0x92, 0x06, 0x10, 0x92, 0x1f, 0x01, 0x92, 0x28, 0x10, 0x92, 0x3e, 0x10,
  0x92, 0x66, 0x10, 0x92, 0x67, 0x01, 0x93, 0x28, 0x01, 0x93, 0x4b, 0x01, 0x93, 0x59, 0x01, 0x93,
  0x5f, 0x01, 0x94, 0x14, 0x01, 0x94, 0x28, 0x10, 0x94, 0x45, 0x01, 0x94, 0x61, 0x01, 0x94, 0x75,
  0x10, 0x96, 0x08, 0x01, 0x96, 0x15, 0x01, 0x96, 0x17, 0x10, 0x96, 0x24, 0x10, 0x96, 0x2b, 0x01,
  0x96, 0x37, 0x01, 0x96, 0x39, 0x10, 0x96, 0x3a, 0x10, 0x96, 0x3f, 0x10, 0x96, 0x53, 0x10, 0x96,
  0x5c, 0x01, 0x96, 0x5d, 0x01, 0x96, 0x74, 0x01, 0x97, 0x12, 0x10, 0x97, 0x17, 0x01, 0x97, 0x20,
  0x10, 0x97, 0x26, 0x01, 0x97, 0x29, 0x10, 0x97, 0x3e, 0x10, 0x97, 0x40, 0x10, 0x98, 0x04, 0x01,
  0x98, 0x09, 0x01, 0x98, 0x0b, 0x10, 0x98, 0x0f, 0x10, 0x98, 0x24, 0x10, 0x98, 0x26, 0x01, 0x98,
  0x34, 0x01, 0x98, 0x4c, 0x10, 0x99, 0x19, 0x10, 0x99, 0x1a, 0x10, 0x99, 0x29, 0x01, 0x99, 0x33,
  0x01, 0x99, 0x37, 0x01, 0x99, 0x3e, 0x01, 0x99, 0x63, 0x10, 0x99, 0x65, 0x10, 0x9a, 0x0b, 0x10,
  0x9a, 0x1d, 0x10, 0x9a, 0x26, 0x01, 0x9a, 0x5e, 0x10, 0x9a, 0x61, 0x10, 0x9b, 0x23, 0x10, 0x9b,
  0x2e, 0x01, 0x9b, 0x5c, 0x01, 0x9b, 0x76, 0x10, 0x9c, 0x04, 0x01, 0x9c, 0x19, 0x10, 0x9c, 0x1a,
  0x10, 0x9c, 0x22, 0x01, 0x9c, 0x24, 0x10, 0x9c, 0x59, 0x10, 0x9c, 0x61, 0x10, 0x9c, 0x6e, 0x01,
  0x9d, 0x18, 0x01, 0x9d, 0x49, 0x01, 0x9e, 0x00, 0x10, 0x9e, 0x1a, 0x10, 0x9e, 0x27, 0x10, 0x9e,
  0x3b, 0x01, 0x9e, 0x58, 0x01, 0x9f, 0x27, 0x10, 0x9f, 0x29, 0x10, 0x9f, 0x40, 0x10, 0x9f, 0x5e,
  0x10, 0xa0, 0x45, 0x01, 0xa1, 0x38, 0x10, 0xa1, 0x6f, 0x10, 0xa2, 0x09, 0x01, 0xa2, 0x24, 0x10,
  0xa2, 0x3f, 0x10, 0xa2, 0x72, 0x10, 0xa3, 0x60, 0x01, 0xa4, 0x53, 0x01, 0xa5, 0x08, 0x01, 0xa5,
  0x18, 0x01, 0xa5, 0x50, 0x01, 0xa6, 0x0b, 0x10, 0xa6, 0x1d, 0x10, 0xa6, 0x20, 0x10, 0xa6, 0x26,
  0x01, 0xa6, 0x61, 0x10, 0xa7, 0x09, 0x01, 0xa7, 0x20, 0x10, 0xa7, 0x48, 0x01, 0xa7, 0x50, 0x10,
  0xa7, 0x51, 0x10, 0xa8, 0x1b, 0x01, 0xa8, 0x4a, 0x10, 0xa8, 0x5a, 0x10, 0xa9, 0x0e, 0x10, 0xa9,
  0x6e, 0x01, 0xaa, 0x0b, 0x10, 0xaa, 0x19, 0x01, 0xaa, 0x27, 0x01, 0xaa, 0x28, 0x10, 0xaa, 0x76,
  0x10, 0xab, 0x39, 0x10, 0xab, 0x3e, 0x10, 0xac, 0x0f, 0x10, 0xac, 0x18, 0x10, 0xac, 0x24, 0x10,
  0xac, 0x26, 0x01, 0xac, 0x33, 0x01, 0xac, 0x42, 0x01, 0xac, 0x4f, 0x01, 0xac, 0x51, 0x10, 0xac,
  0x6a, 0x01, 0xae, 0x45, 0x01, 0xaf, 0x1d, 0x10, 0xaf, 0x22, 0x10, 0xaf, 0x37, 0x10, 0xaf, 0x50,
  0x10, 0xb0, 0x09, 0x10, 0xb0, 0x13, 0x10, 0xb0, 0x30, 0x01, 0xb1, 0x2f, 0x01, 0xb1, 0x5a, 0x10,
  0xb1, 0x75, 0x01, 0xb2, 0x18, 0x10, 0xb2, 0x1e, 0x01, 0xb2, 0x24, 0x10, 0xb2, 0x45, 0x10, 0xb2,
  0x61, 0x10, 0xb2, 0x6b, 0x01, 0xb2, 0x6e, 0x01, 0xb3, 0x06, 0x10, 0xb3, 0x1c, 0x01, 0xb3, 0x5d,
  0x10, 0xb4, 0x04, 0x01, 0xb4, 0x18, 0x10, 0xb4, 0x1d, 0x10, 0xb4, 0x44, 0x01, 0xb5, 0x04, 0x10,
  0xb5, 0x26, 0x10, 0xb5, 0x37, 0x01, 0xb6, 0x26, 0x01, 0xb6, 0x51, 0x10, 0xb6, 0x6c, 0x10, 0xb7,
  0x24, 0x10, 0xb7, 0x26, 0x01, 0xb7, 0x40, 0x10, 0xb7, 0x51, 0x10, 0xb8, 0x24, 0x10, 0xb8, 0x46,
  0x01, 0xb9, 0x0b, 0x01, 0xba, 0x1a, 0x01, 0xba, 0x20, 0x10, 0xba, 0x22, 0x10, 0xbb, 0x0b, 0x10,
  0xbb, 0x2b, 0x01, 0xbb, 0x44, 0x01, 0xbb, 0x66, 0x10, 0xbb, 0x6b, 0x01, 0xbc, 0x09, 0x10, 0xbc,
  0x0e, 0x10, 0xbc, 0x10, 0x10, 0xbc, 0x13, 0x01, 0xbc, 0x21, 0x10, 0xbc, 0x22, 0x01, 0xbc, 0x24,
  0x10, 0xbc, 0x45, 0x01, 0xbc, 0x6c, 0x10, 0xbc, 0x77, 0x01, 0xbd, 0x1b, 0x01, 0xbe, 0x40, 0x01,
  0xbf, 0x13, 0x01, 0xbf, 0x14, 0x01, 0xbf, 0x4f, 0x10, 0xc0, 0x0e, 0x10, 0xc0, 0x14, 0x10, 0xc0,
  0x31, 0x01, 0xc0, 0x40, 0x01, 0xc0, 0x5c, 0x01, 0xc0, 0x60, 0x01, 0xc0, 0x61, 0x10, 0xc1, 0x47,
  0x10, 0xc2, 0x00, 0x10, 0xc2, 0x08, 0x10, 0xc2, 0x0f, 0x01, 0xc2, 0x12, 0x10, 0xc2, 0x15, 0x01,
  0xc2, 0x16, 0x01, 0xc2, 0x24, 0x10, 0xc2, 0x26, 0x10, 0xc2, 0x52, 0x10, 0xc2, 0x65, 0x10, 0xc3,
  0x01, 0x10, 0xc3, 0x2e, 0x10, 0xc3, 0x56, 0x01, 0xc3, 0x64, 0x01, 0xc4, 0x0b, 0x10, 0xc4, 0x1c,
  0x01, 0xc5, 0x00, 0x10, 0xc5, 0x26, 0x10, 0xc6, 0x2f, 0x01, 0xc7, 0x4d, 0x01, 0xc8, 0x18, 0x10,
  0xc8, 0x24, 0x10, 0xc8, 0x2c, 0x10, 0xc9, 0x60, 0x01, 0xc9, 0x77, 0x01, 0xca, 0x05, 0x01, 0xca,
  0x26, 0x10, 0xca, 0x4b, 0x01, 0xca, 0x51, 0x10, 0xca, 0x60, 0x01, 0xcb, 0x6b, 0x01, 0xcc, 0x28,
  0x10, 0xcc, 0x59, 0x10, 0xcc, 0x5a, 0x10, 0xcd, 0x0d, 0x01, 0xcd, 0x64, 0x10, 0xce, 0x1e, 0x01,
  0xce, 0x34, 0x01, 0xce, 0x44, 0x10, 0xcf, 0x49, 0x01, 0xd0, 0x0b, 0x10, 0xd0, 0x2b, 0x01, 0xd0,
  0x56, 0x10, 0xd0, 0x5c, 0x01, 0xd0, 0x6c, 0x10, 0xd0, 0x6e, 0x01, 0xd1, 0x05, 0x01, 0xd1, 0x0d,
  0x10, 0xd1, 0x24, 0x10, 0xd1, 0x3a, 0x01, 0xd2, 0x05, 0x01, 0xd2, 0x0e, 0x10, 0xd2, 0x31, 0x10,
  0xd2, 0x34, 0x01, 0xd2, 0x39, 0x10, 0xd2, 0x44, 0x01, 0xd2, 0x4f, 0x01, 0xd2, 0x53, 0x10, 0xd2,
  0x77, 0x10, 0xd3, 0x04, 0x10, 0xd3, 0x1e, 0x01, 0xd3, 0x2c, 0x01, 0xd3, 0x41, 0x01, 0xd3, 0x45,
  0x01, 0xd3, 0x5c, 0x10, 0xd3, 0x60, 0x01, 0xd3, 0x72, 0x01, 0xd4, 0x0b, 0x10, 0xd4, 0x26, 0x10,
  0xd4, 0x60, 0x01, 0xd4, 0x61, 0x10, 0xd4, 0x6e, 0x01, 0xd5, 0x0f, 0x01, 0xd5, 0x1c, 0x01, 0xd5,
  0x3e, 0x01, 0xd6, 0x20, 0x10, 0xd6, 0x2f, 0x01, 0xd7, 0x08, 0x10, 0xd7, 0x1e, 0x01, 0xd7, 0x26,
  0x10, 0xd7, 0x2f, 0x01, 0xd7, 0x52, 0x10, 0xd7, 0x5a, 0x10, 0xd8, 0x00, 0x10, 0xd8, 0x0b, 0x10,
  0xd8, 0x18, 0x10, 0xd8, 0x20, 0x10, 0xd8, 0x61, 0x10, 0xd8, 0x66, 0x01, 0xd8, 0x77, 0x10, 0xd9,
  0x26, 0x10, 0xd9, 0x59, 0x01, 0xd9, 0x65, 0x10, 0xda, 0x02, 0x10, 0xda, 0x0d, 0x10, 0xda, 0x2b,
  0x10, 0xda, 0x32, 0x01, 0xda, 0x56, 0x01, 0xda, 0x60, 0x01, 0xda, 0x6b, 0x01, 0xda, 0x6d, 0x10,
  0xdb, 0x0b, 0x10, 0xdb, 0x1b, 0x10, 0xdb, 0x24, 0x10, 0xdc, 0x05, 0x01, 0xdc, 0x1c, 0x01, 0xdc,
  0x1f, 0x10, 0xdc, 0x24, 0x10, 0xdc, 0x3d, 0x01, 0xdc, 0x3e, 0x01, 0xdc, 0x56, 0x01, 0xdd, 0x0a,
  0x01, 0xdd, 0x0c, 0x01, 0xdd, 0x20, 0x10, 0xdd, 0x51, 0x10, 0xdd, 0x5c, 0x01, 0xde, 0x2c, 0x10,
  0xde, 0x58, 0x01, 0xde, 0x5e, 0x10, 0xdf, 0x18, 0x10, 0xdf, 0x1e, 0x01, 0xdf, 0x25, 0x01, 0xe0,
  0x2e, 0x01, 0xe0, 0x6c, 0x10, 0xe0, 0x74, 0x01, 0xe1, 0x1c, 0x01, 0xe1, 0x2f, 0x01, 0xe1, 0x59,
  0x10, 0xe2, 0x00, 0x10, 0xe2, 0x45, 0x10, 0xe2, 0x4f, 0x01, 0xe3, 0x0e, 0x01, 0xe3, 0x28, 0x01,
  0xe3, 0x2d, 0x01, 0xe3, 0x73, 0x01, 0xe4, 0x0b, 0x10, 0xe4, 0x11, 0x10, 0xe4, 0x13, 0x10, 0xe4,
  0x1b, 0x10, 0xe4, 0x24, 0x10, 0xe4, 0x34, 0x01, 0xe4, 0x53, 0x10, 0xe4, 0x60, 0x01, 0xe4, 0x61,
  0x10, 0xe4, 0x75, 0x10, 0xe5, 0x25, 0x10, 0xe5, 0x28, 0x01, 0xe5, 0x33, 0x01, 0xe5, 0x56, 0x01,
  0xe5, 0x57, 0x01, 0xe5, 0x61, 0x10, 0xe5, 0x6b, 0x10, 0xe5, 0x74, 0x01, 0xe6, 0x10, 0x01, 0xe6,
  0x19, 0x10, 0xe6, 0x1c, 0x01, 0xe7, 0x1e, 0x01, 0xe7, 0x1f, 0x10, 0xe7, 0x2e, 0x01, 0xe7, 0x60,
  0x01, 0xe8, 0x0b, 0x10, 0xe8, 0x21, 0x10, 0xe8, 0x45, 0x10, 0xe8, 0x4f, 0x01, 0xe8, 0x55, 0x10,
  0xe8, 0x66, 0x10, 0xe9, 0x27, 0x10, 0xe9, 0x3c, 0x10, 0xe9, 0x41, 0x01, 0xe9, 0x5d, 0x10, 0xe9,
  0x6f, 0x01, 0xea, 0x4b, 0x10, 0xea, 0x52, 0x10, 0xea, 0x6e, 0x01, 0xea, 0x72, 0x01, 0xeb, 0x05,
  0x01, 0xeb, 0x15, 0x01, 0xeb, 0x2b, 0x10, 0xeb, 0x59, 0x10, 0xeb, 0x5e, 0x01, 0xeb, 0x60, 0x01,
  0xec, 0x2d, 0x10, 0xec, 0x3c, 0x10, 0xec, 0x4b, 0x01, 0xec, 0x51, 0x10, 0xec, 0x65, 0x10, 0xec,
  0x72, 0x01, 0xed, 0x04, 0x10, 0xed, 0x17, 0x01, 0xed, 0x1c, 0x01, 0xed, 0x2c, 0x01, 0xed, 0x3a,
  0x01, 0xed, 0x43, 0x10, 0xed, 0x55, 0x10, 0xed, 0x60, 0x01, 0xed, 0x6b, 0x01, 0xee, 0x26, 0x10,
  0xef, 0x02, 0x10, 0xef, 0x13, 0x10, 0xef, 0x35, 0x01, 0xef, 0x39, 0x10, 0xef, 0x40, 0x01, 0xef,
  0x45, 0x10, 0xef, 0x5d, 0x01, 0xef, 0x60, 0x01, 0xf0, 0x3d, 0x10, 0xf0, 0x4c, 0x01, 0xf0, 0x4e,
  0x10, 0xf0, 0x53, 0x01, 0xf0, 0x55, 0x10, 0xf0, 0x5e, 0x01, 0xf0, 0x64, 0x10, 0xf0, 0x6c, 0x10,
  0xf1, 0x1c, 0x01, 0xf1, 0x26, 0x10, 0xf1, 0x2b, 0x10, 0xf1, 0x3b, 0x10, 0xf1, 0x40, 0x01, 0xf1,
  0x45, 0x10, 0xf1, 0x4c, 0x01, 0xf1, 0x59, 0x10, 0xf1, 0x5b, 0x10, 0xf1, 0x60, 0x01, 0xf1, 0x65,
  0x10, 0xf2, 0x08, 0x10, 0xf2, 0x0d, 0x10, 0xf2, 0x1e, 0x01, 0xf2, 0x1f, 0x10, 0xf2, 0x22, 0x01,
  0xf2, 0x4e, 0x10, 0xf2, 0x58, 0x10, 0xf2, 0x69, 0x01, 0xf2, 0x6e, 0x01, 0xf2, 0x77, 0x01, 0xf3,
  0x17, 0x01, 0xf3, 0x2d, 0x01, 0xf3, 0x47, 0x01, 0xf3, 0x57, 0x01, 0xf4, 0x00, 0x10, 0xf4, 0x0d,
  0x10, 0xf4, 0x15, 0x01, 0xf4, 0x2c, 0x01, 0xf4, 0x4c, 0x01, 0xf5, 0x2f, 0x01, 0xf5, 0x40, 0x01,
  0xf5, 0x51, 0x01, 0xf6, 0x26, 0x10, 0xf6, 0x3e, 0x01, 0xf6, 0x44, 0x01, 0xf6, 0x4f, 0x01, 0xf6,
  0x55, 0x10, 0xf6, 0x58, 0x10, 0xf6, 0x59, 0x10, 0xf6, 0x71, 0x01, 0xf6, 0x72, 0x01, 0xf7, 0x24,
  0x10, 0xf7, 0x46, 0x01, 0xf7, 0x55, 0x10, 0xf8, 0x05, 0x01, 0xf8, 0x0f, 0x01, 0xf8, 0x1c, 0x01,
  0xf8, 0x21, 0x10, 0xf8, 0x44, 0x01, 0xf8, 0x4d, 0x01, 0xf8, 0x72, 0x01, 0xf9, 0x2b, 0x10, 0xf9,
  0x2c, 0x01, 0xf9, 0x3a, 0x01, 0xf9, 0x40, 0x10, 0xf9, 0x5c, 0x10, 0xf9, 0x6e, 0x10, 0xfa, 0x0e,
  0x10, 0xfa, 0x12, 0x10, 0xfa, 0x2c, 0x01, 0xfa, 0x50, 0x01, 0xfa, 0x52, 0x10, 0xfb, 0x05, 0x01,
  0xfb, 0x14, 0x01, 0xfb, 0x20, 0x10, 0xfb, 0x39, 0x01, 0xfb, 0x60, 0x01, 0xfc, 0x15, 0x01, 0xfc,
  0x1f, 0x10, 0xfc, 0x3a, 0x01, 0xfc, 0x60, 0x01, 0xfd, 0x00, 0x10, 0xfd, 0x56, 0x01, 0xfe, 0x26,
  0x10, 0xff, 0x00, 0x10, 0xff, 0x13, 0x10, 0xff, 0x24, 0x10, 0xff, 0x5d, 0x01, 0xff, 0x60, 0x01,
};

const uint16_t lenet5_fc2_offsets[2] = {
  0u, 419u,
};

const uint8_t lenet5_fc2_entries[1257] = {
  0x00, 0x06, 0x01, 0x00, 0x21, 0x01, 0x00, 0x34, 0x10, 0x00, 0x35, 0x01, 0x00, 0x42, 0x10, 0x01,
  0x09, 0x01, 0x01, 0x3d, 0x01, 0x01, 0x40, 0x01, 0x01, 0x4e, 0x10, 0x02, 0x24, 0x01, 0x04, 0x02,
  0x10, 0x04, 0x0a, 0x01, 0x04, 0x12, 0x10, 0x04, 0x21, 0x01, 0x05, 0x24, 0x10, 0x05, 0x2f, 0x10,
  0x05, 0x34, 0x10, 0x05, 0x35, 0x01, 0x05, 0x3d, 0x10, 0x06, 0x27, 0x01, 0x06, 0x42, 0x10, 0x06,
  0x47, 0x01, 0x08, 0x04, 0x10, 0x08, 0x06, 0x01, 0x08, 0x27, 0x01, 0x08, 0x47, 0x01, 0x09, 0x12,
  0x10, 0x09, 0x1b, 0x01, 0x09, 0x35, 0x01, 0x09, 0x40, 0x01, 0x0a, 0x03, 0x10, 0x0a, 0x04, 0x10,
  0x0a, 0x08, 0x01, 0x0a, 0x1a, 0x01, 0x0a, 0x21, 0x01, 0x0a, 0x23, 0x01, 0x0a, 0x30, 0x01, 0x0a,
  0x38, 0x01, 0x0b, 0x18, 0x10, 0x0b, 0x1d, 0x10, 0x0b, 0x24, 0x01, 0x0b, 0x34, 0x01, 0x0b, 0x3d,
  0x01, 0x0b, 0x43, 0x10, 0x0b, 0x46, 0x10, 0x0c, 0x21, 0x01, 0x0d, 0x06, 0x01, 0x0d, 0x36, 0x01,
  0x0e, 0x19, 0x10, 0x0e, 0x22, 0x10, 0x0e, 0x27, 0x01, 0x0e, 0x35, 0x01, 0x0f, 0x53, 0x01, 0x10,
  0x33, 0x01, 0x11, 0x05, 0x01, 0x11, 0x22, 0x01, 0x11, 0x3a, 0x01, 0x12, 0x22, 0x01, 0x12, 0x23,
  0x01, 0x12, 0x46, 0x10, 0x13, 0x06, 0x01, 0x13, 0x0f, 0x01, 0x13, 0x30, 0x01, 0x13, 0x36, 0x01,
  0x13, 0x38, 0x01, 0x14, 0x27, 0x10, 0x14, 0x2d, 0x10, 0x14, 0x30, 0x01, 0x14, 0x35, 0x01, 0x14,
  0x3c, 0x10, 0x14, 0x40, 0x01, 0x14, 0x42, 0x01, 0x15, 0x1a, 0x01, 0x16, 0x18, 0x01, 0x16, 0x2f,
  0x10, 0x17, 0x17, 0x01, 0x17, 0x21, 0x10, 0x17, 0x35, 0x01, 0x18, 0x24, 0x01, 0x18, 0x35, 0x01,
  0x18, 0x40, 0x10, 0x19, 0x25, 0x10, 0x19, 0x3a, 0x01, 0x19, 0x42, 0x01, 0x19, 0x46, 0x01, 0x19,
  0x51, 0x10, 0x1a, 0x2a, 0x10, 0x1a, 0x32, 0x10, 0x1a, 0x35, 0x01, 0x1a, 0x4a, 0x10, 0x1b, 0x05,
  0x01, 0x1b, 0x09, 0x10, 0x1b, 0x47, 0x01, 0x1c, 0x06, 0x10, 0x1c, 0x38, 0x10, 0x1d, 0x02, 0x01,
  0x1d, 0x09, 0x01, 0x1d, 0x1f, 0x10, 0x1e, 0x42, 0x01, 0x1f, 0x06, 0x01, 0x1f, 0x38, 0x10, 0x20,
  0x23, 0x01, 0x20, 0x24, 0x01, 0x20, 0x30, 0x01, 0x20, 0x46, 0x10, 0x21, 0x27, 0x01, 0x21, 0x30,
  0x01, 0x21, 0x35, 0x01, 0x21, 0x40, 0x10, 0x21, 0x47, 0x10, 0x22, 0x17, 0x01, 0x22, 0x27, 0x01,
  0x22, 0x3d, 0x01, 0x23, 0x00, 0x10, 0x23, 0x15, 0x01, 0x24, 0x10, 0x10, 0x24, 0x12, 0x10, 0x24,
  0x15, 0x01, 0x24, 0x21, 0x10, 0x24, 0x23, 0x01, 0x24, 0x24, 0x01, 0x24, 0x27, 0x10, 0x24, 0x40,
  0x10, 0x24, 0x46, 0x10, 0x24, 0x4e, 0x10, 0x25, 0x23, 0x10, 0x25, 0x40, 0x10, 0x26, 0x08, 0x10,
  0x26, 0x09, 0x10, 0x26, 0x1f, 0x10, 0x26, 0x21, 0x01, 0x26, 0x32, 0x01, 0x27, 0x05, 0x10, 0x27,
  0x19, 0x01, 0x27, 0x22, 0x10, 0x27, 0x23, 0x10, 0x27, 0x30, 0x01, 0x27, 0x35, 0x10, 0x27, 0x42,
  0x01, 0x28, 0x06, 0x10, 0x28, 0x21, 0x10, 0x28, 0x24, 0x01, 0x28, 0x3d, 0x01, 0x29, 0x19, 0x01,
  0x29, 0x21, 0x01, 0x2a, 0x14, 0x10, 0x2a, 0x34, 0x01, 0x2a, 0x39, 0x10, 0x2a, 0x47, 0x10, 0x2b,
  0x06, 0x01, 0x2c, 0x05, 0x01, 0x2c, 0x06, 0x10, 0x2c, 0x21, 0x10, 0x2c, 0x27, 0x01, 0x2c, 0x49,
  0x10, 0x2d, 0x09, 0x01, 0x2d, 0x29, 0x10, 0x2d, 0x3a, 0x01, 0x2e, 0x1b, 0x10, 0x2e, 0x22, 0x10,
  0x2e, 0x47, 0x01, 0x2f, 0x06, 0x01, 0x2f, 0x30, 0x01, 0x2f, 0x35, 0x01, 0x2f, 0x36, 0x01, 0x2f,
  0x38, 0x01, 0x2f, 0x3d, 0x01, 0x2f, 0x40, 0x01, 0x2f, 0x4e, 0x01, 0x2f, 0x51, 0x10, 0x30, 0x05,
  0x01, 0x30, 0x0e, 0x01, 0x30, 0x33, 0x10, 0x30, 0x3a, 0x01, 0x30, 0x43, 0x10, 0x31, 0x05, 0x01,
  0x31, 0x27, 0x01, 0x32, 0x12, 0x01, 0x32, 0x36, 0x10, 0x33, 0x38, 0x01, 0x34, 0x19, 0x10, 0x34,
  0x21, 0x01, 0x34, 0x24, 0x10, 0x34, 0x27, 0x10, 0x35, 0x06, 0x10, 0x35, 0x19, 0x01, 0x36, 0x04,
  0x01, 0x36, 0x19, 0x01, 0x36, 0x31, 0x10, 0x37, 0x15, 0x01, 0x37, 0x35, 0x10, 0x37, 0x4e, 0x01,
  0x39, 0x16, 0x10, 0x39, 0x17, 0x01, 0x39, 0x1a, 0x01, 0x39, 0x27, 0x01, 0x39, 0x35, 0x01, 0x3a,
  0x09, 0x01, 0x3b, 0x05, 0x01, 0x3b, 0x19, 0x10, 0x3b, 0x29, 0x10, 0x3c, 0x0e, 0x01, 0x3c, 0x14,
  0x10, 0x3c, 0x35, 0x10, 0x3c, 0x3a, 0x01, 0x3d, 0x1e, 0x10, 0x3d, 0x3f, 0x10, 0x3d, 0x42, 0x01,
  0x3d, 0x45, 0x10, 0x3e, 0x01, 0x10, 0x3e, 0x08, 0x01, 0x3e, 0x09, 0x01, 0x3e, 0x23, 0x01, 0x3e,
  0x28, 0x10, 0x3e, 0x3d, 0x01, 0x3f, 0x34, 0x01, 0x3f, 0x53, 0x10, 0x40, 0x17, 0x01, 0x40, 0x24,
  0x01, 0x40, 0x4e, 0x10, 0x41, 0x08, 0x01, 0x41, 0x19, 0x01, 0x41, 0x3d, 0x01, 0x42, 0x22, 0x01,
  0x42, 0x3f, 0x10, 0x43, 0x06, 0x01, 0x43, 0x19, 0x10, 0x43, 0x21, 0x01, 0x43, 0x37, 0x10, 0x43,
  0x3a, 0x10, 0x44, 0x06, 0x01, 0x44, 0x24, 0x10, 0x44, 0x35, 0x01, 0x44, 0x46, 0x01, 0x45, 0x17,
  0x10, 0x45, 0x23, 0x01, 0x45, 0x42, 0x01, 0x45, 0x4c, 0x10, 0x46, 0x34, 0x10, 0x46, 0x3a, 0x01,
  0x46, 0x47, 0x01, 0x47, 0x09, 0x01, 0x47, 0x2d, 0x10, 0x48, 0x12, 0x01, 0x48, 0x36, 0x10, 0x48,
  0x3d, 0x10, 0x48, 0x46, 0x01, 0x48, 0x47, 0x01, 0x49, 0x05, 0x01, 0x49, 0x3d, 0x01, 0x4a, 0x04,
  0x01, 0x4a, 0x10, 0x01, 0x4a, 0x2b, 0x01, 0x4a, 0x35, 0x10, 0x4b, 0x2e, 0x10, 0x4b, 0x36, 0x01,
  0x4b, 0x3a, 0x01, 0x4b, 0x47, 0x10, 0x4b, 0x4e, 0x10, 0x4c, 0x17, 0x01, 0x4c, 0x34, 0x01, 0x4d,
  0x42, 0x01, 0x4e, 0x1a, 0x10, 0x4e, 0x22, 0x10, 0x4e, 0x23, 0x01, 0x4e, 0x4e, 0x10, 0x4f, 0x19,
  0x01, 0x4f, 0x34, 0x01, 0x4f, 0x35, 0x10, 0x4f, 0x40, 0x01, 0x4f, 0x46, 0x01, 0x4f, 0x47, 0x01,
  0x50, 0x17, 0x01, 0x50, 0x19, 0x01, 0x51, 0x08, 0x01, 0x51, 0x09, 0x01, 0x51, 0x22, 0x01, 0x51,
  0x23, 0x01, 0x52, 0x15, 0x10, 0x52, 0x34, 0x10, 0x52, 0x36, 0x01, 0x52, 0x42, 0x10, 0x53, 0x05,
  0x10, 0x53, 0x22, 0x10, 0x53, 0x35, 0x01, 0x53, 0x3a, 0x10, 0x53, 0x46, 0x10, 0x53, 0x47, 0x10,
  0x54, 0x47, 0x01, 0x55, 0x36, 0x01, 0x56, 0x06, 0x10, 0x56, 0x11, 0x10, 0x56, 0x3d, 0x01, 0x57,
  0x0f, 0x01, 0x57, 0x23, 0x01, 0x57, 0x2f, 0x10, 0x57, 0x46, 0x01, 0x58, 0x21, 0x10, 0x58, 0x24,
  0x01, 0x58, 0x30, 0x01, 0x58, 0x34, 0x01, 0x59, 0x17, 0x10, 0x59, 0x18, 0x10, 0x59, 0x24, 0x01,
  0x59, 0x3a, 0x01, 0x59, 0x42, 0x01, 0x5a, 0x25, 0x01, 0x5a, 0x2d, 0x10, 0x5a, 0x36, 0x01, 0x5b,
  0x09, 0x10, 0x5b, 0x17, 0x01, 0x5b, 0x34, 0x01, 0x5b, 0x3d, 0x01, 0x5c, 0x17, 0x01, 0x5c, 0x19,
  0x01, 0x5c, 0x21, 0x01, 0x5c, 0x23, 0x10, 0x5c, 0x35, 0x01, 0x5c, 0x3c, 0x10, 0x5c, 0x3d, 0x01,
  0x5c, 0x47, 0x10, 0x5d, 0x17, 0x01, 0x5d, 0x38, 0x01, 0x5d, 0x3a, 0x10, 0x5d, 0x3d, 0x01, 0x5e,
  0x09, 0x01, 0x5e, 0x17, 0x01, 0x5e, 0x23, 0x10, 0x5e, 0x24, 0x01, 0x5e, 0x27, 0x01, 0x5e, 0x3d,
  0x01, 0x5f, 0x2f, 0x10, 0x60, 0x06, 0x20, 0x61, 0x0a, 0x01, 0x61, 0x36, 0x01, 0x61, 0x3d, 0x10,
  0x61, 0x46, 0x01, 0x61, 0x47, 0x01, 0x61, 0x4a, 0x10, 0x61, 0x4e, 0x10, 0x62, 0x46, 0x01, 0x63,
  0x12, 0x10, 0x63, 0x35, 0x01, 0x64, 0x08, 0x01, 0x64, 0x0b, 0x10, 0x64, 0x23, 0x01, 0x64, 0x40,
  0x01, 0x65, 0x12, 0x10, 0x65, 0x17, 0x10, 0x65, 0x19, 0x01, 0x65, 0x4c, 0x01, 0x66, 0x27, 0x01,
  0x66, 0x36, 0x01, 0x66, 0x4d, 0x10, 0x67, 0x15, 0x10, 0x67, 0x1d, 0x10, 0x67, 0x21, 0x01, 0x67,
  0x24, 0x10, 0x68, 0x21, 0x01, 0x68, 0x3b, 0x10, 0x69, 0x05, 0x10, 0x69, 0x09, 0x01, 0x69, 0x17,
  0x01, 0x69, 0x28, 0x01, 0x69, 0x30, 0x01, 0x69, 0x3a, 0x10, 0x69, 0x46, 0x01, 0x69, 0x47, 0x01,
  0x6a, 0x27, 0x10, 0x6a, 0x47, 0x01, 0x6b, 0x21, 0x01, 0x6b, 0x25, 0x10, 0x6b, 0x35, 0x01, 0x6c,
  0x0f, 0x10, 0x6c, 0x24, 0x01, 0x6c, 0x2c, 0x10, 0x6c, 0x38, 0x01, 0x6c, 0x3d, 0x01, 0x6c, 0x42,
  0x01, 0x6d, 0x3d, 0x01, 0x6d, 0x46, 0x01, 0x6e, 0x06, 0x01, 0x6e, 0x17, 0x01, 0x6e, 0x21, 0x01,
  0x6e, 0x3d, 0x01, 0x6f, 0x09, 0x01, 0x6f, 0x0f, 0x01, 0x6f, 0x23, 0x01, 0x6f, 0x2d, 0x01, 0x6f,
  0x3d, 0x01, 0x6f, 0x40, 0x01, 0x6f, 0x48, 0x10, 0x70, 0x05, 0x10, 0x70, 0x35, 0x10, 0x70, 0x47,
  0x01, 0x71, 0x21, 0x01, 0x72, 0x06, 0x10, 0x72, 0x0e, 0x10, 0x72, 0x38, 0x01, 0x72, 0x3d, 0x01,
  0x73, 0x32, 0x10, 0x73, 0x47, 0x01, 0x74, 0x21, 0x01, 0x74, 0x38, 0x01, 0x74, 0x3d, 0x01, 0x75,
  0x12, 0x01, 0x75, 0x31, 0x01, 0x75, 0x32, 0x01, 0x75, 0x35, 0x10, 0x75, 0x36, 0x01, 0x76, 0x05,
  0x01, 0x76, 0x17, 0x10, 0x76, 0x3a, 0x01, 0x76, 0x3d, 0x01, 0x76, 0x46, 0x01, 0x77, 0x12, 0x10,
  0x77, 0x27, 0x10, 0x77, 0x38, 0x10, 0x77, 0x4e, 0x10,
};

const uint16_t lenet5_fc3_offsets[2] = {
  0u, 78u,
};

const uint8_t lenet5_fc3_entries[234] = {
  0x05, 0x04, 0x10, 0x05, 0x05, 0x01, 0x06, 0x01, 0x10, 0x06, 0x02, 0x10, 0x06, 0x06, 0x10, 0x06,
  0x07, 0x01, 0x08, 0x01, 0x10, 0x08, 0x02, 0x01, 0x09, 0x01, 0x10, 0x09, 0x02, 0x01, 0x0a, 0x02,
  0x10, 0x0e, 0x01, 0x10, 0x0f, 0x05, 0x10, 0x0f, 0x07, 0x01, 0x12, 0x01, 0x01, 0x15, 0x06, 0x01,
  0x17, 0x02, 0x10, 0x17, 0x03, 0x10, 0x17, 0x05, 0x10, 0x17, 0x09, 0x01, 0x19, 0x00, 0x10, 0x19,
  0x01, 0x10, 0x19, 0x04, 0x01, 0x1a, 0x00, 0x01, 0x1a, 0x03, 0x10, 0x1b, 0x00, 0x01, 0x1b, 0x01,
  0x10, 0x1b, 0x02, 0x10, 0x21, 0x06, 0x10, 0x21, 0x07, 0x01, 0x21, 0x09, 0x01, 0x22, 0x00, 0x10,
  0x22, 0x05, 0x01, 0x23, 0x02, 0x01, 0x23, 0x03, 0x01, 0x23, 0x04, 0x10, 0x23, 0x06, 0x01, 0x23,
  0x09, 0x10, 0x24, 0x03, 0x10, 0x24, 0x04, 0x01, 0x24, 0x06, 0x01, 0x24, 0x07, 0x10, 0x24, 0x09,
  0x10, 0x27, 0x00, 0x01, 0x27, 0x04, 0x01, 0x27, 0x08, 0x20, 0x30, 0x05, 0x10, 0x32, 0x03, 0x10,
  0x32, 0x08, 0x10, 0x34, 0x06, 0x01, 0x34, 0x07, 0x10, 0x35, 0x00, 0x01, 0x35, 0x01, 0x10, 0x35,
  0x04, 0x10, 0x35, 0x08, 0x01, 0x36, 0x00, 0x01, 0x36, 0x07, 0x01, 0x38, 0x01, 0x01, 0x38, 0x03,
  0x10, 0x3a, 0x03, 0x01, 0x3a, 0x05, 0x01, 0x3a, 0x09, 0x10, 0x3d, 0x03, 0x10, 0x40, 0x01, 0x01,
  0x40, 0x02, 0x01, 0x40, 0x03, 0x10, 0x40, 0x08, 0x01, 0x42, 0x04, 0x01, 0x42, 0x05, 0x01, 0x42,
  0x07, 0x10, 0x42, 0x08, 0x01, 0x46, 0x00, 0x10, 0x46, 0x03, 0x01, 0x46, 0x06, 0x10, 0x47, 0x00,
  0x10, 0x47, 0x01, 0x01, 0x47, 0x03, 0x01, 0x4e, 0x01, 0x01,
};

const v2b_lenet5_sample_t golden_lenet5[10] = {
  {
    .input_words = {
  0x00000000, 0x00000000, 0x00000000, 0x00000000, 0x00000000, 0x00000000, 0x00000000, 0x00000000,
  0x00000000, 0x00000000, 0x00000000, 0x00000000, 0x00000000, 0x00000000, 0x00000000, 0x00000000,
  0x00000000, 0x00000000, 0x00000000, 0x00000000, 0x00000000, 0x00000000, 0x00000000, 0x00000000,
  0x00000000, 0x00000000, 0x00000000, 0x00000000, 0x00000000, 0x00000000, 0x00000000, 0x00000000,
  0x00000000, 0x00000000, 0x00000000, 0x00000000, 0x00000000, 0x00000000, 0x00000000, 0x00000000,
  0x00000000, 0x00000000, 0x00000000, 0x00000000, 0x00000000, 0x00000000, 0x00000000, 0x00000000,
  0x00000000, 0x00000000, 0x00000000, 0x00000000, 0x00000000, 0x00000000, 0x00000000, 0x00000000,
  0x00000000, 0x00000000, 0x00000000, 0x00000000, 0x00000000, 0x00000000, 0x00000000, 0x00000000,
  0x00000000, 0x00000000, 0x00000000, 0x00000000, 0x00000000, 0x00000000, 0x00000000, 0x00000000,
  0x00000000, 0x00000000, 0x00000000, 0x00000000, 0x00000000, 0x00000000, 0x00000000, 0x00000000,
  0x00000000, 0x00000000, 0x00000000, 0x00000000, 0x00000000, 0x00000000, 0x00000000, 0x00000000,
  0x00000000, 0x00000000, 0x00000000, 0x00000000, 0x00000000, 0x00000000, 0x00000000, 0x00000000,
  0x00000000, 0x00000000, 0x00000000, 0x00000000, 0x00000000, 0x00000000, 0x00000000, 0x00000000,
  0x00000000, 0x00000000, 0x00000000, 0x00000000, 0x00000000, 0x00000000, 0x00000000, 0x00000000,
  0x00000000, 0x00000000, 0x00000000, 0x00000000, 0x00000000, 0x00000000, 0x00000000, 0x00000000,
  0x00000000, 0x00000000, 0x00000000, 0x00000000, 0x00000000, 0x0000016a, 0x000003fe, 0x000001ee,
  0x00000100, 0x00000000, 0x00000000, 0x00000000, 0x00000000, 0x00000000, 0x00000000, 0x00000000,
  0x00000000, 0x00000000, 0x00000000, 0x00000000, 0x00000000, 0x00000000, 0x00000000, 0x00000000,
  0x00000000, 0x00000000, 0x00000000, 0x00000000, 0x00000000, 0x00000000, 0x00000000, 0x00000000,
  0x00000040, 0x000003fe, 0x000003fe, 0x000003fe, 0x00000294, 0x00000000, 0x00000000, 0x00000000,
  0x00000000, 0x00000000, 0x00000000, 0x00000000, 0x00000000, 0x00000000, 0x00000000, 0x00000000,
  0x00000000, 0x00000000, 0x00000000, 0x00000000, 0x00000000, 0x00000000, 0x00000000, 0x00000000,
  0x00000000, 0x00000000, 0x00000000, 0x00000000, 0x000002ee, 0x000003fe, 0x000003fe, 0x000003fe,
  0x00000294, 0x00000000, 0x00000000, 0x00000000, 0x00000000, 0x00000000, 0x00000000, 0x00000000,
  0x00000000, 0x00000000, 0x00000000, 0x00000000, 0x00000000, 0x00000000, 0x00000000, 0x00000000,
  0x00000000, 0x00000000, 0x00000000, 0x00000000, 0x00000000, 0x00000000, 0x00000254, 0x00000376,
  0x000003fe, 0x000003fe, 0x000003fe, 0x000003fe, 0x000002da, 0x00000294, 0x00000110, 0x00000000,
  0x00000000, 0x00000000, 0x00000000, 0x00000000, 0x00000000, 0x00000000, 0x00000000, 0x00000000,
  0x00000000, 0x00000000, 0x00000000, 0x00000000, 0x00000000, 0x00000000, 0x00000000, 0x00000000,
  0x00000000, 0x00000000, 0x000003fe, 0x000003fe, 0x000003fe, 0x000003fe, 0x000003fe, 0x000003fe,
  0x000003fe, 0x000003fe, 0x0000037e, 0x00000020, 0x00000000, 0x00000000, 0x00000000, 0x00000000,
  0x00000000, 0x00000000, 0x00000000, 0x00000000, 0x00000000, 0x00000000, 0x00000000, 0x00000000,
  0x00000000, 0x00000000, 0x00000000, 0x00000000, 0x00000000, 0x000003b6, 0x000003fe, 0x000003fe,
  0x000003fe, 0x000003fe, 0x000003fe, 0x000003fe, 0x0000037e, 0x000003fe, 0x000003fe, 0x000003fe,
  0x00000000, 0x00000000, 0x00000000, 0x00000000, 0x00000000, 0x00000000, 0x00000000, 0x00000000,
  0x00000000, 0x00000000, 0x00000000, 0x00000000, 0x00000000, 0x00000000, 0x00000000, 0x00000000,
  0x00000110, 0x0000037e, 0x000003fe, 0x000003fe, 0x000003fe, 0x000003fe, 0x0000016a, 0x00000248,
  0x00000110, 0x000002aa, 0x000003fe, 0x000003fe, 0x00000294, 0x00000000, 0x00000000, 0x00000000,
  0x00000000, 0x00000000, 0x00000000, 0x00000000, 0x00000000, 0x00000000, 0x00000000, 0x00000000,
  0x00000000, 0x00000000, 0x00000000, 0x00000080, 0x000003fe, 0x000003fe, 0x000003fe, 0x000003fe,
  0x0000037e, 0x000002aa, 0x00000000, 0x00000000, 0x00000000, 0x00000100, 0x000001fe, 0x000003fe,
  0x000003fe, 0x00000254, 0x00000000, 0x00000000, 0x00000000, 0x00000000, 0x00000000, 0x00000000,
  0x00000000, 0x00000000, 0x00000000, 0x00000000, 0x00000000, 0x00000000, 0x00000000, 0x00000040,
  0x000003fe, 0x000003fe, 0x000003fe, 0x00000376, 0x00000000, 0x00000000, 0x00000000, 0x00000000,
  0x00000000, 0x00000000, 0x00000294, 0x000003fe, 0x000003fe, 0x000003fe, 0x00000080, 0x00000000,
  0x00000000, 0x00000000, 0x00000000, 0x00000000, 0x00000000, 0x00000000, 0x00000000, 0x00000000,
  0x00000000, 0x00000000, 0x00000000, 0x00000040, 0x000003fe, 0x000003fe, 0x000001ee, 0x00000100,
  0x00000000, 0x00000000, 0x00000000, 0x00000000, 0x00000000, 0x00000000, 0x00000100, 0x000001ee,
  0x000003fe, 0x000003fe, 0x00000080, 0x00000000, 0x00000000, 0x00000000, 0x00000000, 0x00000000,
  0x00000000, 0x00000000, 0x00000000, 0x00000000, 0x00000000, 0x00000000, 0x00000000, 0x00000040,
  0x000003fe, 0x000003fe, 0x00000000, 0x00000000, 0x00000000, 0x00000000, 0x00000000, 0x00000000,
  0x00000000, 0x00000000, 0x00000080, 0x000001ee, 0x000003fe, 0x000003fe, 0x000002da, 0x00000000,
  0x00000000, 0x00000000, 0x00000000, 0x00000000, 0x00000000, 0x00000000, 0x00000000, 0x00000000,
  0x00000000, 0x00000000, 0x00000000, 0x000002aa, 0x000003fe, 0x000003fe, 0x00000000, 0x00000000,
  0x00000000, 0x00000000, 0x00000000, 0x00000000, 0x00000000, 0x00000000, 0x00000294, 0x000003fe,
  0x000003fe, 0x000003fe, 0x00000080, 0x00000000, 0x00000000, 0x00000000, 0x00000000, 0x00000000,
  0x00000000, 0x00000000, 0x00000000, 0x00000000, 0x00000000, 0x00000000, 0x00000000, 0x000003be,
  0x000003fe, 0x000003fe, 0x00000000, 0x00000000, 0x00000000, 0x00000000, 0x00000000, 0x00000000,
  0x00000000, 0x00000110, 0x000003fe, 0x000003fe, 0x000003fe, 0x000001fe, 0x00000100, 0x00000000,
  0x00000000, 0x00000000, 0x00000000, 0x00000000, 0x00000000, 0x00000000, 0x00000000, 0x00000000,
  0x00000000, 0x00000000, 0x00000000, 0x000003be, 0x000003fe, 0x000003fe, 0x00000000, 0x00000000,
  0x00000000, 0x00000000, 0x00000000, 0x00000000, 0x000001aa, 0x000003fe, 0x000003fe, 0x000003fe,
  0x0000037e, 0x00000110, 0x00000000, 0x00000000, 0x00000000, 0x00000000, 0x00000000, 0x00000000,
  0x00000000, 0x00000000, 0x00000000, 0x00000000, 0x00000000, 0x00000000, 0x00000000, 0x000003be,
  0x000003fe, 0x000003fe, 0x00000000, 0x00000000, 0x00000000, 0x00000000, 0x00000000, 0x000003b6,
  0x0000037e, 0x000003fe, 0x000003fe, 0x000003fe, 0x000003b6, 0x00000000, 0x00000000, 0x00000000,
  0x00000000, 0x00000000, 0x00000000, 0x00000000, 0x00000000, 0x00000000, 0x00000000, 0x00000000,
  0x00000000, 0x00000000, 0x00000000, 0x000003be, 0x000003fe, 0x000003fe, 0x00000088, 0x00000088,
  0x000001fe, 0x000003fe, 0x000003fe, 0x000003fe, 0x000003fe, 0x000003fe, 0x000003fe, 0x000003fe,
  0x00000000, 0x00000000, 0x00000000, 0x00000000, 0x00000000, 0x00000000, 0x00000000, 0x00000000,
  0x00000000, 0x00000000, 0x00000000, 0x00000000, 0x00000000, 0x00000000, 0x00000000, 0x00000254,
  0x000003fe, 0x000003fe, 0x000003fe, 0x000003fe, 0x000003fe, 0x000003fe, 0x000003fe, 0x000003fe,
  0x000003fe, 0x000003fe, 0x000003fe, 0x0000016a, 0x00000000, 0x00000000, 0x00000000, 0x00000000,
  0x00000000, 0x00000000, 0x00000000, 0x00000000, 0x00000000, 0x00000000, 0x00000000, 0x00000000,
  0x00000000, 0x00000000, 0x00000000, 0x00000100, 0x000001fe, 0x000003fe, 0x000003fe, 0x000003fe,
  0x000003fe, 0x000003fe, 0x000003fe, 0x000003fe, 0x000001fe, 0x00000376, 0x00000080, 0x00000000,
  0x00000000, 0x00000000, 0x00000000, 0x00000000, 0x00000000, 0x00000000, 0x00000000, 0x00000000,
  0x00000000, 0x00000000, 0x00000000, 0x00000000, 0x00000000, 0x00000000, 0x00000000, 0x00000000,
  0x00000110, 0x000002aa, 0x000003fe, 0x000003fe, 0x000003fe, 0x000003fe, 0x000003fe, 0x000003fe,
  0x00000294, 0x00000000, 0x00000000, 0x00000000, 0x00000000, 0x00000000, 0x00000000, 0x00000000,
  0x00000000, 0x00000000, 0x00000000, 0x00000000, 0x00000000, 0x00000000, 0x00000000, 0x00000000,
  0x00000000, 0x00000000, 0x00000000, 0x00000000, 0x00000000, 0x00000000, 0x00000088, 0x000001b6,
  0x000003fe, 0x000001b6, 0x00000088, 0x00000088, 0x00000100, 0x00000000, 0x00000000, 0x00000000,
  0x00000000, 0x00000000, 0x00000000, 0x00000000, 0x00000000, 0x00000000, 0x00000000, 0x00000000,
  0x00000000, 0x00000000, 0x00000000, 0x00000000, 0x00000000, 0x00000000, 0x00000000, 0x00000000,
  0x00000000, 0x00000000, 0x00000000, 0x00000000, 0x00000000, 0x00000000, 0x00000000, 0x00000000,
  0x00000000, 0x00000000, 0x00000000, 0x00000000, 0x00000000, 0x00000000, 0x00000000, 0x00000000,
  0x00000000, 0x00000000, 0x00000000, 0x00000000, 0x00000000, 0x00000000, 0x00000000, 0x00000000,
  0x00000000, 0x00000000, 0x00000000, 0x00000000, 0x00000000, 0x00000000, 0x00000000, 0x00000000,
  0x00000000, 0x00000000, 0x00000000, 0x00000000, 0x00000000, 0x00000000, 0x00000000, 0x00000000,
  0x00000000, 0x00000000, 0x00000000, 0x00000000, 0x00000000, 0x00000000, 0x00000000, 0x00000000,
  0x00000000, 0x00000000, 0x00000000, 0x00000000, 0x00000000, 0x00000000, 0x00000000, 0x00000000,
  0x00000000, 0x00000000, 0x00000000, 0x00000000, 0x00000000, 0x00000000, 0x00000000, 0x00000000,
  0x00000000, 0x00000000, 0x00000000, 0x00000000, 0x00000000, 0x00000000, 0x00000000, 0x00000000,
  0x00000000, 0x00000000, 0x00000000, 0x00000000, 0x00000000, 0x00000000, 0x00000000, 0x00000000,
  0x00000000, 0x00000000, 0x00000000, 0x00000000, 0x00000000, 0x00000000, 0x00000000, 0x00000000,
  0x00000000, 0x00000000, 0x00000000, 0x00000000, 0x00000000, 0x00000000, 0x00000000, 0x00000000,
  0x00000000, 0x00000000, 0x00000000, 0x00000000, 0x00000000, 0x00000000, 0x00000000, 0x00000000,
    },
    .expected_counts = {
  8, 0, 0, 0, 0, 0, 0, 4, 0, 2,
    },
    .expected_class = 0u,
    .label = 0u,
    .test_index = 3u,
  },
  {
    .input_words = {
  0x00000000, 0x00000000, 0x00000000, 0x00000000, 0x00000000, 0x00000000, 0x00000000, 0x00000000,
  0x00000000, 0x00000000, 0x00000000, 0x00000000, 0x00000000, 0x00000000, 0x00000000, 0x00000000,
  0x00000000, 0x00000000, 0x00000000, 0x00000000, 0x00000000, 0x00000000, 0x00000000, 0x00000000,
  0x00000000, 0x00000000, 0x00000000, 0x00000000, 0x00000000, 0x00000000, 0x00000000, 0x00000000,
  0x00000000, 0x00000000, 0x00000000, 0x00000000, 0x00000000, 0x00000000, 0x00000000, 0x00000000,
  0x00000000, 0x00000000, 0x00000000, 0x00000000, 0x00000000, 0x00000000, 0x00000000, 0x00000000,
  0x00000000, 0x00000000, 0x00000000, 0x00000000, 0x00000000, 0x00000000, 0x00000000, 0x00000000,
  0x00000000, 0x00000000, 0x00000000, 0x00000000, 0x00000000, 0x00000000, 0x00000000, 0x00000000,
  0x00000000, 0x00000000, 0x00000000, 0x00000000, 0x00000000, 0x00000000, 0x00000000, 0x00000000,
  0x00000000, 0x00000000, 0x00000000, 0x00000000, 0x00000000, 0x00000000, 0x00000000, 0x00000000,
  0x00000000, 0x00000000, 0x00000000, 0x00000000, 0x00000000, 0x00000000, 0x00000000, 0x00000000,
  0x00000000, 0x00000000, 0x00000000, 0x00000000, 0x00000000, 0x00000000, 0x00000000, 0x00000000,
  0x00000000, 0x00000000, 0x00000000, 0x00000000, 0x00000000, 0x00000000, 0x00000000, 0x00000000,
  0x00000000, 0x00000000, 0x00000000, 0x00000000, 0x00000000, 0x00000000, 0x00000000, 0x00000000,
  0x00000000, 0x00000000, 0x00000000, 0x00000000, 0x00000000, 0x00000000, 0x00000000, 0x00000000,
  0x00000000, 0x00000000, 0x00000000, 0x00000000, 0x00000000, 0x00000000, 0x00000000, 0x00000000,
  0x00000040, 0x000003fe, 0x00000294, 0x00000000, 0x00000000, 0x00000000, 0x00000000, 0x00000000,
  0x00000000, 0x00000000, 0x00000000, 0x00000000, 0x00000000, 0x00000000, 0x00000000, 0x00000000,
  0x00000000, 0x00000000, 0x00000000, 0x00000000, 0x00000000, 0x00000000, 0x00000000, 0x00000000,
  0x00000000, 0x00000000, 0x00000000, 0x00000000, 0x00000124, 0x000003fe, 0x00000248, 0x00000000,
  0x00000000, 0x00000000, 0x00000000, 0x00000000, 0x00000000, 0x00000000, 0x00000000, 0x00000000,
  0x00000000, 0x00000000, 0x00000000, 0x00000000, 0x00000000, 0x00000000, 0x00000000, 0x00000000,
  0x00000000, 0x00000000, 0x00000000, 0x00000000, 0x00000000, 0x00000000, 0x00000000, 0x00000000,
  0x000002aa, 0x000003fe, 0x00000000, 0x00000000, 0x00000000, 0x00000000, 0x00000000, 0x00000000,
  0x00000000, 0x00000000, 0x00000000, 0x00000000, 0x00000000, 0x00000000, 0x00000000, 0x00000000,
  0x00000000, 0x00000000, 0x00000000, 0x00000000, 0x00000000, 0x00000000, 0x00000000, 0x00000000,
  0x00000000, 0x00000000, 0x00000000, 0x00000020, 0x000003fe, 0x0000016a, 0x00000000, 0x00000000,
  0x00000000, 0x00000000, 0x00000000, 0x00000000, 0x00000000, 0x00000000, 0x00000000, 0x00000000,
  0x00000000, 0x00000000, 0x00000000, 0x00000000, 0x00000000, 0x00000000, 0x00000000, 0x00000000,
  0x00000000, 0x00000000, 0x00000000, 0x00000000, 0x00000000, 0x00000000, 0x00000000, 0x00000248,
  0x000003fe, 0x00000110, 0x00000000, 0x00000000, 0x00000000, 0x00000000, 0x00000000, 0x00000000,
  0x00000000, 0x00000000, 0x00000000, 0x00000000, 0x00000000, 0x00000000, 0x00000000, 0x00000000,
  0x00000000, 0x00000000, 0x00000000, 0x00000000, 0x00000000, 0x00000000, 0x00000000, 0x00000000,
  0x00000000, 0x00000000, 0x00000000, 0x000001ee, 0x0000037e, 0x00000000, 0x00000000, 0x00000000,
  0x00000000, 0x00000000, 0x00000000, 0x00000000, 0x00000000, 0x00000000, 0x00000000, 0x00000000,
  0x00000000, 0x00000000, 0x00000000, 0x00000000, 0x00000000, 0x00000000, 0x00000000, 0x00000000,
  0x00000000, 0x00000000, 0x00000000, 0x00000000, 0x00000000, 0x00000000, 0x00000080, 0x000003fe,
  0x000003be, 0x00000000, 0x00000000, 0x00000000, 0x00000000, 0x00000000, 0x00000000, 0x00000000,
  0x00000000, 0x00000000, 0x00000000, 0x00000000, 0x00000000, 0x00000000, 0x00000000, 0x00000000,
  0x00000000, 0x00000000, 0x00000000, 0x00000000, 0x00000000, 0x00000000, 0x00000000, 0x00000000,
  0x00000000, 0x00000000, 0x00000124, 0x000003fe, 0x000002ee, 0x00000000, 0x00000000, 0x00000000,
  0x00000000, 0x00000000, 0x00000000, 0x00000000, 0x00000000, 0x00000000, 0x00000000, 0x00000000,
  0x00000000, 0x00000000, 0x00000000, 0x00000000, 0x00000000, 0x00000000, 0x00000000, 0x00000000,
  0x00000000, 0x00000000, 0x00000000, 0x00000000, 0x00000000, 0x00000000, 0x000002aa, 0x000003fe,
  0x00000248, 0x00000000, 0x00000000, 0x00000000, 0x00000000, 0x00000000, 0x00000000, 0x00000000,
  0x00000000, 0x00000000, 0x00000000, 0x00000000, 0x00000000, 0x00000000, 0x00000000, 0x00000000,
  0x00000000, 0x00000000, 0x00000000, 0x00000000, 0x00000000, 0x00000000, 0x00000000, 0x00000000,
  0x00000000, 0x00000110, 0x000003fe, 0x000003de, 0x00000000, 0x00000000, 0x00000000, 0x00000000,
  0x00000000, 0x00000000, 0x00000000, 0x00000000, 0x00000000, 0x00000000, 0x00000000, 0x00000000,
  0x00000000, 0x00000000, 0x00000000, 0x00000000, 0x00000000, 0x00000000, 0x00000000, 0x00000000,
  0x00000000, 0x00000000, 0x00000000, 0x00000000, 0x00000000, 0x00000154, 0x000003fe, 0x000002da,
  0x00000000, 0x00000000, 0x00000000, 0x00000000, 0x00000000, 0x00000000, 0x00000000, 0x00000000,
  0x00000000, 0x00000000, 0x00000000, 0x00000000, 0x00000000, 0x00000000, 0x00000000, 0x00000000,
  0x00000000, 0x00000000, 0x00000000, 0x00000000, 0x00000000, 0x00000000, 0x00000000, 0x00000000,
  0x00000000, 0x000001b6, 0x000003fe, 0x00000248, 0x00000000, 0x00000000, 0x00000000, 0x00000000,
  0x00000000, 0x00000000, 0x00000000, 0x00000000, 0x00000000, 0x00000000, 0x00000000, 0x00000000,
  0x00000000, 0x00000000, 0x00000000, 0x00000000, 0x00000000, 0x00000000, 0x00000000, 0x00000000,
  0x00000000, 0x00000000, 0x00000000, 0x00000000, 0x00000000, 0x000003fe, 0x000003be, 0x00000000,
  0x00000000, 0x00000000, 0x00000000, 0x00000000, 0x00000000, 0x00000000, 0x00000000, 0x00000000,
  0x00000000, 0x00000000, 0x00000000, 0x00000000, 0x00000000, 0x00000000, 0x00000000, 0x00000000,
  0x00000000, 0x00000000, 0x00000000, 0x00000000, 0x00000000, 0x00000000, 0x00000000, 0x00000000,
  0x00000154, 0x000003fe, 0x0000035a, 0x00000000, 0x00000000, 0x00000000, 0x00000000, 0x00000000,
  0x00000000, 0x00000000, 0x00000000, 0x00000000, 0x00000000, 0x00000000, 0x00000000, 0x00000000,
  0x00000000, 0x00000000, 0x00000000, 0x00000000, 0x00000000, 0x00000000, 0x00000000, 0x00000000,
  0x00000000, 0x00000000, 0x00000000, 0x00000000, 0x0000016a, 0x000003fe, 0x000002aa, 0x00000000,
  0x00000000, 0x00000000, 0x00000000, 0x00000000, 0x00000000, 0x00000000, 0x00000000, 0x00000000,
  0x00000000, 0x00000000, 0x00000000, 0x00000000, 0x00000000, 0x00000000, 0x00000000, 0x00000000,
  0x00000000, 0x00000000, 0x00000000, 0x00000000, 0x00000000, 0x00000000, 0x00000000, 0x00000000,
  0x000001fe, 0x000003fe, 0x00000088, 0x00000000, 0x00000000, 0x00000000, 0x00000000, 0x00000000,
  0x00000000, 0x00000000, 0x00000000, 0x00000000, 0x00000000, 0x00000000, 0x00000000, 0x00000000,
  0x00000000, 0x00000000, 0x00000000, 0x00000000, 0x00000000, 0x00000000, 0x00000000, 0x00000000,
  0x00000000, 0x00000000, 0x00000000, 0x00000110, 0x000003fe, 0x000003fe, 0x00000088, 0x00000000,
  0x00000000, 0x00000000, 0x00000000, 0x00000000, 0x00000000, 0x00000000, 0x00000000, 0x00000000,
  0x00000000, 0x00000000, 0x00000000, 0x00000000, 0x00000000, 0x00000000, 0x00000000, 0x00000000,
  0x00000000, 0x00000000, 0x00000000, 0x00000000, 0x00000000, 0x00000000, 0x00000000, 0x000002aa,
  0x000003fe, 0x000003de, 0x00000000, 0x00000000, 0x00000000, 0x00000000, 0x00000000, 0x00000000,
  0x00000000, 0x00000000, 0x00000000, 0x00000000, 0x00000000, 0x00000000, 0x00000000, 0x00000000,
  0x00000000, 0x00000000, 0x00000000, 0x00000000, 0x00000000, 0x00000000, 0x00000000, 0x00000000,
  0x00000000, 0x00000000, 0x00000000, 0x000003be, 0x000003fe, 0x00000154, 0x00000000, 0x00000000,
  0x00000000, 0x00000000, 0x00000000, 0x00000000, 0x00000000, 0x00000000, 0x00000000, 0x00000000,
  0x00000000, 0x00000000, 0x00000000, 0x00000000, 0x00000000, 0x00000000, 0x00000000, 0x00000000,
  0x00000000, 0x00000000, 0x00000000, 0x00000000, 0x00000000, 0x00000000, 0x00000000, 0x000002ee,
  0x000001b6, 0x00000000, 0x00000000, 0x00000000, 0x00000000, 0x00000000, 0x00000000, 0x00000000,
  0x00000000, 0x00000000, 0x00000000, 0x00000000, 0x00000000, 0x00000000, 0x00000000, 0x00000000,
  0x00000000, 0x00000000, 0x00000000, 0x00000000, 0x00000000, 0x00000000, 0x00000000, 0x00000000,
  0x00000000, 0x00000000, 0x00000000, 0x00000000, 0x00000000, 0x00000000, 0x00000000, 0x00000000,
  0x00000000, 0x00000000, 0x00000000, 0x00000000, 0x00000000, 0x00000000, 0x00000000, 0x00000000,
  0x00000000, 0x00000000, 0x00000000, 0x00000000, 0x00000000, 0x00000000, 0x00000000, 0x00000000,
  0x00000000, 0x00000000, 0x00000000, 0x00000000, 0x00000000, 0x00000000, 0x00000000, 0x00000000,
  0x00000000, 0x00000000, 0x00000000, 0x00000000, 0x00000000, 0x00000000, 0x00000000, 0x00000000,
  0x00000000, 0x00000000, 0x00000000, 0x00000000, 0x00000000, 0x00000000, 0x00000000, 0x00000000,
  0x00000000, 0x00000000, 0x00000000, 0x00000000, 0x00000000, 0x00000000, 0x00000000, 0x00000000,
  0x00000000, 0x00000000, 0x00000000, 0x00000000, 0x00000000, 0x00000000, 0x00000000, 0x00000000,
  0x00000000, 0x00000000, 0x00000000, 0x00000000, 0x00000000, 0x00000000, 0x00000000, 0x00000000,
  0x00000000, 0x00000000, 0x00000000, 0x00000000, 0x00000000, 0x00000000, 0x00000000, 0x00000000,
  0x00000000, 0x00000000, 0x00000000, 0x00000000, 0x00000000, 0x00000000, 0x00000000, 0x00000000,
  0x00000000, 0x00000000, 0x00000000, 0x00000000, 0x00000000, 0x00000000, 0x00000000, 0x00000000,
  0x00000000, 0x00000000, 0x00000000, 0x00000000, 0x00000000, 0x00000000, 0x00000000, 0x00000000,
    },
    .expected_counts = {
  0, 7, 1, 0, 1, 0, 0, 0, 0, 0,
    },
    .expected_class = 1u,
    .label = 1u,
    .test_index = 2u,
  },
  {
    .input_words = {
  0x00000000, 0x00000000, 0x00000000, 0x00000000, 0x00000000, 0x00000000, 0x00000000, 0x00000000,
  0x00000000, 0x00000000, 0x00000000, 0x00000000, 0x00000000, 0x00000000, 0x00000000, 0x00000000,
  0x00000000, 0x00000000, 0x00000000, 0x00000000, 0x00000000, 0x00000000, 0x00000000, 0x00000000,
  0x00000000, 0x00000000, 0x00000000, 0x00000000, 0x00000000, 0x00000000, 0x00000000, 0x00000000,
  0x00000000, 0x00000000, 0x00000000, 0x00000000, 0x00000000, 0x00000000, 0x00000000, 0x00000000,
  0x00000000, 0x00000000, 0x00000000, 0x00000000, 0x00000000, 0x00000000, 0x00000000, 0x00000000,
  0x00000000, 0x00000000, 0x00000000, 0x00000000, 0x00000000, 0x00000000, 0x00000000, 0x00000000,
  0x00000000, 0x00000000, 0x00000000, 0x00000000, 0x00000000, 0x00000000, 0x00000000, 0x00000000,
  0x00000000, 0x00000000, 0x00000000, 0x00000000, 0x00000000, 0x00000000, 0x00000000, 0x00000000,
  0x00000000, 0x00000000, 0x00000000, 0x00000000, 0x00000000, 0x00000000, 0x00000000, 0x00000000,
  0x00000000, 0x00000000, 0x00000000, 0x00000000, 0x00000000, 0x00000000, 0x00000000, 0x00000000,
  0x00000000, 0x00000000, 0x00000000, 0x00000000, 0x00000000, 0x00000000, 0x00000154, 0x00000154,
  0x000001b6, 0x000003fe, 0x000003fe, 0x0000016a, 0x00000124, 0x00000000, 0x00000000, 0x00000000,
  0x00000000, 0x00000000, 0x00000000, 0x00000000, 0x00000000, 0x00000000, 0x00000000, 0x00000000,
  0x00000000, 0x00000000, 0x00000000, 0x00000000, 0x00000000, 0x00000000, 0x00000000, 0x00000000,
  0x00000000, 0x000002da, 0x000003fe, 0x000003fe, 0x000003fe, 0x000003fe, 0x000003fe, 0x000003fe,
  0x000003be, 0x00000100, 0x00000000, 0x00000000, 0x00000000, 0x00000000, 0x00000000, 0x00000000,
  0x00000000, 0x00000000, 0x00000000, 0x00000000, 0x00000000, 0x00000000, 0x00000000, 0x00000000,
  0x00000000, 0x00000000, 0x00000000, 0x00000000, 0x000002da, 0x000003fe, 0x000003fe, 0x000003fe,
  0x000003de, 0x000002aa, 0x000001b6, 0x000003fe, 0x000003fe, 0x00000154, 0x00000000, 0x00000000,
  0x00000000, 0x00000000, 0x00000000, 0x00000000, 0x00000000, 0x00000000, 0x00000000, 0x00000000,
  0x00000000, 0x00000000, 0x00000000, 0x00000000, 0x00000000, 0x00000000, 0x00000000, 0x00000210,
  0x000003fe, 0x000003fe, 0x000003de, 0x00000080, 0x00000000, 0x00000000, 0x00000000, 0x000003de,
  0x000003fe, 0x000002aa, 0x00000000, 0x00000000, 0x00000000, 0x00000000, 0x00000000, 0x00000000,
  0x00000000, 0x00000000, 0x00000000, 0x00000000, 0x00000000, 0x00000000, 0x00000000, 0x00000000,
  0x00000000, 0x00000000, 0x00000000, 0x00000248, 0x000003fe, 0x000003de, 0x00000000, 0x00000000,
  0x00000000, 0x00000000, 0x00000154, 0x000003fe, 0x000003fe, 0x00000088, 0x00000000, 0x00000000,
  0x00000000, 0x00000000, 0x00000000, 0x00000000, 0x00000000, 0x00000000, 0x00000000, 0x00000000,
  0x00000000, 0x00000000, 0x00000000, 0x00000000, 0x00000000, 0x00000000, 0x00000000, 0x00000000,
  0x00000100, 0x00000000, 0x00000000, 0x00000000, 0x00000000, 0x00000000, 0x000003de, 0x000003fe,
  0x000003fe, 0x00000088, 0x00000000, 0x00000000, 0x00000000, 0x00000000, 0x00000000, 0x00000000,
  0x00000000, 0x00000000, 0x00000000, 0x00000000, 0x00000000, 0x00000000, 0x00000000, 0x00000000,
  0x00000000, 0x00000000, 0x00000000, 0x00000000, 0x00000000, 0x00000000, 0x00000000, 0x00000000,
  0x00000000, 0x00000154, 0x000003fe, 0x000003fe, 0x000002ee, 0x00000000, 0x00000000, 0x00000000,
  0x00000000, 0x00000000, 0x00000000, 0x00000000, 0x00000000, 0x00000000, 0x00000000, 0x00000000,
  0x00000000, 0x00000000, 0x00000000, 0x00000000, 0x00000000, 0x00000000, 0x00000000, 0x00000000,
  0x00000000, 0x00000000, 0x00000000, 0x00000000, 0x00000048, 0x000003fe, 0x000003fe, 0x000003fe,
  0x00000110, 0x00000000, 0x00000000, 0x00000000, 0x00000000, 0x00000000, 0x00000000, 0x00000000,
  0x00000000, 0x00000000, 0x00000000, 0x00000000, 0x00000000, 0x00000000, 0x00000000, 0x00000000,
  0x00000000, 0x00000000, 0x00000000, 0x00000000, 0x00000000, 0x00000000, 0x00000000, 0x00000000,
  0x000002aa, 0x000003fe, 0x000003fe, 0x000001aa, 0x00000000, 0x00000000, 0x00000000, 0x00000000,
  0x00000000, 0x00000000, 0x00000000, 0x00000000, 0x00000000, 0x00000000, 0x00000000, 0x00000000,
  0x00000000, 0x00000000, 0x00000000, 0x00000000, 0x00000000, 0x00000000, 0x00000000, 0x00000000,
  0x00000000, 0x00000000, 0x00000000, 0x000001b6, 0x000003fe, 0x000003fe, 0x0000035a, 0x00000000,
  0x00000000, 0x00000000, 0x00000000, 0x00000000, 0x00000000, 0x00000000, 0x00000000, 0x00000000,
  0x00000000, 0x00000000, 0x00000000, 0x00000000, 0x00000000, 0x00000000, 0x00000000, 0x00000000,
  0x00000000, 0x00000000, 0x00000000, 0x00000000, 0x00000000, 0x00000000, 0x00000000, 0x000003fe,
  0x000003fe, 0x000003fe, 0x00000080, 0x00000000, 0x00000000, 0x00000000, 0x00000000, 0x00000000,
  0x00000000, 0x00000000, 0x00000000, 0x00000000, 0x00000000, 0x00000000, 0x00000000, 0x00000000,
  0x00000000, 0x00000000, 0x00000000, 0x00000000, 0x00000000, 0x00000000, 0x00000000, 0x00000000,
  0x00000000, 0x00000000, 0x000002ee, 0x000003fe, 0x000003fe, 0x000002aa, 0x00000000, 0x00000000,
  0x00000000, 0x00000000, 0x00000000, 0x00000000, 0x00000000, 0x00000000, 0x00000000, 0x00000000,
  0x00000000, 0x00000000, 0x00000000, 0x00000000, 0x00000000, 0x00000000, 0x00000000, 0x00000000,
  0x00000000, 0x00000000, 0x00000000, 0x00000000, 0x00000000, 0x00000248, 0x000003fe, 0x000003fe,
  0x00000376, 0x00000000, 0x00000000, 0x00000000, 0x00000000, 0x00000000, 0x00000000, 0x00000000,
  0x00000000, 0x00000000, 0x00000000, 0x00000000, 0x00000000, 0x00000000, 0x00000000, 0x00000000,
  0x00000000, 0x00000000, 0x00000000, 0x00000000, 0x00000000, 0x00000000, 0x00000000, 0x00000000,
  0x00000000, 0x000001ee, 0x000003fe, 0x000003fe, 0x000002aa, 0x00000000, 0x00000000, 0x00000000,
  0x00000000, 0x00000000, 0x00000000, 0x00000000, 0x00000000, 0x00000000, 0x00000000, 0x00000000,
  0x00000000, 0x00000000, 0x00000000, 0x00000000, 0x00000000, 0x00000000, 0x00000000, 0x00000000,
  0x00000000, 0x00000000, 0x00000000, 0x00000000, 0x000002aa, 0x000003fe, 0x000003fe, 0x000001b6,
  0x00000000, 0x00000000, 0x00000000, 0x00000000, 0x00000000, 0x00000000, 0x00000000, 0x00000000,
  0x00000000, 0x00000000, 0x00000000, 0x00000000, 0x00000000, 0x00000000, 0x00000000, 0x00000000,
  0x00000000, 0x00000000, 0x00000000, 0x00000000, 0x00000000, 0x00000000, 0x00000000, 0x00000000,
  0x000003fe, 0x000003fe, 0x000003fe, 0x00000000, 0x00000000, 0x00000000, 0x00000000, 0x00000000,
  0x00000000, 0x00000000, 0x00000000, 0x00000000, 0x00000000, 0x00000000, 0x00000000, 0x00000000,
  0x00000000, 0x00000000, 0x00000000, 0x00000000, 0x00000000, 0x00000000, 0x00000000, 0x00000000,
  0x00000000, 0x00000000, 0x00000000, 0x00000000, 0x000003fe, 0x000003fe, 0x000003fe, 0x00000020,
  0x00000000, 0x00000000, 0x00000000, 0x00000000, 0x00000000, 0x00000000, 0x00000000, 0x00000000,
  0x00000000, 0x00000040, 0x0000016a, 0x0000016a, 0x0000016a, 0x0000016a, 0x00000000, 0x00000000,
  0x00000000, 0x00000000, 0x00000000, 0x00000000, 0x00000000, 0x00000000, 0x00000000, 0x00000000,
  0x000003fe, 0x000003fe, 0x000003fe, 0x000003fe, 0x000003fe, 0x000003fe, 0x000003fe, 0x000003fe,
  0x000002da, 0x000001aa, 0x000002da, 0x000003fe, 0x000003fe, 0x000003fe, 0x000003fe, 0x000003fe,
  0x000003fe, 0x000003fe, 0x00000154, 0x00000000, 0x00000000, 0x00000000, 0x00000000, 0x00000000,
  0x00000000, 0x00000000, 0x00000000, 0x00000000, 0x000001b6, 0x000003fe, 0x000003fe, 0x000003fe,
  0x000003fe, 0x000003fe, 0x000003fe, 0x000003fe, 0x000003fe, 0x000003fe, 0x000003fe, 0x000003fe,
  0x000003fe, 0x000003fe, 0x000003fe, 0x000002da, 0x00000154, 0x00000154, 0x00000110, 0x00000000,
  0x00000000, 0x00000000, 0x00000000, 0x00000000, 0x00000000, 0x00000000, 0x00000000, 0x00000000,
  0x00000000, 0x00000154, 0x00000154, 0x00000154, 0x00000154, 0x000002da, 0x000003fe, 0x000003fe,
  0x000003fe, 0x0000035a, 0x00000154, 0x00000154, 0x00000040, 0x00000000, 0x00000000, 0x00000000,
  0x00000000, 0x00000000, 0x00000000, 0x00000000, 0x00000000, 0x00000000, 0x00000000, 0x00000000,
  0x00000000, 0x00000000, 0x00000000, 0x00000000, 0x00000000, 0x00000000, 0x00000000, 0x00000000,
  0x00000000, 0x00000000, 0x00000000, 0x00000000, 0x00000000, 0x00000000, 0x00000000, 0x00000000,
  0x00000000, 0x00000000, 0x00000000, 0x00000000, 0x00000000, 0x00000000, 0x00000000, 0x00000000,
  0x00000000, 0x00000000, 0x00000000, 0x00000000, 0x00000000, 0x00000000, 0x00000000, 0x00000000,
  0x00000000, 0x00000000, 0x00000000, 0x00000000, 0x00000000, 0x00000000, 0x00000000, 0x00000000,
  0x00000000, 0x00000000, 0x00000000, 0x00000000, 0x00000000, 0x00000000, 0x00000000, 0x00000000,
  0x00000000, 0x00000000, 0x00000000, 0x00000000, 0x00000000, 0x00000000, 0x00000000, 0x00000000,
  0x00000000, 0x00000000, 0x00000000, 0x00000000, 0x00000000, 0x00000000, 0x00000000, 0x00000000,
  0x00000000, 0x00000000, 0x00000000, 0x00000000, 0x00000000, 0x00000000, 0x00000000, 0x00000000,
  0x00000000, 0x00000000, 0x00000000, 0x00000000, 0x00000000, 0x00000000, 0x00000000, 0x00000000,
  0x00000000, 0x00000000, 0x00000000, 0x00000000, 0x00000000, 0x00000000, 0x00000000, 0x00000000,
  0x00000000, 0x00000000, 0x00000000, 0x00000000, 0x00000000, 0x00000000, 0x00000000, 0x00000000,
  0x00000000, 0x00000000, 0x00000000, 0x00000000, 0x00000000, 0x00000000, 0x00000000, 0x00000000,
  0x00000000, 0x00000000, 0x00000000, 0x00000000, 0x00000000, 0x00000000, 0x00000000, 0x00000000,
  0x00000000, 0x00000000, 0x00000000, 0x00000000, 0x00000000, 0x00000000, 0x00000000, 0x00000000,
  0x00000000, 0x00000000, 0x00000000, 0x00000000, 0x00000000, 0x00000000, 0x00000000, 0x00000000,
  0x00000000, 0x00000000, 0x00000000, 0x00000000, 0x00000000, 0x00000000, 0x00000000, 0x00000000,
    },
    .expected_counts = {
  0, 0, 7, 2, 0, 2, 1, 0, 0, 0,
    },
    .expected_class = 2u,
    .label = 2u,
    .test_index = 1u,
  },
  {
    .input_words = {
  0x00000000, 0x00000000, 0x00000000, 0x00000000, 0x00000000, 0x00000000, 0x00000000, 0x00000000,
  0x00000000, 0x00000000, 0x00000000, 0x00000000, 0x00000000, 0x00000000, 0x00000000, 0x00000000,
  0x00000000, 0x00000000, 0x00000000, 0x00000000, 0x00000000, 0x00000000, 0x00000000, 0x00000000,
  0x00000000, 0x00000000, 0x00000000, 0x00000000, 0x00000000, 0x00000000, 0x00000000, 0x00000000,
  0x00000000, 0x00000000, 0x00000000, 0x00000000, 0x00000000, 0x00000000, 0x00000000, 0x00000000,
  0x00000000, 0x00000000, 0x00000000, 0x00000000, 0x00000000, 0x00000000, 0x00000000, 0x00000000,
  0x00000000, 0x00000000, 0x00000000, 0x00000000, 0x00000000, 0x00000000, 0x00000000, 0x00000000,
  0x00000000, 0x00000000, 0x00000000, 0x00000000, 0x00000000, 0x00000000, 0x00000000, 0x00000000,
  0x00000000, 0x00000000, 0x00000000, 0x00000000, 0x00000000, 0x00000000, 0x00000000, 0x00000000,
  0x00000000, 0x00000000, 0x00000000, 0x00000000, 0x00000000, 0x00000000, 0x00000000, 0x00000000,
  0x00000000, 0x00000000, 0x00000000, 0x00000000, 0x00000000, 0x00000000, 0x00000000, 0x00000000,
  0x00000000, 0x00000000, 0x00000000, 0x00000000, 0x00000000, 0x00000000, 0x00000000, 0x00000000,
  0x00000000, 0x00000000, 0x00000000, 0x00000000, 0x00000000, 0x00000000, 0x00000000, 0x00000000,
  0x00000000, 0x00000000, 0x00000000, 0x00000000, 0x00000000, 0x00000000, 0x00000000, 0x00000000,
  0x00000000, 0x00000000, 0x00000000, 0x00000000, 0x00000000, 0x00000000, 0x00000000, 0x00000040,
  0x000001aa, 0x000001aa, 0x00000020, 0x00000000, 0x00000000, 0x00000000, 0x00000000, 0x00000000,
  0x00000000, 0x00000000, 0x00000000, 0x00000000, 0x00000000, 0x00000000, 0x00000000, 0x00000000,
  0x00000000, 0x00000000, 0x00000000, 0x00000000, 0x00000000, 0x00000000, 0x00000000, 0x00000000,
  0x00000000, 0x00000000, 0x000002aa, 0x000003fe, 0x000003fe, 0x000003fe, 0x000003fe, 0x000002da,
  0x00000000, 0x00000000, 0x00000000, 0x00000000, 0x00000000, 0x00000000, 0x00000000, 0x00000000,
  0x00000000, 0x00000000, 0x00000000, 0x00000000, 0x00000000, 0x00000000, 0x00000000, 0x00000000,
  0x00000000, 0x00000000, 0x00000000, 0x00000000, 0x00000000, 0x000002aa, 0x000003fe, 0x000003fe,
  0x000003fe, 0x000003fe, 0x000003fe, 0x000003fe, 0x000001fe, 0x00000088, 0x00000000, 0x00000000,
  0x00000000, 0x00000000, 0x00000000, 0x00000000, 0x00000000, 0x00000000, 0x00000000, 0x00000000,
  0x00000000, 0x00000000, 0x00000000, 0x00000000, 0x00000000, 0x00000000, 0x00000000, 0x00000000,
  0x00000000, 0x000000a4, 0x000003fe, 0x000003fe, 0x000001aa, 0x000000a4, 0x00000294, 0x000003fe,
  0x000003fe, 0x000003fe, 0x000002aa, 0x00000000, 0x00000000, 0x00000000, 0x00000000, 0x00000000,
  0x00000000, 0x00000000, 0x00000000, 0x00000000, 0x00000000, 0x00000000, 0x00000000, 0x00000000,
  0x00000000, 0x00000000, 0x00000000, 0x00000000, 0x00000000, 0x000003b6, 0x000003fe, 0x000002da,
  0x00000000, 0x00000000, 0x00000000, 0x00000110, 0x000003fe, 0x000003fe, 0x000003fe, 0x000002da,
  0x00000000, 0x00000000, 0x00000000, 0x00000000, 0x00000000, 0x00000000, 0x00000000, 0x00000000,
  0x00000000, 0x00000000, 0x00000000, 0x00000000, 0x00000000, 0x00000000, 0x00000000, 0x00000000,
  0x00000000, 0x000003fe, 0x000003fe, 0x00000020, 0x00000000, 0x00000000, 0x00000000, 0x00000000,
  0x00000110, 0x000002ee, 0x000003fe, 0x000003fe, 0x000002da, 0x00000000, 0x00000000, 0x00000000,
  0x00000000, 0x00000000, 0x00000000, 0x00000000, 0x00000000, 0x00000000, 0x00000000, 0x00000000,
  0x00000000, 0x00000000, 0x00000000, 0x00000000, 0x00000000, 0x00000376, 0x000003fe, 0x00000080,
  0x00000000, 0x00000000, 0x00000000, 0x00000000, 0x00000000, 0x00000210, 0x000003fe, 0x000003fe,
  0x000003fe, 0x00000124, 0x00000000, 0x00000000, 0x00000000, 0x00000000, 0x00000000, 0x00000000,
  0x00000000, 0x00000000, 0x00000000, 0x00000000, 0x00000000, 0x00000000, 0x00000000, 0x00000000,
  0x00000000, 0x000001aa, 0x000003fe, 0x00000080, 0x00000000, 0x000000a4, 0x00000376, 0x00000124,
  0x00000124, 0x00000124, 0x0000016a, 0x000003fe, 0x000003fe, 0x00000154, 0x00000000, 0x00000000,
  0x00000000, 0x00000000, 0x00000000, 0x00000000, 0x00000000, 0x00000000, 0x00000000, 0x00000000,
  0x00000000, 0x00000000, 0x00000000, 0x00000000, 0x00000000, 0x00000124, 0x000003fe, 0x00000248,
  0x00000040, 0x000003fe, 0x000003fe, 0x000003fe, 0x000003fe, 0x000003fe, 0x000003fe, 0x000003fe,
  0x000003fe, 0x0000037e, 0x00000248, 0x00000000, 0x00000000, 0x00000000, 0x00000000, 0x00000000,
  0x00000000, 0x00000000, 0x00000000, 0x00000000, 0x00000000, 0x00000000, 0x00000000, 0x00000000,
  0x00000000, 0x00000000, 0x00000124, 0x00000000, 0x00000080, 0x000003fe, 0x000003fe, 0x000003fe,
  0x000003fe, 0x000003fe, 0x000003fe, 0x000003fe, 0x000003fe, 0x000003fe, 0x000003fe, 0x000003fe,
  0x00000124, 0x00000000, 0x00000000, 0x00000000, 0x00000000, 0x00000000, 0x00000000, 0x00000000,
  0x00000000, 0x00000000, 0x00000000, 0x00000000, 0x00000000, 0x00000000, 0x00000000, 0x00000000,
  0x00000000, 0x00000048, 0x000002da, 0x000001b6, 0x000003fe, 0x000003fe, 0x000003fe, 0x000003fe,
  0x000003fe, 0x000003fe, 0x000003fe, 0x000003fe, 0x000003fe, 0x000003de, 0x00000020, 0x00000000,
  0x00000000, 0x00000000, 0x00000000, 0x00000000, 0x00000000, 0x00000000, 0x00000000, 0x00000000,
  0x00000000, 0x00000000, 0x00000000, 0x00000000, 0x00000000, 0x00000000, 0x00000000, 0x00000000,
  0x00000000, 0x00000000, 0x00000040, 0x00000040, 0x00000000, 0x00000000, 0x000001aa, 0x000003fe,
  0x000003fe, 0x000003fe, 0x00000376, 0x00000020, 0x00000000, 0x00000000, 0x00000000, 0x00000000,
  0x00000000, 0x00000000, 0x00000000, 0x00000000, 0x00000000, 0x00000000, 0x00000000, 0x00000000,
  0x00000000, 0x00000000, 0x00000110, 0x00000000, 0x00000000, 0x00000000, 0x00000000, 0x00000000,
  0x00000000, 0x00000000, 0x00000000, 0x00000110, 0x000003de, 0x000003fe, 0x000003fe, 0x00000376,
  0x00000000, 0x00000000, 0x00000000, 0x00000000, 0x00000000, 0x00000000, 0x00000000, 0x00000000,
  0x00000000, 0x00000000, 0x00000000, 0x00000000, 0x00000248, 0x0000037e, 0x000003fe, 0x00000248,
  0x00000000, 0x00000000, 0x00000000, 0x00000000, 0x00000000, 0x00000000, 0x00000000, 0x00000000,
  0x00000000, 0x000003be, 0x000003fe, 0x000003fe, 0x00000088, 0x00000000, 0x00000000, 0x00000000,
  0x00000000, 0x00000000, 0x00000000, 0x00000000, 0x00000000, 0x00000000, 0x00000000, 0x00000000,
  0x00000124, 0x000003fe, 0x000003fe, 0x000003fe, 0x00000110, 0x00000000, 0x00000000, 0x00000000,
  0x00000000, 0x00000000, 0x00000000, 0x00000000, 0x00000000, 0x00000210, 0x000003fe, 0x000003fe,
  0x00000376, 0x00000000, 0x00000000, 0x00000000, 0x00000000, 0x00000000, 0x00000000, 0x00000000,
  0x00000000, 0x00000000, 0x00000000, 0x00000000, 0x00000000, 0x00000154, 0x000003fe, 0x000003fe,
  0x00000110, 0x00000000, 0x00000000, 0x00000000, 0x00000000, 0x00000000, 0x00000000, 0x00000000,
  0x00000000, 0x000000a4, 0x000003fe, 0x000003fe, 0x000001aa, 0x00000000, 0x00000000, 0x00000000,
  0x00000000, 0x00000000, 0x00000000, 0x00000000, 0x00000000, 0x00000000, 0x00000000, 0x00000000,
  0x00000000, 0x00000000, 0x00000376, 0x000003fe, 0x0000037e, 0x0000035a, 0x00000040, 0x00000000,
  0x00000000, 0x00000000, 0x00000000, 0x00000254, 0x000003de, 0x000003fe, 0x000003fe, 0x000003fe,
  0x000001aa, 0x00000000, 0x00000000, 0x00000000, 0x00000000, 0x00000000, 0x00000000, 0x00000000,
  0x00000000, 0x00000000, 0x00000000, 0x00000000, 0x00000000, 0x00000000, 0x00000000, 0x0000037e,
  0x000003fe, 0x000003fe, 0x000003fe, 0x000003fe, 0x000003fe, 0x000003fe, 0x000003fe, 0x000003fe,
  0x000003fe, 0x000003fe, 0x000003fe, 0x000001ee, 0x00000000, 0x00000000, 0x00000000, 0x00000000,
  0x00000000, 0x00000000, 0x00000000, 0x00000000, 0x00000000, 0x00000000, 0x00000000, 0x00000000,
  0x00000000, 0x00000000, 0x00000000, 0x00000000, 0x00000124, 0x00000376, 0x000001fe, 0x000003fe,
  0x000003fe, 0x000003fe, 0x000003fe, 0x000003fe, 0x000003fe, 0x000002ee, 0x00000154, 0x00000000,
  0x00000000, 0x00000000, 0x00000000, 0x00000000, 0x00000000, 0x00000000, 0x00000000, 0x00000000,
  0x00000000, 0x00000000, 0x00000000, 0x00000000, 0x00000000, 0x00000000, 0x00000000, 0x00000000,
  0x00000000, 0x00000000, 0x00000000, 0x00000040, 0x000002aa, 0x00000048, 0x00000154, 0x00000124,
  0x00000040, 0x00000000, 0x00000000, 0x00000000, 0x00000000, 0x00000000, 0x00000000, 0x00000000,
  0x00000000, 0x00000000, 0x00000000, 0x00000000, 0x00000000, 0x00000000, 0x00000000, 0x00000000,
  0x00000000, 0x00000000, 0x00000000, 0x00000000, 0x00000000, 0x00000000, 0x00000000, 0x00000000,
  0x00000000, 0x00000000, 0x00000000, 0x00000000, 0x00000000, 0x00000000, 0x00000000, 0x00000000,
  0x00000000, 0x00000000, 0x00000000, 0x00000000, 0x00000000, 0x00000000, 0x00000000, 0x00000000,
  0x00000000, 0x00000000, 0x00000000, 0x00000000, 0x00000000, 0x00000000, 0x00000000, 0x00000000,
  0x00000000, 0x00000000, 0x00000000, 0x00000000, 0x00000000, 0x00000000, 0x00000000, 0x00000000,
  0x00000000, 0x00000000, 0x00000000, 0x00000000, 0x00000000, 0x00000000, 0x00000000, 0x00000000,
  0x00000000, 0x00000000, 0x00000000, 0x00000000, 0x00000000, 0x00000000, 0x00000000, 0x00000000,
  0x00000000, 0x00000000, 0x00000000, 0x00000000, 0x00000000, 0x00000000, 0x00000000, 0x00000000,
  0x00000000, 0x00000000, 0x00000000, 0x00000000, 0x00000000, 0x00000000, 0x00000000, 0x00000000,
  0x00000000, 0x00000000, 0x00000000, 0x00000000, 0x00000000, 0x00000000, 0x00000000, 0x00000000,
  0x00000000, 0x00000000, 0x00000000, 0x00000000, 0x00000000, 0x00000000, 0x00000000, 0x00000000,
  0x00000000, 0x00000000, 0x00000000, 0x00000000, 0x00000000, 0x00000000, 0x00000000, 0x00000000,
  0x00000000, 0x00000000, 0x00000000, 0x00000000, 0x00000000, 0x00000000, 0x00000000, 0x00000000,
    },
    .expected_counts = {
  0, 2, 2, 3, 0, 3, 0, 0, 0, 0,
    },
    .expected_class = 3u,
    .label = 3u,
    .test_index = 18u,
  },
  {
    .input_words = {
  0x00000000, 0x00000000, 0x00000000, 0x00000000, 0x00000000, 0x00000000, 0x00000000, 0x00000000,
  0x00000000, 0x00000000, 0x00000000, 0x00000000, 0x00000000, 0x00000000, 0x00000000, 0x00000000,
  0x00000000, 0x00000000, 0x00000000, 0x00000000, 0x00000000, 0x00000000, 0x00000000, 0x00000000,
  0x00000000, 0x00000000, 0x00000000, 0x00000000, 0x00000000, 0x00000000, 0x00000000, 0x00000000,
  0x00000000, 0x00000000, 0x00000000, 0x00000000, 0x00000000, 0x00000000, 0x00000000, 0x00000000,
  0x00000000, 0x00000000, 0x00000000, 0x00000000, 0x00000000, 0x00000000, 0x00000000, 0x00000000,
  0x00000000, 0x00000000, 0x00000000, 0x00000000, 0x00000000, 0x00000000, 0x00000000, 0x00000000,
  0x00000000, 0x00000000, 0x00000000, 0x00000000, 0x00000000, 0x00000000, 0x00000000, 0x00000000,
  0x00000000, 0x00000000, 0x00000000, 0x00000000, 0x00000000, 0x00000000, 0x00000000, 0x00000000,
  0x00000000, 0x00000000, 0x00000000, 0x00000000, 0x00000000, 0x00000000, 0x00000000, 0x00000000,
  0x00000000, 0x00000000, 0x00000000, 0x00000000, 0x00000000, 0x00000000, 0x00000000, 0x00000000,
  0x00000000, 0x00000000, 0x00000000, 0x00000000, 0x00000000, 0x00000000, 0x00000000, 0x00000000,
  0x00000000, 0x00000000, 0x00000000, 0x00000000, 0x00000000, 0x00000000, 0x00000000, 0x00000000,
  0x00000000, 0x00000000, 0x00000000, 0x00000000, 0x00000000, 0x00000000, 0x00000000, 0x00000000,
  0x00000000, 0x00000000, 0x00000000, 0x00000000, 0x00000000, 0x00000000, 0x00000000, 0x00000000,
  0x00000000, 0x00000000, 0x00000000, 0x00000000, 0x00000000, 0x00000000, 0x00000000, 0x00000000,
  0x00000000, 0x00000000, 0x00000000, 0x00000000, 0x00000000, 0x00000000, 0x00000000, 0x00000000,
  0x00000000, 0x00000000, 0x00000000, 0x00000000, 0x00000000, 0x00000000, 0x00000000, 0x00000000,
  0x00000000, 0x00000000, 0x00000000, 0x00000000, 0x00000000, 0x00000000, 0x00000020, 0x000002fe,
  0x00000000, 0x00000000, 0x00000000, 0x00000000, 0x00000000, 0x00000000, 0x00000000, 0x00000088,
  0x00000100, 0x00000000, 0x00000000, 0x00000000, 0x00000000, 0x00000000, 0x00000000, 0x00000000,
  0x00000000, 0x00000000, 0x00000000, 0x00000000, 0x00000000, 0x00000000, 0x00000000, 0x00000000,
  0x00000000, 0x00000000, 0x00000154, 0x000003fe, 0x00000000, 0x00000000, 0x00000000, 0x00000000,
  0x00000000, 0x00000000, 0x00000000, 0x0000016a, 0x000002da, 0x00000000, 0x00000000, 0x00000000,
  0x00000000, 0x00000000, 0x00000000, 0x00000000, 0x00000000, 0x00000000, 0x00000000, 0x00000000,
  0x00000000, 0x00000000, 0x00000000, 0x00000000, 0x00000000, 0x00000000, 0x000002ee, 0x000003fe,
  0x00000000, 0x00000000, 0x00000000, 0x00000000, 0x00000000, 0x00000000, 0x00000000, 0x000000a4,
  0x000003de, 0x00000000, 0x00000000, 0x00000000, 0x00000000, 0x00000000, 0x00000000, 0x00000000,
  0x00000000, 0x00000000, 0x00000000, 0x00000000, 0x00000000, 0x00000000, 0x00000000, 0x00000000,
  0x00000000, 0x00000088, 0x000003fe, 0x000002aa, 0x00000000, 0x00000000, 0x00000000, 0x00000000,
  0x00000000, 0x00000000, 0x00000000, 0x00000154, 0x000003fe, 0x00000000, 0x00000000, 0x00000000,
  0x00000000, 0x00000000, 0x00000000, 0x00000000, 0x00000000, 0x00000000, 0x00000000, 0x00000000,
  0x00000000, 0x00000000, 0x00000000, 0x00000000, 0x00000020, 0x000003fe, 0x000003be, 0x00000000,
  0x00000000, 0x00000000, 0x00000000, 0x00000000, 0x00000000, 0x00000000, 0x00000000, 0x000002ee,
  0x000003fe, 0x00000000, 0x00000000, 0x00000000, 0x00000000, 0x00000000, 0x00000000, 0x00000000,
  0x00000000, 0x00000000, 0x00000000, 0x00000000, 0x00000000, 0x00000000, 0x00000000, 0x00000000,
  0x000002da, 0x000003fe, 0x00000210, 0x00000000, 0x00000000, 0x00000000, 0x00000000, 0x00000000,
  0x00000000, 0x00000000, 0x00000000, 0x000003fe, 0x000003fe, 0x00000000, 0x00000000, 0x00000000,
  0x00000000, 0x00000000, 0x00000000, 0x00000000, 0x00000000, 0x00000000, 0x00000000, 0x00000000,
  0x00000000, 0x00000000, 0x00000000, 0x00000248, 0x000003fe, 0x000003de, 0x00000000, 0x00000000,
  0x00000000, 0x00000000, 0x00000000, 0x00000000, 0x00000000, 0x00000000, 0x000002aa, 0x000003fe,
  0x00000376, 0x00000000, 0x00000000, 0x00000000, 0x00000000, 0x00000000, 0x00000000, 0x00000000,
  0x00000000, 0x00000000, 0x00000000, 0x00000000, 0x00000000, 0x00000000, 0x00000000, 0x000002da,
  0x000003fe, 0x00000294, 0x00000000, 0x00000000, 0x00000000, 0x00000000, 0x00000000, 0x00000000,
  0x00000000, 0x00000080, 0x000003fe, 0x000003fe, 0x00000088, 0x00000000, 0x00000000, 0x00000000,
  0x00000000, 0x00000000, 0x00000000, 0x00000000, 0x00000000, 0x00000000, 0x00000000, 0x00000000,
  0x00000000, 0x00000000, 0x00000000, 0x000002fe, 0x000003fe, 0x00000000, 0x00000000, 0x00000000,
  0x00000000, 0x00000000, 0x00000000, 0x00000000, 0x00000000, 0x000002aa, 0x000003fe, 0x000003de,
  0x00000000, 0x00000000, 0x00000000, 0x00000000, 0x00000000, 0x00000000, 0x00000000, 0x00000000,
  0x00000000, 0x00000000, 0x00000000, 0x00000000, 0x00000000, 0x00000000, 0x00000000, 0x000003fe,
  0x000002da, 0x00000000, 0x00000000, 0x00000000, 0x00000000, 0x00000000, 0x00000000, 0x00000000,
  0x00000000, 0x000002da, 0x000003fe, 0x000002da, 0x00000000, 0x00000000, 0x00000000, 0x00000000,
  0x00000000, 0x00000000, 0x00000000, 0x00000000, 0x00000000, 0x00000000, 0x00000000, 0x00000000,
  0x00000000, 0x00000000, 0x00000000, 0x000001ee, 0x000003de, 0x00000000, 0x00000000, 0x00000000,
  0x00000000, 0x00000000, 0x00000000, 0x00000000, 0x00000000, 0x000003fe, 0x000003fe, 0x00000294,
  0x00000000, 0x00000000, 0x00000000, 0x00000000, 0x00000000, 0x00000000, 0x00000000, 0x00000000,
  0x00000000, 0x00000000, 0x00000000, 0x00000000, 0x00000000, 0x00000000, 0x00000000, 0x000002da,
  0x000003fe, 0x000002ee, 0x00000248, 0x00000248, 0x00000248, 0x00000248, 0x000002aa, 0x000002da,
  0x000002ee, 0x000003fe, 0x000003fe, 0x00000294, 0x00000000, 0x00000000, 0x00000000, 0x00000000,
  0x00000000, 0x00000000, 0x00000000, 0x00000000, 0x00000000, 0x00000000, 0x00000000, 0x00000000,
  0x00000000, 0x00000000, 0x00000000, 0x00000040, 0x000002da, 0x000003fe, 0x000003fe, 0x000003fe,
  0x000003fe, 0x000003fe, 0x000003fe, 0x000003fe, 0x000003fe, 0x000003fe, 0x000003fe, 0x00000000,
  0x00000000, 0x00000000, 0x00000000, 0x00000000, 0x00000000, 0x00000000, 0x00000000, 0x00000000,
  0x00000000, 0x00000000, 0x00000000, 0x00000000, 0x00000000, 0x00000000, 0x00000000, 0x00000000,
  0x00000000, 0x00000020, 0x00000248, 0x00000248, 0x00000248, 0x00000248, 0x00000000, 0x00000000,
  0x000002da, 0x000003fe, 0x000003fe, 0x00000000, 0x00000000, 0x00000000, 0x00000000, 0x00000000,
  0x00000000, 0x00000000, 0x00000000, 0x00000000, 0x00000000, 0x00000000, 0x00000000, 0x00000000,
  0x00000000, 0x00000000, 0x00000000, 0x00000000, 0x00000000, 0x00000000, 0x00000000, 0x00000000,
  0x00000000, 0x00000000, 0x00000000, 0x00000000, 0x00000154, 0x000003fe, 0x000003fe, 0x00000020,
  0x00000000, 0x00000000, 0x00000000, 0x00000000, 0x00000000, 0x00000000, 0x00000000, 0x00000000,
  0x00000000, 0x00000000, 0x00000000, 0x00000000, 0x00000000, 0x00000000, 0x00000000, 0x00000000,
  0x00000000, 0x00000000, 0x00000000, 0x00000000, 0x00000000, 0x00000000, 0x00000000, 0x00000000,
  0x000002aa, 0x000003fe, 0x000003fe, 0x00000000, 0x00000000, 0x00000000, 0x00000000, 0x00000000,
  0x00000000, 0x00000000, 0x00000000, 0x00000000, 0x00000000, 0x00000000, 0x00000000, 0x00000000,
  0x00000000, 0x00000000, 0x00000000, 0x00000000, 0x00000000, 0x00000000, 0x00000000, 0x00000000,
  0x00000000, 0x00000000, 0x00000000, 0x00000000, 0x00000154, 0x000003fe, 0x000003fe, 0x00000000,
  0x00000000, 0x00000000, 0x00000000, 0x00000000, 0x00000000, 0x00000000, 0x00000000, 0x00000000,
  0x00000000, 0x00000000, 0x00000000, 0x00000000, 0x00000000, 0x00000000, 0x00000000, 0x00000000,
  0x00000000, 0x00000000, 0x00000000, 0x00000000, 0x00000000, 0x00000000, 0x00000000, 0x00000000,
  0x000002aa, 0x000003fe, 0x000003fe, 0x00000000, 0x00000000, 0x00000000, 0x00000000, 0x00000000,
  0x00000000, 0x00000000, 0x00000000, 0x00000000, 0x00000000, 0x00000000, 0x00000000, 0x00000000,
  0x00000000, 0x00000000, 0x00000000, 0x00000000, 0x00000000, 0x00000000, 0x00000000, 0x00000000,
  0x00000000, 0x00000000, 0x00000000, 0x00000000, 0x000003fe, 0x000003fe, 0x00000254, 0x00000000,
  0x00000000, 0x00000000, 0x00000000, 0x00000000, 0x00000000, 0x00000000, 0x00000000, 0x00000000,
  0x00000000, 0x00000000, 0x00000000, 0x00000000, 0x00000000, 0x00000000, 0x00000000, 0x00000000,
  0x00000000, 0x00000000, 0x00000000, 0x00000000, 0x00000000, 0x00000000, 0x00000000, 0x00000000,
  0x000001b6, 0x00000088, 0x00000000, 0x00000000, 0x00000000, 0x00000000, 0x00000000, 0x00000000,
  0x00000000, 0x00000000, 0x00000000, 0x00000000, 0x00000000, 0x00000000, 0x00000000, 0x00000000,
  0x00000000, 0x00000000, 0x00000000, 0x00000000, 0x00000000, 0x00000000, 0x00000000, 0x00000000,
  0x00000000, 0x00000000, 0x00000000, 0x00000000, 0x00000000, 0x00000000, 0x00000000, 0x00000000,
  0x00000000, 0x00000000, 0x00000000, 0x00000000, 0x00000000, 0x00000000, 0x00000000, 0x00000000,
  0x00000000, 0x00000000, 0x00000000, 0x00000000, 0x00000000, 0x00000000, 0x00000000, 0x00000000,
  0x00000000, 0x00000000, 0x00000000, 0x00000000, 0x00000000, 0x00000000, 0x00000000, 0x00000000,
  0x00000000, 0x00000000, 0x00000000, 0x00000000, 0x00000000, 0x00000000, 0x00000000, 0x00000000,
  0x00000000, 0x00000000, 0x00000000, 0x00000000, 0x00000000, 0x00000000, 0x00000000, 0x00000000,
  0x00000000, 0x00000000, 0x00000000, 0x00000000, 0x00000000, 0x00000000, 0x00000000, 0x00000000,
  0x00000000, 0x00000000, 0x00000000, 0x00000000, 0x00000000, 0x00000000, 0x00000000, 0x00000000,
  0x00000000, 0x00000000, 0x00000000, 0x00000000, 0x00000000, 0x00000000, 0x00000000, 0x00000000,
    },
    .expected_counts = {
  0, 0, 0, 0, 8, 0, 0, 0, 0, 1,
    },
    .expected_class = 4u,
    .label = 4u,
    .test_index = 4u,
  },
  {
    .input_words = {
  0x00000000, 0x00000000, 0x00000000, 0x00000000, 0x00000000, 0x00000000, 0x00000000, 0x00000000,
  0x00000000, 0x00000000, 0x00000000, 0x00000000, 0x00000000, 0x00000000, 0x00000000, 0x00000000,
  0x00000000, 0x00000000, 0x00000000, 0x00000000, 0x00000000, 0x00000000, 0x00000000, 0x00000000,
  0x00000000, 0x00000000, 0x00000000, 0x00000000, 0x00000000, 0x00000000, 0x00000000, 0x00000000,
  0x00000000, 0x00000000, 0x00000000, 0x00000000, 0x00000000, 0x00000000, 0x00000000, 0x00000000,
  0x00000000, 0x00000000, 0x00000000, 0x00000000, 0x00000000, 0x00000000, 0x00000000, 0x00000000,
  0x00000000, 0x00000000, 0x00000000, 0x00000000, 0x00000000, 0x00000000, 0x00000000, 0x00000000,
  0x00000000, 0x00000000, 0x00000000, 0x00000000, 0x00000000, 0x00000000, 0x00000000, 0x00000000,
  0x00000000, 0x00000000, 0x00000000, 0x00000000, 0x00000000, 0x00000000, 0x00000000, 0x00000000,
  0x00000000, 0x00000000, 0x00000000, 0x00000000, 0x00000000, 0x00000000, 0x00000000, 0x00000000,
  0x00000000, 0x00000000, 0x00000000, 0x00000000, 0x00000000, 0x00000000, 0x00000000, 0x00000000,
  0x00000000, 0x00000000, 0x00000000, 0x00000000, 0x00000000, 0x00000000, 0x00000000, 0x00000000,
  0x00000000, 0x00000000, 0x00000000, 0x00000000, 0x00000000, 0x00000000, 0x00000000, 0x00000000,
  0x00000000, 0x00000000, 0x00000000, 0x00000000, 0x00000000, 0x00000000, 0x00000000, 0x00000000,
  0x00000000, 0x00000000, 0x00000000, 0x00000000, 0x00000000, 0x00000000, 0x00000000, 0x00000000,
  0x00000000, 0x00000000, 0x00000000, 0x00000000, 0x00000000, 0x00000000, 0x00000000, 0x00000000,
  0x00000000, 0x00000000, 0x00000020, 0x00000020, 0x00000020, 0x00000000, 0x000002aa, 0x00000248,
  0x00000020, 0x00000000, 0x00000000, 0x00000000, 0x00000000, 0x00000000, 0x00000000, 0x00000000,
  0x00000000, 0x00000000, 0x00000000, 0x00000000, 0x00000000, 0x00000000, 0x00000000, 0x00000000,
  0x00000000, 0x00000000, 0x00000000, 0x00000048, 0x0000016a, 0x000003be, 0x000003fe, 0x000003fe,
  0x000003fe, 0x000003be, 0x000003fe, 0x000003fe, 0x000003fe, 0x00000000, 0x00000000, 0x00000000,
  0x00000000, 0x00000000, 0x00000000, 0x00000000, 0x00000000, 0x00000000, 0x00000000, 0x00000000,
  0x00000000, 0x00000000, 0x00000000, 0x00000000, 0x00000080, 0x000002aa, 0x000003fe, 0x000003fe,
  0x000003fe, 0x000003fe, 0x000003fe, 0x000003fe, 0x000003fe, 0x000003fe, 0x000003fe, 0x000003fe,
  0x000003fe, 0x00000000, 0x00000000, 0x00000000, 0x00000000, 0x00000000, 0x00000000, 0x00000000,
  0x00000000, 0x00000000, 0x00000000, 0x00000000, 0x00000000, 0x00000000, 0x00000000, 0x00000000,
  0x00000110, 0x000003fe, 0x000003fe, 0x000003fe, 0x000003fe, 0x000003fe, 0x000003fe, 0x000003fe,
  0x000003de, 0x000002da, 0x000002da, 0x000002da, 0x000002da, 0x00000000, 0x00000000, 0x00000000,
  0x00000000, 0x00000000, 0x00000000, 0x00000000, 0x00000000, 0x00000000, 0x00000000, 0x00000000,
  0x00000000, 0x000002aa, 0x00000088, 0x00000000, 0x00000110, 0x000003fe, 0x000002fe, 0x000003fe,
  0x000002da, 0x00000154, 0x00000088, 0x00000000, 0x00000000, 0x00000000, 0x00000000, 0x00000000,
  0x00000000, 0x00000000, 0x00000000, 0x00000000, 0x00000000, 0x00000000, 0x00000000, 0x00000000,
  0x00000000, 0x00000000, 0x00000000, 0x00000000, 0x000003de, 0x000003fe, 0x00000248, 0x00000000,
  0x00000000, 0x00000080, 0x00000000, 0x00000100, 0x00000000, 0x00000000, 0x00000000, 0x00000000,
  0x00000000, 0x00000000, 0x00000000, 0x00000000, 0x00000000, 0x00000000, 0x00000000, 0x00000000,
  0x00000000, 0x00000000, 0x00000000, 0x00000000, 0x00000000, 0x00000000, 0x00000000, 0x000001b6,
  0x000003fe, 0x000002aa, 0x00000000, 0x00000000, 0x00000000, 0x00000000, 0x00000000, 0x00000000,
  0x00000000, 0x00000000, 0x00000000, 0x00000000, 0x00000000, 0x00000000, 0x00000000, 0x00000000,
  0x00000000, 0x00000000, 0x00000000, 0x00000000, 0x00000000, 0x00000000, 0x00000000, 0x00000000,
  0x00000000, 0x00000000, 0x000002aa, 0x000003fe, 0x000003fe, 0x00000000, 0x00000000, 0x00000000,
  0x00000000, 0x00000000, 0x00000000, 0x00000000, 0x00000000, 0x00000000, 0x00000000, 0x00000000,
  0x00000000, 0x00000000, 0x00000000, 0x00000000, 0x00000000, 0x00000000, 0x00000000, 0x00000000,
  0x00000000, 0x00000000, 0x00000000, 0x00000000, 0x00000000, 0x00000124, 0x000003fe, 0x0000037e,
  0x00000200, 0x00000000, 0x00000000, 0x00000000, 0x00000000, 0x00000000, 0x00000000, 0x00000000,
  0x00000000, 0x00000000, 0x00000000, 0x00000000, 0x00000000, 0x00000000, 0x00000000, 0x00000000,
  0x00000000, 0x00000000, 0x00000000, 0x00000000, 0x00000000, 0x00000000, 0x00000000, 0x00000000,
  0x00000000, 0x0000016a, 0x000003fe, 0x000001b6, 0x00000000, 0x00000000, 0x00000000, 0x00000000,
  0x00000000, 0x00000000, 0x00000000, 0x00000000, 0x00000000, 0x00000000, 0x00000000, 0x00000000,
  0x00000000, 0x00000000, 0x00000000, 0x00000000, 0x00000000, 0x00000000, 0x00000000, 0x00000000,
  0x00000000, 0x00000000, 0x00000000, 0x00000000, 0x00000000, 0x000003fe, 0x000003fe, 0x000003fe,
  0x00000154, 0x00000020, 0x00000000, 0x00000000, 0x00000000, 0x00000000, 0x00000000, 0x00000000,
  0x00000000, 0x00000000, 0x00000000, 0x00000000, 0x00000000, 0x00000000, 0x00000000, 0x00000000,
  0x00000000, 0x00000000, 0x00000000, 0x00000000, 0x00000000, 0x00000000, 0x00000000, 0x00000000,
  0x00000000, 0x000003fe, 0x000003fe, 0x000003fe, 0x000003fe, 0x000003fe, 0x0000016a, 0x00000124,
  0x00000154, 0x00000248, 0x00000040, 0x00000040, 0x00000248, 0x00000200, 0x00000000, 0x00000000,
  0x00000000, 0x00000000, 0x00000000, 0x00000000, 0x00000000, 0x00000000, 0x00000000, 0x00000000,
  0x00000000, 0x00000000, 0x00000000, 0x00000000, 0x00000000, 0x000002aa, 0x000003fe, 0x000003fe,
  0x000003fe, 0x000003fe, 0x000003fe, 0x000003fe, 0x000003fe, 0x000003fe, 0x000003fe, 0x000003fe,
  0x000003fe, 0x000003fe, 0x000002da, 0x00000000, 0x00000000, 0x00000000, 0x00000000, 0x00000000,
  0x00000000, 0x00000000, 0x00000000, 0x00000000, 0x00000000, 0x00000000, 0x00000000, 0x00000000,
  0x00000000, 0x00000000, 0x00000210, 0x000003be, 0x0000037e, 0x000003fe, 0x000003fe, 0x000003fe,
  0x000003fe, 0x000003fe, 0x000003fe, 0x000003fe, 0x000003fe, 0x000003fe, 0x000003fe, 0x00000154,
  0x00000000, 0x00000000, 0x00000000, 0x00000000, 0x00000000, 0x00000000, 0x00000000, 0x00000000,
  0x00000000, 0x00000000, 0x00000000, 0x00000000, 0x00000000, 0x00000000, 0x00000000, 0x00000000,
  0x00000000, 0x00000088, 0x00000088, 0x000001ee, 0x000003fe, 0x000003fe, 0x000003fe, 0x000003fe,
  0x000003fe, 0x000003fe, 0x000003fe, 0x000001b6, 0x00000000, 0x00000000, 0x00000000, 0x00000000,
  0x00000000, 0x00000000, 0x00000000, 0x00000000, 0x00000000, 0x00000000, 0x00000000, 0x00000000,
  0x00000000, 0x00000000, 0x00000000, 0x00000000, 0x00000000, 0x00000000, 0x00000000, 0x00000154,
  0x000003fe, 0x000003fe, 0x0000016a, 0x00000020, 0x000002da, 0x000003fe, 0x000003fe, 0x000001b6,
  0x00000000, 0x00000000, 0x00000000, 0x00000000, 0x00000000, 0x00000000, 0x00000000, 0x00000000,
  0x00000000, 0x00000000, 0x00000000, 0x00000000, 0x00000000, 0x00000000, 0x00000000, 0x00000000,
  0x00000000, 0x00000000, 0x00000000, 0x00000020, 0x000003fe, 0x000003fe, 0x000003fe, 0x00000376,
  0x000003fe, 0x000003fe, 0x000003fe, 0x0000016a, 0x00000000, 0x00000000, 0x00000000, 0x00000000,
  0x00000000, 0x00000000, 0x00000000, 0x00000000, 0x00000000, 0x00000000, 0x00000000, 0x00000000,
  0x00000000, 0x00000000, 0x00000000, 0x00000000, 0x00000000, 0x00000000, 0x00000000, 0x00000000,
  0x000002da, 0x000003fe, 0x000003fe, 0x000003fe, 0x000003fe, 0x000003fe, 0x000001b6, 0x00000000,
  0x00000000, 0x00000000, 0x00000000, 0x00000000, 0x00000000, 0x00000000, 0x00000000, 0x00000000,
  0x00000000, 0x00000000, 0x00000000, 0x00000000, 0x00000000, 0x00000000, 0x00000000, 0x00000000,
  0x00000000, 0x00000000, 0x00000000, 0x00000000, 0x00000000, 0x000003b6, 0x000003fe, 0x000003fe,
  0x0000037e, 0x000002aa, 0x00000000, 0x00000000, 0x00000000, 0x00000000, 0x00000000, 0x00000000,
  0x00000000, 0x00000000, 0x00000000, 0x00000000, 0x00000000, 0x00000000, 0x00000000, 0x00000000,
  0x00000000, 0x00000000, 0x00000000, 0x00000000, 0x00000000, 0x00000000, 0x00000000, 0x00000000,
  0x00000000, 0x00000000, 0x00000124, 0x0000016a, 0x00000000, 0x00000000, 0x00000000, 0x00000000,
  0x00000000, 0x00000000, 0x00000000, 0x00000000, 0x00000000, 0x00000000, 0x00000000, 0x00000000,
  0x00000000, 0x00000000, 0x00000000, 0x00000000, 0x00000000, 0x00000000, 0x00000000, 0x00000000,
  0x00000000, 0x00000000, 0x00000000, 0x00000000, 0x00000000, 0x00000000, 0x00000000, 0x00000000,
  0x00000000, 0x00000000, 0x00000000, 0x00000000, 0x00000000, 0x00000000, 0x00000000, 0x00000000,
  0x00000000, 0x00000000, 0x00000000, 0x00000000, 0x00000000, 0x00000000, 0x00000000, 0x00000000,
  0x00000000, 0x00000000, 0x00000000, 0x00000000, 0x00000000, 0x00000000, 0x00000000, 0x00000000,
  0x00000000, 0x00000000, 0x00000000, 0x00000000, 0x00000000, 0x00000000, 0x00000000, 0x00000000,
  0x00000000, 0x00000000, 0x00000000, 0x00000000, 0x00000000, 0x00000000, 0x00000000, 0x00000000,
  0x00000000, 0x00000000, 0x00000000, 0x00000000, 0x00000000, 0x00000000, 0x00000000, 0x00000000,
  0x00000000, 0x00000000, 0x00000000, 0x00000000, 0x00000000, 0x00000000, 0x00000000, 0x00000000,
  0x00000000, 0x00000000, 0x00000000, 0x00000000, 0x00000000, 0x00000000, 0x00000000, 0x00000000,
  0x00000000, 0x00000000, 0x00000000, 0x00000000, 0x00000000, 0x00000000, 0x00000000, 0x00000000,
  0x00000000, 0x00000000, 0x00000000, 0x00000000, 0x00000000, 0x00000000, 0x00000000, 0x00000000,
  0x00000000, 0x00000000, 0x00000000, 0x00000000, 0x00000000, 0x00000000, 0x00000000, 0x00000000,
  0x00000000, 0x00000000, 0x00000000, 0x00000000, 0x00000000, 0x00000000, 0x00000000, 0x00000000,
    },
    .expected_counts = {
  2, 0, 2, 0, 2, 5, 4, 0, 0, 0,
    },
    .expected_class = 5u,
    .label = 5u,
    .test_index = 8u,
  },
  {
    .input_words = {
  0x00000000, 0x00000000, 0x00000000, 0x00000000, 0x00000000, 0x00000000, 0x00000000, 0x00000000,
  0x00000000, 0x00000000, 0x00000000, 0x00000000, 0x00000000, 0x00000000, 0x00000000, 0x00000000,
  0x00000000, 0x00000000, 0x00000000, 0x00000000, 0x00000000, 0x00000000, 0x00000000, 0x00000000,
  0x00000000, 0x00000000, 0x00000000, 0x00000000, 0x00000000, 0x00000000, 0x00000000, 0x00000000,
  0x00000000, 0x00000000, 0x00000000, 0x00000000, 0x00000000, 0x00000000, 0x00000000, 0x00000000,
  0x00000000, 0x00000000, 0x00000000, 0x00000000, 0x00000000, 0x00000000, 0x00000000, 0x00000000,
  0x00000000, 0x00000000, 0x00000000, 0x00000000, 0x00000000, 0x00000000, 0x00000000, 0x00000000,
  0x00000000, 0x00000000, 0x00000000, 0x00000000, 0x00000000, 0x00000000, 0x00000000, 0x00000000,
  0x00000000, 0x00000000, 0x00000000, 0x00000000, 0x00000000, 0x00000000, 0x00000000, 0x00000000,
  0x00000000, 0x00000000, 0x00000000, 0x00000000, 0x00000000, 0x00000000, 0x00000000, 0x00000000,
  0x00000000, 0x00000000, 0x00000000, 0x00000000, 0x00000000, 0x00000000, 0x00000000, 0x00000000,
  0x00000000, 0x00000000, 0x00000000, 0x00000000, 0x00000000, 0x00000000, 0x00000000, 0x000001ee,
  0x000003fe, 0x000001b6, 0x00000000, 0x00000000, 0x00000000, 0x00000000, 0x00000000, 0x00000000,
  0x00000000, 0x00000000, 0x00000000, 0x00000000, 0x00000000, 0x00000000, 0x00000000, 0x00000000,
  0x00000000, 0x00000000, 0x00000000, 0x00000000, 0x00000000, 0x00000000, 0x00000000, 0x00000000,
  0x00000000, 0x00000000, 0x0000016a, 0x000003fe, 0x000003fe, 0x00000154, 0x00000000, 0x00000000,
  0x00000000, 0x00000000, 0x00000000, 0x00000000, 0x00000000, 0x00000000, 0x00000000, 0x00000000,
  0x00000000, 0x00000000, 0x00000000, 0x00000000, 0x00000000, 0x00000000, 0x00000000, 0x00000000,
  0x00000000, 0x00000000, 0x00000000, 0x00000000, 0x00000000, 0x00000154, 0x000003fe, 0x00000376,
  0x00000210, 0x00000000, 0x00000000, 0x00000000, 0x00000000, 0x00000000, 0x00000000, 0x00000000,
  0x00000000, 0x00000000, 0x00000000, 0x00000000, 0x00000000, 0x00000000, 0x00000000, 0x00000000,
  0x00000000, 0x00000000, 0x00000000, 0x00000000, 0x00000000, 0x00000000, 0x00000000, 0x00000000,
  0x00000000, 0x000002aa, 0x000003fe, 0x00000154, 0x00000000, 0x00000000, 0x00000000, 0x00000000,
  0x00000000, 0x00000000, 0x00000000, 0x00000000, 0x00000000, 0x00000000, 0x00000000, 0x00000000,
  0x00000000, 0x00000000, 0x00000000, 0x00000000, 0x00000000, 0x00000000, 0x00000000, 0x00000000,
  0x00000000, 0x00000000, 0x00000000, 0x00000000, 0x00000000, 0x0000035a, 0x000003fe, 0x00000020,
  0x00000000, 0x00000000, 0x00000000, 0x00000000, 0x00000000, 0x00000000, 0x00000000, 0x00000000,
  0x00000000, 0x00000000, 0x00000000, 0x00000000, 0x00000000, 0x00000000, 0x00000000, 0x00000000,
  0x00000000, 0x00000000, 0x00000000, 0x00000000, 0x00000000, 0x00000000, 0x00000000, 0x00000000,
  0x00000200, 0x000003fe, 0x000002ee, 0x00000000, 0x00000000, 0x00000000, 0x00000000, 0x00000000,
  0x00000000, 0x00000000, 0x00000000, 0x00000000, 0x00000000, 0x00000000, 0x00000000, 0x00000000,
  0x00000000, 0x00000000, 0x00000000, 0x00000000, 0x00000000, 0x00000000, 0x00000000, 0x00000000,
  0x00000000, 0x00000000, 0x00000000, 0x00000000, 0x0000016a, 0x000003fe, 0x000002ee, 0x00000000,
  0x00000000, 0x00000000, 0x00000000, 0x00000000, 0x00000000, 0x00000000, 0x00000110, 0x00000248,
  0x00000248, 0x00000040, 0x00000000, 0x00000000, 0x00000000, 0x00000000, 0x00000000, 0x00000000,
  0x00000000, 0x00000000, 0x00000000, 0x00000000, 0x00000000, 0x00000000, 0x00000000, 0x00000000,
  0x000002fe, 0x000003fe, 0x000000a4, 0x00000000, 0x00000000, 0x00000000, 0x00000000, 0x00000000,
  0x0000016a, 0x000002fe, 0x000003fe, 0x000003fe, 0x000003fe, 0x000003fe, 0x00000154, 0x00000000,
  0x00000000, 0x00000000, 0x00000000, 0x00000000, 0x00000000, 0x00000000, 0x00000000, 0x00000000,
  0x00000000, 0x00000000, 0x00000000, 0x00000000, 0x000001fe, 0x000002fe, 0x00000000, 0x00000000,
  0x00000000, 0x00000000, 0x00000210, 0x000001fe, 0x000003fe, 0x000003fe, 0x000003fe, 0x000001b6,
  0x000002fe, 0x000003fe, 0x000001fe, 0x00000100, 0x00000000, 0x00000000, 0x00000000, 0x00000000,
  0x00000000, 0x00000000, 0x00000000, 0x00000000, 0x00000000, 0x00000000, 0x00000000, 0x00000254,
  0x000003fe, 0x0000016a, 0x00000000, 0x00000000, 0x00000200, 0x000002aa, 0x000003fe, 0x000003fe,
  0x000002fe, 0x000002aa, 0x00000200, 0x00000000, 0x00000000, 0x000001b6, 0x000003fe, 0x00000210,
  0x00000000, 0x00000000, 0x00000000, 0x00000000, 0x00000000, 0x00000000, 0x00000000, 0x00000000,
  0x00000000, 0x00000000, 0x00000000, 0x0000035a, 0x000003fe, 0x00000254, 0x00000000, 0x00000000,
  0x0000016a, 0x000003fe, 0x000003fe, 0x00000376, 0x00000020, 0x00000000, 0x00000000, 0x00000000,
  0x00000000, 0x000002aa, 0x000003fe, 0x00000210, 0x00000000, 0x00000000, 0x00000000, 0x00000000,
  0x00000000, 0x00000000, 0x00000000, 0x00000000, 0x00000000, 0x00000000, 0x00000000, 0x00000376,
  0x000003fe, 0x00000254, 0x00000000, 0x00000040, 0x000003fe, 0x000003fe, 0x0000016a, 0x00000000,
  0x00000000, 0x00000000, 0x00000000, 0x00000000, 0x00000000, 0x000002aa, 0x000001ee, 0x00000000,
  0x00000000, 0x00000000, 0x00000000, 0x00000000, 0x00000000, 0x00000000, 0x00000000, 0x00000000,
  0x00000000, 0x00000000, 0x00000000, 0x000002ee, 0x000003fe, 0x00000154, 0x00000000, 0x0000016a,
  0x000003fe, 0x000002da, 0x00000000, 0x00000000, 0x00000000, 0x00000000, 0x00000000, 0x00000000,
  0x00000000, 0x0000035a, 0x000002ee, 0x00000000, 0x00000000, 0x00000000, 0x00000000, 0x00000000,
  0x00000000, 0x00000000, 0x00000000, 0x00000000, 0x00000000, 0x00000000, 0x00000000, 0x000002ee,
  0x000003fe, 0x00000254, 0x00000000, 0x000001b6, 0x000003fe, 0x00000376, 0x00000000, 0x00000000,
  0x00000000, 0x00000000, 0x00000000, 0x00000000, 0x00000200, 0x000003fe, 0x000001b6, 0x00000000,
  0x00000000, 0x00000000, 0x00000000, 0x00000000, 0x00000000, 0x00000000, 0x00000000, 0x00000000,
  0x00000000, 0x00000000, 0x00000000, 0x000002ee, 0x000003fe, 0x00000254, 0x00000000, 0x00000000,
  0x000003fe, 0x000003fe, 0x00000154, 0x00000000, 0x00000000, 0x00000000, 0x00000000, 0x00000000,
  0x000001ee, 0x000003fe, 0x00000210, 0x00000000, 0x00000000, 0x00000000, 0x00000000, 0x00000000,
  0x00000000, 0x00000000, 0x00000000, 0x00000000, 0x00000000, 0x00000000, 0x00000200, 0x0000037e,
  0x000003fe, 0x00000254, 0x00000000, 0x00000000, 0x00000000, 0x000001ee, 0x000003fe, 0x000002ee,
  0x00000000, 0x00000000, 0x00000048, 0x000001ee, 0x000003fe, 0x00000154, 0x00000000, 0x00000000,
  0x00000000, 0x00000000, 0x00000000, 0x00000000, 0x00000000, 0x00000000, 0x00000000, 0x00000000,
  0x00000000, 0x00000000, 0x00000000, 0x00000376, 0x000003fe, 0x000001b6, 0x00000000, 0x00000000,
  0x00000000, 0x00000000, 0x00000048, 0x00000080, 0x00000100, 0x0000035a, 0x000003fe, 0x000003fe,
  0x00000154, 0x00000000, 0x00000000, 0x00000000, 0x00000000, 0x00000000, 0x00000000, 0x00000000,
  0x00000000, 0x00000000, 0x00000000, 0x00000000, 0x00000000, 0x00000000, 0x00000000, 0x00000200,
  0x000003de, 0x000003fe, 0x000002ee, 0x00000248, 0x00000110, 0x00000110, 0x000002aa, 0x000002ee,
  0x000003fe, 0x000003fe, 0x000003be, 0x00000248, 0x00000000, 0x00000000, 0x00000000, 0x00000000,
  0x00000000, 0x00000000, 0x00000000, 0x00000000, 0x00000000, 0x00000000, 0x00000000, 0x00000000,
  0x00000000, 0x00000000, 0x00000000, 0x00000000, 0x00000000, 0x000003be, 0x000003fe, 0x000003fe,
  0x000003fe, 0x000003fe, 0x000003fe, 0x000003fe, 0x000003fe, 0x0000035a, 0x00000000, 0x00000000,
  0x00000000, 0x00000000, 0x00000000, 0x00000000, 0x00000000, 0x00000000, 0x00000000, 0x00000000,
  0x00000000, 0x00000000, 0x00000000, 0x00000000, 0x00000000, 0x00000000, 0x00000000, 0x00000000,
  0x00000000, 0x00000000, 0x00000294, 0x000002aa, 0x000003fe, 0x000002aa, 0x000002aa, 0x000002aa,
  0x00000040, 0x00000000, 0x00000000, 0x00000000, 0x00000000, 0x00000000, 0x00000000, 0x00000000,
  0x00000000, 0x00000000, 0x00000000, 0x00000000, 0x00000000, 0x00000000, 0x00000000, 0x00000000,
  0x00000000, 0x00000000, 0x00000000, 0x00000000, 0x00000000, 0x00000000, 0x00000000, 0x00000000,
  0x00000000, 0x00000000, 0x00000000, 0x00000000, 0x00000000, 0x00000000, 0x00000000, 0x00000000,
  0x00000000, 0x00000000, 0x00000000, 0x00000000, 0x00000000, 0x00000000, 0x00000000, 0x00000000,
  0x00000000, 0x00000000, 0x00000000, 0x00000000, 0x00000000, 0x00000000, 0x00000000, 0x00000000,
  0x00000000, 0x00000000, 0x00000000, 0x00000000, 0x00000000, 0x00000000, 0x00000000, 0x00000000,
  0x00000000, 0x00000000, 0x00000000, 0x00000000, 0x00000000, 0x00000000, 0x00000000, 0x00000000,
  0x00000000, 0x00000000, 0x00000000, 0x00000000, 0x00000000, 0x00000000, 0x00000000, 0x00000000,
  0x00000000, 0x00000000, 0x00000000, 0x00000000, 0x00000000, 0x00000000, 0x00000000, 0x00000000,
  0x00000000, 0x00000000, 0x00000000, 0x00000000, 0x00000000, 0x00000000, 0x00000000, 0x00000000,
  0x00000000, 0x00000000, 0x00000000, 0x00000000, 0x00000000, 0x00000000, 0x00000000, 0x00000000,
  0x00000000, 0x00000000, 0x00000000, 0x00000000, 0x00000000, 0x00000000, 0x00000000, 0x00000000,
  0x00000000, 0x00000000, 0x00000000, 0x00000000, 0x00000000, 0x00000000, 0x00000000, 0x00000000,
  0x00000000, 0x00000000, 0x00000000, 0x00000000, 0x00000000, 0x00000000, 0x00000000, 0x00000000,
  0x00000000, 0x00000000, 0x00000000, 0x00000000, 0x00000000, 0x00000000, 0x00000000, 0x00000000,
  0x00000000, 0x00000000, 0x00000000, 0x00000000, 0x00000000, 0x00000000, 0x00000000, 0x00000000,
  0x00000000, 0x00000000, 0x00000000, 0x00000000, 0x00000000, 0x00000000, 0x00000000, 0x00000000,
  0x00000000, 0x00000000, 0x00000000, 0x00000000, 0x00000000, 0x00000000, 0x00000000, 0x00000000,
    },
    .expected_counts = {
  2, 0, 3, 0, 3, 0, 7, 0, 0, 0,
    },
    .expected_class = 6u,
    .label = 6u,
    .test_index = 11u,
  },
  {
    .input_words = {
  0x00000000, 0x00000000, 0x00000000, 0x00000000, 0x00000000, 0x00000000, 0x00000000, 0x00000000,
  0x00000000, 0x00000000, 0x00000000, 0x00000000, 0x00000000, 0x00000000, 0x00000000, 0x00000000,
  0x00000000, 0x00000000, 0x00000000, 0x00000000, 0x00000000, 0x00000000, 0x00000000, 0x00000000,
  0x00000000, 0x00000000, 0x00000000, 0x00000000, 0x00000000, 0x00000000, 0x00000000, 0x00000000,
  0x00000000, 0x00000000, 0x00000000, 0x00000000, 0x00000000, 0x00000000, 0x00000000, 0x00000000,
  0x00000000, 0x00000000, 0x00000000, 0x00000000, 0x00000000, 0x00000000, 0x00000000, 0x00000000,
  0x00000000, 0x00000000, 0x00000000, 0x00000000, 0x00000000, 0x00000000, 0x00000000, 0x00000000,
  0x00000000, 0x00000000, 0x00000000, 0x00000000, 0x00000000, 0x00000000, 0x00000000, 0x00000000,
  0x00000000, 0x00000000, 0x00000000, 0x00000000, 0x00000000, 0x00000000, 0x00000000, 0x00000000,
  0x00000000, 0x00000000, 0x00000000, 0x00000000, 0x00000000, 0x00000000, 0x00000000, 0x00000000,
  0x00000000, 0x00000000, 0x00000000, 0x00000000, 0x00000000, 0x00000000, 0x00000000, 0x00000000,
  0x00000000, 0x00000000, 0x00000000, 0x00000000, 0x00000000, 0x00000000, 0x00000000, 0x00000000,
  0x00000000, 0x00000000, 0x00000000, 0x00000000, 0x00000000, 0x00000000, 0x00000000, 0x00000000,
  0x00000000, 0x00000000, 0x00000000, 0x00000000, 0x00000000, 0x00000000, 0x00000000, 0x00000000,
  0x00000000, 0x00000000, 0x00000000, 0x00000000, 0x00000000, 0x00000000, 0x00000000, 0x00000000,
  0x00000000, 0x00000000, 0x00000000, 0x00000000, 0x00000000, 0x00000000, 0x00000000, 0x00000000,
  0x00000000, 0x00000000, 0x00000000, 0x00000000, 0x00000000, 0x00000000, 0x00000000, 0x00000000,
  0x00000000, 0x00000000, 0x00000000, 0x00000000, 0x00000000, 0x00000000, 0x00000000, 0x00000000,
  0x00000000, 0x00000000, 0x00000000, 0x00000000, 0x00000000, 0x00000000, 0x00000000, 0x00000000,
  0x00000000, 0x00000000, 0x00000000, 0x00000000, 0x00000000, 0x00000000, 0x00000000, 0x00000000,
  0x00000000, 0x00000000, 0x00000000, 0x00000000, 0x00000000, 0x00000000, 0x00000000, 0x00000000,
  0x00000000, 0x00000000, 0x00000000, 0x00000000, 0x00000000, 0x00000000, 0x00000000, 0x00000000,
  0x00000000, 0x00000000, 0x00000000, 0x00000000, 0x00000000, 0x00000000, 0x00000000, 0x00000000,
  0x00000000, 0x00000000, 0x00000000, 0x00000000, 0x00000000, 0x00000000, 0x00000000, 0x00000000,
  0x00000000, 0x00000000, 0x00000000, 0x00000000, 0x00000000, 0x00000000, 0x00000000, 0x00000000,
  0x00000000, 0x00000000, 0x00000248, 0x00000376, 0x0000035a, 0x0000016a, 0x00000110, 0x00000080,
  0x00000000, 0x00000000, 0x00000000, 0x00000000, 0x00000000, 0x00000000, 0x00000000, 0x00000000,
  0x00000000, 0x00000000, 0x00000000, 0x00000000, 0x00000000, 0x00000000, 0x00000000, 0x00000000,
  0x00000000, 0x00000000, 0x00000000, 0x00000000, 0x00000000, 0x00000000, 0x0000037e, 0x000003fe,
  0x000003fe, 0x000003fe, 0x000003fe, 0x000003fe, 0x000002ee, 0x000002ee, 0x000002ee, 0x000002ee,
  0x000002ee, 0x000002ee, 0x000002ee, 0x000002ee, 0x000002da, 0x00000210, 0x00000000, 0x00000000,
  0x00000000, 0x00000000, 0x00000000, 0x00000000, 0x00000000, 0x00000000, 0x00000000, 0x00000000,
  0x00000000, 0x00000000, 0x00000088, 0x00000154, 0x00000088, 0x00000154, 0x000002da, 0x000002fe,
  0x000003fe, 0x000002fe, 0x000003fe, 0x000003fe, 0x000003fe, 0x000003fe, 0x000001fe, 0x000003fe,
  0x000003fe, 0x000002aa, 0x00000000, 0x00000000, 0x00000000, 0x00000000, 0x00000000, 0x00000000,
  0x00000000, 0x00000000, 0x00000000, 0x00000000, 0x00000000, 0x00000000, 0x00000000, 0x00000000,
  0x00000000, 0x00000000, 0x00000000, 0x00000000, 0x00000088, 0x00000000, 0x00000088, 0x00000088,
  0x00000088, 0x00000110, 0x00000000, 0x000003fe, 0x000003fe, 0x00000294, 0x00000000, 0x00000000,
  0x00000000, 0x00000000, 0x00000000, 0x00000000, 0x00000000, 0x00000000, 0x00000000, 0x00000000,
  0x00000000, 0x00000000, 0x00000000, 0x00000000, 0x00000000, 0x00000000, 0x00000000, 0x00000000,
  0x00000000, 0x00000000, 0x00000000, 0x00000000, 0x00000000, 0x00000000, 0x00000248, 0x000003fe,
  0x000003de, 0x00000000, 0x00000000, 0x00000000, 0x00000000, 0x00000000, 0x00000000, 0x00000000,
  0x00000000, 0x00000000, 0x00000000, 0x00000000, 0x00000000, 0x00000000, 0x00000000, 0x00000000,
  0x00000000, 0x00000000, 0x00000000, 0x00000000, 0x00000000, 0x00000000, 0x00000000, 0x00000000,
  0x00000000, 0x00000000, 0x000003fe, 0x000003fe, 0x00000248, 0x00000000, 0x00000000, 0x00000000,
  0x00000000, 0x00000000, 0x00000000, 0x00000000, 0x00000000, 0x00000000, 0x00000000, 0x00000000,
  0x00000000, 0x00000000, 0x00000000, 0x00000000, 0x00000000, 0x00000000, 0x00000000, 0x00000000,
  0x00000000, 0x00000000, 0x00000000, 0x00000000, 0x00000000, 0x000002aa, 0x000003fe, 0x000003fe,
  0x00000020, 0x00000000, 0x00000000, 0x00000000, 0x00000000, 0x00000000, 0x00000000, 0x00000000,
  0x00000000, 0x00000000, 0x00000000, 0x00000000, 0x00000000, 0x00000000, 0x00000000, 0x00000000,
  0x00000000, 0x00000000, 0x00000000, 0x00000000, 0x00000000, 0x00000000, 0x00000000, 0x00000000,
  0x00000110, 0x000003fe, 0x000003fe, 0x00000110, 0x00000000, 0x00000000, 0x00000000, 0x00000000,
  0x00000000, 0x00000000, 0x00000000, 0x00000000, 0x00000000, 0x00000000, 0x00000000, 0x00000000,
  0x00000000, 0x00000000, 0x00000000, 0x00000000, 0x00000000, 0x00000000, 0x00000000, 0x00000000,
  0x00000000, 0x00000000, 0x00000000, 0x00000000, 0x000002aa, 0x000003fe, 0x00000376, 0x00000000,
  0x00000000, 0x00000000, 0x00000000, 0x00000000, 0x00000000, 0x00000000, 0x00000000, 0x00000000,
  0x00000000, 0x00000000, 0x00000000, 0x00000000, 0x00000000, 0x00000000, 0x00000000, 0x00000000,
  0x00000000, 0x00000000, 0x00000000, 0x00000000, 0x00000000, 0x00000000, 0x00000000, 0x00000000,
  0x000003de, 0x000003fe, 0x00000110, 0x00000000, 0x00000000, 0x00000000, 0x00000000, 0x00000000,
  0x00000000, 0x00000000, 0x00000000, 0x00000000, 0x00000000, 0x00000000, 0x00000000, 0x00000000,
  0x00000000, 0x00000000, 0x00000000, 0x00000000, 0x00000000, 0x00000000, 0x00000000, 0x00000000,
  0x00000000, 0x00000000, 0x00000000, 0x00000154, 0x000003fe, 0x000003b6, 0x00000000, 0x00000000,
  0x00000000, 0x00000000, 0x00000000, 0x00000000, 0x00000000, 0x00000000, 0x00000000, 0x00000000,
  0x00000000, 0x00000000, 0x00000000, 0x00000000, 0x00000000, 0x00000000, 0x00000000, 0x00000000,
  0x00000000, 0x00000000, 0x00000000, 0x00000000, 0x00000000, 0x00000000, 0x00000048, 0x000003fe,
  0x000003fe, 0x00000110, 0x00000000, 0x00000000, 0x00000000, 0x00000000, 0x00000000, 0x00000000,
  0x00000000, 0x00000000, 0x00000000, 0x00000000, 0x00000000, 0x00000000, 0x00000000, 0x00000000,
  0x00000000, 0x00000000, 0x00000000, 0x00000000, 0x00000000, 0x00000000, 0x00000000, 0x00000000,
  0x00000000, 0x00000000, 0x0000037e, 0x000003fe, 0x000002da, 0x00000000, 0x00000000, 0x00000000,
  0x00000000, 0x00000000, 0x00000000, 0x00000000, 0x00000000, 0x00000000, 0x00000000, 0x00000000,
  0x00000000, 0x00000000, 0x00000000, 0x00000000, 0x00000000, 0x00000000, 0x00000000, 0x00000000,
  0x00000000, 0x00000000, 0x00000000, 0x00000000, 0x00000000, 0x000001ee, 0x000003fe, 0x000003be,
  0x00000080, 0x00000000, 0x00000000, 0x00000000, 0x00000000, 0x00000000, 0x00000000, 0x00000000,
  0x00000000, 0x00000000, 0x00000000, 0x00000000, 0x00000000, 0x00000000, 0x00000000, 0x00000000,
  0x00000000, 0x00000000, 0x00000000, 0x00000000, 0x00000000, 0x00000000, 0x00000000, 0x00000000,
  0x00000040, 0x000003fe, 0x000003fe, 0x00000248, 0x00000000, 0x00000000, 0x00000000, 0x00000000,
  0x00000000, 0x00000000, 0x00000000, 0x00000000, 0x00000000, 0x00000000, 0x00000000, 0x00000000,
  0x00000000, 0x00000000, 0x00000000, 0x00000000, 0x00000000, 0x00000000, 0x00000000, 0x00000000,
  0x00000000, 0x00000000, 0x00000000, 0x00000100, 0x000002fe, 0x000003fe, 0x00000154, 0x00000000,
  0x00000000, 0x00000000, 0x00000000, 0x00000000, 0x00000000, 0x00000000, 0x00000000, 0x00000000,
  0x00000000, 0x00000000, 0x00000000, 0x00000000, 0x00000000, 0x00000000, 0x00000000, 0x00000000,
  0x00000000, 0x00000000, 0x00000000, 0x00000000, 0x00000000, 0x00000000, 0x00000000, 0x000002aa,
  0x000003fe, 0x000003fe, 0x00000210, 0x00000000, 0x00000000, 0x00000000, 0x00000000, 0x00000000,
  0x00000000, 0x00000000, 0x00000000, 0x00000000, 0x00000000, 0x00000000, 0x00000000, 0x00000000,
  0x00000000, 0x00000000, 0x00000000, 0x00000000, 0x00000000, 0x00000000, 0x00000000, 0x00000000,
  0x00000000, 0x00000000, 0x00000110, 0x000003fe, 0x000003fe, 0x000003fe, 0x00000210, 0x00000000,
  0x00000000, 0x00000000, 0x00000000, 0x00000000, 0x00000000, 0x00000000, 0x00000000, 0x00000000,
  0x00000000, 0x00000000, 0x00000000, 0x00000000, 0x00000000, 0x00000000, 0x00000000, 0x00000000,
  0x00000000, 0x00000000, 0x00000000, 0x00000000, 0x00000000, 0x00000000, 0x00000154, 0x000003fe,
  0x000003fe, 0x000003be, 0x00000040, 0x00000000, 0x00000000, 0x00000000, 0x00000000, 0x00000000,
  0x00000000, 0x00000000, 0x00000000, 0x00000000, 0x00000000, 0x00000000, 0x00000000, 0x00000000,
  0x00000000, 0x00000000, 0x00000000, 0x00000000, 0x00000000, 0x00000000, 0x00000000, 0x00000000,
  0x00000000, 0x00000000, 0x00000154, 0x000003fe, 0x000003de, 0x00000000, 0x00000000, 0x00000000,
  0x00000000, 0x00000000, 0x00000000, 0x00000000, 0x00000000, 0x00000000, 0x00000000, 0x00000000,
  0x00000000, 0x00000000, 0x00000000, 0x00000000, 0x00000000, 0x00000000, 0x00000000, 0x00000000,
  0x00000000, 0x00000000, 0x00000000, 0x00000000, 0x00000000, 0x00000000, 0x00000000, 0x00000000,
  0x00000000, 0x00000000, 0x00000000, 0x00000000, 0x00000000, 0x00000000, 0x00000000, 0x00000000,
  0x00000000, 0x00000000, 0x00000000, 0x00000000, 0x00000000, 0x00000000, 0x00000000, 0x00000000,
    },
    .expected_counts = {
  2, 0, 0, 0, 0, 0, 0, 8, 0, 2,
    },
    .expected_class = 7u,
    .label = 7u,
    .test_index = 0u,
  },
  {
    .input_words = {
  0x00000000, 0x00000000, 0x00000000, 0x00000000, 0x00000000, 0x00000000, 0x00000000, 0x00000000,
  0x00000000, 0x00000000, 0x00000000, 0x00000000, 0x00000000, 0x00000000, 0x00000000, 0x00000000,
  0x00000000, 0x00000000, 0x00000000, 0x00000000, 0x00000000, 0x00000000, 0x00000000, 0x00000000,
  0x00000000, 0x00000000, 0x00000000, 0x00000000, 0x00000000, 0x00000000, 0x00000000, 0x00000000,
  0x00000000, 0x00000000, 0x00000000, 0x00000000, 0x00000000, 0x00000000, 0x00000000, 0x00000000,
  0x00000000, 0x00000000, 0x00000000, 0x00000000, 0x00000000, 0x00000000, 0x00000000, 0x00000000,
  0x00000000, 0x00000000, 0x00000000, 0x00000000, 0x00000000, 0x00000000, 0x00000000, 0x00000000,
  0x00000000, 0x00000000, 0x00000000, 0x00000000, 0x00000000, 0x00000000, 0x00000000, 0x00000000,
  0x00000000, 0x00000000, 0x00000000, 0x00000000, 0x00000000, 0x00000000, 0x00000000, 0x00000000,
  0x00000000, 0x00000000, 0x00000000, 0x00000000, 0x00000000, 0x00000000, 0x00000000, 0x00000000,
  0x00000000, 0x00000000, 0x00000000, 0x00000000, 0x00000000, 0x00000000, 0x00000000, 0x00000000,
  0x00000000, 0x00000000, 0x00000000, 0x00000000, 0x00000000, 0x00000000, 0x00000000, 0x00000000,
  0x00000000, 0x00000000, 0x00000000, 0x00000000, 0x00000000, 0x00000000, 0x00000000, 0x00000000,
  0x00000000, 0x00000000, 0x00000000, 0x00000000, 0x00000000, 0x00000000, 0x00000000, 0x00000000,
  0x00000000, 0x00000000, 0x00000000, 0x00000000, 0x00000000, 0x00000000, 0x00000000, 0x00000000,
  0x00000000, 0x00000000, 0x00000000, 0x00000000, 0x00000000, 0x00000000, 0x00000000, 0x00000000,
  0x00000000, 0x00000000, 0x00000000, 0x00000000, 0x00000000, 0x00000000, 0x00000000, 0x00000000,
  0x00000000, 0x00000000, 0x00000000, 0x00000000, 0x00000000, 0x00000000, 0x00000000, 0x00000000,
  0x00000000, 0x00000000, 0x00000000, 0x00000000, 0x00000000, 0x00000000, 0x00000000, 0x00000000,
  0x00000000, 0x00000020, 0x00000020, 0x00000020, 0x00000000, 0x00000000, 0x00000000, 0x00000000,
  0x00000000, 0x00000000, 0x00000000, 0x00000000, 0x00000000, 0x00000000, 0x00000000, 0x00000000,
  0x00000000, 0x00000000, 0x00000000, 0x00000000, 0x00000000, 0x00000000, 0x00000000, 0x00000000,
  0x00000000, 0x00000000, 0x00000000, 0x00000000, 0x00000294, 0x000003fe, 0x000003fe, 0x000003fe,
  0x000003de, 0x000003de, 0x000003de, 0x000003de, 0x0000016a, 0x00000088, 0x00000000, 0x00000000,
  0x00000000, 0x00000000, 0x00000000, 0x00000000, 0x00000000, 0x00000000, 0x00000000, 0x00000000,
  0x00000000, 0x00000000, 0x00000000, 0x00000000, 0x00000000, 0x00000000, 0x00000000, 0x00000376,
  0x000003fe, 0x000003fe, 0x000003fe, 0x000003fe, 0x000003fe, 0x000003fe, 0x000003fe, 0x000003fe,
  0x000003fe, 0x000003fe, 0x000003de, 0x00000000, 0x00000000, 0x00000000, 0x00000000, 0x00000000,
  0x00000000, 0x00000000, 0x00000000, 0x00000000, 0x00000000, 0x00000000, 0x00000000, 0x00000000,
  0x00000000, 0x00000210, 0x000001ee, 0x000003fe, 0x000003fe, 0x000002ee, 0x00000154, 0x00000154,
  0x00000110, 0x00000124, 0x00000248, 0x00000088, 0x0000016a, 0x0000037e, 0x000003fe, 0x000002da,
  0x00000000, 0x00000000, 0x00000000, 0x00000000, 0x00000000, 0x00000000, 0x00000000, 0x00000000,
  0x00000000, 0x00000000, 0x00000000, 0x00000000, 0x00000000, 0x000002aa, 0x000003fe, 0x000003fe,
  0x000002ee, 0x00000000, 0x00000000, 0x00000000, 0x00000000, 0x00000000, 0x00000000, 0x00000000,
  0x00000000, 0x0000035a, 0x000003fe, 0x000003de, 0x00000000, 0x00000000, 0x00000000, 0x00000000,
  0x00000000, 0x00000000, 0x00000000, 0x00000000, 0x00000000, 0x00000000, 0x00000000, 0x00000000,
  0x00000000, 0x000002aa, 0x000003fe, 0x000003fe, 0x00000000, 0x00000000, 0x00000000, 0x00000000,
  0x00000000, 0x00000000, 0x00000000, 0x00000000, 0x00000048, 0x000003fe, 0x000003fe, 0x000003de,
  0x00000000, 0x00000000, 0x00000000, 0x00000000, 0x00000000, 0x00000000, 0x00000000, 0x00000000,
  0x00000000, 0x00000000, 0x00000000, 0x00000000, 0x00000000, 0x00000294, 0x000003fe, 0x000003fe,
  0x000000a4, 0x00000000, 0x00000000, 0x00000000, 0x00000000, 0x00000000, 0x00000000, 0x00000080,
  0x000001fe, 0x000003fe, 0x000003fe, 0x000002da, 0x00000000, 0x00000000, 0x00000000, 0x00000000,
  0x00000000, 0x00000000, 0x00000000, 0x00000000, 0x00000000, 0x00000000, 0x00000000, 0x00000000,
  0x00000000, 0x00000000, 0x0000016a, 0x000003fe, 0x000001fe, 0x00000040, 0x00000000, 0x00000000,
  0x00000000, 0x00000040, 0x0000016a, 0x000003fe, 0x000003fe, 0x000003fe, 0x000003b6, 0x00000000,
  0x00000000, 0x00000000, 0x00000000, 0x00000000, 0x00000000, 0x00000000, 0x00000000, 0x00000000,
  0x00000000, 0x00000000, 0x00000000, 0x00000000, 0x00000000, 0x00000000, 0x00000000, 0x000002ee,
  0x000003fe, 0x000003de, 0x00000000, 0x00000080, 0x00000088, 0x000003fe, 0x000003fe, 0x000003fe,
  0x000002fe, 0x000002aa, 0x00000000, 0x00000000, 0x00000000, 0x00000000, 0x00000000, 0x00000000,
  0x00000000, 0x00000000, 0x00000000, 0x00000000, 0x00000000, 0x00000000, 0x00000000, 0x00000000,
  0x00000000, 0x00000000, 0x00000000, 0x00000000, 0x000003de, 0x000003fe, 0x000003be, 0x000003fe,
  0x000003fe, 0x000003fe, 0x000003fe, 0x000002aa, 0x00000000, 0x00000000, 0x00000000, 0x00000000,
  0x00000000, 0x00000000, 0x00000000, 0x00000000, 0x00000000, 0x00000000, 0x00000000, 0x00000000,
  0x00000000, 0x00000000, 0x00000000, 0x00000000, 0x00000000, 0x00000000, 0x00000000, 0x000000a4,
  0x000001fe, 0x000003fe, 0x000003fe, 0x000003fe, 0x000001fe, 0x00000248, 0x00000000, 0x00000000,
  0x00000000, 0x00000000, 0x00000000, 0x00000000, 0x00000000, 0x00000000, 0x00000000, 0x00000000,
  0x00000000, 0x00000000, 0x00000000, 0x00000000, 0x00000000, 0x00000000, 0x00000000, 0x00000000,
  0x00000088, 0x000002da, 0x000003fe, 0x000003fe, 0x000003fe, 0x000003fe, 0x000003fe, 0x000003fe,
  0x00000154, 0x00000000, 0x00000000, 0x00000000, 0x00000000, 0x00000000, 0x00000000, 0x00000000,
  0x00000000, 0x00000000, 0x00000000, 0x00000000, 0x00000000, 0x00000000, 0x00000000, 0x00000000,
  0x00000000, 0x00000200, 0x000002aa, 0x000001fe, 0x000003fe, 0x000003fe, 0x000003fe, 0x00000376,
  0x00000154, 0x00000088, 0x000003de, 0x000003fe, 0x000003fe, 0x00000000, 0x00000000, 0x00000000,
  0x00000000, 0x00000000, 0x00000000, 0x00000000, 0x00000000, 0x00000000, 0x00000000, 0x00000000,
  0x00000000, 0x00000000, 0x00000000, 0x00000000, 0x000002da, 0x000003fe, 0x000003fe, 0x000003fe,
  0x000003fe, 0x000002da, 0x00000020, 0x00000000, 0x00000000, 0x00000124, 0x000003fe, 0x000003fe,
  0x000003fe, 0x00000210, 0x00000000, 0x00000000, 0x00000000, 0x00000000, 0x00000000, 0x00000000,
  0x00000000, 0x00000000, 0x00000000, 0x00000000, 0x00000000, 0x00000000, 0x00000000, 0x00000000,
  0x000002aa, 0x000003fe, 0x000003fe, 0x000003fe, 0x000003de, 0x00000124, 0x00000154, 0x0000035a,
  0x000001ee, 0x000003fe, 0x000003fe, 0x000003fe, 0x000001fe, 0x00000000, 0x00000000, 0x00000000,
  0x00000000, 0x00000000, 0x00000000, 0x00000000, 0x00000000, 0x00000000, 0x00000000, 0x00000000,
  0x00000000, 0x00000000, 0x00000000, 0x00000000, 0x00000000, 0x000002aa, 0x000003fe, 0x000003fe,
  0x000003fe, 0x000003fe, 0x000003fe, 0x000003fe, 0x000003fe, 0x000003fe, 0x000003fe, 0x000001fe,
  0x00000080, 0x00000000, 0x00000000, 0x00000000, 0x00000000, 0x00000000, 0x00000000, 0x00000000,
  0x00000000, 0x00000000, 0x00000000, 0x00000000, 0x00000000, 0x00000000, 0x00000000, 0x00000000,
  0x00000000, 0x00000000, 0x00000200, 0x00000154, 0x000002aa, 0x000003de, 0x000003de, 0x000003de,
  0x000003de, 0x000003de, 0x00000154, 0x00000000, 0x00000000, 0x00000000, 0x00000000, 0x00000000,
  0x00000000, 0x00000000, 0x00000000, 0x00000000, 0x00000000, 0x00000000, 0x00000000, 0x00000000,
  0x00000000, 0x00000000, 0x00000000, 0x00000000, 0x00000000, 0x00000000, 0x00000000, 0x00000000,
  0x00000000, 0x00000000, 0x00000000, 0x00000000, 0x00000000, 0x00000000, 0x00000000, 0x00000000,
  0x00000000, 0x00000000, 0x00000000, 0x00000000, 0x00000000, 0x00000000, 0x00000000, 0x00000000,
  0x00000000, 0x00000000, 0x00000000, 0x00000000, 0x00000000, 0x00000000, 0x00000000, 0x00000000,
  0x00000000, 0x00000000, 0x00000000, 0x00000000, 0x00000000, 0x00000000, 0x00000000, 0x00000000,
  0x00000000, 0x00000000, 0x00000000, 0x00000000, 0x00000000, 0x00000000, 0x00000000, 0x00000000,
  0x00000000, 0x00000000, 0x00000000, 0x00000000, 0x00000000, 0x00000000, 0x00000000, 0x00000000,
  0x00000000, 0x00000000, 0x00000000, 0x00000000, 0x00000000, 0x00000000, 0x00000000, 0x00000000,
  0x00000000, 0x00000000, 0x00000000, 0x00000000, 0x00000000, 0x00000000, 0x00000000, 0x00000000,
  0x00000000, 0x00000000, 0x00000000, 0x00000000, 0x00000000, 0x00000000, 0x00000000, 0x00000000,
  0x00000000, 0x00000000, 0x00000000, 0x00000000, 0x00000000, 0x00000000, 0x00000000, 0x00000000,
  0x00000000, 0x00000000, 0x00000000, 0x00000000, 0x00000000, 0x00000000, 0x00000000, 0x00000000,
  0x00000000, 0x00000000, 0x00000000, 0x00000000, 0x00000000, 0x00000000, 0x00000000, 0x00000000,
  0x00000000, 0x00000000, 0x00000000, 0x00000000, 0x00000000, 0x00000000, 0x00000000, 0x00000000,
  0x00000000, 0x00000000, 0x00000000, 0x00000000, 0x00000000, 0x00000000, 0x00000000, 0x00000000,
  0x00000000, 0x00000000, 0x00000000, 0x00000000, 0x00000000, 0x00000000, 0x00000000, 0x00000000,
  0x00000000, 0x00000000, 0x00000000, 0x00000000, 0x00000000, 0x00000000, 0x00000000, 0x00000000,
  0x00000000, 0x00000000, 0x00000000, 0x00000000, 0x00000000, 0x00000000, 0x00000000, 0x00000000,
  0x00000000, 0x00000000, 0x00000000, 0x00000000, 0x00000000, 0x00000000, 0x00000000, 0x00000000,
  0x00000000, 0x00000000, 0x00000000, 0x00000000, 0x00000000, 0x00000000, 0x00000000, 0x00000000,
  0x00000000, 0x00000000, 0x00000000, 0x00000000, 0x00000000, 0x00000000, 0x00000000, 0x00000000,
    },
    .expected_counts = {
  0, 0, 5, 0, 0, 4, 0, 0, 6, 0,
    },
    .expected_class = 8u,
    .label = 8u,
    .test_index = 61u,
  },
  {
    .input_words = {
  0x00000000, 0x00000000, 0x00000000, 0x00000000, 0x00000000, 0x00000000, 0x00000000, 0x00000000,
  0x00000000, 0x00000000, 0x00000000, 0x00000000, 0x00000000, 0x00000000, 0x00000000, 0x00000000,
  0x00000000, 0x00000000, 0x00000000, 0x00000000, 0x00000000, 0x00000000, 0x00000000, 0x00000000,
  0x00000000, 0x00000000, 0x00000000, 0x00000000, 0x00000000, 0x00000000, 0x00000000, 0x00000000,
  0x00000000, 0x00000000, 0x00000000, 0x00000000, 0x00000000, 0x00000000, 0x00000000, 0x00000000,
  0x00000000, 0x00000000, 0x00000000, 0x00000000, 0x00000000, 0x00000000, 0x00000000, 0x00000000,
  0x00000000, 0x00000000, 0x00000000, 0x00000000, 0x00000000, 0x00000000, 0x00000000, 0x00000000,
  0x00000000, 0x00000000, 0x00000000, 0x00000000, 0x00000000, 0x00000000, 0x00000000, 0x00000000,
  0x00000000, 0x00000000, 0x00000000, 0x00000000, 0x00000000, 0x00000000, 0x00000000, 0x00000000,
  0x00000000, 0x00000000, 0x00000000, 0x00000000, 0x00000000, 0x00000000, 0x00000000, 0x00000000,
  0x00000000, 0x00000000, 0x00000000, 0x00000000, 0x00000000, 0x00000000, 0x00000000, 0x00000000,
  0x00000000, 0x00000000, 0x00000000, 0x00000000, 0x00000000, 0x00000000, 0x00000000, 0x00000000,
  0x00000000, 0x00000000, 0x00000000, 0x00000000, 0x00000000, 0x00000000, 0x00000000, 0x00000000,
  0x00000000, 0x00000000, 0x00000000, 0x00000000, 0x00000000, 0x00000000, 0x00000000, 0x00000000,
  0x00000000, 0x00000000, 0x00000000, 0x00000000, 0x00000000, 0x00000000, 0x00000000, 0x00000000,
  0x00000000, 0x00000000, 0x00000000, 0x00000000, 0x00000000, 0x00000000, 0x00000000, 0x00000000,
  0x00000000, 0x00000000, 0x00000000, 0x00000000, 0x00000000, 0x00000000, 0x00000000, 0x00000000,
  0x00000000, 0x00000000, 0x00000000, 0x00000000, 0x00000000, 0x00000000, 0x00000000, 0x00000000,
  0x00000000, 0x00000000, 0x00000000, 0x00000000, 0x00000000, 0x00000000, 0x00000000, 0x00000000,
  0x00000000, 0x00000000, 0x00000000, 0x00000000, 0x00000000, 0x00000000, 0x00000000, 0x00000000,
  0x00000000, 0x00000000, 0x00000000, 0x00000000, 0x00000000, 0x00000000, 0x00000000, 0x00000000,
  0x00000000, 0x00000000, 0x00000000, 0x00000000, 0x00000000, 0x00000000, 0x00000000, 0x00000000,
  0x00000000, 0x00000000, 0x00000000, 0x00000000, 0x0000016a, 0x000002ee, 0x00000000, 0x00000000,
  0x00000000, 0x00000000, 0x00000000, 0x00000000, 0x00000000, 0x00000000, 0x00000000, 0x00000000,
  0x00000000, 0x00000000, 0x00000000, 0x00000000, 0x00000000, 0x00000000, 0x00000000, 0x00000000,
  0x00000000, 0x00000000, 0x00000000, 0x00000000, 0x00000000, 0x00000000, 0x00000124, 0x000002fe,
  0x000003fe, 0x000003fe, 0x00000000, 0x00000000, 0x00000000, 0x00000000, 0x00000000, 0x00000000,
  0x00000000, 0x00000000, 0x00000000, 0x00000000, 0x00000000, 0x00000000, 0x00000000, 0x00000000,
  0x00000000, 0x00000000, 0x00000000, 0x00000000, 0x00000000, 0x00000000, 0x00000000, 0x00000000,
  0x00000000, 0x00000200, 0x000003fe, 0x000003fe, 0x000003fe, 0x000003fe, 0x000002da, 0x00000000,
  0x00000000, 0x00000000, 0x00000000, 0x00000000, 0x00000000, 0x00000000, 0x00000000, 0x00000000,
  0x00000000, 0x00000000, 0x00000000, 0x00000000, 0x00000000, 0x00000000, 0x00000000, 0x00000000,
  0x00000000, 0x00000000, 0x00000000, 0x00000000, 0x00000000, 0x000001aa, 0x000003fe, 0x000003fe,
  0x000003fe, 0x000003fe, 0x000003fe, 0x000003fe, 0x00000154, 0x00000000, 0x00000000, 0x00000000,
  0x00000000, 0x00000000, 0x00000000, 0x00000000, 0x00000000, 0x00000000, 0x00000000, 0x00000000,
  0x00000000, 0x00000000, 0x00000000, 0x00000000, 0x00000000, 0x00000000, 0x00000000, 0x00000000,
  0x00000100, 0x000003fe, 0x000003fe, 0x000003de, 0x00000376, 0x000003fe, 0x000003fe, 0x000003fe,
  0x000003fe, 0x00000000, 0x00000000, 0x00000000, 0x00000000, 0x00000000, 0x00000000, 0x00000000,
  0x00000000, 0x00000000, 0x00000000, 0x00000000, 0x00000000, 0x00000000, 0x00000000, 0x00000000,
  0x00000000, 0x00000000, 0x00000000, 0x00000000, 0x00000248, 0x000003fe, 0x000002ee, 0x00000000,
  0x00000000, 0x000000a4, 0x000003be, 0x000003fe, 0x000003fe, 0x000001ee, 0x00000000, 0x00000000,
  0x00000000, 0x00000000, 0x00000000, 0x00000000, 0x00000000, 0x00000000, 0x00000000, 0x00000000,
  0x00000000, 0x00000000, 0x00000000, 0x00000000, 0x00000000, 0x00000000, 0x00000000, 0x00000000,
  0x00000124, 0x000003fe, 0x00000248, 0x00000000, 0x00000000, 0x00000000, 0x000003b6, 0x000003fe,
  0x000003fe, 0x00000376, 0x00000000, 0x00000000, 0x00000000, 0x00000000, 0x00000000, 0x00000000,
  0x00000000, 0x00000000, 0x00000000, 0x00000000, 0x00000000, 0x00000000, 0x00000000, 0x00000000,
  0x00000000, 0x00000000, 0x00000000, 0x00000000, 0x000001b6, 0x000003fe, 0x0000035a, 0x00000000,
  0x00000000, 0x00000000, 0x000003fe, 0x000003fe, 0x000003fe, 0x000002aa, 0x00000000, 0x00000000,
  0x00000000, 0x00000000, 0x00000000, 0x00000000, 0x00000000, 0x00000000, 0x00000000, 0x00000000,
  0x00000000, 0x00000000, 0x00000000, 0x00000000, 0x00000000, 0x00000000, 0x00000000, 0x00000000,
  0x00000124, 0x000003fe, 0x000003de, 0x00000040, 0x00000248, 0x000002da, 0x000003fe, 0x000003fe,
  0x000003fe, 0x000003fe, 0x00000040, 0x00000000, 0x00000000, 0x00000000, 0x00000000, 0x00000000,
  0x00000000, 0x00000000, 0x00000000, 0x00000000, 0x00000000, 0x00000000, 0x00000000, 0x00000000,
  0x00000000, 0x00000000, 0x00000000, 0x00000000, 0x00000000, 0x000003fe, 0x000003fe, 0x000003fe,
  0x000003fe, 0x000003fe, 0x00000376, 0x00000080, 0x000003be, 0x000003fe, 0x0000016a, 0x00000000,
  0x00000000, 0x00000000, 0x00000000, 0x00000000, 0x00000000, 0x00000000, 0x00000000, 0x00000000,
  0x00000000, 0x00000000, 0x00000000, 0x00000000, 0x00000000, 0x00000000, 0x00000000, 0x00000000,
  0x00000000, 0x00000088, 0x000003fe, 0x000003fe, 0x000003fe, 0x000001aa, 0x00000000, 0x00000000,
  0x000002aa, 0x000003fe, 0x0000037e, 0x00000080, 0x00000000, 0x00000000, 0x00000000, 0x00000000,
  0x00000000, 0x00000000, 0x00000000, 0x00000000, 0x00000000, 0x00000000, 0x00000000, 0x00000000,
  0x00000000, 0x00000000, 0x00000000, 0x00000000, 0x00000000, 0x00000000, 0x00000088, 0x0000035a,
  0x000002aa, 0x00000000, 0x00000000, 0x00000000, 0x00000000, 0x000001b6, 0x000003fe, 0x000002da,
  0x00000000, 0x00000000, 0x00000000, 0x00000000, 0x00000000, 0x00000000, 0x00000000, 0x00000000,
  0x00000000, 0x00000000, 0x00000000, 0x00000000, 0x00000000, 0x00000000, 0x00000000, 0x00000000,
  0x00000000, 0x00000000, 0x00000000, 0x00000000, 0x00000000, 0x00000000, 0x00000000, 0x00000000,
  0x00000000, 0x00000124, 0x000003fe, 0x000002fe, 0x00000000, 0x00000000, 0x00000000, 0x00000000,
  0x00000000, 0x00000000, 0x00000000, 0x00000000, 0x00000000, 0x00000000, 0x00000000, 0x00000000,
  0x00000000, 0x00000000, 0x00000000, 0x00000000, 0x00000000, 0x00000000, 0x00000000, 0x00000000,
  0x00000000, 0x00000000, 0x00000000, 0x00000000, 0x00000000, 0x00000000, 0x000002da, 0x000003fe,
  0x00000154, 0x00000000, 0x00000000, 0x00000000, 0x00000000, 0x00000000, 0x00000000, 0x00000000,
  0x00000000, 0x00000000, 0x00000000, 0x00000000, 0x00000000, 0x00000000, 0x00000000, 0x00000000,
  0x00000000, 0x00000000, 0x00000000, 0x00000000, 0x00000000, 0x00000000, 0x00000000, 0x00000000,
  0x00000000, 0x00000000, 0x00000020, 0x000003fe, 0x000003fe, 0x00000040, 0x00000000, 0x00000000,
  0x00000000, 0x00000000, 0x00000000, 0x00000000, 0x00000000, 0x00000000, 0x00000000, 0x00000000,
  0x00000000, 0x00000000, 0x00000000, 0x00000000, 0x00000000, 0x00000000, 0x00000000, 0x00000000,
  0x00000000, 0x00000000, 0x00000000, 0x00000000, 0x00000000, 0x00000000, 0x00000000, 0x00000154,
  0x000003fe, 0x000001b6, 0x00000000, 0x00000000, 0x00000000, 0x00000000, 0x00000000, 0x00000000,
  0x00000000, 0x00000000, 0x00000000, 0x00000000, 0x00000000, 0x00000000, 0x00000000, 0x00000000,
  0x00000000, 0x00000000, 0x00000000, 0x00000000, 0x00000000, 0x00000000, 0x00000000, 0x00000000,
  0x00000000, 0x00000000, 0x00000000, 0x00000000, 0x000003be, 0x000003fe, 0x00000020, 0x00000000,
  0x00000000, 0x00000000, 0x00000000, 0x00000000, 0x00000000, 0x00000000, 0x00000000, 0x00000000,
  0x00000000, 0x00000000, 0x00000000, 0x00000000, 0x00000000, 0x00000000, 0x00000000, 0x00000000,
  0x00000000, 0x00000000, 0x00000000, 0x00000000, 0x00000000, 0x00000000, 0x00000000, 0x00000000,
  0x00000100, 0x000003fe, 0x000002da, 0x00000000, 0x00000000, 0x00000000, 0x00000000, 0x00000000,
  0x00000000, 0x00000000, 0x00000000, 0x00000000, 0x00000000, 0x00000000, 0x00000000, 0x00000000,
  0x00000000, 0x00000000, 0x00000000, 0x00000000, 0x00000000, 0x00000000, 0x00000000, 0x00000000,
  0x00000000, 0x00000000, 0x00000000, 0x00000000, 0x00000000, 0x00000376, 0x000003fe, 0x00000040,
  0x00000000, 0x00000000, 0x00000000, 0x00000000, 0x00000000, 0x00000000, 0x00000000, 0x00000000,
  0x00000000, 0x00000000, 0x00000000, 0x00000000, 0x00000000, 0x00000000, 0x00000000, 0x00000000,
  0x00000000, 0x00000000, 0x00000000, 0x00000000, 0x00000000, 0x00000000, 0x00000000, 0x00000000,
  0x00000000, 0x00000000, 0x0000037e, 0x00000248, 0x00000000, 0x00000000, 0x00000000, 0x00000000,
  0x00000000, 0x00000000, 0x00000000, 0x00000000, 0x00000000, 0x00000000, 0x00000000, 0x00000000,
  0x00000000, 0x00000000, 0x00000000, 0x00000000, 0x00000000, 0x00000000, 0x00000000, 0x00000000,
  0x00000000, 0x00000000, 0x00000000, 0x00000000, 0x00000000, 0x00000000, 0x00000000, 0x00000000,
  0x00000000, 0x00000000, 0x00000000, 0x00000000, 0x00000000, 0x00000000, 0x00000000, 0x00000000,
  0x00000000, 0x00000000, 0x00000000, 0x00000000, 0x00000000, 0x00000000, 0x00000000, 0x00000000,
  0x00000000, 0x00000000, 0x00000000, 0x00000000, 0x00000000, 0x00000000, 0x00000000, 0x00000000,
  0x00000000, 0x00000000, 0x00000000, 0x00000000, 0x00000000, 0x00000000, 0x00000000, 0x00000000,
    },
    .expected_counts = {
  0, 0, 0, 0, 3, 0, 0, 1, 0, 5,
    },
    .expected_class = 9u,
    .label = 9u,
    .test_index = 7u,
  },
};
