/* AUTOGENERATED by fw/arm/scripts/gen_golden_header.py — do not hand-edit. */
#include "golden_fashion10.h"

const uint8_t golden_s0_w_packed[196 * 64] = {
  0x0c, 0x0b, 0xe0, 0xa0, 0xb0, 0xe0, 0xe0, 0x0b, 0xe0, 0x0e, 0xa0, 0x0b, 0x90, 0x0c, 0x0f, 0xa0,
  0xc0, 0x0a, 0x0c, 0xc0, 0x0d, 0x0d, 0xc0, 0xe0, 0x0d, 0xc0, 0xc0, 0x07, 0xf0, 0x07, 0x90, 0x70,
  0x09, 0x0b, 0x0b, 0xe0, 0xb0, 0x0e, 0x0b, 0x0b, 0x0b, 0x90, 0x90, 0x90, 0xe0, 0x09, 0xc0, 0xc0,
  0x0a, 0xd0, 0x0d, 0x07, 0xa0, 0xe0, 0xd0, 0x0e, 0x0e, 0x09, 0xb0, 0x0d, 0xe0, 0x0c, 0x0c, 0xd0,
  0xe0, 0xe0, 0x0a, 0x0b, 0xf0, 0x0c, 0x0b, 0x0b, 0xe0, 0x0e, 0xc0, 0xf0, 0xe0, 0x09, 0xb0, 0xc0,
  0xd0, 0x0c, 0x0c, 0x0b, 0xc0, 0x0c, 0x0a, 0x0a, 0xc0, 0xe0, 0xd0, 0x0b, 0xd0, 0x0c, 0x0d, 0xb0,
  0x90, 0x09, 0x00, 0x0a, 0xd0, 0x0d, 0x04, 0x70, 0x0b, 0x0a, 0x0a, 0x06, 0xc0, 0xc0, 0x0c, 0x0c,
  0x0b, 0x0c, 0x60, 0x0d, 0xc0, 0xb0, 0x70, 0xd0, 0x08, 0xc0, 0xf0, 0x0a, 0xc0, 0xc0, 0xd0, 0x0f,
  0xe0, 0xd0, 0xd0, 0xc0, 0x0d, 0xe0, 0xc0, 0xb0, 0x70, 0xb0, 0x0a, 0xd0, 0x0b, 0x0c, 0xc0, 0x09,
  0x0d, 0x90, 0xc0, 0x0d, 0x0d, 0x0d, 0xc0, 0x0c, 0xd0, 0x80, 0xe0, 0xf0, 0xd0, 0x0e, 0x0f, 0x90,
  0xc0, 0x0b, 0x60, 0x0c, 0x0b, 0xb0, 0x0e, 0x0b, 0xb0, 0x0d, 0xe0, 0x0c, 0x0c, 0xd0, 0x50, 0xd0,
  0xd0, 0xe0, 0x0c, 0x0c, 0xc0, 0xc0, 0x0b, 0x0b, 0x0d, 0x07, 0x50, 0x0d, 0x0a, 0xa0, 0x0d, 0x08,
  0x0d, 0xc0, 0x00, 0xd0, 0x0a, 0xb0, 0x07, 0xf0, 0x0c, 0xc0, 0xb0, 0x80, 0xe0, 0x0c, 0xe0, 0x80,
  0x0d, 0x0e, 0xb0, 0x0e, 0xd0, 0xe0, 0x0b, 0x0b, 0xe0, 0xc0, 0xe0, 0x90, 0xb0, 0x0b, 0xf0, 0x0a,
  0x60, 0x0e, 0x0d, 0x0d, 0x08, 0x0d, 0x06, 0x04, 0xe0, 0x0b, 0xc0, 0x0a, 0x0e, 0x0e, 0xe0, 0x0e,
  0xb0, 0x0f, 0x0b, 0x0e, 0xe0, 0xe0, 0x0d, 0xe0, 0x0d, 0x0e, 0x0d, 0x0d, 0xf0, 0xd0, 0xc0, 0x0f,
  0xe0, 0x0c, 0x07, 0x0b, 0xe0, 0xc0, 0xe0, 0xd0, 0xa0, 0xe0, 0x0e, 0xc0, 0xf0, 0xd0, 0x0a, 0xe0,
  0xf0, 0x0c, 0x0c, 0xc0, 0xd0, 0x0e, 0x0b, 0x0c, 0xa0, 0xc0, 0x09, 0x0e, 0x0b, 0xd0, 0x80, 0xe0,
  0x0d, 0x0a, 0xc0, 0xd0, 0xa0, 0xb0, 0x0b, 0x0f, 0xe0, 0x01, 0x0b, 0x0b, 0x0c, 0x0c, 0x0c, 0x0b,
  0xe0, 0x08, 0xf0, 0x80, 0x0c, 0x50, 0x0b, 0xc0, 0xe0, 0x0d, 0xb0, 0x0c, 0xe0, 0xd0, 0x0e, 0x0d,
  0x0d, 0x0b, 0x0e, 0x0d, 0xc0, 0x0e, 0xd0, 0x0e, 0xd0, 0x0c, 0x0f, 0x0a, 0x0b, 0x0e, 0x0b, 0xe0,
  0xe0, 0xc0, 0x0d, 0xe0, 0x0f, 0xd0, 0x0a, 0x0f, 0x0e, 0xb0, 0x0e, 0x0e, 0x0d, 0x0d, 0x0f, 0x0d,
  0xe0, 0x0e, 0xd0, 0x90, 0xe0, 0x0b, 0x0e, 0xe0, 0xc0, 0x0e, 0x0c, 0xb0, 0x0f, 0x0b, 0x0b, 0x0e,
  0xd0, 0xf0, 0xf0, 0xc0, 0xd0, 0x90, 0x0c, 0x0d, 0xf0, 0xe0, 0xe0, 0xd0, 0x07, 0xf0, 0x0d, 0x0f,
  0x0e, 0xf0, 0xd0, 0x0c, 0xd0, 0xd0, 0x09, 0x0d, 0xd0, 0x0d, 0x0e, 0x0b, 0xc0, 0x0e, 0x0f, 0x0f,
  0xc0, 0xe0, 0xb0, 0x0b, 0x0e, 0x80, 0x0d, 0xd0, 0xa0, 0xf0, 0x09, 0x09, 0xc0, 0xb0, 0xd0, 0x0c,
  0x0c, 0x0c, 0xc0, 0x0e, 0x0d, 0xd0, 0x0e, 0xc0, 0x0b, 0x0e, 0xb0, 0xb0, 0xb0, 0xc0, 0xd0, 0xe0,
  0x30, 0x60, 0x0d, 0xd0, 0x60, 0x0e, 0x06, 0xd0, 0xd0, 0xd0, 0xb0, 0x0e, 0xc0, 0x0f, 0x80, 0xc0,
  0x0e, 0xf0, 0xd0, 0xd0, 0xa0, 0x0d, 0x0a, 0x0b, 0x09, 0x0d, 0x0d, 0x0b, 0x0d, 0x0b, 0x90, 0x0d,
  0x08, 0xf0, 0x90, 0xa0, 0x0e, 0xe0, 0x07, 0xe0, 0xd0, 0x08, 0x0c, 0xc0, 0xb0, 0x0e, 0xd0, 0xa0,
  0x0e, 0x0b, 0xd0, 0x0d, 0x0f, 0xb0, 0x0f, 0xc0, 0x0e, 0x0d, 0xc0, 0x0c, 0xf0, 0xa0, 0x0a, 0x0d,
  0x0d, 0xf0, 0x0e, 0xe0, 0x0c, 0x40, 0x0c, 0x0b, 0xd0, 0xe0, 0x90, 0xe0, 0x90, 0x0e, 0xc0, 0xb0,
  0xa0, 0x50, 0xb0, 0x0f, 0x0d, 0x0d, 0xd0, 0xe0, 0x0e, 0x0e, 0x0f, 0x09, 0xd0, 0xe0, 0xe0, 0xd0,
  0xb0, 0xd0, 0x0c, 0x0c, 0x0f, 0x08, 0x0c, 0x0d, 0x0d, 0xe0, 0x0f, 0x0f, 0xd0, 0x0d, 0x0e, 0x0e,
  0x0d, 0xd0, 0x70, 0xd0, 0xd0, 0x0a, 0x0e, 0xb0, 0xd0, 0xb0, 0x0d, 0xe0, 0x80, 0x0c, 0x0d, 0x0a,
  0xd0, 0xf0, 0xd0, 0x0d, 0xb0, 0x0a, 0x05, 0xb0, 0xf0, 0xe0, 0xb0, 0x0c, 0x0e, 0xe0, 0xc0, 0x0d,
  0xc0, 0x0e, 0xd0, 0x08, 0x0c, 0x0e, 0x09, 0xc0, 0x0b, 0x0d, 0x0f, 0xd0, 0x0d, 0xc0, 0xc0, 0xf0,
  0x0a, 0xd0, 0x0d, 0xb0, 0x0f, 0xd0, 0xf0, 0x0f, 0x0d, 0x0b, 0x0a, 0x0d, 0xd0, 0x0c, 0x0d, 0xe0,
  0x0d, 0xc0, 0x0e, 0x0a, 0x60, 0x0b, 0x08, 0x0d, 0xf0, 0xa0, 0x07, 0x0c, 0x0f, 0xd0, 0x0c, 0xe0,
  0xf0, 0xf0, 0xf0, 0x0c, 0x0c, 0xc0, 0xf0, 0xc0, 0xf0, 0xd0, 0x06, 0xf0, 0x0f, 0xf0, 0xc0, 0x0a,
  0x0c, 0xe0, 0x0b, 0xe0, 0xb0, 0x0e, 0x0b, 0xd0, 0xb0, 0x0c, 0x0e, 0xd0, 0x09, 0x0c, 0x08, 0xc0,
  0xc0, 0x09, 0xe0, 0xa0, 0xc0, 0xc0, 0x0c, 0x0d, 0xe0, 0x0e, 0xe0, 0xb0, 0xd0, 0x0d, 0xe0, 0xf0,
  0x0b, 0x0c, 0x0d, 0x0d, 0x0e, 0xb0, 0x0e, 0x0b, 0x0b, 0xc0, 0x0b, 0x0c, 0x0d, 0x05, 0x0d, 0xb0,
  0xe0, 0xe0, 0x0a, 0x07, 0xb0, 0x0b, 0x0c, 0x0c, 0x80, 0xa0, 0x0c, 0xb0, 0xf0, 0x0d, 0xc0, 0xb0,
  0xb0, 0x0b, 0x0c, 0xc0, 0xd0, 0x09, 0x0d, 0x90, 0x0b, 0x0d, 0xe0, 0x0b, 0x0a, 0xb0, 0x0b, 0x0e,
  0x80, 0xd0, 0xc0, 0xc0, 0xf0, 0xe0, 0x80, 0xd0, 0xc0, 0xe0, 0x0b, 0x80, 0x0c, 0xd0, 0xb0, 0x08,
  0xb0, 0x0b, 0x0d, 0x03, 0x0e, 0x0d, 0xb0, 0xc0, 0x07, 0xe0, 0x0e, 0xb0, 0x0b, 0x0b, 0x0f, 0xc0,
  0x0a, 0x0c, 0x0e, 0x06, 0xd0, 0xc0, 0xa0, 0xd0, 0xd0, 0xa0, 0x0d, 0x0c, 0xe0, 0xa0, 0x09, 0x0c,
  0xd0, 0x90, 0x0d, 0x0b, 0x0d, 0xd0, 0xc0, 0x90, 0xe0, 0xc0, 0xc0, 0x80, 0xd0, 0xd0, 0x0b, 0x90,
  0x0d, 0xb0, 0xe0, 0x0d, 0xe0, 0x0d, 0x80, 0x60, 0x50, 0xe0, 0x0e, 0x0c, 0xb0, 0x0d, 0x0d, 0x90,
  0x0b, 0x0d, 0xb0, 0x0c, 0x0a, 0xe0, 0x0d, 0x90, 0x0c, 0xe0, 0x0e, 0x0e, 0x09, 0x09, 0x40, 0xb0,
  0x0b, 0x0e, 0x0d, 0xb0, 0xd0, 0xe0, 0x80, 0x0c, 0xb0, 0xd0, 0xe0, 0x0c, 0xc0, 0xc0, 0x0b, 0xd0,
  0xe0, 0xd0, 0x0d, 0xd0, 0x0c, 0x0b, 0x06, 0x0e, 0x0e, 0x0e, 0x0d, 0xd0, 0xc0, 0xc0, 0x0b, 0xb0,
  0x0e, 0x0c, 0x0a, 0x90, 0xc0, 0xb0, 0x0d, 0xa0, 0x09, 0x0e, 0xb0, 0xe0, 0xf0, 0xd0, 0xb0, 0x0c,
  0xe0, 0x0d, 0x0c, 0xe0, 0x0d, 0xd0, 0x0c, 0x0f, 0x0d, 0xb0, 0xa0, 0x90, 0x04, 0x0b, 0xd0, 0x0d,
  0x06, 0x0d, 0xc0, 0xe0, 0x50, 0xd0, 0xc0, 0xd0, 0xd0, 0x0d, 0x90, 0x20, 0x0b, 0x0c, 0x09, 0x0b,
  0xd0, 0x07, 0x0a, 0x0d, 0xc0, 0xf0, 0xc0, 0x0b, 0xe0, 0x70, 0x08, 0x80, 0xc0, 0x0c, 0xb0, 0x0d,
  0x08, 0x0c, 0x08, 0xe0, 0x0b, 0xb0, 0x0e, 0xc0, 0x90, 0xb0, 0x50, 0x0b, 0x05, 0xe0, 0x0e, 0xc0,
  0xd0, 0xb0, 0x0b, 0x0d, 0xf0, 0x0e, 0xc0, 0xb0, 0xd0, 0xe0, 0x0d, 0x0d, 0xc0, 0x0d, 0xc0, 0x0d,
  0xe0, 0x0e, 0xa0, 0x09, 0xb0, 0x0e, 0x80, 0x0d, 0x70, 0x0e, 0x0e, 0xa0, 0xc0, 0x90, 0x0e, 0x0f,
  0x0e, 0x09, 0x80, 0xa0, 0x0a, 0x0d, 0x0b, 0x0d, 0x0a, 0xb0, 0xe0, 0xd0, 0xd0, 0xc0, 0x0b, 0xd0,
  0x90, 0x0e, 0x0c, 0x0e, 0xb0, 0x0a, 0xd0, 0xd0, 0xd0, 0x90, 0xc0, 0xd0, 0x08, 0x0e, 0x0b, 0x0d,
  0x07, 0x0a, 0xc0, 0x0e, 0xa0, 0x09, 0x0d, 0xc0, 0xb0, 0x0b, 0x0c, 0x0e, 0xd0, 0xd0, 0xb0, 0x60,
  0x08, 0x0d, 0x0c, 0x0d, 0x08, 0xb0, 0x0d, 0xe0, 0xc0, 0x0d, 0x0a, 0x0b, 0xd0, 0xc0, 0x0d, 0xe0,
  0x0d, 0x90, 0x06, 0xe0, 0x07, 0xa0, 0x05, 0x90, 0xa0, 0x09, 0xc0, 0xd0, 0xc0, 0x80, 0x0b, 0xa0,
  0xe0, 0x0a, 0x70, 0x0f, 0x70, 0x0e, 0x06, 0x0d, 0x0c, 0xc0, 0xf0, 0x0d, 0xc0, 0xe0, 0xc0, 0xc0,
  0xd0, 0x0a, 0x0e, 0x0d, 0xa0, 0x0c, 0x0d, 0x0b, 0xd0, 0xe0, 0x70, 0xe0, 0x0b, 0x0c, 0xe0, 0xc0,
  0xe0, 0x0e, 0xa0, 0x09, 0x0a, 0x0c, 0xd0, 0xd0, 0x0e, 0x0d, 0xe0, 0x0f, 0x0b, 0xb0, 0x0b, 0xe0,
  0xf0, 0x0f, 0xb0, 0xf0, 0xd0, 0x08, 0x0d, 0xc0, 0x0b, 0x0c, 0xe0, 0xd0, 0x0d, 0xb0, 0xe0, 0x0a,
  0xe0, 0x0d, 0x0e, 0x0b, 0xa0, 0x09, 0xd0, 0xb0, 0x0d, 0x0d, 0xd0, 0x0d, 0xd0, 0x0e, 0xd0, 0xf0,
  0x0c, 0xd0, 0xa0, 0x0d, 0xc0, 0x0c, 0x0f, 0x0e, 0xe0, 0xe0, 0x0e, 0xb0, 0x0b, 0xc0, 0xd0, 0xb0,
  0xd0, 0x0f, 0x0b, 0xa0, 0x0a, 0xa0, 0x0c, 0x0c, 0x0b, 0xe0, 0xd0, 0x50, 0xe0, 0xd0, 0xb0, 0x0b,
  0x09, 0x0c, 0x80, 0xe0, 0xc0, 0xb0, 0xa0, 0xe0, 0x09, 0xa0, 0xf0, 0xf0, 0x0d, 0x04, 0x0d, 0x0d,
  0xe0, 0xa0, 0x0a, 0xd0, 0xb0, 0xd0, 0xc0, 0xa0, 0x0c, 0xa0, 0xd0, 0x0e, 0xc0, 0xa0, 0x0c, 0xd0,
  0xe0, 0xd0, 0xe0, 0xb0, 0x05, 0xd0, 0x0e, 0xc0, 0xa0, 0x0e, 0x08, 0xe0, 0x50, 0xf0, 0xd0, 0x0a,
  0xa0, 0xa0, 0x0d, 0x90, 0x0c, 0x07, 0xe0, 0xe0, 0xf0, 0xd0, 0xc0, 0x0d, 0xc0, 0xd0, 0x09, 0x0e,
  0x0e, 0x0e, 0x70, 0xc0, 0xd0, 0x0e, 0x0d, 0xa0, 0x0b, 0x0b, 0x0e, 0xb0, 0x0c, 0xe0, 0x0d, 0x0e,
  0xb0, 0xd0, 0xd0, 0x80, 0x0d, 0xc0, 0x09, 0xc0, 0x0c, 0xd0, 0xc0, 0xd0, 0x0b, 0xe0, 0x07, 0xc0,
  0x08, 0x09, 0xc0, 0xc0, 0xc0, 0x0b, 0x0e, 0x0a, 0xf0, 0x0d, 0x0d, 0xc0, 0x09, 0xd0, 0xb0, 0xf0,
  0xe0, 0x0d, 0xc0, 0x0a, 0x07, 0xb0, 0xd0, 0x0b, 0xf0, 0xd0, 0x0b, 0x0e, 0x07, 0x0b, 0x90, 0xe0,
  0x0e, 0x0c, 0x0b, 0x70, 0xe0, 0x0b, 0x0d, 0x0d, 0x0b, 0x0c, 0x0d, 0x0a, 0x0e, 0x0e, 0x0c, 0x0e,
  0xe0, 0x07, 0xc0, 0xe0, 0xb0, 0xb0, 0xc0, 0xe0, 0x0e, 0x0e, 0x0c, 0xc0, 0xc0, 0xe0, 0xd0, 0xe0,
  0x0e, 0xf0, 0xd0, 0x0d, 0x0c, 0xc0, 0x0e, 0xe0, 0x0b, 0x60, 0xe0, 0xe0, 0x0e, 0xb0, 0x0a, 0xb0,
  0x0b, 0xa0, 0x0c, 0xc0, 0xb0, 0xe0, 0x0e, 0xc0, 0x0d, 0xf0, 0xd0, 0xd0, 0xc0, 0x0f, 0xd0, 0x90,
  0x0b, 0x0d, 0xd0, 0x90, 0x0c, 0xe0, 0xa0, 0x0b, 0x0d, 0xe0, 0x09, 0x0b, 0xf0, 0x09, 0x0e, 0x0f,
  0xa0, 0xe0, 0xd0, 0x08, 0x0a, 0x0c, 0xc0, 0x0d, 0x0a, 0x90, 0xc0, 0xe0, 0xe0, 0xd0, 0xc0, 0xb0,
  0xb0, 0xc0, 0xc0, 0x04, 0xd0, 0x0c, 0x0e, 0xe0, 0x0f, 0x0c, 0xb0, 0xe0, 0xc0, 0x0c, 0x90, 0xd0,
  0xc0, 0xb0, 0x0a, 0x07, 0xc0, 0x90, 0xd0, 0xd0, 0x90, 0xd0, 0xd0, 0xd0, 0xb0, 0x0d, 0xf0, 0xb0,
  0x80, 0xa0, 0xc0, 0x0e, 0x0c, 0xa0, 0x90, 0x0c, 0xc0, 0xd0, 0xc0, 0xd0, 0xc0, 0x02, 0xd0, 0xa0,
  0x90, 0x0d, 0x09, 0x0d, 0x08, 0x90, 0xd0, 0x0b, 0xa0, 0xa0, 0x0c, 0x0d, 0x09, 0x0d, 0x50, 0x0c,
  0x0b, 0xf0, 0xb0, 0x40, 0x90, 0x50, 0xd0, 0xa0, 0xb0, 0x0c, 0x09, 0x0b, 0xc0, 0xb0, 0xc0, 0xd0,
  0xb0, 0x0d, 0x0d, 0x0c, 0x90, 0x0c, 0xb0, 0xd0, 0xb0, 0xb0, 0xe0, 0x0b, 0xe0, 0x0d, 0xd0, 0xa0,
  0x0a, 0x0d, 0x0c, 0xc0, 0xd0, 0x04, 0xa0, 0xd0, 0x0d, 0xe0, 0xf0, 0xc0, 0xe0, 0x05, 0x0c, 0xe0,
  0xf0, 0x0c, 0x0b, 0xe0, 0xd0, 0x09, 0xc0, 0x0e, 0x0e, 0x0d, 0xb0, 0x0d, 0xc0, 0xc0, 0xd0, 0xe0,
  0x0e, 0xd0, 0x0a, 0x09, 0x0c, 0xa0, 0x90, 0x0b, 0x0d, 0x09, 0x0c, 0xe0, 0x0c, 0x0c, 0x0b, 0xc0,
  0x0e, 0x50, 0x0e, 0x0c, 0x05, 0x0d, 0xc0, 0xe0, 0xf0, 0xc0, 0xc0, 0x05, 0x0c, 0xb0, 0xa0, 0x80,
  0xd0, 0x0f, 0x0e, 0xf0, 0xd0, 0x0c, 0xc0, 0x0c, 0x0f, 0xe0, 0xf0, 0xe0, 0xc0, 0xd0, 0xd0, 0xf0,
  0xd0, 0x80, 0x0c, 0xd0, 0xb0, 0x0d, 0x09, 0x0d, 0x0d, 0x0e, 0xe0, 0xb0, 0xe0, 0x0c, 0xc0, 0xf0,
  0x0e, 0xd0, 0x0b, 0x0e, 0xe0, 0x0e, 0x0d, 0x0f, 0xe0, 0xd0, 0xd0, 0xd0, 0x0f, 0x90, 0xd0, 0x0c,
  0x0c, 0x0d, 0x0c, 0x0d, 0xe0, 0x09, 0xa0, 0xc0, 0x0a, 0xe0, 0x0e, 0x0c, 0x80, 0xb0, 0xe0, 0x0d,
  0x0b, 0x0e, 0x0d, 0x0d, 0xd0, 0x0d, 0xf0, 0xb0, 0x0d, 0x0e, 0x07, 0xb0, 0xc0, 0xd0, 0xe0, 0xd0,
  0xc0, 0xd0, 0xd0, 0x07, 0x0a, 0x09, 0x0a, 0xa0, 0x0c, 0xd0, 0x0d, 0xe0, 0x0c, 0x0b, 0xc0, 0xb0,
  0xc0, 0x0d, 0x0e, 0x0e, 0xc0, 0x30, 0xf0, 0x0a, 0xe0, 0xf0, 0x0c, 0xd0, 0x0d, 0x0d, 0x0a, 0x0c,
  0x0b, 0x0d, 0xa0, 0x09, 0xb0, 0x0c, 0x09, 0x0e, 0x0c, 0x0d, 0x90, 0x0f, 0x0b, 0xe0, 0xc0, 0x0d,
  0x90, 0xc0, 0x90, 0xc0, 0x0c, 0xc0, 0x0b, 0xf0, 0x05, 0x0d, 0x0e, 0x0a, 0xd0, 0xa0, 0x0d, 0xf0,
  0x0e, 0xb0, 0xd0, 0x0a, 0xe0, 0x06, 0x0d, 0xe0, 0xd0, 0x0a, 0x0e, 0x07, 0x0e, 0x0c, 0xc0, 0x0e,
  0x0c, 0xd0, 0x09, 0xb0, 0xd0, 0xd0, 0xa0, 0x09, 0xe0, 0xc0, 0x0c, 0x09, 0xe0, 0xd0, 0x80, 0xc0,
  0x0d, 0xe0, 0x0d, 0xa0, 0xc0, 0x0c, 0xc0, 0x09, 0x0d, 0xb0, 0xa0, 0x0c, 0x0d, 0xc0, 0x0c, 0x0b,
  0x0e, 0x0c, 0xe0, 0x90, 0xe0, 0xb0, 0x0b, 0xa0, 0xd0, 0x0d, 0x40, 0x0d, 0xe0, 0x60, 0x0d, 0xb0,
  0xd0, 0xe0, 0x70, 0x90, 0x0c, 0x0b, 0x0d, 0x0c, 0x90, 0xc0, 0x90, 0x0d, 0x0d, 0x09, 0x0e, 0x09,
  0x0b, 0x0d, 0xc0, 0x0c, 0xb0, 0xd0, 0x90, 0x0d, 0x0e, 0x0b, 0xc0, 0x0d, 0xa0, 0xc0, 0xd0, 0xe0,
  0x0c, 0xd0, 0x0f, 0x08, 0x03, 0xc0, 0x0c, 0xe0, 0xc0, 0xb0, 0x90, 0xc0, 0x0a, 0x0a, 0xe0, 0xa0,
  0x0b, 0xc0, 0xa0, 0xd0, 0x0a, 0xd0, 0x80, 0x0e, 0x0c, 0x09, 0x0d, 0x00, 0x0c, 0x0b, 0x08, 0x0a,
  0x0e, 0xe0, 0xa0, 0x60, 0x0f, 0xe0, 0x80, 0x0a, 0xc0, 0x0d, 0x0b, 0x90, 0xd0, 0xe0, 0xc0, 0x0e,
  0x0d, 0xe0, 0x0e, 0xe0, 0x0c, 0x0c, 0xc0, 0x90, 0x0d, 0xc0, 0xb0, 0x0a, 0xc0, 0x0d, 0x0e, 0x0d,
  0xc0, 0xc0, 0x09, 0xd0, 0x0e, 0xb0, 0xb0, 0xe0, 0xe0, 0x70, 0xc0, 0x0d, 0xc0, 0xc0, 0x80, 0x0c,
  0x80, 0x09, 0x08, 0x0c, 0x0c, 0xb0, 0x0e, 0xa0, 0x09, 0xc0, 0xd0, 0xb0, 0x0d, 0xb0, 0xd0, 0xb0,
  0xc0, 0x50, 0x0e, 0xa0, 0xc0, 0xa0, 0xa0, 0x0c, 0xa0, 0x70, 0xe0, 0x0a, 0xa0, 0x0d, 0x09, 0xc0,
  0x90, 0x05, 0xb0, 0xe0, 0x90, 0x0d, 0x80, 0x0f, 0x0b, 0x0b, 0x08, 0x09, 0xc0, 0x0d, 0x0a, 0x0b,
  0xd0, 0x70, 0x0f, 0x09, 0xb0, 0x0d, 0xd0, 0x50, 0x90, 0x0d, 0xc0, 0xc0, 0xc0, 0x08, 0x0a, 0xd0,
  0x0e, 0x0b, 0x0d, 0x0b, 0x0c, 0xb0, 0xe0, 0x0e, 0x0f, 0x0c, 0x0b, 0xd0, 0x0d, 0xd0, 0xd0, 0xd0,
  0xd0, 0x0d, 0xc0, 0xc0, 0x0e, 0xb0, 0xb0, 0x0d, 0x0e, 0xa0, 0x0b, 0xe0, 0xa0, 0xb0, 0x0c, 0xa0,
  0x09, 0x0b, 0xc0, 0x0c, 0xd0, 0x0c, 0x0b, 0x0c, 0x0d, 0xe0, 0xb0, 0x0c, 0x0e, 0x05, 0xd0, 0x0d,
  0x0a, 0x06, 0x0b, 0xb0, 0x06, 0xa0, 0x09, 0xe0, 0xe0, 0xe0, 0x0a, 0xe0, 0x0d, 0xd0, 0xb0, 0xe0,
  0x0b, 0x0d, 0x70, 0xd0, 0x60, 0xc0, 0x0c, 0xd0, 0x09, 0xf0, 0xe0, 0xe0, 0x0c, 0x07, 0x0b, 0x90,
  0xb0, 0x0c, 0x60, 0x0b, 0xd0, 0xb0, 0x0c, 0xc0, 0xb0, 0x07, 0xf0, 0xc0, 0xc0, 0x0e, 0xd0, 0xf0,
  0xb0, 0xe0, 0x0b, 0x0d, 0x80, 0x50, 0x0e, 0x0d, 0xd0, 0x0a, 0x60, 0x0c, 0x0a, 0xd0, 0xe0, 0xd0,
  0x90, 0x0f, 0xb0, 0xd0, 0x0c, 0x40, 0x09, 0xe0, 0x0e, 0xe0, 0xc0, 0xa0, 0xd0, 0x0e, 0xe0, 0x06,
  0xe0, 0x0a, 0xd0, 0xe0, 0x0a, 0xd0, 0xa0, 0x0d, 0x09, 0xe0, 0xd0, 0x0d, 0x08, 0x0d, 0x0f, 0xd0,
  0xd0, 0x0b, 0xd0, 0x0e, 0x80, 0xf0, 0x07, 0x0a, 0xe0, 0xc0, 0xc0, 0x0f, 0xb0, 0x0e, 0x0d, 0x60,
  0x04, 0x0b, 0x09, 0x0c, 0x08, 0x0d, 0xc0, 0x0d, 0x0c, 0x0e, 0xd0, 0x0d, 0x0d, 0x0d, 0xd0, 0x0d,
  0xa0, 0xd0, 0xc0, 0xc0, 0x0f, 0x0b, 0xc0, 0x0c, 0x80, 0x0a, 0x0c, 0xd0, 0x0e, 0xc0, 0x09, 0xb0,
  0x90, 0xa0, 0xd0, 0x09, 0x0c, 0x0d, 0x09, 0x0b, 0x0e, 0xe0, 0xc0, 0x0d, 0x0a, 0x0c, 0xc0, 0x0a,
  0xe0, 0x20, 0xd0, 0xb0, 0x0e, 0xe0, 0x0a, 0xe0, 0x0b, 0x0d, 0xa0, 0xa0, 0x0b, 0xb0, 0x09, 0x0f,
  0xd0, 0xb0, 0xc0, 0xc0, 0xc0, 0xe0, 0x0e, 0xc0, 0xb0, 0x0e, 0xb0, 0x0e, 0x0b, 0xe0, 0x0f, 0x06,
  0x0f, 0xe0, 0xf0, 0x0a, 0xc0, 0x0e, 0xb0, 0x0e, 0xd0, 0xd0, 0x60, 0xc0, 0x0f, 0xd0, 0xe0, 0x0d,
  0x0b, 0xd0, 0xd0, 0xf0, 0xe0, 0x0e, 0x0b, 0x0d, 0x0b, 0x0d, 0x0c, 0x0c, 0x0b, 0x0d, 0x0a, 0x0e,
  0xa0, 0xd0, 0x0d, 0x0c, 0x0c, 0x0a, 0xe0, 0xb0, 0xd0, 0xd0, 0xe0, 0x70, 0xe0, 0xc0, 0x0c, 0xa0,
  0x0b, 0x0e, 0xd0, 0x80, 0xb0, 0xb0, 0xc0, 0x06, 0x0d, 0x0d, 0x60, 0xa0, 0x0c, 0x0f, 0x60, 0xf0,
  0xa0, 0xb0, 0xc0, 0xc0, 0xd0, 0x90, 0xb0, 0x0c, 0x0b, 0xd0, 0x0f, 0xd0, 0xe0, 0xe0, 0xd0, 0x0a,
  0x0d, 0xd0, 0x0b, 0x0b, 0xc0, 0x0d, 0x0c, 0x0b, 0x20, 0xe0, 0x70, 0x0d, 0xb0, 0x0e, 0x0c, 0x0d,
  0xe0, 0x0c, 0xc0, 0x0d, 0x0d, 0x0a, 0xa0, 0x07, 0xb0, 0xc0, 0x80, 0xb0, 0x0d, 0xc0, 0x0c, 0x0b,
  0xb0, 0xb0, 0x0a, 0xd0, 0xd0, 0xd0, 0xc0, 0xf0, 0x0c, 0x0e, 0x0b, 0x0b, 0xd0, 0x00, 0x90, 0xd0,
  0x0c, 0x70, 0x0c, 0x30, 0xd0, 0x07, 0xd0, 0xa0, 0xe0, 0xd0, 0xc0, 0xe0, 0x0e, 0x0e, 0xe0, 0xd0,
  0x0e, 0x0d, 0x06, 0x0d, 0xe0, 0x0e, 0xb0, 0x0d, 0xc0, 0x0d, 0x0e, 0x50, 0xd0, 0xe0, 0x0c, 0x80,
  0xc0, 0x09, 0x80, 0x0b, 0xc0, 0xd0, 0xf0, 0x0a, 0xa0, 0x0e, 0xb0, 0x0d, 0xa0, 0x09, 0x09, 0x0e,
  0xc0, 0xc0, 0x0d, 0xc0, 0xb0, 0xc0, 0xc0, 0xd0, 0x70, 0x0c, 0x0c, 0x0d, 0xd0, 0xd0, 0xb0, 0x90,
  0x0c, 0xe0, 0xc0, 0x0d, 0x08, 0xc0, 0x08, 0xc0, 0xc0, 0x0d, 0xc0, 0xd0, 0x0f, 0xd0, 0xf0, 0xd0,
  0x0c, 0x0e, 0x0c, 0xe0, 0x0d, 0x0d, 0xe0, 0xc0, 0x0c, 0xa0, 0xd0, 0x60, 0xc0, 0xb0, 0xc0, 0xc0,
  0xd0, 0x07, 0x0c, 0x0a, 0x0e, 0xa0, 0xe0, 0x0c, 0x0e, 0xa0, 0x0e, 0x0d, 0x0b, 0x0d, 0x0d, 0xe0,
  0x0a, 0x0c, 0x0e, 0x0a, 0x0c, 0xe0, 0xc0, 0xd0, 0xb0, 0x0c, 0x0c, 0x90, 0x80, 0xc0, 0x0b, 0xb0,
  0x07, 0xb0, 0xd0, 0xd0, 0x0c, 0x09, 0xd0, 0xc0, 0x80, 0xe0, 0x0d, 0xb0, 0x09, 0xe0, 0xc0, 0x0d,
  0xe0, 0x0e, 0x0d, 0xb0, 0x0c, 0xa0, 0x90, 0x00, 0x0e, 0xf0, 0xd0, 0xc0, 0x0c, 0xd0, 0x0e, 0xc0,
  0xb0, 0x0d, 0x0f, 0xe0, 0xc0, 0x90, 0x80, 0xc0, 0xf0, 0x0d, 0xd0, 0xc0, 0x0c, 0x0d, 0x0c, 0xe0,
  0x0d, 0x0d, 0x0e, 0xa0, 0x80, 0x0c, 0x0d, 0x0d, 0xd0, 0x07, 0xc0, 0x0a, 0xc0, 0xd0, 0x0a, 0x0a,
  0xe0, 0x0e, 0x05, 0x08, 0x0c, 0x0b, 0xb0, 0xe0, 0x0f, 0x0b, 0x0a, 0x0c, 0xd0, 0x0d, 0x0e, 0x0d,
  0x60, 0x09, 0x0b, 0xa0, 0x0d, 0x90, 0x90, 0x0d, 0x0b, 0xd0, 0x0c, 0x0e, 0xb0, 0xe0, 0xd0, 0xc0,
  0x0b, 0x0d, 0x0e, 0x0b, 0x80, 0x0d, 0xe0, 0x0c, 0x0e, 0x90, 0xd0, 0xc0, 0x0a, 0xd0, 0xa0, 0x0e,
  0xb0, 0xe0, 0x0d, 0x0f, 0x09, 0x0d, 0xd0, 0x0c, 0x80, 0xe0, 0x0d, 0x0d, 0x0e, 0x09, 0x0d, 0x0c,
  0xd0, 0x70, 0x0b, 0x0a, 0xe0, 0x0c, 0xa0, 0xd0, 0xd0, 0x90, 0xe0, 0x0e, 0x90, 0xd0, 0x0d, 0xf0,
  0x0e, 0xb0, 0x07, 0xb0, 0xf0, 0x08, 0x0d, 0x70, 0xc0, 0x0e, 0xd0, 0xd0, 0x0e, 0xe0, 0xc0, 0xe0,
  0xc0, 0xb0, 0x0b, 0xc0, 0x0b, 0x0c, 0x90, 0xc0, 0xc0, 0x0c, 0x90, 0x0c, 0x08, 0x09, 0xd0, 0x0e,
  0x0f, 0x0c, 0x0a, 0xb0, 0x0d, 0xe0, 0x60, 0xa0, 0xc0, 0xd0, 0xb0, 0xd0, 0x0b, 0x0e, 0xe0, 0x0c,
  0x0c, 0x0a, 0x0e, 0xc0, 0x0d, 0xd0, 0x0e, 0xb0, 0x0d, 0x08, 0x07, 0x0e, 0x90, 0xd0, 0x0d, 0x0b,
  0x60, 0xb0, 0xd0, 0x09, 0x0c, 0x09, 0x0e, 0xc0, 0xd0, 0x0d, 0x0c, 0xa0, 0xc0, 0x0b, 0x0c, 0xc0,
  0x0d, 0xa0, 0x70, 0x0c, 0xd0, 0xe0, 0xe0, 0xd0, 0x60, 0xc0, 0x0d, 0x80, 0x09, 0xb0, 0xd0, 0x0e,
  0x0e, 0xe0, 0xd0, 0x0c, 0xe0, 0x0f, 0xb0, 0x0e, 0x90, 0x50, 0x09, 0x0e, 0x0c, 0x0e, 0xe0, 0xc0,
  0x0e, 0x09, 0x0c, 0xa0, 0x50, 0x0c, 0x0a, 0xd0, 0x08, 0xa0, 0x90, 0xb0, 0x0d, 0x0b, 0xd0, 0x0e,
  0x0f, 0x0b, 0x90, 0xb0, 0x0b, 0x0b, 0x0e, 0x80, 0x0c, 0x0c, 0x0b, 0xd0, 0xc0, 0xc0, 0xb0, 0x80,
  0x0c, 0x09, 0xb0, 0x0a, 0xd0, 0xd0, 0xc0, 0xc0, 0x0f, 0xa0, 0x0c, 0x0c, 0xd0, 0xc0, 0x07, 0x0d,
  0xc0, 0x0e, 0xd0, 0x08, 0x0b, 0x0d, 0x0c, 0x0d, 0xe0, 0x0a, 0xa0, 0x0d, 0x90, 0x0b, 0x0d, 0xc0,
  0x0b, 0x0e, 0x0d, 0x0a, 0x0e, 0x0c, 0x0c, 0x90, 0x0c, 0x50, 0x0d, 0x0c, 0x0e, 0x90, 0xc0, 0xe0,
  0x0c, 0x0d, 0xc0, 0xa0, 0xc0, 0xb0, 0xf0, 0xc0, 0xc0, 0x09, 0x09, 0x08, 0x0c, 0xc0, 0x0d, 0xc0,
  0x0c, 0xc0, 0xb0, 0xb0, 0xe0, 0x0d, 0x0d, 0xe0, 0xd0, 0xe0, 0x0d, 0x90, 0xa0, 0x0d, 0x0d, 0xd0,
  0x0b, 0x0b, 0xb0, 0xd0, 0x0e, 0x0c, 0x0e, 0xd0, 0x70, 0xe0, 0xd0, 0xa0, 0x0e, 0xc0, 0x02, 0xb0,
  0x0b, 0xc0, 0x0c, 0x03, 0x0d, 0x0c, 0x0c, 0xd0, 0x0d, 0x0e, 0x0b, 0x0b, 0x08, 0x0b, 0x0c, 0xc0,
  0x0e, 0x0b, 0x80, 0xc0, 0xd0, 0xd0, 0xb0, 0x0d, 0x0b, 0x0e, 0x05, 0xc0, 0xa0, 0xd0, 0xe0, 0xa0,
  0xb0, 0xe0, 0x0a, 0xd0, 0x0f, 0x08, 0xc0, 0x0c, 0x0d, 0x08, 0xe0, 0xb0, 0xd0, 0x0d, 0xc0, 0xe0,
  0x0d, 0xd0, 0x0b, 0x0e, 0xd0, 0x90, 0x07, 0xa0, 0xd0, 0xc0, 0x08, 0x0c, 0x0d, 0x0a, 0x0f, 0xd0,
  0x0d, 0x0b, 0xd0, 0xd0, 0x0b, 0xd0, 0x04, 0x0d, 0xb0, 0xe0, 0x0b, 0xe0, 0x0b, 0x0d, 0x0a, 0x09,
  0xd0, 0xd0, 0xb0, 0x50, 0x80, 0x0c, 0xa0, 0x0d, 0x0c, 0xe0, 0x0b, 0x0b, 0x08, 0x0b, 0x0d, 0xd0,
  0x0c, 0x0b, 0x60, 0xd0, 0x09, 0x0d, 0xe0, 0x0c, 0x0d, 0xd0, 0x0f, 0xd0, 0x07, 0xc0, 0x07, 0xc0,
  0xe0, 0xe0, 0xd0, 0x0b, 0x0c, 0x80, 0x0e, 0x0d, 0xf0, 0xd0, 0x90, 0x0e, 0x0a, 0x0e, 0x05, 0x0c,
  0xe0, 0x0d, 0xf0, 0xb0, 0x0a, 0x0c, 0xc0, 0x0c, 0xc0, 0xe0, 0x0c, 0xe0, 0x08, 0x50, 0xc0, 0xb0,
  0xb0, 0x0e, 0xd0, 0xd0, 0x0a, 0xa0, 0x0e, 0x0c, 0x0b, 0x0a, 0x0d, 0xd0, 0x0d, 0x0e, 0x0a, 0x0c,
  0xc0, 0x0e, 0xd0, 0x0d, 0x60, 0xb0, 0xc0, 0xf0, 0xc0, 0x80, 0x0d, 0x08, 0xf0, 0x0b, 0x0a, 0xd0,
  0x0d, 0x0f, 0xa0, 0xa0, 0xe0, 0xe0, 0xa0, 0x0f, 0x80, 0x0d, 0x50, 0x0d, 0x01, 0x09, 0x0b, 0xe0,
  0x0c, 0xc0, 0x60, 0x0d, 0x0a, 0xe0, 0xe0, 0xc0, 0x0b, 0xb0, 0x0c, 0xb0, 0xc0, 0x08, 0xf0, 0xc0,
  0xe0, 0xd0, 0x0e, 0x0c, 0xc0, 0xc0, 0xc0, 0x0a, 0x0a, 0xc0, 0x0d, 0x0c, 0x0b, 0x0d, 0x0b, 0xc0,
  0x0d, 0xd0, 0xd0, 0x0d, 0xb0, 0x0d, 0x0b, 0x05, 0xd0, 0xa0, 0x90, 0x0e, 0x09, 0x08, 0x09, 0x0b,
  0x20, 0x0b, 0xb0, 0xe0, 0xe0, 0x0a, 0x0a, 0xe0, 0x90, 0xb0, 0xd0, 0x0d, 0xa0, 0x80, 0x0e, 0x0b,
  0x0a, 0xb0, 0x0c, 0xe0, 0x0c, 0x0d, 0x90, 0xa0, 0x0c, 0xe0, 0x0e, 0xc0, 0xc0, 0xb0, 0x0a, 0x0e,
  0x0b, 0x0c, 0x0d, 0x0c, 0xe0, 0xc0, 0x0c, 0x0c, 0x0c, 0x0d, 0x09, 0xc0, 0x0d, 0xc0, 0xc0, 0x0a,
  0x0d, 0x0c, 0xe0, 0x0d, 0x0c, 0xc0, 0x06, 0x80, 0xc0, 0x0e, 0xe0, 0x0c, 0x70, 0xc0, 0x0e, 0x07,
  0x0d, 0x0d, 0x80, 0x0c, 0xe0, 0x0e, 0x0c, 0xe0, 0xb0, 0x0a, 0xd0, 0xd0, 0xe0, 0x0b, 0xf0, 0xf0,
  0x0d, 0xb0, 0x0e, 0x09, 0xd0, 0xb0, 0x09, 0xb0, 0x90, 0x08, 0xe0, 0x0d, 0xe0, 0xb0, 0xe0, 0x90,
  0x0e, 0x90, 0xd0, 0x70, 0x00, 0xa0, 0x0d, 0xc0, 0x0b, 0xa0, 0x0a, 0x0b, 0x0d, 0xd0, 0x09, 0xa0,
  0xe0, 0xd0, 0x05, 0xd0, 0x0b, 0x0d, 0x07, 0x0d, 0x0e, 0x0d, 0x0d, 0x90, 0xa0, 0xc0, 0x0b, 0xc0,
  0xd0, 0x0b, 0x0c, 0x0d, 0xc0, 0x0c, 0x0c, 0xe0, 0xa0, 0x0c, 0x0a, 0x0d, 0xb0, 0x0b, 0xc0, 0x0c,
  0x0d, 0xc0, 0xc0, 0x90, 0xd0, 0x0e, 0x50, 0xc0, 0x0d, 0x09, 0xa0, 0xd0, 0xd0, 0x0b, 0x0d, 0x0e,
  0x0b, 0xd0, 0xb0, 0x0b, 0x0c, 0x0d, 0x80, 0x0e, 0xd0, 0x0c, 0x0c, 0xb0, 0x0e, 0xc0, 0xc0, 0xa0,
  0xc0, 0xa0, 0xc0, 0xd0, 0xb0, 0x0b, 0x0d, 0x0c, 0xc0, 0xc0, 0x0b, 0x0d, 0xb0, 0xc0, 0x0d, 0x0b,
  0x0c, 0x70, 0xe0, 0x0e, 0x0b, 0xd0, 0xe0, 0x0e, 0x0a, 0x0c, 0x0c, 0x0d, 0xc0, 0xb0, 0xb0, 0x0f,
  0xd0, 0xd0, 0x0d, 0x0d, 0x0d, 0x0f, 0xd0, 0xc0, 0xe0, 0xb0, 0xb0, 0x0b, 0x0b, 0x0a, 0xc0, 0xd0,
  0xa0, 0xd0, 0xf0, 0xd0, 0xe0, 0xa0, 0xf0, 0xd0, 0x0a, 0x0b, 0x0d, 0x0d, 0xa0, 0xd0, 0x0d, 0x80,
  0xc0, 0x0e, 0xa0, 0x0c, 0x0c, 0xe0, 0x07, 0xc0, 0x09, 0x08, 0xd0, 0x0b, 0xf0, 0x0b, 0xe0, 0xd0,
  0x0b, 0xa0, 0xd0, 0xe0, 0x0e, 0xe0, 0xd0, 0xb0, 0x0f, 0x0e, 0x0b, 0x0b, 0x0c, 0x0e, 0x0c, 0x0d,
  0xd0, 0x0a, 0xd0, 0xd0, 0x06, 0x0d, 0x0e, 0xe0, 0xe0, 0x0c, 0xb0, 0xe0, 0x09, 0xa0, 0xe0, 0xb0,
  0xb0, 0xc0, 0x0b, 0x0e, 0x0b, 0xf0, 0xe0, 0x0c, 0xd0, 0xd0, 0xa0, 0x01, 0x08, 0xa0, 0xc0, 0x0b,
  0xf0, 0xb0, 0xb0, 0xe0, 0xc0, 0xd0, 0xb0, 0x0b, 0x0e, 0xb0, 0xa0, 0xe0, 0x0c, 0x06, 0xb0, 0xe0,
  0xb0, 0x0b, 0x0e, 0xd0, 0xe0, 0x0e, 0x0e, 0x09, 0xb0, 0xd0, 0x0c, 0x60, 0x0b, 0xe0, 0xe0, 0xe0,
  0xc0, 0x0f, 0xd0, 0x0c, 0xb0, 0xd0, 0x0e, 0xb0, 0xa0, 0xb0, 0x0d, 0x90, 0x0b, 0x0b, 0xc0, 0x0c,
  0x0c, 0xb0, 0x0d, 0x0d, 0xe0, 0x0c, 0x0c, 0x0e, 0x0c, 0xe0, 0x0c, 0xc0, 0x70, 0xd0, 0xf0, 0xe0,
  0xc0, 0x0b, 0x0d, 0x0d, 0x0d, 0x0c, 0x0c, 0x0d, 0x0f, 0x0d, 0x90, 0xe0, 0x0d, 0x0c, 0x0c, 0xa0,
  0x0c, 0x0d, 0xd0, 0x0e, 0xd0, 0xb0, 0xb0, 0xa0, 0xc0, 0xf0, 0x0d, 0x0b, 0x0e, 0xc0, 0xd0, 0x0c,
  0x0c, 0x0d, 0xb0, 0x80, 0xd0, 0x0e, 0x0b, 0xe0, 0x0d, 0x0d, 0xa0, 0xc0, 0x0c, 0x0f, 0x0d, 0xe0,
  0x09, 0x08, 0xa0, 0x40, 0xc0, 0x0a, 0x0d, 0x0f, 0xd0, 0x0f, 0x90, 0xa0, 0xc0, 0xd0, 0xd0, 0xa0,
  0x0d, 0xc0, 0x0e, 0x0d, 0xc0, 0xe0, 0x0c, 0x90, 0x0d, 0xe0, 0x0b, 0x0d, 0x0d, 0x05, 0x0e, 0x0b,
  0xd0, 0xb0, 0x06, 0x0e, 0xe0, 0xc0, 0x0d, 0xd0, 0xe0, 0xd0, 0xc0, 0x0b, 0x0d, 0x90, 0x0d, 0xb0,
  0xc0, 0xb0, 0xd0, 0x0c, 0x80, 0x0e, 0x0c, 0x0d, 0x40, 0x0e, 0x07, 0xa0, 0x80, 0x0f, 0x0d, 0x0c,
  0x0a, 0x0b, 0x70, 0x90, 0xc0, 0x0d, 0xc0, 0x0d, 0x0b, 0xe0, 0xa0, 0xe0, 0x0d, 0x0a, 0xd0, 0xd0,
  0x0f, 0xb0, 0x0b, 0x0c, 0x0a, 0x90, 0xd0, 0x90, 0xd0, 0x80, 0x0c, 0x0c, 0x0c, 0xb0, 0xd0, 0x0d,
  0xc0, 0x70, 0xe0, 0x0d, 0x80, 0x0d, 0x0c, 0xd0, 0xd0, 0xe0, 0x0c, 0x0d, 0xe0, 0x0e, 0xc0, 0x0d,
  0x0e, 0xc0, 0x0e, 0x0f, 0x0e, 0xa0, 0xd0, 0x0a, 0x80, 0xe0, 0xb0, 0x0b, 0xe0, 0x80, 0x0d, 0xb0,
  0x0a, 0x0a, 0xd0, 0xe0, 0xd0, 0x0b, 0xb0, 0xc0, 0x0d, 0x0c, 0x06, 0x0b, 0xe0, 0xc0, 0xc0, 0xc0,
  0x0f, 0x0a, 0xc0, 0xd0, 0x0c, 0xc0, 0xc0, 0xe0, 0x09, 0xb0, 0x0b, 0xb0, 0xa0, 0x0e, 0x0b, 0x0b,
  0x0e, 0x80, 0x0b, 0xc0, 0xe0, 0x90, 0xd0, 0x0d, 0xe0, 0x09, 0xc0, 0xd0, 0x0a, 0xc0, 0x0d, 0x08,
  0x10, 0x0a, 0x0e, 0xd0, 0x0b, 0xb0, 0x90, 0x0e, 0x0d, 0xa0, 0x0b, 0x0b, 0x40, 0x0c, 0x0d, 0xe0,
  0x0d, 0xb0, 0x80, 0xd0, 0x0a, 0x0b, 0x05, 0x0e, 0xc0, 0xe0, 0x70, 0xe0, 0x0c, 0xc0, 0xf0, 0x0c,
  0x0b, 0x0d, 0xf0, 0xc0, 0x90, 0x0d, 0x0c, 0xd0, 0xe0, 0x0d, 0xc0, 0x08, 0xb0, 0x0d, 0x0a, 0x0d,
  0x0c, 0x0d, 0x0c, 0x0e, 0x0c, 0x09, 0x0e, 0x0f, 0x0e, 0xf0, 0xd0, 0xe0, 0xd0, 0xc0, 0x0b, 0xd0,
  0x05, 0x0c, 0x0c, 0xc0, 0x0a, 0x08, 0xb0, 0xd0, 0xc0, 0x0b, 0xb0, 0xe0, 0x05, 0x0e, 0x0b, 0x0d,
  0x0d, 0xb0, 0x80, 0xd0, 0x09, 0x0d, 0xc0, 0x0c, 0x0c, 0x0d, 0xb0, 0x0f, 0x0e, 0x0e, 0xe0, 0x0b,
  0x0d, 0x0b, 0x0e, 0xd0, 0x0c, 0xd0, 0xa0, 0x0d, 0x0d, 0x0a, 0xc0, 0xe0, 0x0a, 0xd0, 0x0d, 0x0e,
  0xe0, 0x80, 0xb0, 0x0f, 0x0d, 0xb0, 0x0e, 0x70, 0xb0, 0x08, 0x0d, 0xc0, 0x0e, 0xb0, 0x0c, 0x0c,
  0x90, 0xe0, 0xc0, 0x08, 0x0a, 0xc0, 0xe0, 0x0a, 0xd0, 0xe0, 0x08, 0xe0, 0x0e, 0x0a, 0xc0, 0xe0,
  0xc0, 0x0c, 0xe0, 0x0d, 0xb0, 0x0b, 0xc0, 0x0a, 0x0e, 0xd0, 0x0d, 0x0c, 0x0b, 0x0b, 0x0b, 0x0d,
  0x09, 0x90, 0xa0, 0x90, 0x0e, 0xc0, 0x09, 0x09, 0xb0, 0xc0, 0x0d, 0xc0, 0xd0, 0x0d, 0x0c, 0xd0,
  0xd0, 0xb0, 0x08, 0x08, 0xd0, 0x0e, 0x0f, 0x0e, 0xa0, 0xa0, 0xb0, 0x0a, 0xe0, 0x09, 0x90, 0xd0,
  0xd0, 0x08, 0x09, 0x0a, 0xc0, 0xe0, 0x70, 0xd0, 0x0e, 0xe0, 0xd0, 0xd0, 0x0d, 0x0e, 0xf0, 0xf0,
  0x0d, 0xe0, 0xc0, 0x07, 0x09, 0x0e, 0x90, 0x70, 0x0d, 0x90, 0x0b, 0x06, 0xc0, 0x0c, 0xe0, 0xc0,
  0x08, 0x0b, 0xd0, 0x0b, 0x0a, 0xb0, 0x0e, 0x0d, 0xd0, 0x80, 0x0c, 0x0d, 0xd0, 0x0c, 0x0b, 0xc0,
  0xc0, 0x50, 0xb0, 0x0e, 0x70, 0xd0, 0x0f, 0x0f, 0xc0, 0x0c, 0xd0, 0x0a, 0x04, 0x09, 0x0c, 0x0d,
  0x0e, 0x0f, 0xb0, 0x0b, 0xe0, 0x0d, 0xd0, 0xf0, 0x0e, 0xc0, 0x09, 0xe0, 0xf0, 0x0c, 0x07, 0xf0,
  0x0d, 0xd0, 0x0c, 0x0c, 0x0e, 0x80, 0x09, 0x0b, 0xa0, 0x0b, 0x0c, 0xd0, 0xb0, 0x0d, 0xc0, 0xe0,
  0x0b, 0x0a, 0xe0, 0x0c, 0x0d, 0x05, 0x0c, 0xa0, 0x50, 0x0d, 0x0a, 0x0e, 0x60, 0x0c, 0xd0, 0x60,
  0xd0, 0x0c, 0xc0, 0x0e, 0x0c, 0x0e, 0xe0, 0xa0, 0xe0, 0xb0, 0xf0, 0x0b, 0xc0, 0x80, 0x0d, 0xd0,
  0x07, 0x80, 0xd0, 0xe0, 0xd0, 0x0d, 0x0a, 0xa0, 0x08, 0xe0, 0x0f, 0xc0, 0xd0, 0xa0, 0xd0, 0xa0,
  0xa0, 0x0d, 0x90, 0x0d, 0xc0, 0x0d, 0xd0, 0xc0, 0xc0, 0xa0, 0x0e, 0x0c, 0x0a, 0xd0, 0x0b, 0xe0,
  0x0a, 0xe0, 0x04, 0x0a, 0xf0, 0x0e, 0xd0, 0x09, 0xe0, 0xd0, 0x01, 0x0b, 0x0d, 0x0a, 0x0e, 0x0a,
  0x0f, 0xd0, 0x0d, 0xa0, 0x0a, 0x0b, 0xc0, 0x0b, 0x0b, 0x0e, 0x0d, 0xd0, 0x0b, 0x0b, 0xe0, 0xd0,
  0x0e, 0xc0, 0xc0, 0x0d, 0xb0, 0x0d, 0xa0, 0xc0, 0x06, 0x70, 0x0d, 0x0b, 0xd0, 0xd0, 0x0a, 0x0e,
  0x0d, 0xc0, 0xc0, 0x0c, 0x0e, 0xb0, 0xc0, 0xd0, 0x0c, 0xd0, 0x0c, 0xc0, 0xb0, 0xc0, 0x0c, 0x09,
  0xe0, 0xe0, 0x0d, 0x40, 0x50, 0xd0, 0xe0, 0x0e, 0xd0, 0xf0, 0xc0, 0x0d, 0xe0, 0x0a, 0x0c, 0xe0,
  0x0a, 0xd0, 0xb0, 0x0d, 0x0e, 0x0c, 0xb0, 0x90, 0xd0, 0x0c, 0xa0, 0xb0, 0x0f, 0xd0, 0xc0, 0xe0,
  0x0e, 0xb0, 0x09, 0xe0, 0x0a, 0x0d, 0x0c, 0xe0, 0xd0, 0xc0, 0x09, 0xa0, 0xe0, 0x0c, 0x0b, 0xd0,
  0xc0, 0xe0, 0x0c, 0x80, 0x0d, 0xa0, 0x09, 0x70, 0x0f, 0x0b, 0x0d, 0xa0, 0xe0, 0x0e, 0xd0, 0x0d,
  0xe0, 0xb0, 0xa0, 0x0c, 0x60, 0x05, 0xc0, 0xe0, 0x90, 0x0e, 0x0c, 0x0e, 0x0c, 0x60, 0x03, 0xb0,
  0xf0, 0xe0, 0xb0, 0x0e, 0xd0, 0xe0, 0x0c, 0x0b, 0x0a, 0xc0, 0x0d, 0xd0, 0x0b, 0xd0, 0xd0, 0xd0,
  0xd0, 0xc0, 0x40, 0xf0, 0xc0, 0x0c, 0x0b, 0xc0, 0x20, 0xe0, 0x0d, 0x0c, 0xe0, 0xc0, 0xd0, 0x09,
  0x0a, 0xf0, 0x09, 0x60, 0xc0, 0xe0, 0x0d, 0x0b, 0x0c, 0xe0, 0x0c, 0x0c, 0xe0, 0xb0, 0x0b, 0x50,
  0x0d, 0x0e, 0x0c, 0xc0, 0x80, 0x0d, 0xc0, 0xb0, 0xe0, 0x0b, 0x0e, 0x0c, 0xd0, 0xd0, 0xf0, 0xd0,
  0x0c, 0xc0, 0x0d, 0x0c, 0xa0, 0xd0, 0xa0, 0x0e, 0x0c, 0xe0, 0x60, 0xe0, 0x0d, 0xa0, 0xb0, 0x0d,
  0xd0, 0xe0, 0x0c, 0x90, 0xd0, 0x0d, 0x0d, 0xa0, 0xd0, 0x0d, 0x0d, 0xd0, 0xf0, 0x08, 0xf0, 0xd0,
  0x0d, 0x0c, 0x0d, 0x09, 0x0b, 0xc0, 0x0c, 0xc0, 0x0d, 0x09, 0xe0, 0xd0, 0xd0, 0xd0, 0xa0, 0xe0,
  0xc0, 0xd0, 0x0d, 0xb0, 0xd0, 0xb0, 0xa0, 0xc0, 0x0c, 0xc0, 0x05, 0xf0, 0xd0, 0xe0, 0x09, 0xb0,
  0x0f, 0xe0, 0xb0, 0x0e, 0xb0, 0x0e, 0x0d, 0x0d, 0x05, 0x0e, 0xa0, 0xd0, 0xd0, 0xf0, 0xe0, 0x0b,
  0x0a, 0x0d, 0xd0, 0xe0, 0x0c, 0x09, 0x0e, 0xe0, 0xa0, 0xd0, 0x0c, 0xd0, 0xb0, 0x0d, 0xb0, 0x0e,
  0x0d, 0x05, 0xd0, 0xb0, 0xa0, 0x0e, 0xd0, 0x0e, 0x0f, 0xc0, 0x08, 0x80, 0xc0, 0xf0, 0xd0, 0xe0,
  0xc0, 0xd0, 0xc0, 0x90, 0xa0, 0x90, 0xc0, 0x0d, 0x0f, 0xd0, 0x09, 0xa0, 0x0d, 0x0d, 0xc0, 0x0e,
  0x0e, 0xd0, 0x07, 0x0d, 0x0b, 0xc0, 0x0b, 0xd0, 0x0d, 0xe0, 0x0b, 0xc0, 0x0f, 0x0c, 0xb0, 0x0d,
  0x0d, 0x40, 0x0e, 0x0b, 0xe0, 0x0b, 0x0e, 0xd0, 0xc0, 0xb0, 0x0d, 0x0a, 0x08, 0x90, 0xc0, 0x60,
  0xa0, 0xd0, 0xa0, 0xe0, 0xa0, 0xb0, 0xe0, 0x0e, 0x0b, 0x0e, 0x0d, 0xe0, 0x0b, 0xf0, 0xe0, 0x70,
  0xa0, 0x0d, 0x0f, 0x0c, 0x0d, 0x0c, 0x0d, 0xd0, 0x0d, 0xc0, 0x0c, 0xa0, 0x20, 0x0b, 0xb0, 0x0d,
  0x50, 0x0b, 0xe0, 0x0e, 0x09, 0x0e, 0x0d, 0xc0, 0xe0, 0xf0, 0xc0, 0x0e, 0x90, 0xd0, 0x0d, 0x90,
  0x0d, 0xc0, 0x0e, 0x0b, 0xc0, 0x0e, 0xa0, 0xe0, 0x0c, 0x0a, 0x0d, 0x0b, 0x0a, 0xc0, 0x0d, 0x0b,
  0x0a, 0x05, 0x0f, 0xd0, 0x0d, 0xb0, 0x09, 0xc0, 0x90, 0xd0, 0xb0, 0x0d, 0xd0, 0x07, 0xc0, 0xe0,
  0x0e, 0xc0, 0x0f, 0x0c, 0x0c, 0xe0, 0xd0, 0x0c, 0xd0, 0x90, 0xb0, 0x0e, 0x0d, 0xc0, 0x0b, 0x0b,
  0x90, 0xd0, 0xc0, 0x06, 0xe0, 0x08, 0x90, 0xd0, 0x0a, 0xb0, 0xc0, 0x0d, 0x02, 0x05, 0xd0, 0xe0,
  0x0c, 0xd0, 0xd0, 0x0c, 0xd0, 0x0d, 0x0c, 0xd0, 0x60, 0x0c, 0x70, 0xe0, 0x08, 0xe0, 0xd0, 0xc0,
  0xa0, 0xc0, 0x0d, 0x0b, 0x0d, 0xe0, 0xc0, 0xd0, 0x0c, 0x0e, 0xc0, 0x0a, 0x09, 0xc0, 0xf0, 0x0e,
  0x0e, 0x0d, 0xd0, 0x90, 0xd0, 0xd0, 0xe0, 0xe0, 0xc0, 0x0c, 0x0f, 0xc0, 0x0b, 0x0c, 0x0c, 0xb0,
  0x09, 0x0a, 0xc0, 0xc0, 0xe0, 0x0b, 0x0c, 0x0d, 0x0c, 0xd0, 0xf0, 0x0e, 0x0b, 0x0d, 0xb0, 0xc0,
  0x0e, 0xc0, 0xc0, 0x0b, 0x90, 0x0d, 0xd0, 0x80, 0xb0, 0xd0, 0x06, 0x0c, 0xb0, 0x50, 0xc0, 0x0c,
  0x03, 0x0b, 0x01, 0xb0, 0xb0, 0xd0, 0x70, 0x90, 0x08, 0x80, 0xc0, 0xc0, 0xc0, 0x0c, 0x0c, 0xd0,
  0x0f, 0x0e, 0x0b, 0x0b, 0xb0, 0xd0, 0xd0, 0x08, 0x90, 0xd0, 0xe0, 0x0d, 0xe0, 0x0a, 0xc0, 0x0d,
  0xd0, 0x0c, 0x0d, 0x0d, 0xe0, 0x0d, 0x0c, 0x0b, 0x09, 0xb0, 0x0e, 0x0d, 0xd0, 0xe0, 0x09, 0x09,
  0xc0, 0x05, 0xb0, 0xd0, 0x0c, 0x0e, 0xa0, 0x0f, 0x0d, 0xe0, 0x0d, 0xd0, 0x0b, 0xd0, 0xe0, 0xa0,
  0x0e, 0x0d, 0xa0, 0x0c, 0xa0, 0x0e, 0x0b, 0xe0, 0x0d, 0x0d, 0x90, 0xe0, 0x90, 0xd0, 0xd0, 0xe0,
  0x0e, 0x0d, 0x80, 0xd0, 0x0d, 0xb0, 0x90, 0xd0, 0x0c, 0x90, 0x0c, 0x0b, 0xe0, 0x07, 0x90, 0x0c,
  0x0c, 0x08, 0x0d, 0x09, 0xe0, 0x0d, 0x0d, 0xd0, 0xc0, 0x0e, 0xd0, 0xc0, 0x0e, 0xc0, 0xb0, 0xe0,
  0xb0, 0x0c, 0x90, 0x0b, 0xf0, 0xe0, 0x90, 0x0d, 0x0f, 0xd0, 0xe0, 0xe0, 0xa0, 0x0b, 0xb0, 0xc0,
  0x70, 0x08, 0xe0, 0x0d, 0x0a, 0x0d, 0x0a, 0x0d, 0x0d, 0x0b, 0x0a, 0x09, 0xe0, 0x0e, 0xd0, 0xa0,
  0x0e, 0x09, 0xe0, 0xd0, 0xf0, 0x09, 0x0e, 0xb0, 0xb0, 0x90, 0x0d, 0xb0, 0xc0, 0xd0, 0x0d, 0x0d,
  0x09, 0x0d, 0x0c, 0x60, 0xd0, 0x70, 0x0f, 0x0e, 0x0a, 0x0d, 0x0b, 0xc0, 0x00, 0xb0, 0x0d, 0xc0,
  0x0d, 0x0c, 0xe0, 0x0e, 0x0e, 0xd0, 0x80, 0xd0, 0x0e, 0xe0, 0x0a, 0xc0, 0x0a, 0x0e, 0x0c, 0xd0,
  0x0e, 0xe0, 0xd0, 0x0b, 0x09, 0x0d, 0xe0, 0x0a, 0x0e, 0xd0, 0xa0, 0x0d, 0x0c, 0x80, 0x0e, 0x0c,
  0x0d, 0x0c, 0xe0, 0xc0, 0xa0, 0x0c, 0x0e, 0xe0, 0x0a, 0x0d, 0x08, 0x60, 0xf0, 0xd0, 0xe0, 0xd0,
  0xd0, 0x0d, 0xa0, 0x0d, 0x0d, 0x0b, 0x0c, 0xd0, 0xd0, 0x0a, 0x0d, 0xd0, 0x0c, 0x0a, 0x0d, 0xe0,
  0x0b, 0x0c, 0xa0, 0x0a, 0x0d, 0x08, 0x0a, 0x80, 0x0f, 0x90, 0x0c, 0x90, 0x0b, 0x0e, 0x09, 0xe0,
  0x80, 0x90, 0x80, 0x08, 0x0e, 0xc0, 0xc0, 0x0d, 0x0a, 0x0b, 0x0e, 0x0c, 0xb0, 0x0b, 0x0c, 0xc0,
  0x0c, 0xb0, 0xf0, 0x06, 0x09, 0x0a, 0xb0, 0xc0, 0x0c, 0xd0, 0x0b, 0xb0, 0x0a, 0x60, 0x0e, 0xc0,
  0xd0, 0x0b, 0x70, 0x0c, 0x0c, 0x0a, 0x0a, 0x0e, 0xc0, 0x80, 0x0e, 0x0c, 0xe0, 0xc0, 0x0a, 0x08,
  0xd0, 0xb0, 0xb0, 0x0e, 0x08, 0x0e, 0x08, 0x0c, 0xd0, 0xa0, 0x0a, 0xb0, 0x0e, 0xb0, 0xd0, 0x0c,
  0xd0, 0x0d, 0xe0, 0xb0, 0xc0, 0x09, 0x80, 0xd0, 0x0b, 0x0d, 0x0c, 0xe0, 0x0d, 0x0d, 0x80, 0xd0,
  0xf0, 0x08, 0xb0, 0x80, 0xe0, 0xb0, 0xd0, 0x0b, 0x0c, 0xb0, 0xb0, 0x0e, 0x0d, 0xd0, 0xd0, 0xd0,
  0x0d, 0x60, 0x0e, 0x0c, 0xe0, 0xd0, 0xa0, 0xe0, 0x0d, 0x08, 0x0b, 0xb0, 0xc0, 0x90, 0xa0, 0x80,
  0x0b, 0x0e, 0xc0, 0xc0, 0x0d, 0x0c, 0x0d, 0x09, 0xc0, 0x80, 0x08, 0xd0, 0x70, 0x0d, 0xd0, 0x0a,
  0x0c, 0x70, 0xd0, 0xd0, 0xe0, 0x0d, 0xe0, 0x0c, 0x0a, 0xa0, 0x0f, 0x09, 0x0d, 0xd0, 0x0c, 0xd0,
  0x05, 0xa0, 0x06, 0xa0, 0x0d, 0x0b, 0x0f, 0x0f, 0xe0, 0x0d, 0xb0, 0x0c, 0x0f, 0xd0, 0x0b, 0xd0,
  0xa0, 0xd0, 0xe0, 0x0a, 0xe0, 0x0f, 0x0c, 0x0a, 0x0e, 0x0d, 0x0f, 0xe0, 0x0c, 0x0b, 0xb0, 0x0b,
  0xa0, 0x0c, 0x90, 0x0d, 0x08, 0x90, 0x00, 0xd0, 0xd0, 0xb0, 0x0b, 0x0c, 0xf0, 0x0f, 0x0f, 0x0b,
  0x0c, 0x0b, 0x07, 0x0e, 0xb0, 0xc0, 0xd0, 0xd0, 0x0c, 0x0b, 0x0c, 0x0e, 0xe0, 0x0e, 0x0a, 0xc0,
  0xb0, 0xc0, 0x0c, 0x0d, 0x0c, 0x0b, 0x0a, 0x80, 0xe0, 0xb0, 0x09, 0xa0, 0x0a, 0xe0, 0xc0, 0x06,
  0xd0, 0xe0, 0x0d, 0x90, 0x90, 0x0b, 0xa0, 0x0d, 0xe0, 0xe0, 0x07, 0xb0, 0x0c, 0xb0, 0xd0, 0x0d,
  0xe0, 0x0c, 0x0d, 0xb0, 0xe0, 0x0d, 0xe0, 0xc0, 0xc0, 0x0b, 0x04, 0xd0, 0x0a, 0xe0, 0x0d, 0x0f,
  0x0c, 0xf0, 0x07, 0x0c, 0x0d, 0x0e, 0x0a, 0xd0, 0x0a, 0xa0, 0xd0, 0x0b, 0xd0, 0xc0, 0x0a, 0x0d,
  0x0b, 0xe0, 0x0e, 0x0a, 0x09, 0x0b, 0xc0, 0xc0, 0xe0, 0x0d, 0x0b, 0x0d, 0x0c, 0x0e, 0xf0, 0xe0,
  0x0d, 0xa0, 0x40, 0x0c, 0xd0, 0xb0, 0x0b, 0xc0, 0xc0, 0x60, 0x90, 0xd0, 0x0d, 0xc0, 0xc0, 0x0f,
  0x0b, 0x0e, 0xc0, 0x0b, 0xe0, 0x0e, 0xc0, 0x80, 0xc0, 0xd0, 0x09, 0xc0, 0xd0, 0x0b, 0x0e, 0xe0,
  0x0b, 0x0c, 0xa0, 0x0f, 0x0d, 0x0e, 0x0e, 0x0f, 0x70, 0xd0, 0xc0, 0xd0, 0xe0, 0xd0, 0x0a, 0xd0,
  0x0d, 0xe0, 0x0b, 0xb0, 0xc0, 0x0b, 0x07, 0x0b, 0xe0, 0x0d, 0xc0, 0xd0, 0x0a, 0xc0, 0xa0, 0xc0,
  0x0f, 0xd0, 0x09, 0x0d, 0xc0, 0x09, 0x0e, 0x0b, 0x0d, 0x0c, 0x0a, 0x0b, 0x0e, 0xc0, 0x0d, 0x0d,
  0x0c, 0x0e, 0xa0, 0xc0, 0xd0, 0x0b, 0xe0, 0xe0, 0x0a, 0x0b, 0x0b, 0xc0, 0xa0, 0x0c, 0x0b, 0xb0,
  0x0d, 0x06, 0x0e, 0xd0, 0x0a, 0x0d, 0x0d, 0x0c, 0xa0, 0x07, 0x0a, 0xd0, 0x09, 0xe0, 0xc0, 0xa0,
  0xe0, 0x0a, 0x0c, 0xc0, 0x0e, 0xd0, 0x0d, 0x0c, 0xb0, 0xb0, 0x06, 0x0a, 0xb0, 0xa0, 0xd0, 0xa0,
  0x0d, 0xe0, 0xd0, 0xe0, 0xc0, 0xd0, 0x0e, 0x0b, 0x0e, 0xe0, 0x80, 0x0d, 0xc0, 0xd0, 0x0d, 0xf0,
  0x90, 0xd0, 0x0c, 0x0e, 0x0e, 0x0c, 0xe0, 0xb0, 0xd0, 0xc0, 0x0d, 0xe0, 0xa0, 0xd0, 0x0d, 0x09,
  0x0c, 0x0a, 0xd0, 0x0d, 0x0d, 0x09, 0xe0, 0x09, 0x90, 0x0b, 0xb0, 0xa0, 0xd0, 0xd0, 0x0c, 0x0d,
  0xa0, 0x0d, 0x0e, 0x0d, 0x0d, 0x0c, 0x0c, 0xd0, 0xd0, 0x0b, 0x08, 0x0c, 0x0f, 0x0d, 0x07, 0x08,
  0x0d, 0xc0, 0xd0, 0xc0, 0x0d, 0x70, 0x0a, 0xc0, 0x08, 0xe0, 0xb0, 0xd0, 0x0d, 0x0c, 0x0c, 0x09,
  0xd0, 0x0d, 0x0e, 0x0c, 0xc0, 0x0e, 0xd0, 0xa0, 0xb0, 0x0c, 0x0d, 0x90, 0xa0, 0xa0, 0x0c, 0xd0,
  0xd0, 0xe0, 0x0e, 0x0c, 0xd0, 0xd0, 0x0e, 0x0d, 0x0c, 0x0d, 0x08, 0xb0, 0xc0, 0xe0, 0xc0, 0x0b,
  0x0c, 0x0d, 0xd0, 0x0a, 0x0d, 0x90, 0x0a, 0xe0, 0xe0, 0xe0, 0xc0, 0xe0, 0x90, 0xc0, 0xc0, 0x0d,
  0xc0, 0xc0, 0xa0, 0xd0, 0xe0, 0x0c, 0xd0, 0x09, 0x0a, 0xe0, 0xc0, 0xe0, 0xb0, 0x0a, 0xc0, 0xc0,
  0xb0, 0xb0, 0x70, 0xc0, 0xd0, 0x0b, 0x0b, 0xc0, 0x0f, 0x0f, 0x0c, 0x0d, 0x0c, 0xd0, 0x0a, 0xe0,
  0x0e, 0xb0, 0x90, 0xd0, 0xb0, 0x90, 0xb0, 0xe0, 0x0f, 0x0d, 0xc0, 0x0d, 0x0a, 0x0a, 0xe0, 0xa0,
  0x06, 0x0a, 0xf0, 0xc0, 0xa0, 0x04, 0x0e, 0x0b, 0xd0, 0x0d, 0x0d, 0x0c, 0x0d, 0xc0, 0x0e, 0x0c,
  0x60, 0x0e, 0x0e, 0x0e, 0x0d, 0x0a, 0xd0, 0x70, 0xd0, 0xc0, 0x0d, 0x08, 0x0e, 0x0a, 0x0b, 0x08,
  0x0f, 0xc0, 0xc0, 0x0b, 0x0e, 0x0c, 0xa0, 0xb0, 0x0e, 0x0e, 0x0b, 0xd0, 0x0f, 0xe0, 0xb0, 0x90,
  0x0c, 0xe0, 0x0b, 0xd0, 0x0d, 0x0d, 0x0c, 0x07, 0x09, 0x90, 0x80, 0x0d, 0x0a, 0x0c, 0x0d, 0xc0,
  0x0b, 0xd0, 0xe0, 0x0b, 0x0a, 0x0a, 0xd0, 0xa0, 0xe0, 0xe0, 0x0c, 0xa0, 0x0d, 0x20, 0x80, 0x07,
  0xe0, 0xc0, 0xa0, 0xd0, 0xb0, 0xe0, 0x0c, 0x0c, 0x0e, 0x0c, 0x70, 0x40, 0x80, 0x09, 0x0c, 0xd0,
  0x09, 0x0d, 0x0a, 0x90, 0x60, 0xd0, 0xd0, 0x0d, 0x0c, 0x0d, 0x0c, 0xd0, 0x0d, 0xc0, 0x90, 0xb0,
  0x0b, 0x0d, 0xe0, 0x0e, 0x0c, 0x0d, 0x0c, 0xb0, 0xe0, 0x0e, 0xd0, 0x0e, 0x0d, 0x90, 0x0a, 0x0a,
  0x0e, 0x0f, 0xe0, 0x0b, 0xa0, 0x0b, 0xd0, 0xc0, 0x0a, 0x0b, 0x09, 0xd0, 0xc0, 0x0f, 0x80, 0xc0,
  0x0e, 0xa0, 0x0c, 0x0c, 0x0c, 0x0b, 0x0d, 0xe0, 0x09, 0xe0, 0x0b, 0x0c, 0xe0, 0x80, 0x06, 0x0d,
  0x0a, 0x0d, 0xa0, 0xc0, 0xc0, 0xd0, 0x0d, 0x0d, 0x0c, 0xd0, 0x0c, 0x0a, 0xd0, 0x0f, 0xc0, 0x0c,
  0xf0, 0xd0, 0x0d, 0x0c, 0xe0, 0x0b, 0xd0, 0x0d, 0x0e, 0xe0, 0x0d, 0xc0, 0x0b, 0x0d, 0x0d, 0xa0,
  0xd0, 0xf0, 0xe0, 0x0d, 0x80, 0x0a, 0x0c, 0xb0, 0x80, 0x08, 0xa0, 0xc0, 0xd0, 0xd0, 0x0b, 0x08,
  0x08, 0xc0, 0x0c, 0xe0, 0x0e, 0xa0, 0xb0, 0x0c, 0xc0, 0x0e, 0x0e, 0x0c, 0x0c, 0xc0, 0x08, 0xc0,
  0x0f, 0x90, 0x0c, 0xe0, 0x0d, 0xc0, 0x0d, 0xc0, 0x0e, 0x0c, 0xc0, 0xc0, 0x0d, 0xe0, 0x06, 0x0c,
  0x0b, 0x09, 0x0d, 0xb0, 0x0d, 0x0b, 0xc0, 0xb0, 0x0a, 0xc0, 0x03, 0x0e, 0x0b, 0x0d, 0x0e, 0x0e,
  0x09, 0x70, 0xf0, 0x0c, 0x80, 0xd0, 0x0a, 0xf0, 0x0d, 0x0d, 0x0b, 0xd0, 0xc0, 0xb0, 0xd0, 0x0d,
  0xd0, 0x0c, 0x0e, 0xb0, 0x0e, 0x0d, 0xb0, 0x0b, 0x09, 0xa0, 0x09, 0x0a, 0xa0, 0x0d, 0x0b, 0xe0,
  0x80, 0x0b, 0x90, 0xd0, 0xa0, 0x0e, 0x80, 0xc0, 0x0b, 0x08, 0xd0, 0xf0, 0xe0, 0xb0, 0xe0, 0xe0,
  0xd0, 0x0d, 0x0d, 0x0c, 0xe0, 0xe0, 0x0c, 0xd0, 0xd0, 0x07, 0x0e, 0xc0, 0x0c, 0x0e, 0x0c, 0x0d,
  0x0d, 0x90, 0x0c, 0xb0, 0xd0, 0x0a, 0x0d, 0xd0, 0x0e, 0xc0, 0x0d, 0x0e, 0xd0, 0x90, 0x0a, 0x0e,
  0x04, 0xd0, 0x70, 0xd0, 0xb0, 0xd0, 0xd0, 0xa0, 0xc0, 0xd0, 0xd0, 0xc0, 0x0e, 0xa0, 0x0c, 0xe0,
  0xd0, 0xa0, 0xa0, 0x0e, 0xc0, 0x0b, 0xe0, 0x0d, 0xd0, 0xb0, 0xc0, 0xe0, 0x0b, 0xb0, 0xf0, 0x0c,
  0x07, 0x0d, 0xd0, 0xe0, 0xb0, 0x05, 0xd0, 0x0d, 0xd0, 0x0b, 0x0d, 0xd0, 0x0a, 0xd0, 0xb0, 0x0b,
  0x50, 0x00, 0xc0, 0x0e, 0x90, 0x0a, 0x40, 0x0d, 0xb0, 0xb0, 0xd0, 0x0e, 0xc0, 0x0c, 0x0b, 0xa0,
  0xd0, 0x0c, 0xe0, 0xb0, 0x0d, 0x0d, 0x0b, 0x90, 0xc0, 0x0e, 0x0d, 0xf0, 0x07, 0xb0, 0xa0, 0x0b,
  0xa0, 0x0f, 0x0c, 0xb0, 0xc0, 0x0e, 0x0b, 0xb0, 0xc0, 0x0c, 0xa0, 0xb0, 0xc0, 0x0e, 0xf0, 0x0d,
  0x0b, 0x0c, 0xe0, 0xe0, 0x0b, 0xa0, 0x0a, 0xd0, 0x0c, 0x0d, 0x0a, 0x07, 0xc0, 0xb0, 0xb0, 0xc0,
  0xb0, 0xc0, 0x0b, 0x50, 0xd0, 0x0c, 0x0b, 0xb0, 0xa0, 0x0d, 0x0d, 0xc0, 0x00, 0x0b, 0xc0, 0xd0,
  0x09, 0x0d, 0x0d, 0x0a, 0xf0, 0x0c, 0x0b, 0x0c, 0x0c, 0x0d, 0xe0, 0x09, 0xb0, 0xc0, 0x0e, 0x0c,
  0x0b, 0x0c, 0x0e, 0x80, 0x0e, 0x0e, 0x0c, 0xb0, 0xd0, 0x0c, 0xa0, 0x0e, 0xc0, 0xd0, 0xe0, 0x0c,
  0xd0, 0x0c, 0xd0, 0x0e, 0xc0, 0x07, 0xf0, 0x0e, 0xc0, 0x0d, 0x0a, 0x0d, 0xb0, 0x80, 0xe0, 0xa0,
  0x06, 0x0d, 0x0c, 0xd0, 0x0e, 0xe0, 0xe0, 0x90, 0xc0, 0x0e, 0xc0, 0x08, 0x09, 0x0a, 0x0a, 0xe0,
  0x0c, 0xa0, 0xb0, 0xd0, 0x0b, 0xe0, 0xc0, 0x0d, 0x0e, 0xe0, 0x0a, 0x0b, 0xd0, 0xa0, 0x80, 0x80,
  0x0c, 0x0e, 0xc0, 0x0b, 0x0d, 0x0b, 0xc0, 0xd0, 0xd0, 0x0d, 0xe0, 0x0e, 0xe0, 0xb0, 0xc0, 0x0e,
  0x0d, 0xe0, 0xa0, 0xd0, 0x0c, 0x80, 0xc0, 0x0c, 0x0e, 0x0a, 0xb0, 0x0a, 0xc0, 0xe0, 0x0b, 0x0c,
  0x0d, 0x0c, 0xd0, 0xb0, 0xb0, 0xc0, 0xe0, 0x0b, 0xb0, 0x0e, 0x90, 0x0c, 0x0c, 0x0a, 0xe0, 0x0a,
  0x0c, 0x0c, 0x0a, 0x0d, 0x09, 0x90, 0xb0, 0x80, 0x0a, 0x0a, 0xd0, 0xe0, 0xb0, 0xb0, 0xf0, 0x0d,
  0x0c, 0x0f, 0x0a, 0xd0, 0x0c, 0x0b, 0xa0, 0x0d, 0x0d, 0x0b, 0x0b, 0x0c, 0x90, 0xd0, 0xc0, 0xb0,
  0x0c, 0x0f, 0x90, 0x0a, 0xe0, 0xf0, 0x90, 0x09, 0x0c, 0x0b, 0x30, 0x0d, 0x0b, 0x0d, 0xa0, 0x0e,
  0xc0, 0xb0, 0x0d, 0x0c, 0xe0, 0x0e, 0x0d, 0x0d, 0xa0, 0x09, 0x0d, 0x90, 0x0d, 0xd0, 0x0a, 0xe0,
  0x0e, 0xc0, 0xc0, 0xe0, 0x0d, 0xd0, 0x0c, 0x0d, 0x09, 0xa0, 0x80, 0x0d, 0xe0, 0xd0, 0x0e, 0x90,
  0x0e, 0x0d, 0x0c, 0xe0, 0x0d, 0x0a, 0xf0, 0x0c, 0x90, 0xc0, 0x0a, 0x0e, 0x90, 0x0d, 0x0e, 0x0e,
  0x0c, 0x0d, 0x0e, 0xd0, 0x0e, 0xd0, 0xa0, 0x0e, 0x09, 0x0c, 0x09, 0x0e, 0x0d, 0xb0, 0x0e, 0x0c,
  0xe0, 0x0e, 0x0b, 0xd0, 0x0b, 0xe0, 0xd0, 0x0e, 0xd0, 0xd0, 0x0e, 0xd0, 0x0c, 0xa0, 0xd0, 0x0e,
  0x0a, 0xc0, 0xe0, 0xc0, 0x0d, 0x08, 0x09, 0x0e, 0xd0, 0x00, 0xd0, 0x70, 0xc0, 0x0b, 0xb0, 0x0d,
  0x0b, 0xd0, 0xb0, 0xf0, 0x0d, 0x0f, 0xf0, 0xe0, 0x0e, 0x0b, 0x90, 0x0b, 0xb0, 0x07, 0xa0, 0xc0,
  0xd0, 0x0f, 0xd0, 0xb0, 0x0d, 0xd0, 0xa0, 0xb0, 0x0c, 0x0b, 0x90, 0x0d, 0xb0, 0x09, 0x90, 0xc0,
  0x0c, 0x0e, 0x0d, 0xd0, 0x90, 0xc0, 0x08, 0x0d, 0xb0, 0xe0, 0x0d, 0x0b, 0xa0, 0xc0, 0x0d, 0x80,
  0xc0, 0xd0, 0xa0, 0xc0, 0xb0, 0xd0, 0xc0, 0x0b, 0x09, 0xc0, 0xe0, 0xc0, 0x80, 0x0e, 0xc0, 0x0c,
  0xe0, 0xd0, 0x09, 0x0d, 0xe0, 0x0e, 0xe0, 0xe0, 0x0d, 0xd0, 0x0d, 0x0b, 0x0e, 0x0a, 0x0b, 0xc0,
  0xb0, 0xb0, 0x0e, 0x90, 0x0c, 0xb0, 0xc0, 0xd0, 0x07, 0x0d, 0x0e, 0x50, 0x0e, 0x06, 0x50, 0x0d,
  0x0f, 0x0b, 0x70, 0x0e, 0x0a, 0x0c, 0x0c, 0x09, 0xa0, 0xd0, 0x0c, 0x09, 0x0c, 0xd0, 0xd0, 0x0c,
  0x90, 0x0f, 0xe0, 0xb0, 0xa0, 0xe0, 0xd0, 0x0d, 0xa0, 0xd0, 0xa0, 0x60, 0xd0, 0xe0, 0x0e, 0x0b,
  0xc0, 0x0d, 0x90, 0x09, 0xd0, 0x0c, 0xe0, 0x0d, 0xf0, 0x0b, 0x0c, 0x0d, 0x0d, 0x0e, 0x08, 0xb0,
  0x0a, 0x90, 0xa0, 0xe0, 0x0c, 0x0f, 0x0d, 0xc0, 0xc0, 0x0a, 0xa0, 0x0c, 0xe0, 0xc0, 0xc0, 0x0c,
  0x0c, 0xc0, 0x09, 0xe0, 0xf0, 0x70, 0xd0, 0xe0, 0x80, 0x80, 0x0d, 0x0a, 0xb0, 0xc0, 0x0a, 0x0e,
  0xe0, 0x0e, 0x0a, 0xd0, 0x0d, 0xd0, 0xa0, 0x0a, 0xc0, 0xc0, 0x0d, 0xc0, 0x0b, 0xa0, 0xe0, 0x08,
  0x0b, 0x0c, 0x0d, 0xb0, 0x0e, 0x0c, 0x80, 0xd0, 0x0c, 0x0c, 0x0b, 0x0e, 0x80, 0xc0, 0x0e, 0xc0,
  0xd0, 0xd0, 0xd0, 0xf0, 0xa0, 0x0e, 0xe0, 0xc0, 0x0e, 0xc0, 0x70, 0xd0, 0xc0, 0xe0, 0xd0, 0x0c,
  0xb0, 0x0b, 0x04, 0x0d, 0xe0, 0x0d, 0xc0, 0xa0, 0x80, 0xc0, 0x50, 0xb0, 0x70, 0x70, 0x0c, 0x0c,
  0xe0, 0x0a, 0x09, 0x0a, 0x07, 0xe0, 0xe0, 0x0d, 0x08, 0x0a, 0xe0, 0xd0, 0xd0, 0x0b, 0xc0, 0x0c,
  0xe0, 0x0d, 0x0e, 0x0a, 0xd0, 0x0e, 0xd0, 0xb0, 0x0d, 0x0d, 0xe0, 0xe0, 0x0f, 0xe0, 0x08, 0xe0,
  0x0c, 0xd0, 0xd0, 0x0e, 0x04, 0x09, 0x0e, 0xb0, 0xd0, 0xe0, 0x0e, 0x05, 0xe0, 0x0d, 0x0f, 0x70,
  0x0c, 0x08, 0x08, 0xc0, 0x0c, 0xa0, 0x0e, 0x0b, 0xc0, 0xd0, 0xa0, 0x06, 0x0c, 0x0e, 0xd0, 0x0d,
  0x0d, 0xc0, 0x0b, 0x0d, 0x0d, 0x0c, 0xb0, 0xc0, 0x08, 0x0b, 0xd0, 0x0c, 0xe0, 0x90, 0xb0, 0xd0,
  0x90, 0xc0, 0x0a, 0x0d, 0x0b, 0xc0, 0x0e, 0x0f, 0x0c, 0xc0, 0xe0, 0xe0, 0xc0, 0x0f, 0x0e, 0xe0,
  0xd0, 0xd0, 0x09, 0x0e, 0x0a, 0x0a, 0xe0, 0xc0, 0xe0, 0xa0, 0x0d, 0x0c, 0x08, 0x0e, 0x08, 0x0e,
  0x0c, 0xe0, 0xc0, 0x0e, 0xc0, 0xa0, 0x0d, 0xd0, 0x0c, 0x90, 0x70, 0xb0, 0xd0, 0x0e, 0x10, 0xb0,
  0x0b, 0x0d, 0xb0, 0x0a, 0x08, 0x0e, 0x70, 0x09, 0x0a, 0x0c, 0xa0, 0x0b, 0xc0, 0xb0, 0x0c, 0xd0,
  0x0b, 0xd0, 0xd0, 0x0a, 0xd0, 0x0d, 0x0a, 0x0a, 0x0f, 0x0c, 0x0a, 0xa0, 0x0d, 0xc0, 0x0e, 0x0b,
  0xc0, 0xc0, 0x10, 0x0c, 0x0a, 0xc0, 0x0b, 0xe0, 0xa0, 0xd0, 0x09, 0x0d, 0x60, 0x0c, 0xd0, 0x0e,
  0xc0, 0x09, 0xe0, 0xb0, 0x0c, 0x0d, 0x09, 0xd0, 0xd0, 0xe0, 0x0b, 0xd0, 0xc0, 0xd0, 0x07, 0x0b,
  0x0d, 0x0d, 0xe0, 0x0d, 0xd0, 0xb0, 0xb0, 0x0c, 0x0e, 0x0e, 0xd0, 0x0c, 0xc0, 0x0d, 0x0b, 0x0c,
  0x08, 0xa0, 0x0d, 0xe0, 0x0d, 0x0c, 0xb0, 0x0d, 0x0f, 0x0d, 0xa0, 0xc0, 0x50, 0xa0, 0xb0, 0x60,
  0xe0, 0x0e, 0xe0, 0xc0, 0x0d, 0xd0, 0xe0, 0xd0, 0x0a, 0x0d, 0xb0, 0x0d, 0xd0, 0x0b, 0xe0, 0xc0,
  0x0a, 0xe0, 0x0b, 0x80, 0x08, 0xe0, 0xe0, 0xd0, 0x0d, 0xf0, 0x90, 0x0e, 0xb0, 0x70, 0x0f, 0x0a,
  0xc0, 0x0f, 0x0e, 0x0c, 0x0b, 0x0c, 0x0b, 0xa0, 0x50, 0x90, 0xe0, 0xc0, 0x0c, 0xd0, 0x0d, 0x0a,
  0x0b, 0xc0, 0x0c, 0x06, 0xd0, 0x05, 0xc0, 0xa0, 0x07, 0x0c, 0x0c, 0x09, 0x0e, 0xe0, 0x0b, 0xb0,
  0xd0, 0x09, 0xc0, 0x0a, 0xe0, 0xb0, 0x0e, 0x09, 0xc0, 0xb0, 0xc0, 0xd0, 0xe0, 0x0d, 0xb0, 0x0c,
  0x80, 0x08, 0xb0, 0xb0, 0xb0, 0xd0, 0x0a, 0x80, 0x80, 0x0d, 0xa0, 0x0b, 0x0e, 0x09, 0x0e, 0x0b,
  0x08, 0x90, 0x80, 0xd0, 0x0d, 0x0d, 0x0e, 0xc0, 0xb0, 0xb0, 0xc0, 0xb0, 0x0b, 0xb0, 0xb0, 0x0d,
  0x0e, 0x0c, 0xd0, 0x0c, 0x0b, 0xb0, 0x0c, 0xb0, 0x0c, 0x0d, 0x0d, 0xd0, 0x0d, 0xe0, 0xc0, 0x0d,
  0xd0, 0xa0, 0xd0, 0x50, 0x0e, 0x0c, 0x0d, 0x90, 0x0e, 0x0d, 0x0b, 0x90, 0x0b, 0xe0, 0x0d, 0xc0,
  0xd0, 0x0a, 0x90, 0xc0, 0xe0, 0xd0, 0x05, 0xc0, 0xc0, 0xe0, 0xb0, 0x0b, 0x70, 0xf0, 0xd0, 0xc0,
  0xd0, 0x04, 0xd0, 0xb0, 0xe0, 0xc0, 0x0c, 0xe0, 0x0d, 0x0a, 0xb0, 0xa0, 0xe0, 0x0c, 0x0c, 0xc0,
  0xc0, 0xd0, 0xd0, 0x0c, 0x0c, 0xa0, 0x0e, 0xc0, 0x08, 0xd0, 0xe0, 0xb0, 0x0d, 0x0d, 0x03, 0x06,
  0x0a, 0xd0, 0xf0, 0x0d, 0xc0, 0x0c, 0xc0, 0x0d, 0x0c, 0x0d, 0x0c, 0x90, 0xc0, 0x0d, 0xc0, 0xe0,
  0xc0, 0x0d, 0x09, 0x0c, 0x0c, 0xe0, 0xa0, 0xc0, 0xa0, 0x0c, 0x60, 0x0e, 0x03, 0xe0, 0xe0, 0xe0,
  0xd0, 0xa0, 0xc0, 0xb0, 0x60, 0xe0, 0x05, 0xa0, 0xc0, 0xe0, 0xd0, 0xb0, 0xd0, 0xc0, 0x0d, 0x0d,
  0xd0, 0x0d, 0x0b, 0x0e, 0x0f, 0x0f, 0x0f, 0x0a, 0x09, 0x0c, 0x0c, 0xf0, 0x0c, 0xd0, 0x0b, 0x0c,
  0x0c, 0xb0, 0xd0, 0xc0, 0x0c, 0xc0, 0x0a, 0xa0, 0xc0, 0xc0, 0xe0, 0x0c, 0x60, 0xc0, 0x0e, 0x07,
  0x0e, 0x40, 0x0e, 0x30, 0x09, 0xd0, 0x0c, 0x0c, 0xf0, 0x0a, 0xd0, 0xb0, 0x0a, 0xe0, 0x07, 0xa0,
  0x80, 0x0b, 0x0b, 0xc0, 0x70, 0x0b, 0xb0, 0x0c, 0x0c, 0xb0, 0x90, 0xb0, 0x0b, 0x50, 0x0c, 0x0e,
  0x0e, 0x0c, 0x0e, 0xd0, 0x0d, 0x0d, 0x0d, 0xe0, 0x0d, 0x0b, 0xe0, 0x0d, 0x0c, 0x0a, 0x0d, 0x0a,
  0x0a, 0x07, 0x0a, 0x0b, 0x90, 0x0e, 0xe0, 0x0d, 0x0d, 0xf0, 0x0d, 0x0f, 0x0c, 0x0c, 0x0e, 0x0d,
  0x0b, 0x90, 0x0b, 0x09, 0xa0, 0xc0, 0x0a, 0x0c, 0xf0, 0xf0, 0xa0, 0xe0, 0x09, 0xa0, 0xb0, 0xc0,
  0x0d, 0x0c, 0x0e, 0xd0, 0x0e, 0xa0, 0x90, 0x0d, 0xc0, 0xd0, 0xd0, 0x0a, 0xf0, 0xb0, 0x08, 0xd0,
  0x0d, 0xc0, 0x0d, 0x0b, 0xd0, 0x0a, 0xd0, 0xa0, 0xc0, 0xc0, 0xc0, 0x0c, 0x0e, 0x0a, 0x0a, 0xd0,
  0x08, 0x0c, 0xa0, 0xe0, 0x09, 0x0e, 0x0b, 0x40, 0x0f, 0x0d, 0xd0, 0x80, 0x05, 0xd0, 0x0a, 0x0d,
  0x09, 0x0d, 0xd0, 0xe0, 0x0b, 0x0d, 0x0e, 0x0b, 0x0b, 0x08, 0xc0, 0xc0, 0x09, 0xe0, 0xa0, 0x0e,
  0x0a, 0x0b, 0xb0, 0x90, 0x0d, 0xc0, 0xd0, 0x0d, 0x0f, 0xc0, 0x0c, 0xd0, 0xe0, 0xc0, 0xb0, 0x0c,
  0x90, 0x0b, 0xa0, 0x0d, 0xa0, 0xc0, 0x0e, 0x0c, 0xa0, 0xd0, 0x0b, 0x07, 0x0b, 0x0d, 0x0a, 0x0c,
  0x0a, 0xf0, 0x0f, 0xe0, 0x90, 0x0c, 0x0b, 0xe0, 0x0b, 0x0e, 0xd0, 0xc0, 0x0b, 0xa0, 0x0d, 0x0d,
  0xd0, 0x0e, 0x90, 0xe0, 0x90, 0x90, 0xe0, 0xc0, 0xc0, 0x06, 0x0f, 0xb0, 0x09, 0x09, 0xc0, 0x0d,
  0xc0, 0xe0, 0x0d, 0x0e, 0xe0, 0xe0, 0xb0, 0x0d, 0x0d, 0xe0, 0xb0, 0xc0, 0x0d, 0x0a, 0x0c, 0x08,
  0xd0, 0xb0, 0xe0, 0xa0, 0x0b, 0x0f, 0x0e, 0xc0, 0xe0, 0x0c, 0x0e, 0x0c, 0x0f, 0x0b, 0xd0, 0x04,
  0x90, 0xe0, 0x0e, 0xf0, 0x0d, 0x0a, 0x0c, 0xd0, 0x0c, 0x0c, 0x0f, 0x0a, 0xa0, 0x0d, 0xd0, 0xd0,
  0x0d, 0x0d, 0x09, 0x0d, 0x0c, 0x02, 0xc0, 0xd0, 0x0d, 0xd0, 0x0c, 0xb0, 0x0d, 0x0c, 0xd0, 0x0d,
  0xd0, 0xa0, 0x0e, 0x0c, 0xd0, 0xc0, 0x0b, 0x07, 0x0c, 0xd0, 0x09, 0xe0, 0x0f, 0xd0, 0xd0, 0x0d,
  0xd0, 0xb0, 0xc0, 0x0b, 0xd0, 0x0b, 0x08, 0xd0, 0xd0, 0xc0, 0x60, 0xa0, 0x0d, 0xd0, 0x90, 0xb0,
  0x0c, 0xd0, 0xc0, 0x0e, 0x0a, 0xc0, 0xb0, 0x03, 0x0e, 0x0d, 0xc0, 0xd0, 0xd0, 0xe0, 0xa0, 0xb0,
  0x07, 0xc0, 0x0b, 0x05, 0x09, 0xc0, 0xd0, 0xb0, 0x80, 0x0e, 0x0d, 0x07, 0xa0, 0xc0, 0x0a, 0x0a,
  0xf0, 0x0a, 0x90, 0xc0, 0x0d, 0xa0, 0xf0, 0x0a, 0x0e, 0xe0, 0xb0, 0xd0, 0x08, 0xe0, 0x0b, 0x0e,
  0xb0, 0xd0, 0x0d, 0x0d, 0xc0, 0x0a, 0x0e, 0xd0, 0x06, 0xb0, 0xd0, 0x0c, 0x0d, 0xe0, 0xc0, 0x0b,
  0xa0, 0xb0, 0xe0, 0x0b, 0x0c, 0xc0, 0x0e, 0x0e, 0x09, 0x0e, 0xb0, 0xe0, 0xe0, 0x0c, 0xc0, 0x0e,
  0x0a, 0x0d, 0x0c, 0x0e, 0x90, 0xc0, 0xb0, 0x0f, 0x0d, 0x08, 0x04, 0x0d, 0x0a, 0xd0, 0x0c, 0xd0,
  0xd0, 0xf0, 0x0e, 0x03, 0x0c, 0x0c, 0x07, 0xb0, 0x0e, 0x04, 0xc0, 0x0d, 0xc0, 0xd0, 0xe0, 0x0c,
  0x0b, 0x0e, 0x0c, 0xd0, 0x0e, 0x0b, 0x0a, 0x0c, 0xd0, 0x80, 0x08, 0x0d, 0x0c, 0xe0, 0xf0, 0xe0,
  0xe0, 0x0d, 0xb0, 0x0b, 0x0b, 0x0c, 0x0b, 0xc0, 0x90, 0xe0, 0x0e, 0xd0, 0xb0, 0x0b, 0x0c, 0xd0,
  0xc0, 0xc0, 0xc0, 0xd0, 0x0d, 0x0e, 0x0b, 0x0e, 0x0e, 0xd0, 0xc0, 0xb0, 0x04, 0x0b, 0xd0, 0x0e,
  0x0d, 0x90, 0x0b, 0x0b, 0xc0, 0x0b, 0x09, 0x0e, 0x09, 0x0d, 0x09, 0xc0, 0xe0, 0x0d, 0x0a, 0xd0,
  0x0e, 0x09, 0xa0, 0x0d, 0x0b, 0xd0, 0xa0, 0x0b, 0x0e, 0x0f, 0xd0, 0xd0, 0x90, 0x80, 0x0e, 0x80,
  0x0c, 0xb0, 0x0d, 0x0d, 0x0c, 0x0d, 0x0b, 0xc0, 0xd0, 0xf0, 0x0d, 0x0f, 0xb0, 0x0e, 0x0e, 0x0e,
  0x0a, 0x90, 0xf0, 0xc0, 0x0d, 0xd0, 0x0e, 0xc0, 0xb0, 0x0b, 0x09, 0x0c, 0x0c, 0xe0, 0xc0, 0x08,
  0x0d, 0x0b, 0x0e, 0xe0, 0x0b, 0x0a, 0xd0, 0x0e, 0xe0, 0x60, 0x0b, 0xd0, 0xd0, 0xe0, 0x0d, 0xa0,
  0x0b, 0x06, 0xc0, 0xe0, 0x0e, 0xc0, 0x08, 0x0e, 0x0d, 0x0f, 0x70, 0x0c, 0xc0, 0x0d, 0x0d, 0x06,
  0xc0, 0x0c, 0x0a, 0x0e, 0x05, 0x0d, 0x0a, 0xe0, 0xe0, 0x90, 0x0c, 0x0e, 0xc0, 0xd0, 0x0e, 0x0b,
  0x0d, 0x90, 0x0c, 0x90, 0xb0, 0x0c, 0x0b, 0xd0, 0x0d, 0xd0, 0xc0, 0x0c, 0x0e, 0x0d, 0xd0, 0x08,
  0x04, 0x09, 0xd0, 0x0a, 0xb0, 0xd0, 0x0e, 0xd0, 0x0e, 0x0d, 0x0c, 0xf0, 0x0a, 0x0d, 0x0b, 0x0d,
  0xc0, 0x0b, 0x0c, 0x0d, 0xc0, 0x08, 0x0d, 0x0e, 0x09, 0x0c, 0xe0, 0x90, 0x0c, 0x0a, 0xd0, 0x0d,
  0x50, 0xa0, 0x0d, 0x0d, 0x0e, 0xc0, 0xb0, 0xc0, 0x0e, 0x0b, 0x70, 0xc0, 0x0b, 0x0d, 0xd0, 0xc0,
  0x06, 0x0c, 0x90, 0x07, 0x0b, 0xa0, 0x09, 0xc0, 0x0d, 0xc0, 0x0b, 0xb0, 0x04, 0x0e, 0x0e, 0xc0,
  0xb0, 0xd0, 0x0e, 0xd0, 0x0d, 0x09, 0x0b, 0xd0, 0xe0, 0xc0, 0x0b, 0xc0, 0x90, 0x0a, 0x03, 0x0c,
  0x0d, 0xe0, 0xb0, 0xd0, 0xd0, 0x0b, 0xe0, 0x0a, 0xd0, 0x0a, 0x0d, 0x0c, 0xa0, 0x0b, 0xc0, 0x70,
  0x07, 0x0d, 0xe0, 0x0e, 0x0b, 0xd0, 0x0b, 0xd0, 0xd0, 0x09, 0x0a, 0xf0, 0x06, 0xc0, 0x0c, 0x0e,
  0x0b, 0x0f, 0x0a, 0xb0, 0xb0, 0x0c, 0xd0, 0xd0, 0x0d, 0xc0, 0x0c, 0x0b, 0x08, 0xa0, 0xa0, 0xc0,
  0x90, 0x0d, 0xa0, 0x50, 0x07, 0x90, 0x0c, 0x0d, 0xc0, 0x0c, 0x90, 0xc0, 0xc0, 0xe0, 0x0b, 0xd0,
  0x0b, 0x0d, 0x0d, 0x0b, 0xe0, 0x0f, 0x0c, 0xd0, 0xa0, 0x90, 0x09, 0x0e, 0xc0, 0xd0, 0x06, 0xb0,
  0xd0, 0x90, 0xd0, 0xd0, 0xe0, 0xe0, 0xd0, 0xe0, 0xb0, 0xd0, 0xd0, 0xe0, 0xb0, 0x0e, 0x0e, 0xe0,
  0xd0, 0x0b, 0x0c, 0xd0, 0x04, 0x0f, 0xc0, 0xb0, 0xd0, 0x08, 0xc0, 0x0a, 0xb0, 0x80, 0x08, 0xc0,
  0xd0, 0xb0, 0x70, 0x0a, 0x0a, 0x60, 0x09, 0xb0, 0x0d, 0x0e, 0xe0, 0x0b, 0x70, 0xd0, 0x0d, 0x06,
  0xb0, 0x0d, 0xb0, 0x0d, 0x0d, 0x0d, 0x0d, 0x0c, 0xd0, 0xa0, 0xf0, 0xb0, 0xc0, 0x0a, 0xb0, 0xc0,
  0x09, 0xc0, 0xd0, 0xd0, 0xe0, 0x90, 0x0c, 0xb0, 0x0a, 0x0d, 0xc0, 0x60, 0xb0, 0x60, 0xa0, 0xb0,
  0x09, 0x0b, 0xc0, 0x0e, 0x0e, 0x0d, 0xd0, 0xc0, 0x0e, 0x09, 0x09, 0x0c, 0x0d, 0xc0, 0x70, 0xd0,
  0xb0, 0x08, 0xe0, 0xc0, 0xc0, 0x0b, 0x07, 0x60, 0xa0, 0xe0, 0x0d, 0x0d, 0x0e, 0x09, 0x09, 0x08,
  0xa0, 0x0a, 0xf0, 0x0a, 0x30, 0x0d, 0xd0, 0xb0, 0xc0, 0x0c, 0x0b, 0xd0, 0xc0, 0xa0, 0x0d, 0x0d,
  0xb0, 0x0c, 0xd0, 0x0b, 0x0a, 0x0b, 0xc0, 0xe0, 0x0d, 0x0a, 0xc0, 0x0f, 0x0b, 0x0c, 0xc0, 0x0c,
  0x0a, 0x0e, 0x0d, 0x08, 0xa0, 0xa0, 0xd0, 0x0e, 0x0d, 0xb0, 0xd0, 0x0c, 0x0d, 0x0c, 0xd0, 0x08,
  0x0e, 0x0c, 0x0d, 0x07, 0x0e, 0xd0, 0x0e, 0xd0, 0x0d, 0xd0, 0xd0, 0x0c, 0x05, 0x90, 0xb0, 0xb0,
  0x0e, 0xb0, 0xc0, 0x0e, 0x0a, 0x0b, 0x09, 0xc0, 0x0c, 0x0e, 0xe0, 0x0d, 0x90, 0x0b, 0xd0, 0x90,
  0xe0, 0xe0, 0x0e, 0x0d, 0x0a, 0xc0, 0x0e, 0x08, 0x0e, 0xb0, 0xe0, 0x0c, 0x0c, 0x0c, 0xe0, 0x0e,
  0x0c, 0xd0, 0x08, 0xc0, 0x0b, 0x0d, 0xc0, 0x0e, 0x80, 0x0d, 0x0a, 0x0a, 0x0b, 0xc0, 0x0c, 0xc0,
  0x0d, 0xd0, 0x0e, 0xd0, 0x0b, 0x0e, 0x0b, 0x0e, 0xa0, 0x0c, 0x0b, 0xc0, 0xc0, 0x0d, 0x0a, 0x09,
  0x0e, 0xc0, 0xc0, 0x0a, 0x0b, 0x0d, 0xc0, 0xb0, 0xc0, 0xc0, 0x0b, 0xc0, 0x0e, 0x0a, 0x0b, 0x70,
  0xc0, 0xd0, 0x0d, 0xe0, 0x0d, 0x09, 0xd0, 0x0a, 0x0c, 0x0e, 0x0c, 0xb0, 0xf0, 0xd0, 0x0d, 0x08,
  0xd0, 0x90, 0xd0, 0xd0, 0x0c, 0xd0, 0x0b, 0x0e, 0x0c, 0x0d, 0x0a, 0xe0, 0x0b, 0x08, 0xc0, 0xe0,
  0x0e, 0x0c, 0xb0, 0x0c, 0xc0, 0xe0, 0xd0, 0x0d, 0xa0, 0x0d, 0xe0, 0x0a, 0xd0, 0x0b, 0xe0, 0x20,
  0xc0, 0x0c, 0xe0, 0x0c, 0x0b, 0x0e, 0x0c, 0x08, 0xe0, 0x0c, 0x09, 0x0c, 0x0d, 0x0d, 0x0b, 0x09,
  0x0e, 0x08, 0x0d, 0xe0, 0xc0, 0xf0, 0x0c, 0xe0, 0xc0, 0x0e, 0xf0, 0x09, 0x0d, 0x80, 0xc0, 0xa0,
  0x0b, 0xb0, 0xd0, 0xd0, 0xd0, 0xb0, 0xf0, 0xc0, 0x0c, 0x0d, 0x50, 0xb0, 0x0d, 0x80, 0x80, 0x06,
  0xe0, 0x09, 0x07, 0x0d, 0x0d, 0x0d, 0x08, 0x0a, 0x80, 0x0a, 0x0a, 0x0d, 0x0b, 0xd0, 0x0d, 0xb0,
  0x0d, 0x09, 0x70, 0x0c, 0xa0, 0x06, 0xb0, 0xa0, 0x08, 0x0e, 0x0d, 0xe0, 0x0c, 0x0b, 0x0c, 0x0e,
  0xc0, 0x90, 0xd0, 0x0e, 0xb0, 0x0a, 0x0d, 0x0c, 0x09, 0x09, 0xf0, 0xc0, 0x0b, 0x60, 0xd0, 0xc0,
  0x07, 0x0c, 0xe0, 0xd0, 0x0c, 0x0b, 0xd0, 0x50, 0x0a, 0x09, 0xa0, 0xa0, 0xb0, 0xc0, 0x0b, 0xd0,
  0x0d, 0xb0, 0xd0, 0x09, 0x0c, 0x80, 0x0b, 0xc0, 0xd0, 0xf0, 0x0e, 0xa0, 0xd0, 0xe0, 0x09, 0x0e,
  0xc0, 0xb0, 0x09, 0x0b, 0x0c, 0x0c, 0x0c, 0x0d, 0x0d, 0x0b, 0x0d, 0x0e, 0x0b, 0xb0, 0x0c, 0xd0,
  0x0a, 0xd0, 0x60, 0x0c, 0x0d, 0x0c, 0x0b, 0x0c, 0xb0, 0xb0, 0x0b, 0x0d, 0x70, 0xa0, 0xc0, 0x0d,
  0xd0, 0x0b, 0x0d, 0x0b, 0x0d, 0x0d, 0xe0, 0xc0, 0x0b, 0xc0, 0x0e, 0xc0, 0x90, 0xd0, 0x0a, 0xf0,
  0xa0, 0x0d, 0x0b, 0xd0, 0x0d, 0xd0, 0x90, 0xd0, 0xd0, 0xb0, 0xe0, 0x0b, 0xe0, 0x90, 0xa0, 0x09,
  0xb0, 0x0c, 0x50, 0xd0, 0xe0, 0x0c, 0xd0, 0x09, 0x0a, 0x0d, 0xd0, 0xd0, 0x0a, 0xe0, 0x0b, 0x0a,
  0x0d, 0xe0, 0x0d, 0x0c, 0xc0, 0xa0, 0x07, 0x0f, 0x0d, 0xb0, 0xa0, 0xd0, 0x0e, 0xc0, 0x0d, 0xd0,
  0xc0, 0x0d, 0x0d, 0x0a, 0x0d, 0x09, 0x0c, 0x0d, 0x0b, 0x0b, 0x0c, 0x0d, 0x0d, 0xd0, 0xb0, 0x20,
  0xd0, 0xd0, 0xc0, 0x0b, 0x0c, 0xe0, 0x0d, 0xc0, 0x0b, 0x0c, 0x0d, 0xc0, 0xd0, 0xc0, 0xd0, 0xa0,
  0x0b, 0x0d, 0x0b, 0x0a, 0xc0, 0x0d, 0x0d, 0x0b, 0x0b, 0xd0, 0xd0, 0xf0, 0xc0, 0x09, 0x0b, 0xe0,
  0xd0, 0x90, 0xa0, 0xe0, 0x0e, 0x0f, 0xe0, 0xd0, 0x0d, 0xc0, 0xb0, 0x09, 0x0e, 0x90, 0x0f, 0x90,
  0x0d, 0xd0, 0x0c, 0x0c, 0x0b, 0x0d, 0x50, 0x0d, 0x90, 0xb0, 0x06, 0xe0, 0x0a, 0xe0, 0xc0, 0x0e,
  0x0e, 0x09, 0xb0, 0x0e, 0xc0, 0xf0, 0xd0, 0xe0, 0x0f, 0x0c, 0x0a, 0xe0, 0xd0, 0xd0, 0x0d, 0xd0,
  0xe0, 0xd0, 0x0d, 0xf0, 0xd0, 0xa0, 0xc0, 0x0d, 0x0e, 0x80, 0xa0, 0x09, 0x90, 0x0c, 0xa0, 0x0e,
  0x0c, 0x0c, 0xb0, 0x0e, 0x05, 0x0c, 0x0d, 0xe0, 0xc0, 0x0a, 0xc0, 0x90, 0x0b, 0x0e, 0x0d, 0x0b,
  0x01, 0xe0, 0x08, 0x0a, 0x80, 0xe0, 0x0e, 0x0d, 0x20, 0xc0, 0x0b, 0x0e, 0x0b, 0x0f, 0x0b, 0x0d,
  0x0d, 0x80, 0xd0, 0x09, 0xa0, 0x0e, 0xd0, 0x0c, 0x80, 0xa0, 0xb0, 0x0b, 0xd0, 0xf0, 0xb0, 0xb0,
  0x0c, 0xd0, 0x0c, 0xc0, 0x0a, 0xd0, 0xd0, 0x0e, 0x0b, 0x0e, 0xa0, 0xd0, 0xa0, 0x0c, 0x0e, 0x0c,
  0x09, 0xb0, 0x0c, 0x0d, 0x0d, 0xb0, 0x0a, 0x0c, 0xa0, 0xb0, 0xc0, 0x0e, 0x0c, 0x0b, 0x0e, 0x0c,
  0xb0, 0x0c, 0xc0, 0xd0, 0xa0, 0x0c, 0xd0, 0xe0, 0xc0, 0x0d, 0x0a, 0x0c, 0x09, 0x0d, 0xe0, 0x0e,
  0x0d, 0xc0, 0xe0, 0x90, 0x0d, 0x60, 0x0e, 0xd0, 0xc0, 0x0c, 0xe0, 0x0e, 0x0e, 0xd0, 0xb0, 0x0d,
  0xd0, 0x0c, 0x0e, 0xd0, 0x09, 0xb0, 0xc0, 0x05, 0x0b, 0x0d, 0xa0, 0xc0, 0x0d, 0x09, 0x0e, 0x90,
  0x0e, 0x0d, 0x0e, 0xb0, 0x0d, 0xb0, 0x0d, 0xd0, 0xc0, 0xd0, 0xb0, 0x0e, 0xb0, 0x0e, 0x0c, 0xe0,
  0x0d, 0x0b, 0x0c, 0xf0, 0x0e, 0x0c, 0xd0, 0x0c, 0x0e, 0xe0, 0x09, 0x0e, 0xd0, 0xc0, 0x0c, 0x0c,
  0x0e, 0x0d, 0x0c, 0x0c, 0x0e, 0xd0, 0x0a, 0xa0, 0x0b, 0x0c, 0xa0, 0xd0, 0x0d, 0x80, 0xd0, 0x0e,
  0xc0, 0xc0, 0xd0, 0xd0, 0xc0, 0x09, 0x06, 0x80, 0xe0, 0x0c, 0xc0, 0xc0, 0x0d, 0xe0, 0xe0, 0x08,
  0xc0, 0x0e, 0xc0, 0xc0, 0xe0, 0x0e, 0x0d, 0x0c, 0x70, 0x0e, 0xb0, 0xe0, 0x0d, 0xe0, 0x40, 0xc0,
  0x08, 0xa0, 0x0c, 0xe0, 0xd0, 0x09, 0xe0, 0xc0, 0x09, 0xb0, 0x0d, 0x0c, 0xc0, 0x0e, 0xc0, 0x0d,
  0x0c, 0x90, 0x09, 0x08, 0xc0, 0xd0, 0x0b, 0xd0, 0x0e, 0xa0, 0xf0, 0x0d, 0xd0, 0x0c, 0xe0, 0x80,
  0x70, 0xb0, 0x0b, 0xd0, 0x0a, 0x08, 0x0e, 0xe0, 0x0d, 0x0c, 0x60, 0x0c, 0x0c, 0xd0, 0x0e, 0xc0,
  0xf0, 0x0b, 0x0a, 0x0c, 0xb0, 0xe0, 0xd0, 0x0e, 0x0a, 0x60, 0xf0, 0xe0, 0xd0, 0x0d, 0x0d, 0xa0,
  0x0a, 0x0c, 0x0c, 0x0a, 0xe0, 0x0a, 0x0e, 0xb0, 0x0b, 0x0e, 0x0a, 0xd0, 0x0e, 0x0d, 0xb0, 0x0e,
  0xb0, 0x0e, 0x0c, 0xd0, 0xe0, 0xb0, 0x0e, 0x70, 0xa0, 0xd0, 0x0e, 0xd0, 0xe0, 0x0a, 0xb0, 0x0a,
  0x0e, 0x06, 0x0b, 0xb0, 0xc0, 0x0d, 0x0c, 0x0a, 0x0b, 0x0d, 0x80, 0x07, 0x0b, 0xb0, 0x07, 0xb0,
  0x0f, 0xc0, 0xd0, 0xe0, 0xe0, 0x0b, 0xc0, 0x0d, 0x0c, 0xd0, 0x90, 0x0d, 0xe0, 0x08, 0x0b, 0xd0,
  0x06, 0x0d, 0xb0, 0x07, 0x0c, 0x06, 0xd0, 0x0a, 0x0e, 0xe0, 0xe0, 0x0d, 0x0b, 0x0b, 0x70, 0x0b,
  0x0d, 0xa0, 0x0b, 0x0c, 0x0e, 0xe0, 0xe0, 0xa0, 0xa0, 0x0c, 0x06, 0x0b, 0x09, 0x0c, 0x60, 0xa0,
  0x08, 0xd0, 0x0d, 0xc0, 0xc0, 0x0a, 0xd0, 0x0c, 0x0a, 0x0b, 0x0c, 0xb0, 0xa0, 0xc0, 0xe0, 0xe0,
  0x0d, 0x0c, 0x0e, 0x0d, 0xa0, 0x0b, 0xa0, 0xd0, 0x0e, 0xd0, 0xb0, 0x0d, 0x50, 0xc0, 0xd0, 0x0a,
  0x0d, 0x0d, 0x0e, 0xc0, 0xa0, 0x0b, 0x0c, 0xf0, 0x70, 0xc0, 0x90, 0x0a, 0x0e, 0x0e, 0xd0, 0x90,
  0x80, 0x08, 0xe0, 0xd0, 0x0d, 0xc0, 0xc0, 0xe0, 0xb0, 0xa0, 0x80, 0xb0, 0x0b, 0x0d, 0xd0, 0xb0,
  0x0d, 0xb0, 0x0b, 0xc0, 0xc0, 0x0a, 0x0d, 0x0d, 0x90, 0xc0, 0x0d, 0xd0, 0x09, 0xc0, 0x80, 0x08,
  0x09, 0xe0, 0xd0, 0x0e, 0x0b, 0x0e, 0x0d, 0xb0, 0xd0, 0x0c, 0x0c, 0x80, 0x0c, 0x0c, 0xf0, 0xc0,
  0xd0, 0x0e, 0x0c, 0x90, 0xd0, 0x0d, 0xa0, 0xd0, 0xd0, 0xb0, 0x90, 0x0d, 0xd0, 0xd0, 0xd0, 0x0c,
  0x08, 0xc0, 0x0c, 0x0b, 0xe0, 0x90, 0x0b, 0xf0, 0xd0, 0x0d, 0xa0, 0xa0, 0x90, 0xb0, 0xc0, 0xc0,
  0x0d, 0x90, 0x0c, 0xb0, 0x0c, 0x0d, 0xb0, 0x03, 0xa0, 0x90, 0xc0, 0x0e, 0x0d, 0x06, 0xc0, 0x0b,
  0x90, 0x0c, 0x0d, 0x0c, 0xe0, 0x60, 0x0b, 0x70, 0xd0, 0xa0, 0xd0, 0xb0, 0xb0, 0xd0, 0x0d, 0x08,
  0xa0, 0xb0, 0x0e, 0xb0, 0x0d, 0xc0, 0xc0, 0x0e, 0x90, 0x0d, 0x0e, 0x0d, 0x0d, 0xb0, 0xd0, 0x0d,
  0x0e, 0x0a, 0x09, 0x0e, 0x0c, 0xb0, 0xb0, 0x0d, 0x0a, 0x0b, 0x0d, 0xa0, 0xe0, 0x06, 0x80, 0xd0,
  0x05, 0x0d, 0xd0, 0x0c, 0x0b, 0x0c, 0x09, 0xc0, 0xa0, 0x0b, 0x0c, 0xc0, 0x0b, 0x0c, 0xd0, 0xd0,
  0x0d, 0x08, 0x09, 0xc0, 0xd0, 0xb0, 0xf0, 0x0c, 0x0a, 0x0e, 0xe0, 0x09, 0x0c, 0x0d, 0x0f, 0xd0,
  0x90, 0x0e, 0x0a, 0x0c, 0xb0, 0xc0, 0x0c, 0x0e, 0x0b, 0x0c, 0x0a, 0xd0, 0x0e, 0xf0, 0x09, 0x0c,
  0x0f, 0xd0, 0xc0, 0x0c, 0xc0, 0x0a, 0xc0, 0x0d, 0xe0, 0xa0, 0xd0, 0xe0, 0x09, 0x0d, 0x60, 0x0c,
  0x90, 0x0d, 0xe0, 0xc0, 0xc0, 0xc0, 0x0c, 0xd0, 0x0c, 0xc0, 0xb0, 0xc0, 0x90, 0x0d, 0x0d, 0xb0,
  0xc0, 0x0e, 0xf0, 0xb0, 0xd0, 0x0d, 0x0c, 0xf0, 0xb0, 0xc0, 0x0e, 0xd0, 0xc0, 0xd0, 0x0c, 0xe0,
  0x0e, 0x0a, 0x0d, 0x90, 0x0d, 0xc0, 0x0b, 0xb0, 0x0d, 0xb0, 0xc0, 0xd0, 0x70, 0xd0, 0x0d, 0xe0,
  0xe0, 0xb0, 0xe0, 0xd0, 0x0b, 0xd0, 0x0d, 0x0a, 0x90, 0xa0, 0x80, 0x0b, 0x0e, 0x06, 0x0b, 0xd0,
  0x09, 0x0c, 0x0d, 0x08, 0xd0, 0x0d, 0xc0, 0xd0, 0xf0, 0xc0, 0xd0, 0x0e, 0xa0, 0x0d, 0x90, 0x0d,
  0xe0, 0x0e, 0x0c, 0x08, 0xc0, 0xb0, 0x0d, 0xb0, 0xc0, 0xd0, 0xa0, 0x90, 0x0b, 0x0c, 0xc0, 0xb0,
  0x06, 0x07, 0x0e, 0xc0, 0xe0, 0xb0, 0xe0, 0xc0, 0xc0, 0xb0, 0x0e, 0x0d, 0x0a, 0x0b, 0xd0, 0xc0,
  0x0d, 0x0d, 0x09, 0x0d, 0x0d, 0x0d, 0x0c, 0xa0, 0xc0, 0xe0, 0x40, 0x0d, 0xa0, 0xc0, 0x80, 0xb0,
  0xb0, 0x60, 0x0d, 0xd0, 0xb0, 0x0b, 0xb0, 0x09, 0xb0, 0xc0, 0x0e, 0x07, 0x0e, 0xd0, 0x08, 0x0e,
  0x0e, 0xe0, 0xd0, 0xe0, 0xc0, 0xe0, 0x0d, 0x09, 0xe0, 0xa0, 0xc0, 0xb0, 0xc0, 0x0b, 0xd0, 0xa0,
  0x0d, 0x09, 0xd0, 0xc0, 0xa0, 0x0e, 0x0c, 0x0c, 0x60, 0x0b, 0x0a, 0xe0, 0x0b, 0xc0, 0xb0, 0x0d,
  0xc0, 0x0d, 0x0e, 0xe0, 0x06, 0xb0, 0x0b, 0x0d, 0x0c, 0xb0, 0xa0, 0x0c, 0xf0, 0x08, 0x0b, 0x80,
  0xd0, 0x0b, 0x0d, 0xe0, 0xd0, 0x0c, 0x90, 0x0d, 0x0a, 0x0b, 0xe0, 0xc0, 0x0e, 0x0a, 0xc0, 0x0c,
  0x0d, 0x0b, 0x09, 0x0d, 0xe0, 0x0c, 0xb0, 0xd0, 0x08, 0x0c, 0x0c, 0x0c, 0x04, 0x0d, 0x0d, 0xc0,
  0x80, 0xf0, 0xe0, 0xe0, 0x0c, 0xe0, 0xd0, 0x0d, 0x0d, 0xa0, 0x0c, 0x08, 0xb0, 0x0d, 0xd0, 0x0b,
  0x0e, 0xc0, 0xd0, 0xc0, 0x0e, 0xd0, 0xc0, 0x0f, 0xd0, 0x0a, 0x0e, 0x0e, 0xf0, 0x0d, 0x0e, 0xd0,
  0x0b, 0xb0, 0x0b, 0xe0, 0x07, 0xb0, 0x0d, 0xe0, 0xe0, 0x0c, 0x0b, 0xb0, 0xd0, 0x0c, 0x0a, 0xc0,
  0x0a, 0xd0, 0x0e, 0x09, 0x0d, 0x0c, 0x0c, 0x09, 0x0a, 0x80, 0x0e, 0x0f, 0x0b, 0x0d, 0xe0, 0x0d,
  0xd0, 0xb0, 0x80, 0xb0, 0xd0, 0xc0, 0x0d, 0xe0, 0x0b, 0x0d, 0xc0, 0xe0, 0xc0, 0x08, 0xe0, 0x0d,
  0xc0, 0x0c, 0x0e, 0x0a, 0x0c, 0x06, 0x0b, 0xd0, 0xb0, 0x0e, 0xc0, 0xd0, 0xb0, 0xb0, 0xc0, 0xa0,
  0x09, 0x0b, 0x0d, 0x0e, 0x30, 0x0d, 0xb0, 0x0a, 0x0e, 0x0e, 0x0d, 0xd0, 0xb0, 0x0d, 0x0e, 0xd0,
  0x0e, 0x08, 0x0d, 0xd0, 0xd0, 0xa0, 0xd0, 0x0c, 0xe0, 0x0b, 0x0c, 0x0b, 0x0c, 0xc0, 0x0d, 0x08,
  0x08, 0x0c, 0x08, 0xb0, 0xc0, 0xc0, 0x06, 0xb0, 0x0a, 0x0d, 0x0c, 0xd0, 0x0e, 0xd0, 0x0c, 0x0e,
  0xc0, 0x0d, 0xd0, 0x0c, 0xd0, 0x0d, 0x0f, 0xe0, 0xe0, 0xa0, 0x02, 0xa0, 0x0d, 0xe0, 0xb0, 0x0d,
  0xd0, 0x0c, 0x0a, 0x0c, 0xe0, 0x0c, 0xd0, 0x07, 0x50, 0x0e, 0x0c, 0x0a, 0xe0, 0xd0, 0x08, 0x0f,
  0x0d, 0x0d, 0xd0, 0x0d, 0x0d, 0xc0, 0xc0, 0x0e, 0xb0, 0x0a, 0x0b, 0x0c, 0xc0, 0xd0, 0xc0, 0xa0,
  0x60, 0x09, 0x0d, 0xc0, 0x0e, 0xa0, 0xc0, 0x0d, 0xe0, 0x0d, 0x90, 0x0d, 0x0c, 0xc0, 0x70, 0x0c,
  0x0d, 0xb0, 0x0c, 0x0f, 0xa0, 0x0c, 0xe0, 0xa0, 0xc0, 0x0d, 0xc0, 0x0c, 0x0c, 0xd0, 0xc0, 0x0e,
  0x0c, 0xd0, 0xb0, 0xd0, 0xc0, 0x09, 0x90, 0x0b, 0x0d, 0xd0, 0x0a, 0x90, 0x0d, 0xb0, 0xd0, 0x0d,
  0xd0, 0x90, 0xe0, 0x90, 0x0a, 0xa0, 0x0d, 0xa0, 0xd0, 0xa0, 0xb0, 0xe0, 0xc0, 0x0d, 0xe0, 0x0c,
  0x0a, 0x80, 0x0c, 0x07, 0x0d, 0x0d, 0x0d, 0x0d, 0x0b, 0xc0, 0x0a, 0x0a, 0x80, 0xa0, 0x0c, 0x09,
  0x09, 0x0d, 0x0d, 0x0b, 0x05, 0xe0, 0xd0, 0xb0, 0xc0, 0x50, 0xd0, 0xe0, 0xe0, 0xc0, 0x90, 0xa0,
  0x0e, 0x0d, 0x0b, 0xd0, 0xd0, 0xa0, 0x0e, 0x04, 0x0d, 0xd0, 0xe0, 0xa0, 0xd0, 0xa0, 0x0e, 0xa0,
  0xf0, 0xd0, 0x0c, 0x0b, 0xc0, 0xb0, 0xd0, 0x0a, 0x06, 0x70, 0xe0, 0xc0, 0xe0, 0x0d, 0xd0, 0x40,
  0x0c, 0x0e, 0xe0, 0x0d, 0xe0, 0x08, 0x0d, 0x0d, 0x0c, 0x90, 0xd0, 0x08, 0x0c, 0xa0, 0xd0, 0x0e,
  0x0d, 0x0c, 0x70, 0xb0, 0x0c, 0x07, 0xc0, 0x0c, 0x70, 0xb0, 0x08, 0xd0, 0xc0, 0xc0, 0xe0, 0x0e,
  0x90, 0xc0, 0xb0, 0x0d, 0xc0, 0xc0, 0x0b, 0x0e, 0x0a, 0xc0, 0x08, 0xc0, 0x0d, 0xb0, 0x0b, 0xe0,
  0xf0, 0xc0, 0x0e, 0xb0, 0xc0, 0xe0, 0x0b, 0xb0, 0x0e, 0x0e, 0x60, 0xc0, 0x0c, 0x0a, 0xc0, 0x0b,
  0x0e, 0x08, 0xb0, 0xb0, 0xe0, 0x90, 0xc0, 0xe0, 0x0d, 0x0b, 0x09, 0x0e, 0x07, 0xe0, 0x0e, 0xc0,
  0x0c, 0xe0, 0xe0, 0x0a, 0xb0, 0x0c, 0xe0, 0x0b, 0x0a, 0x09, 0xd0, 0xe0, 0x0d, 0x90, 0xe0, 0x0a,
  0xb0, 0x09, 0xb0, 0x05, 0x70, 0x0b, 0xb0, 0x0c, 0xd0, 0xd0, 0xa0, 0x0e, 0x0d, 0x08, 0xe0, 0x0e,
  0xd0, 0xb0, 0x90, 0x0c, 0x90, 0xb0, 0x0c, 0x0a, 0x0e, 0x09, 0x0b, 0x0d, 0x0c, 0x0e, 0xd0, 0xb0,
  0xc0, 0x0d, 0x0c, 0x0c, 0xe0, 0x0c, 0xd0, 0xe0, 0xe0, 0xb0, 0x0b, 0x0b, 0xe0, 0x0a, 0xe0, 0x0d,
  0xb0, 0x0a, 0x0d, 0xf0, 0xd0, 0xf0, 0x0d, 0xc0, 0x0c, 0xd0, 0x0c, 0x0b, 0x0c, 0x0d, 0xc0, 0x0b,
  0xd0, 0x0e, 0x0c, 0xc0, 0x0b, 0xd0, 0x09, 0xc0, 0x80, 0xc0, 0xa0, 0xa0, 0x0e, 0xc0, 0xb0, 0x0d,
  0x0d, 0xf0, 0x0a, 0xd0, 0xa0, 0x0f, 0x08, 0x0c, 0xc0, 0x0e, 0x0b, 0xd0, 0xf0, 0x0d, 0x0d, 0x0e,
  0x0c, 0x90, 0x0b, 0xd0, 0xe0, 0x0c, 0x90, 0x0d, 0xd0, 0x60, 0x0e, 0x08, 0x0d, 0x05, 0xc0, 0x0d,
  0x0a, 0x0b, 0x80, 0x0e, 0x0e, 0x0e, 0xa0, 0xc0, 0x0c, 0x0e, 0xc0, 0x0b, 0xe0, 0x0c, 0xc0, 0x04,
  0x0c, 0x0a, 0xb0, 0xf0, 0xd0, 0xe0, 0xc0, 0x0e, 0x08, 0xb0, 0x0b, 0x0e, 0xd0, 0x0e, 0xd0, 0xc0,
  0x0d, 0x09, 0xd0, 0x0c, 0x60, 0x0d, 0x50, 0x0c, 0xd0, 0x07, 0xd0, 0x0e, 0xc0, 0xd0, 0x50, 0x0d,
  0xd0, 0xd0, 0x90, 0xc0, 0x0e, 0xc0, 0xb0, 0xc0, 0x0d, 0xd0, 0x0f, 0xb0, 0x0c, 0xf0, 0xa0, 0x0d,
  0x0c, 0x06, 0xc0, 0x0e, 0xd0, 0xc0, 0x0e, 0x0c, 0x0d, 0x0c, 0x0c, 0xd0, 0xf0, 0x0d, 0x0e, 0xe0,
  0x0e, 0xc0, 0x0e, 0xa0, 0xe0, 0x0d, 0xa0, 0xd0, 0xe0, 0xb0, 0xb0, 0xa0, 0xd0, 0x0e, 0x0a, 0x0c,
  0x0b, 0xa0, 0x0c, 0xc0, 0x08, 0x0a, 0xe0, 0x0b, 0xd0, 0x0c, 0xd0, 0xf0, 0x0c, 0xf0, 0xc0, 0x0e,
  0xb0, 0x0d, 0x0d, 0xe0, 0xc0, 0x0c, 0x0c, 0x0f, 0xe0, 0x0c, 0x04, 0x0d, 0x0a, 0x0d, 0xd0, 0x0d,
  0x0f, 0x0d, 0x0e, 0x0d, 0xd0, 0xd0, 0x0a, 0xb0, 0x09, 0x90, 0xd0, 0x09, 0xd0, 0xe0, 0xb0, 0x0c,
  0x0e, 0xa0, 0xa0, 0x07, 0xb0, 0x0e, 0xa0, 0x0d, 0x0c, 0x0f, 0xc0, 0x0d, 0xe0, 0x0e, 0x0d, 0xd0,
  0x06, 0x0c, 0x09, 0x0d, 0xd0, 0xd0, 0xd0, 0x0b, 0x0d, 0x0b, 0x90, 0x0d, 0xd0, 0xd0, 0xf0, 0xb0,
  0x0a, 0x0b, 0xb0, 0x0c, 0x0e, 0x60, 0x60, 0xa0, 0x0b, 0xb0, 0xa0, 0x0d, 0x0e, 0x0c, 0x60, 0xb0,
  0xd0, 0x0d, 0x0c, 0xe0, 0x09, 0x0c, 0x80, 0x0d, 0xc0, 0xd0, 0x0c, 0x0d, 0x09, 0xb0, 0x0e, 0x0e,
  0x0c, 0x0c, 0x90, 0xa0, 0x90, 0xe0, 0x0d, 0x0d, 0xa0, 0xd0, 0x08, 0xb0, 0x0b, 0xd0, 0x0d, 0xc0,
  0x0e, 0xa0, 0xb0, 0xa0, 0x0c, 0xe0, 0x70, 0x0e, 0xd0, 0xd0, 0x0d, 0x0d, 0x0d, 0xc0, 0x09, 0xc0,
  0x09, 0x0d, 0xd0, 0x0d, 0xe0, 0xb0, 0x0c, 0x0f, 0x09, 0xe0, 0x0c, 0x90, 0x0b, 0x0e, 0xb0, 0x0c,
  0x0c, 0xb0, 0xc0, 0xc0, 0x0d, 0x0c, 0x0c, 0x90, 0xd0, 0x0b, 0x0c, 0x0c, 0xd0, 0xf0, 0x09, 0x0d,
  0xe0, 0x0e, 0xb0, 0x08, 0x0d, 0x0b, 0x0e, 0xd0, 0xc0, 0xb0, 0x0d, 0xa0, 0x0d, 0x0e, 0x0b, 0xb0,
  0x0c, 0x0d, 0xd0, 0xd0, 0xc0, 0xb0, 0x0c, 0x0d, 0x0e, 0x0c, 0xa0, 0x07, 0x08, 0x0d, 0x0b, 0x0a,
  0x0c, 0xc0, 0xa0, 0x0b, 0xe0, 0xd0, 0xd0, 0x0e, 0xd0, 0x70, 0x00, 0x0d, 0x0b, 0x0a, 0x0c, 0x0b,
  0x0c, 0x0a, 0x0a, 0x0a, 0xe0, 0x0b, 0xd0, 0xe0, 0x0d, 0xd0, 0xd0, 0x0e, 0xe0, 0xd0, 0x00, 0xb0,
  0x80, 0x80, 0xe0, 0xe0, 0x40, 0xd0, 0x09, 0xa0, 0x0d, 0xc0, 0xd0, 0xb0, 0xd0, 0xa0, 0xa0, 0xd0,
  0x0b, 0x30, 0x09, 0x09, 0x0c, 0x0e, 0xd0, 0x50, 0x80, 0x0a, 0xd0, 0x0d, 0x08, 0xd0, 0x0c, 0xc0,
  0x0d, 0xe0, 0x0a, 0xa0, 0xe0, 0xc0, 0x0b, 0x0e, 0x0f, 0xd0, 0x0e, 0x0c, 0xd0, 0x09, 0xd0, 0x0e,
  0x0d, 0x0c, 0x0a, 0xe0, 0x90, 0xa0, 0xa0, 0x0e, 0x09, 0xe0, 0xc0, 0x05, 0xe0, 0x09, 0xb0, 0x08,
  0xd0, 0x0d, 0x0e, 0x0b, 0xe0, 0x50, 0xb0, 0xc0, 0x0e, 0x09, 0x09, 0xc0, 0x0c, 0x0e, 0x08, 0x0b,
  0x0c, 0xc0, 0xc0, 0xb0, 0xd0, 0xe0, 0xd0, 0x90, 0x70, 0xc0, 0x0a, 0x90, 0xe0, 0x0d, 0xc0, 0x0d,
  0xa0, 0x0c, 0xd0, 0x0b, 0xd0, 0xc0, 0x08, 0xe0, 0xe0, 0xd0, 0x0c, 0xa0, 0x0a, 0xc0, 0xe0, 0x0e,
  0x60, 0xf0, 0x07, 0x0f, 0xf0, 0x07, 0xc0, 0xe0, 0x0c, 0xd0, 0x0d, 0xd0, 0x0b, 0xe0, 0xc0, 0x06,
  0xf0, 0x0d, 0x07, 0x0b, 0xb0, 0xe0, 0x0e, 0x0d, 0x0c, 0x0e, 0x0b, 0x0d, 0xd0, 0xd0, 0x0c, 0xd0,
  0xd0, 0x0d, 0x0c, 0x09, 0x0b, 0x60, 0x0d, 0x09, 0xe0, 0xa0, 0x0d, 0xd0, 0x0b, 0xc0, 0x0d, 0x0a,
  0x09, 0x0d, 0x0d, 0xb0, 0xe0, 0xb0, 0x0b, 0x0d, 0x0d, 0x0c, 0x0b, 0xb0, 0x0e, 0xd0, 0xb0, 0x01,
  0x0c, 0x07, 0x0b, 0x0d, 0xb0, 0x0e, 0x0f, 0x0d, 0x0a, 0xd0, 0x09, 0xe0, 0x0e, 0xc0, 0xe0, 0xa0,
  0x0d, 0x0e, 0x0d, 0x0e, 0x0d, 0x09, 0xa0, 0x0b, 0x0b, 0x0d, 0x07, 0x0e, 0xb0, 0xd0, 0x0b, 0x0d,
  0x0c, 0x90, 0xd0, 0x0b, 0x0e, 0x70, 0xb0, 0x0d, 0x0a, 0xc0, 0xd0, 0xa0, 0x90, 0xc0, 0xc0, 0x0d,
  0x0d, 0x0a, 0x0a, 0xf0, 0x0d, 0x40, 0x0b, 0xa0, 0x0a, 0x0d, 0xc0, 0x0b, 0x0d, 0xc0, 0x0d, 0x60,
  0x0c, 0x09, 0xb0, 0x0c, 0x0b, 0xd0, 0xc0, 0x02, 0xc0, 0xe0, 0xe0, 0x90, 0x0c, 0xb0, 0x0c, 0xe0,
  0xc0, 0xe0, 0xc0, 0x0c, 0xd0, 0xb0, 0xe0, 0x0e, 0x70, 0x0e, 0xe0, 0x80, 0x0d, 0xa0, 0x90, 0x60,
  0xd0, 0x0f, 0xa0, 0x80, 0xd0, 0x08, 0xe0, 0x0c, 0x90, 0xb0, 0xe0, 0xe0, 0xb0, 0xb0, 0x0a, 0x0b,
  0xb0, 0x0d, 0x0d, 0xd0, 0x0d, 0x05, 0x0e, 0x70, 0x0a, 0xc0, 0xd0, 0x50, 0xb0, 0xe0, 0x0d, 0x0c,
  0xc0, 0x0c, 0x60, 0x0d, 0x0d, 0x08, 0x04, 0x0b, 0xb0, 0x0e, 0x0e, 0x0b, 0xc0, 0xc0, 0x0d, 0x0a,
  0x0c, 0xe0, 0x0d, 0x0b, 0xb0, 0xd0, 0x0e, 0x0e, 0x0e, 0xd0, 0xe0, 0xb0, 0x0c, 0xa0, 0x90, 0xb0,
  0xe0, 0x60, 0x80, 0x0e, 0xb0, 0x09, 0x0b, 0xe0, 0xe0, 0x09, 0xe0, 0xb0, 0x0c, 0x0d, 0xb0, 0x0c,
  0x0c, 0x0d, 0x0c, 0xa0, 0xf0, 0x0b, 0x70, 0xd0, 0x0c, 0x08, 0x0d, 0x0b, 0xb0, 0xe0, 0x0c, 0xc0,
  0x0a, 0x0c, 0xd0, 0xc0, 0x07, 0x08, 0x80, 0xa0, 0x0e, 0x0b, 0xc0, 0x0c, 0x0c, 0x0d, 0x0b, 0xa0,
  0x08, 0xc0, 0xc0, 0x0a, 0xb0, 0xc0, 0x90, 0x0d, 0x0a, 0x0c, 0xb0, 0x0d, 0x0e, 0xe0, 0xd0, 0x0b,
  0x0b, 0xd0, 0x0c, 0xe0, 0x0c, 0xd0, 0xd0, 0x09, 0x0e, 0x0a, 0x60, 0x0e, 0xa0, 0x08, 0xe0, 0xe0,
  0xc0, 0xa0, 0xd0, 0xc0, 0x0e, 0xd0, 0x0b, 0xa0, 0x0e, 0x0a, 0x05, 0xb0, 0xe0, 0x07, 0xc0, 0xd0,
  0x0e, 0xc0, 0xb0, 0xe0, 0xb0, 0xd0, 0xe0, 0x07, 0x0b, 0x0c, 0x0e, 0xd0, 0xd0, 0xc0, 0xc0, 0xd0,
  0xe0, 0x08, 0x0b, 0xc0, 0xd0, 0x0b, 0xd0, 0x00, 0x09, 0xe0, 0x00, 0x08, 0x0e, 0x80, 0x05, 0x0d,
  0x0c, 0x0d, 0x09, 0xf0, 0xd0, 0xd0, 0x0d, 0xe0, 0xe0, 0xd0, 0xa0, 0xb0, 0x0b, 0x0b, 0x60, 0x08,
  0x0b, 0x90, 0x0b, 0x0e, 0x90, 0x0c, 0x0d, 0xd0, 0xd0, 0xf0, 0x05, 0x90, 0xc0, 0x0c, 0xe0, 0xe0,
  0x0e, 0xa0, 0x0c, 0xc0, 0x0b, 0x0b, 0x0e, 0x0e, 0x0d, 0x70, 0x0e, 0x0a, 0x0e, 0x0d, 0x0b, 0xd0,
  0xf0, 0xd0, 0x0e, 0xb0, 0xc0, 0xc0, 0xc0, 0x09, 0xc0, 0xd0, 0x0d, 0xe0, 0x0f, 0xa0, 0xa0, 0x0c,
  0x0b, 0xe0, 0xd0, 0xd0, 0xe0, 0x0d, 0x90, 0x08, 0x0d, 0x0a, 0xe0, 0x0c, 0x0d, 0x0a, 0x0d, 0x0b,
  0xc0, 0x0f, 0xc0, 0x0e, 0xe0, 0xb0, 0xd0, 0x0d, 0xc0, 0xc0, 0x0f, 0xd0, 0xb0, 0x0c, 0xe0, 0x0e,
  0x0e, 0x0e, 0x0d, 0x0e, 0x0b, 0x0f, 0x0c, 0xd0, 0x0b, 0x0e, 0x0c, 0xd0, 0x0d, 0x90, 0xc0, 0x0b,
  0x0c, 0x0d, 0x0e, 0x80, 0xb0, 0xd0, 0xc0, 0x0d, 0x0c, 0x0b, 0x0d, 0x0e, 0xf0, 0x0b, 0x0d, 0xe0,
  0x0d, 0xe0, 0x0b, 0x0b, 0xd0, 0x0e, 0xe0, 0x0c, 0xb0, 0x08, 0xc0, 0x0d, 0xc0, 0xc0, 0x07, 0x05,
  0x0f, 0xe0, 0x0d, 0x0a, 0x0d, 0xd0, 0xe0, 0x90, 0x0e, 0xd0, 0x0e, 0x0d, 0x0d, 0xb0, 0xe0, 0x0e,
  0x09, 0xc0, 0x0b, 0x0e, 0x0e, 0x0c, 0x0f, 0x0d, 0xd0, 0x0a, 0xc0, 0x06, 0x60, 0xe0, 0xe0, 0x0d,
  0x0a, 0x0d, 0x05, 0xa0, 0xd0, 0xd0, 0x0d, 0x0d, 0x0c, 0xa0, 0x0b, 0x0c, 0x20, 0xd0, 0xb0, 0xe0,
  0x0e, 0xa0, 0x0f, 0x70, 0xa0, 0x0c, 0x0d, 0xc0, 0xd0, 0x09, 0xf0, 0x80, 0x0b, 0x0a, 0x0d, 0xd0,
  0xa0, 0xc0, 0x90, 0xc0, 0xd0, 0x0d, 0x0c, 0x0f, 0xb0, 0x0e, 0x0e, 0x0c, 0x0a, 0x0d, 0x80, 0xe0,
  0x0b, 0x70, 0xd0, 0x0f, 0x0b, 0x0d, 0xd0, 0x90, 0x0a, 0x0d, 0xc0, 0xc0, 0xe0, 0x0c, 0x0c, 0x0d,
  0x0c, 0xe0, 0xd0, 0x0e, 0xb0, 0x0c, 0x80, 0x08, 0x0c, 0x0e, 0xd0, 0x0e, 0x0e, 0x0c, 0x0b, 0x0c,
  0x0c, 0x07, 0xd0, 0xd0, 0x0a, 0xc0, 0xb0, 0xd0, 0x30, 0xd0, 0xe0, 0xd0, 0x08, 0x08, 0xc0, 0x0a,
  0x80, 0x09, 0x0b, 0xc0, 0xb0, 0x0d, 0xe0, 0x0c, 0xc0, 0x0d, 0xc0, 0x0c, 0x06, 0xd0, 0xd0, 0x06,
  0x0c, 0xe0, 0x0c, 0xd0, 0xd0, 0x40, 0x0c, 0x0d, 0xc0, 0xe0, 0x0a, 0xa0, 0xd0, 0x0a, 0xa0, 0xc0,
  0xc0, 0x80, 0xd0, 0x0c, 0x0e, 0x09, 0x0d, 0x0e, 0xd0, 0xc0, 0xb0, 0x0d, 0xd0, 0x0b, 0x0c, 0xc0,
  0x08, 0x0c, 0xd0, 0x0e, 0xd0, 0x0a, 0x0c, 0xa0, 0xe0, 0x0d, 0x0b, 0xa0, 0x0c, 0x0f, 0x0c, 0x90,
  0x0e, 0x04, 0x0c, 0x0d, 0xe0, 0xb0, 0x0a, 0x0e, 0x0d, 0x0b, 0x90, 0xb0, 0xb0, 0xb0, 0x08, 0xa0,
  0x0a, 0x05, 0xc0, 0xc0, 0xc0, 0xe0, 0x0e, 0x0b, 0x0d, 0xb0, 0xe0, 0x40, 0xe0, 0xd0, 0xe0, 0xc0,
  0xc0, 0x90, 0x0d, 0x08, 0x0d, 0xd0, 0x0e, 0xa0, 0x09, 0x0d, 0x0c, 0xe0, 0xa0, 0x90, 0xc0, 0xd0,
  0xc0, 0xd0, 0x09, 0x09, 0xc0, 0xe0, 0x0d, 0x0d, 0x60, 0xc0, 0xa0, 0x0a, 0x0d, 0xe0, 0x0c, 0x0b,
  0x0f, 0xe0, 0xc0, 0x0f, 0x0a, 0x0a, 0x0b, 0x0d, 0xa0, 0xd0, 0xc0, 0x0d, 0x80, 0xf0, 0xc0, 0x0e,
  0x0c, 0x09, 0xd0, 0xd0, 0x0c, 0x0c, 0x07, 0x0e, 0x0d, 0xc0, 0xa0, 0x0e, 0xd0, 0xa0, 0xd0, 0xd0,
  0x0c, 0x08, 0xd0, 0x07, 0xe0, 0x0b, 0xe0, 0xd0, 0x80, 0xc0, 0xa0, 0x09, 0xc0, 0xb0, 0xc0, 0x09,
  0xb0, 0x80, 0x0b, 0x0a, 0xe0, 0x0b, 0x0b, 0x90, 0xa0, 0x0c, 0x0c, 0x80, 0xd0, 0x0d, 0xe0, 0x0d,
  0x0d, 0xf0, 0xe0, 0x70, 0x0b, 0x0b, 0xf0, 0xa0, 0xb0, 0xb0, 0x0d, 0x0b, 0xa0, 0x0c, 0xc0, 0x0e,
  0x0a, 0xc0, 0x0c, 0x0b, 0x90, 0x08, 0x0b, 0xe0, 0x0b, 0x09, 0x90, 0x0c, 0xe0, 0x0b, 0x0c, 0xb0,
  0x0c, 0x0e, 0x0d, 0x0c, 0xd0, 0xb0, 0xd0, 0x09, 0x0d, 0x08, 0x0c, 0x0e, 0x0e, 0xb0, 0x0e, 0x08,
  0xd0, 0x0c, 0x0a, 0x0e, 0xc0, 0x0a, 0xb0, 0x07, 0x0c, 0x0e, 0xe0, 0xd0, 0x0c, 0x0c, 0x00, 0xd0,
  0x0c, 0x0e, 0x0c, 0x90, 0x0c, 0x09, 0xd0, 0x0c, 0xf0, 0x0d, 0x0e, 0xc0, 0x80, 0x70, 0xe0, 0x0f,
  0x0e, 0xd0, 0x0c, 0x0e, 0x0b, 0x0a, 0x90, 0xb0, 0x0d, 0x0e, 0x07, 0xe0, 0x0f, 0xc0, 0xe0, 0x0b,
  0xb0, 0x0b, 0x0e, 0x09, 0xd0, 0xc0, 0x70, 0x0e, 0x0c, 0xa0, 0x0d, 0x0d, 0xc0, 0xa0, 0x08, 0x0b,
  0x0d, 0x0d, 0x0c, 0x09, 0x0b, 0x0c, 0x70, 0xa0, 0xe0, 0x0c, 0x08, 0xb0, 0xd0, 0xd0, 0x70, 0x06,
  0x0c, 0x0b, 0xb0, 0xa0, 0x90, 0xc0, 0xd0, 0xb0, 0x0c, 0xb0, 0x80, 0xe0, 0x0c, 0x0d, 0xc0, 0x0d,
  0x0d, 0xd0, 0x0d, 0xe0, 0x04, 0xd0, 0x0f, 0xc0, 0xc0, 0xc0, 0xd0, 0xd0, 0x0d, 0x90, 0xc0, 0x0d,
  0xe0, 0xc0, 0x0b, 0x0e, 0xb0, 0xe0, 0xc0, 0x0c, 0x07, 0xa0, 0x90, 0x0d, 0xe0, 0xb0, 0xa0, 0x0b,
  0x0d, 0x0e, 0xa0, 0xa0, 0x0a, 0x70, 0xb0, 0x0c, 0x90, 0xc0, 0xc0, 0x0d, 0xc0, 0xb0, 0x0e, 0xb0,
  0xd0, 0xd0, 0x0e, 0x0a, 0x0c, 0x0d, 0xe0, 0x0d, 0x0b, 0x0d, 0xb0, 0x06, 0x0c, 0x0e, 0x0f, 0xe0,
  0x08, 0x0c, 0x09, 0x0b, 0x09, 0x08, 0xb0, 0x90, 0xb0, 0xc0, 0x0c, 0xd0, 0x90, 0xe0, 0xa0, 0xd0,
  0x90, 0xf0, 0x05, 0x60, 0x0a, 0x0e, 0xe0, 0x0b, 0xa0, 0x0d, 0x90, 0x0f, 0x0e, 0x0b, 0xa0, 0x0d,
  0x05, 0x90, 0x0c, 0xd0, 0xd0, 0x0e, 0x60, 0x07, 0x0e, 0x0e, 0xb0, 0xf0, 0xe0, 0x0d, 0x0b, 0xd0,
  0x0c, 0xd0, 0x0b, 0xb0, 0xd0, 0x0b, 0xe0, 0xa0, 0xd0, 0x0a, 0xe0, 0x0b, 0xc0, 0x0d, 0x0d, 0xe0,
  0x0c, 0x0a, 0xe0, 0xe0, 0xb0, 0x90, 0xd0, 0xb0, 0x80, 0xd0, 0x0a, 0x0c, 0xc0, 0x0d, 0xc0, 0x0d,
  0x08, 0x0d, 0x0d, 0xc0, 0x0c, 0x0c, 0x09, 0xd0, 0x40, 0x90, 0x0e, 0x0e, 0x0a, 0xb0, 0xb0, 0xb0,
  0xf0, 0x0c, 0xc0, 0xd0, 0x90, 0x06, 0xe0, 0x30, 0xc0, 0xe0, 0xd0, 0xa0, 0x0a, 0x0e, 0xa0, 0xc0,
  0x90, 0x08, 0xa0, 0xd0, 0xf0, 0x0a, 0x07, 0xd0, 0xc0, 0xf0, 0x0d, 0x0c, 0x0a, 0x0d, 0x0d, 0xd0,
  0x90, 0x0f, 0xd0, 0xa0, 0x0b, 0x0d, 0xc0, 0xc0, 0x0e, 0xc0, 0x0e, 0x0e, 0xb0, 0x0b, 0x0c, 0xd0,
  0x0c, 0x0b, 0xe0, 0x0c, 0x90, 0xd0, 0x70, 0xa0, 0x0e, 0x0c, 0xd0, 0x0e, 0x05, 0xa0, 0x0e, 0xf0,
  0x06, 0xc0, 0x0c, 0xe0, 0x0d, 0x80, 0x0b, 0x0c, 0x0c, 0x50, 0xd0, 0x0c, 0x0a, 0xd0, 0xe0, 0xd0,
  0x90, 0xe0, 0xc0, 0xc0, 0x0a, 0xf0, 0xd0, 0x0c, 0xc0, 0x0b, 0x06, 0x0e, 0xd0, 0x0d, 0x0d, 0xc0,
  0x0e, 0xb0, 0xa0, 0x0d, 0xd0, 0x0d, 0x0e, 0x0c, 0xc0, 0x0c, 0xc0, 0x80, 0xb0, 0xe0, 0xc0, 0xa0,
  0x80, 0x0c, 0xe0, 0xe0, 0x0b, 0xd0, 0x0d, 0xd0, 0x0d, 0xc0, 0xd0, 0x90, 0x09, 0xb0, 0xc0, 0x90,
  0xc0, 0xd0, 0x0b, 0xd0, 0x00, 0x0b, 0x0c, 0x07, 0xc0, 0x0c, 0xd0, 0x0d, 0x0a, 0xa0, 0x90, 0x0c,
  0x0b, 0xc0, 0xb0, 0x90, 0x0e, 0x80, 0xb0, 0xe0, 0x08, 0x0d, 0xe0, 0xd0, 0x80, 0x80, 0x0c, 0x0b,
  0x0c, 0x0c, 0x0d, 0x0b, 0xa0, 0x0d, 0x0d, 0x0d, 0xe0, 0x07, 0xa0, 0x0b, 0xc0, 0xe0, 0xa0, 0x0b,
  0x0b, 0x09, 0x0b, 0x0d, 0x0d, 0xe0, 0x40, 0x0c, 0xd0, 0x0b, 0x0d, 0xb0, 0xa0, 0xd0, 0x90, 0x06,
  0xb0, 0xb0, 0x80, 0x0a, 0x70, 0x0d, 0xc0, 0x0c, 0xd0, 0x0a, 0xb0, 0xb0, 0x90, 0x0e, 0x90, 0xe0,
  0xc0, 0x0d, 0x0a, 0xe0, 0x0d, 0x07, 0xd0, 0xc0, 0xd0, 0x80, 0x09, 0x0e, 0x0d, 0x0d, 0xc0, 0x0c,
  0xc0, 0x0e, 0x0d, 0x0c, 0x0b, 0x0d, 0x0f, 0x0a, 0x0d, 0xc0, 0x0d, 0x0d, 0x0e, 0xd0, 0xd0, 0x07,
  0x60, 0xe0, 0x0e, 0xc0, 0x0a, 0xc0, 0x0b, 0x0c, 0x0d, 0x0e, 0x0b, 0x0e, 0xe0, 0xd0, 0xe0, 0x0c,
  0xe0, 0x0b, 0x0b, 0x60, 0x0d, 0x0c, 0x0c, 0xe0, 0xd0, 0xc0, 0xb0, 0xe0, 0xa0, 0xd0, 0xc0, 0xa0,
  0xa0, 0xc0, 0xd0, 0x0d, 0x70, 0x0d, 0x0d, 0xb0, 0x0b, 0x08, 0x0d, 0xd0, 0x0d, 0x0d, 0xc0, 0x07,
  0x0d, 0x90, 0x0d, 0xa0, 0x0c, 0xa0, 0x0e, 0x0d, 0x0d, 0xc0, 0xf0, 0x00, 0xe0, 0x60, 0xc0, 0x0b,
  0xb0, 0x0e, 0x90, 0xb0, 0xd0, 0xd0, 0x80, 0x07, 0xd0, 0xe0, 0xc0, 0x09, 0x90, 0x0e, 0xc0, 0xd0,
  0xb0, 0xd0, 0xc0, 0xd0, 0xf0, 0xb0, 0x07, 0xd0, 0xc0, 0x0c, 0xb0, 0x0c, 0xd0, 0x0d, 0x0e, 0x0b,
  0xc0, 0xe0, 0xc0, 0xd0, 0xc0, 0x06, 0xc0, 0x09, 0xc0, 0x0e, 0x0b, 0x0e, 0xa0, 0x0d, 0xe0, 0x09,
  0x09, 0x0e, 0xe0, 0x90, 0x0e, 0xb0, 0xb0, 0xe0, 0x0e, 0x0f, 0x06, 0xd0, 0x90, 0x0c, 0xa0, 0x0a,
  0x0c, 0xc0, 0x07, 0xb0, 0x0e, 0xe0, 0x40, 0xa0, 0x0d, 0x0e, 0xb0, 0x0d, 0xc0, 0x0c, 0xa0, 0xe0,
  0x0c, 0x0d, 0x0e, 0x09, 0x0a, 0xd0, 0x0d, 0x0b, 0x0d, 0x08, 0xa0, 0xe0, 0x0d, 0x0d, 0x0d, 0xb0,
  0x0d, 0x0c, 0x0f, 0xe0, 0xe0, 0x0a, 0xa0, 0x0d, 0x90, 0xc0, 0x0d, 0x70, 0xc0, 0x0a, 0xb0, 0xd0,
  0x80, 0xb0, 0xa0, 0x05, 0x0e, 0x0d, 0x0c, 0x0c, 0xe0, 0xc0, 0x30, 0x0e, 0x0e, 0x0b, 0xa0, 0xc0,
  0x05, 0xe0, 0xa0, 0x03, 0xb0, 0xd0, 0x0e, 0xf0, 0x0c, 0xb0, 0xe0, 0xb0, 0x0c, 0x80, 0xa0, 0xd0,
  0x0b, 0x0b, 0x60, 0xe0, 0x0e, 0xd0, 0xe0, 0xc0, 0x0b, 0xe0, 0x0c, 0x0d, 0xc0, 0xd0, 0xf0, 0xd0,
  0x0c, 0xb0, 0xd0, 0xd0, 0xd0, 0x0d, 0xc0, 0x0d, 0x0a, 0xd0, 0x0e, 0xc0, 0xb0, 0xa0, 0xd0, 0xc0,
  0x0a, 0x0c, 0xc0, 0x0d, 0xa0, 0x0d, 0x0b, 0x0d, 0x0c, 0x0b, 0xc0, 0x90, 0x90, 0x0c, 0x0e, 0x09,
  0xd0, 0x0c, 0x0c, 0x08, 0xd0, 0x0e, 0x0b, 0x05, 0xa0, 0x06, 0x40, 0x0e, 0x08, 0x70, 0x0c, 0xb0,
  0xd0, 0x90, 0xc0, 0xe0, 0xc0, 0x0e, 0xc0, 0xe0, 0x0b, 0xc0, 0xa0, 0x0d, 0x0e, 0xc0, 0xc0, 0x0b,
  0xd0, 0xe0, 0x0d, 0x0d, 0xd0, 0x0e, 0x0a, 0x90, 0x0b, 0xe0, 0xc0, 0x80, 0x90, 0xb0, 0x0b, 0x0b,
  0xa0, 0x09, 0x04, 0x90, 0x08, 0xe0, 0xc0, 0x09, 0x0c, 0xb0, 0x0d, 0x0a, 0xd0, 0x0b, 0x08, 0xe0,
  0x0b, 0xc0, 0x0d, 0xa0, 0xa0, 0x0c, 0xd0, 0x0b, 0x70, 0xb0, 0xe0, 0x0a, 0xe0, 0x0d, 0x09, 0x09,
  0xe0, 0xa0, 0xc0, 0xb0, 0xb0, 0xd0, 0x0a, 0x0d, 0x0d, 0x0a, 0x0e, 0x70, 0x0b, 0x60, 0xa0, 0x0e,
  0xe0, 0xc0, 0x60, 0x0d, 0x0e, 0xd0, 0x0d, 0x0c, 0x08, 0xd0, 0x0e, 0x0d, 0xe0, 0x0b, 0x0c, 0x0d,
  0xc0, 0xc0, 0xc0, 0x0c, 0x0c, 0xb0, 0x90, 0x0e, 0x0e, 0x70, 0xe0, 0x0b, 0x0d, 0x0b, 0x0d, 0x0a,
  0x0c, 0xe0, 0x0d, 0x0e, 0xd0, 0x80, 0xc0, 0x0c, 0x80, 0x60, 0x08, 0xd0, 0xb0, 0x0c, 0x0d, 0x0d,
  0xb0, 0x0e, 0x0b, 0xb0, 0xb0, 0xb0, 0xe0, 0xd0, 0xe0, 0x0c, 0x0b, 0xc0, 0x0d, 0xb0, 0xf0, 0xf0,
  0x0d, 0x09, 0x0e, 0xc0, 0x0f, 0xb0, 0xb0, 0xe0, 0xc0, 0x0f, 0x0e, 0xa0, 0x0e, 0x50, 0xc0, 0x0e,
  0xd0, 0x0d, 0x0c, 0x0b, 0xb0, 0x0e, 0xb0, 0x09, 0x0d, 0xd0, 0xb0, 0x0b, 0x06, 0x0d, 0x90, 0x0e,
  0x0b, 0xc0, 0xd0, 0xc0, 0x0e, 0x0a, 0x90, 0x0c, 0x0d, 0x09, 0xd0, 0xb0, 0xe0, 0xc0, 0x0c, 0x0d,
  0x0e, 0x0a, 0xd0, 0xa0, 0x09, 0x70, 0x0c, 0x0b, 0xd0, 0x0d, 0x0d, 0x0c, 0xc0, 0xf0, 0xe0, 0xe0,
  0x0e, 0xd0, 0x0d, 0xb0, 0x0c, 0xc0, 0xd0, 0x0d, 0x0b, 0x0a, 0x09, 0x0e, 0x0f, 0x0f, 0x0c, 0x0c,
  0x0f, 0x0f, 0xa0, 0x0e, 0x0b, 0xb0, 0x0d, 0xe0, 0x80, 0xb0, 0xb0, 0x0f, 0x70, 0xa0, 0x05, 0x0d,
  0x0b, 0xf0, 0xd0, 0x0b, 0xe0, 0x0e, 0x0e, 0x0b, 0xe0, 0xc0, 0x0d, 0x0e, 0x0e, 0xf0, 0xc0, 0xc0,
  0x0c, 0x0b, 0x0b, 0xe0, 0xd0, 0x0d, 0xe0, 0x0c, 0xc0, 0x0e, 0x0c, 0x0e, 0xd0, 0x0c, 0x0c, 0xe0,
  0x0e, 0xe0, 0x0c, 0xd0, 0xa0, 0xc0, 0xd0, 0xb0, 0xd0, 0xd0, 0xf0, 0xc0, 0x04, 0x0e, 0x0e, 0xb0,
  0x07, 0x0d, 0xc0, 0xc0, 0x0c, 0xc0, 0xe0, 0x90, 0xf0, 0xb0, 0xc0, 0xd0, 0x0c, 0x07, 0xc0, 0xe0,
  0x0d, 0xe0, 0x09, 0x0d, 0xf0, 0xc0, 0xf0, 0x08, 0x0b, 0x0d, 0x08, 0xb0, 0x0c, 0x0b, 0xd0, 0x0d,
  0xa0, 0xb0, 0x0d, 0xf0, 0xb0, 0x0c, 0x09, 0x0b, 0x0a, 0x0a, 0xa0, 0xf0, 0x0e, 0x0e, 0x90, 0x0c,
  0xd0, 0x0e, 0x0b, 0x0e, 0xf0, 0xb0, 0x0e, 0x0d, 0x70, 0xa0, 0xf0, 0xe0, 0xa0, 0x0c, 0xd0, 0xc0,
  0x90, 0x0d, 0xb0, 0x0d, 0x0d, 0xa0, 0x80, 0xa0, 0xd0, 0xe0, 0xb0, 0xe0, 0xd0, 0x40, 0x0e, 0xe0,
  0xc0, 0x70, 0x0e, 0x09, 0x03, 0x0d, 0x0c, 0x0b, 0x0e, 0x0a, 0xd0, 0x0d, 0xd0, 0x0d, 0xc0, 0xe0,
  0xe0, 0xc0, 0x70, 0xe0, 0x0c, 0x09, 0x0c, 0x07, 0x0a, 0x0a, 0xf0, 0xf0, 0x0e, 0x0e, 0xe0, 0xb0,
  0x07, 0x0e, 0xe0, 0xc0, 0xf0, 0xe0, 0x0b, 0xb0, 0xb0, 0xc0, 0xf0, 0xf0, 0xe0, 0x0b, 0x0c, 0xf0,
  0x90, 0x0e, 0xe0, 0x0b, 0x0a, 0x0d, 0x0c, 0x0d, 0xb0, 0x0c, 0xd0, 0x40, 0x0c, 0xd0, 0x80, 0x0e,
  0x0c, 0x0c, 0x0f, 0x80, 0x0c, 0xd0, 0xd0, 0x0d, 0x0e, 0x0a, 0xd0, 0xe0, 0xd0, 0x0e, 0x90, 0xc0,
  0x0e, 0x0c, 0xb0, 0x0a, 0x80, 0x0b, 0x90, 0xe0, 0xc0, 0x0d, 0x08, 0x80, 0xb0, 0x0e, 0xa0, 0x90,
  0x0c, 0x80, 0xd0, 0x06, 0x0d, 0x0b, 0x00, 0xc0, 0x0b, 0x0b, 0xf0, 0xd0, 0x90, 0x60, 0x0e, 0xc0,
  0xb0, 0xd0, 0x0d, 0xf0, 0xe0, 0x0c, 0x08, 0x0a, 0xd0, 0x0e, 0xb0, 0xc0, 0x0d, 0x0d, 0x0e, 0x90,
  0x90, 0xb0, 0xc0, 0xd0, 0x0c, 0xd0, 0xd0, 0x0d, 0x0c, 0x06, 0x0a, 0xb0, 0x0d, 0xc0, 0xa0, 0xe0,
  0x07, 0x0c, 0xe0, 0xd0, 0x0e, 0xd0, 0xc0, 0x0d, 0xc0, 0xa0, 0xe0, 0x0e, 0xa0, 0x80, 0xa0, 0xa0,
  0x0c, 0xd0, 0x0b, 0x0e, 0xd0, 0x08, 0x0c, 0x0f, 0x0d, 0xb0, 0xc0, 0x0b, 0xc0, 0x0b, 0x0d, 0x0d,
  0x0c, 0x0e, 0x0e, 0xb0, 0x0d, 0xd0, 0x0d, 0xd0, 0xa0, 0x0d, 0x0d, 0xe0, 0x0d, 0x0b, 0x0c, 0x0d,
  0xf0, 0xd0, 0xc0, 0x0e, 0x0b, 0xd0, 0x0a, 0x0b, 0xf0, 0x0c, 0xb0, 0x0b, 0x0a, 0xd0, 0x0c, 0x0d,
  0xe0, 0xc0, 0x0a, 0x0e, 0x0e, 0x80, 0x0c, 0xb0, 0x0c, 0x0e, 0x80, 0xb0, 0xf0, 0x80, 0xd0, 0xd0,
  0x0c, 0x0c, 0xc0, 0x0d, 0x08, 0x0c, 0xd0, 0x0e, 0x0c, 0x0a, 0xc0, 0x0c, 0xc0, 0x0a, 0x0e, 0x0e,
  0xc0, 0x0f, 0x0e, 0x0c, 0x0b, 0xc0, 0x0b, 0x0d, 0x0c, 0x0d, 0x08, 0x0e, 0x0b, 0x70, 0xe0, 0xc0,
  0xd0, 0xc0, 0xf0, 0x0c, 0x0d, 0xd0, 0x0d, 0x0d, 0x0b, 0x0c, 0xa0, 0xd0, 0x0e, 0xf0, 0xb0, 0x0e,
  0xc0, 0x0d, 0x0d, 0x0f, 0xf0, 0xe0, 0x08, 0x0e, 0x07, 0xd0, 0x0e, 0xe0, 0x0b, 0x09, 0x0d, 0x09,
  0xd0, 0x07, 0x0b, 0xd0, 0x0e, 0xe0, 0x0d, 0x90, 0x0e, 0x0c, 0x0e, 0x0d, 0xb0, 0xd0, 0xb0, 0x08,
  0xb0, 0xe0, 0xc0, 0x0e, 0xd0, 0xb0, 0xa0, 0xd0, 0x0d, 0x0c, 0x0a, 0xe0, 0xe0, 0xc0, 0x0b, 0x70,
  0xd0, 0x0d, 0xb0, 0xa0, 0xc0, 0xe0, 0xd0, 0xe0, 0xb0, 0x0e, 0x0d, 0x0c, 0xb0, 0xd0, 0xf0, 0x90,
  0xd0, 0x90, 0x70, 0xf0, 0xc0, 0xc0, 0x0f, 0xa0, 0xa0, 0x0b, 0xc0, 0xd0, 0x0a, 0xe0, 0x0d, 0x0d,
  0x70, 0xd0, 0x90, 0x0d, 0xe0, 0xb0, 0x70, 0x0c, 0xd0, 0x0b, 0xd0, 0x08, 0x0b, 0x0e, 0xd0, 0x0c,
  0x90, 0x0c, 0x0d, 0x0e, 0xd0, 0x0b, 0xc0, 0x0b, 0x0d, 0xb0, 0xc0, 0x70, 0x09, 0xa0, 0xc0, 0xd0,
  0x0d, 0x06, 0xe0, 0xc0, 0x08, 0x08, 0xb0, 0xa0, 0x0c, 0x80, 0xb0, 0x0f, 0x07, 0x0c, 0xe0, 0xc0,
  0xc0, 0x0e, 0xc0, 0x0b, 0x0b, 0x70, 0x09, 0xc0, 0xa0, 0xb0, 0xb0, 0x0e, 0xe0, 0xd0, 0x06, 0x0c,
  0x0b, 0x0a, 0x04, 0x80, 0xc0, 0xa0, 0x09, 0x0d, 0x60, 0xc0, 0xd0, 0xa0, 0x0d, 0xd0, 0xd0, 0x0d,
  0x0e, 0x09, 0xe0, 0xc0, 0x0d, 0x09, 0xc0, 0xe0, 0x0d, 0x0d, 0x0d, 0xe0, 0x0e, 0x0b, 0xc0, 0x08,
  0x0e, 0x0e, 0x0d, 0x0b, 0xa0, 0x0c, 0x0d, 0x0d, 0x09, 0xd0, 0x0c, 0xd0, 0x0e, 0x0e, 0x90, 0xe0,
};

const uint8_t golden_s1_w_packed[64 * 10] = {
  0x0b, 0x0f, 0xd0, 0xf0, 0x0d, 0xe0, 0xd0, 0xd0, 0x0c, 0x80, 0x90, 0xd0, 0x0a, 0x0d, 0xf0, 0x0e,
  0xe0, 0xe0, 0xd0, 0xc0, 0xb0, 0xe0, 0xe0, 0xc0, 0xb0, 0x0f, 0xc0, 0xd0, 0xe0, 0xe0, 0x0d, 0xd0,
  0x0e, 0x0b, 0x0c, 0x0f, 0xf0, 0xe0, 0xb0, 0xd0, 0x30, 0x0b, 0xd0, 0x0e, 0x10, 0x0d, 0x90, 0x90,
  0x0c, 0x0b, 0x0b, 0x0c, 0x0c, 0xb0, 0xd0, 0x0c, 0x0c, 0xd0, 0xb0, 0xb0, 0x0b, 0x0d, 0x80, 0x09,
  0x0d, 0x0d, 0xc0, 0xc0, 0xb0, 0x0e, 0x0b, 0xe0, 0x80, 0xe0, 0x0b, 0xe0, 0xd0, 0xe0, 0xc0, 0x0e,
  0x90, 0xb0, 0xd0, 0xf0, 0x0d, 0xf0, 0x90, 0x0d, 0xb0, 0x70, 0xa0, 0x0c, 0xb0, 0xc0, 0xf0, 0xe0,
  0xb0, 0x06, 0x0d, 0x0d, 0x0d, 0x0e, 0x0a, 0xf0, 0xc0, 0xd0, 0xf0, 0x0e, 0xc0, 0xd0, 0xe0, 0x0f,
  0x70, 0xf0, 0x0e, 0x0d, 0xe0, 0x0b, 0x0d, 0xf0, 0x0a, 0x80, 0x0c, 0x0d, 0xc0, 0x0b, 0xc0, 0x0b,
  0x06, 0x0e, 0xd0, 0xb0, 0xa0, 0x0d, 0xa0, 0xf0, 0x0e, 0xe0, 0x90, 0xf0, 0xe0, 0x02, 0xc0, 0x0a,
  0x0e, 0x0d, 0x0e, 0xd0, 0xe0, 0xb0, 0xd0, 0xe0, 0xd0, 0xe0, 0x0e, 0xb0, 0xc0, 0x0c, 0xf0, 0xd0,
  0xb0, 0xb0, 0xf0, 0xf0, 0xe0, 0xd0, 0xe0, 0xe0, 0x0f, 0xa0, 0x0f, 0xf0, 0xc0, 0xb0, 0xe0, 0xe0,
  0x0e, 0x0c, 0x0a, 0x0b, 0xd0, 0xc0, 0xf0, 0xd0, 0xe0, 0x0d, 0xf0, 0x0d, 0xf0, 0x0f, 0x0b, 0xc0,
  0x0d, 0x0a, 0xc0, 0x0e, 0x0c, 0x0c, 0x90, 0xc0, 0xc0, 0x0e, 0x0c, 0xf0, 0x0a, 0xe0, 0xf0, 0xf0,
  0xc0, 0x08, 0xe0, 0x0d, 0xd0, 0xb0, 0x0a, 0x0e, 0xd0, 0x0c, 0x0b, 0xd0, 0xc0, 0x90, 0x0b, 0xb0,
  0x0a, 0x0c, 0x0b, 0x05, 0xb0, 0xa0, 0xd0, 0x0e, 0x0f, 0x80, 0x0d, 0x0b, 0x0e, 0xe0, 0xf0, 0x0f,
  0x0b, 0xe0, 0x0e, 0xe0, 0xc0, 0x0d, 0xe0, 0x0c, 0xd0, 0xe0, 0x0e, 0x0b, 0xa0, 0x0b, 0xc0, 0x0d,
  0xe0, 0xe0, 0xc0, 0xd0, 0xf0, 0xe0, 0x0f, 0xf0, 0x0e, 0xd0, 0xf0, 0x0e, 0x0e, 0x0d, 0xc0, 0x0e,
  0x0a, 0x0f, 0x0e, 0xe0, 0xf0, 0x0a, 0x0c, 0x0c, 0xf0, 0xb0, 0xe0, 0xa0, 0xd0, 0x0b, 0xd0, 0x0e,
  0x0c, 0xc0, 0x0c, 0x08, 0x60, 0x0d, 0xc0, 0xd0, 0xd0, 0x0b, 0x0a, 0x05, 0xe0, 0x0d, 0xf0, 0x0d,
  0xf0, 0xd0, 0xf0, 0xd0, 0xd0, 0xb0, 0xf0, 0xd0, 0xe0, 0x07, 0x0f, 0x0e, 0xf0, 0xd0, 0x0d, 0xa0,
  0xd0, 0xe0, 0x0b, 0x0d, 0xb0, 0x0f, 0x0e, 0xf0, 0x0b, 0xa0, 0x0c, 0x09, 0xb0, 0x0e, 0x0f, 0xc0,
  0xe0, 0xe0, 0x0e, 0xd0, 0xb0, 0x0f, 0x0a, 0xd0, 0xb0, 0x0e, 0x0b, 0xe0, 0x80, 0xd0, 0x0d, 0xd0,
  0x0c, 0xd0, 0xd0, 0x09, 0x0b, 0xf0, 0xc0, 0x08, 0x0b, 0xc0, 0x09, 0xd0, 0xf0, 0x0e, 0x08, 0x0a,
  0x0b, 0xd0, 0x40, 0x0b, 0x0b, 0xd0, 0xc0, 0xe0, 0x0c, 0xd0, 0xe0, 0x0a, 0x0f, 0xf0, 0x0d, 0x0e,
  0xd0, 0xf0, 0x0f, 0xe0, 0x0b, 0x0c, 0xc0, 0x0a, 0x0d, 0x0d, 0xf0, 0xd0, 0x0d, 0x0a, 0x0a, 0xe0,
  0xa0, 0xd0, 0xd0, 0x0a, 0x0f, 0xc0, 0x08, 0x0e, 0xc0, 0x0b, 0xe0, 0x0f, 0x0e, 0x0d, 0x0f, 0xf0,
  0x0e, 0xc0, 0xf0, 0xe0, 0x08, 0xc0, 0xc0, 0x08, 0x0c, 0x0b, 0x0c, 0x0a, 0x0a, 0x09, 0xe0, 0x0e,
  0x0a, 0xd0, 0x0c, 0xe0, 0x0d, 0x0e, 0x0a, 0x0e, 0x0f, 0x0d, 0xf0, 0xe0, 0xf0, 0x0e, 0x0e, 0xc0,
  0xf0, 0xd0, 0x90, 0x0c, 0x05, 0xa0, 0x0c, 0xd0, 0xc0, 0xd0, 0x0b, 0x90, 0xa0, 0xe0, 0x09, 0xc0,
  0x80, 0x0d, 0xb0, 0xd0, 0x0b, 0xb0, 0x0e, 0xc0, 0xa0, 0xe0, 0xd0, 0xc0, 0xb0, 0x0d, 0xe0, 0x0d,
  0xd0, 0xf0, 0xe0, 0x08, 0x0e, 0x0c, 0xc0, 0xe0, 0x0d, 0x0d, 0x70, 0x07, 0x0b, 0xf0, 0xd0, 0xc0,
  0x0f, 0x0d, 0x0d, 0x0c, 0x90, 0xd0, 0xf0, 0xc0, 0xc0, 0x08, 0x0d, 0x0c, 0x08, 0x0c, 0xa0, 0xd0,
  0x0a, 0x0c, 0x0b, 0x0f, 0xd0, 0xe0, 0xc0, 0xe0, 0x0e, 0x90, 0xc0, 0xd0, 0x0a, 0x0f, 0x0b, 0xf0,
  0xc0, 0xc0, 0x0c, 0xa0, 0xb0, 0x0d, 0xe0, 0x0e, 0xe0, 0x0e, 0xd0, 0xf0, 0xc0, 0x0d, 0xe0, 0xb0,
  0xb0, 0x0f, 0x0d, 0xf0, 0xc0, 0x90, 0xc0, 0x0c, 0x0c, 0x0c, 0xd0, 0xf0, 0xd0, 0x08, 0x0f, 0x0d,
  0x0c, 0xd0, 0x80, 0xf0, 0xc0, 0x0d, 0x0e, 0xf0, 0x0e, 0xf0, 0xd0, 0xd0, 0xf0, 0xf0, 0xf0, 0x0e,
  0xf0, 0x10, 0xc0, 0xd0, 0x0c, 0xe0, 0xd0, 0x0d, 0xc0, 0x0f, 0x90, 0x90, 0x0d, 0xf0, 0xe0, 0x90,
  0xd0, 0xc0, 0x90, 0x0d, 0xe0, 0xe0, 0xa0, 0x0a, 0xd0, 0xe0, 0x0d, 0x05, 0x09, 0xe0, 0xf0, 0x0e,
  0x0b, 0x80, 0xd0, 0xe0, 0xf0, 0xa0, 0xc0, 0x0c, 0x0e, 0xc0, 0x90, 0xe0, 0x0b, 0xc0, 0xb0, 0xd0,
  0xc0, 0x0f, 0xc0, 0xf0, 0xe0, 0x60, 0xf0, 0x0c, 0xd0, 0x0d, 0xe0, 0x0e, 0xc0, 0x0d, 0xe0, 0xd0,
};

const uint8_t golden_s0_w_pos[196 * 64] = {
  0x0c, 0x0b, 0x00, 0x00, 0x00, 0x00, 0x00, 0x0b, 0x00, 0x0e, 0x00, 0x0b, 0x00, 0x0c, 0x0f, 0x00,
  0x00, 0x0a, 0x0c, 0x00, 0x0d, 0x0d, 0x00, 0x00, 0x0d, 0x00, 0x00, 0x07, 0x00, 0x07, 0x00, 0x00,
  0x09, 0x0b, 0x0b, 0x00, 0x00, 0x0e, 0x0b, 0x0b, 0x0b, 0x00, 0x00, 0x00, 0x00, 0x09, 0x00, 0x00,
  0x0a, 0x00, 0x0d, 0x07, 0x00, 0x00, 0x00, 0x0e, 0x0e, 0x09, 0x00, 0x0d, 0x00, 0x0c, 0x0c, 0x00,
  0x00, 0x00, 0x0a, 0x0b, 0x00, 0x0c, 0x0b, 0x0b, 0x00, 0x0e, 0x00, 0x00, 0x00, 0x09, 0x00, 0x00,
  0x00, 0x0c, 0x0c, 0x0b, 0x00, 0x0c, 0x0a, 0x0a, 0x00, 0x00, 0x00, 0x0b, 0x00, 0x0c, 0x0d, 0x00,
  0x00, 0x09, 0x00, 0x0a, 0x00, 0x0d, 0x04, 0x00, 0x0b, 0x0a, 0x0a, 0x06, 0x00, 0x00, 0x0c, 0x0c,
  0x0b, 0x0c, 0x00, 0x0d, 0x00, 0x00, 0x00, 0x00, 0x08, 0x00, 0x00, 0x0a, 0x00, 0x00, 0x00, 0x0f,
  0x00, 0x00, 0x00, 0x00, 0x0d, 0x00, 0x00, 0x00, 0x00, 0x00, 0x0a, 0x00, 0x0b, 0x0c, 0x00, 0x09,
  0x0d, 0x00, 0x00, 0x0d, 0x0d, 0x0d, 0x00, 0x0c, 0x00, 0x00, 0x00, 0x00, 0x00, 0x0e, 0x0f, 0x00,
  0x00, 0x0b, 0x00, 0x0c, 0x0b, 0x00, 0x0e, 0x0b, 0x00, 0x0d, 0x00, 0x0c, 0x0c, 0x00, 0x00, 0x00,
  0x00, 0x00, 0x0c, 0x0c, 0x00, 0x00, 0x0b, 0x0b, 0x0d, 0x07, 0x00, 0x0d, 0x0a, 0x00, 0x0d, 0x08,
  0x0d, 0x00, 0x00, 0x00, 0x0a, 0x00, 0x07, 0x00, 0x0c, 0x00, 0x00, 0x00, 0x00, 0x0c, 0x00, 0x00,
  0x0d, 0x0e, 0x00, 0x0e, 0x00, 0x00, 0x0b, 0x0b, 0x00, 0x00, 0x00, 0x00, 0x00, 0x0b, 0x00, 0x0a,
  0x00, 0x0e, 0x0d, 0x0d, 0x08, 0x0d, 0x06, 0x04, 0x00, 0x0b, 0x00, 0x0a, 0x0e, 0x0e, 0x00, 0x0e,
  0x00, 0x0f, 0x0b, 0x0e, 0x00, 0x00, 0x0d, 0x00, 0x0d, 0x0e, 0x0d, 0x0d, 0x00, 0x00, 0x00, 0x0f,
  0x00, 0x0c, 0x07, 0x0b, 0x00, 0x00, 0x00, 0x00, 0x00, 0x00, 0x0e, 0x00, 0x00, 0x00, 0x0a, 0x00,
  0x00, 0x0c, 0x0c, 0x00, 0x00, 0x0e, 0x0b, 0x0c, 0x00, 0x00, 0x09, 0x0e, 0x0b, 0x00, 0x00, 0x00,
  0x0d, 0x0a, 0x00, 0x00, 0x00, 0x00, 0x0b, 0x0f, 0x00, 0x01, 0x0b, 0x0b, 0x0c, 0x0c, 0x0c, 0x0b,
  0x00, 0x08, 0x00, 0x00, 0x0c, 0x00, 0x0b, 0x00, 0x00, 0x0d, 0x00, 0x0c, 0x00, 0x00, 0x0e, 0x0d,
  0x0d, 0x0b, 0x0e, 0x0d, 0x00, 0x0e, 0x00, 0x0e, 0x00, 0x0c, 0x0f, 0x0a, 0x0b, 0x0e, 0x0b, 0x00,
  0x00, 0x00, 0x0d, 0x00, 0x0f, 0x00, 0x0a, 0x0f, 0x0e, 0x00, 0x0e, 0x0e, 0x0d, 0x0d, 0x0f, 0x0d,
  0x00, 0x0e, 0x00, 0x00, 0x00, 0x0b, 0x0e, 0x00, 0x00, 0x0e, 0x0c, 0x00, 0x0f, 0x0b, 0x0b, 0x0e,
  0x00, 0x00, 0x00, 0x00, 0x00, 0x00, 0x0c, 0x0d, 0x00, 0x00, 0x00, 0x00, 0x07, 0x00, 0x0d, 0x0f,
  0x0e, 0x00, 0x00, 0x0c, 0x00, 0x00, 0x09, 0x0d, 0x00, 0x0d, 0x0e, 0x0b, 0x00, 0x0e, 0x0f, 0x0f,
  0x00, 0x00, 0x00, 0x0b, 0x0e, 0x00, 0x0d, 0x00, 0x00, 0x00, 0x09, 0x09, 0x00, 0x00, 0x00, 0x0c,
  0x0c, 0x0c, 0x00, 0x0e, 0x0d, 0x00, 0x0e, 0x00, 0x0b, 0x0e, 0x00, 0x00, 0x00, 0x00, 0x00, 0x00,
  0x00, 0x00, 0x0d, 0x00, 0x00, 0x0e, 0x06, 0x00, 0x00, 0x00, 0x00, 0x0e, 0x00, 0x0f, 0x00, 0x00,
  0x0e, 0x00, 0x00, 0x00, 0x00, 0x0d, 0x0a, 0x0b, 0x09, 0x0d, 0x0d, 0x0b, 0x0d, 0x0b, 0x00, 0x0d,
  0x08, 0x00, 0x00, 0x00, 0x0e, 0x00, 0x07, 0x00, 0x00, 0x08, 0x0c, 0x00, 0x00, 0x0e, 0x00, 0x00,
  0x0e, 0x0b, 0x00, 0x0d, 0x0f, 0x00, 0x0f, 0x00, 0x0e, 0x0d, 0x00, 0x0c, 0x00, 0x00, 0x0a, 0x0d,
  0x0d, 0x00, 0x0e, 0x00, 0x0c, 0x00, 0x0c, 0x0b, 0x00, 0x00, 0x00, 0x00, 0x00, 0x0e, 0x00, 0x00,
  0x00, 0x00, 0x00, 0x0f, 0x0d, 0x0d, 0x00, 0x00, 0x0e, 0x0e, 0x0f, 0x09, 0x00, 0x00, 0x00, 0x00,
  0x00, 0x00, 0x0c, 0x0c, 0x0f, 0x08, 0x0c, 0x0d, 0x0d, 0x00, 0x0f, 0x0f, 0x00, 0x0d, 0x0e, 0x0e,
  0x0d, 0x00, 0x00, 0x00, 0x00, 0x0a, 0x0e, 0x00, 0x00, 0x00, 0x0d, 0x00, 0x00, 0x0c, 0x0d, 0x0a,
  0x00, 0x00, 0x00, 0x0d, 0x00, 0x0a, 0x05, 0x00, 0x00, 0x00, 0x00, 0x0c, 0x0e, 0x00, 0x00, 0x0d,
  0x00, 0x0e, 0x00, 0x08, 0x0c, 0x0e, 0x09, 0x00, 0x0b, 0x0d, 0x0f, 0x00, 0x0d, 0x00, 0x00, 0x00,
  0x0a, 0x00, 0x0d, 0x00, 0x0f, 0x00, 0x00, 0x0f, 0x0d, 0x0b, 0x0a, 0x0d, 0x00, 0x0c, 0x0d, 0x00,
  0x0d, 0x00, 0x0e, 0x0a, 0x00, 0x0b, 0x08, 0x0d, 0x00, 0x00, 0x07, 0x0c, 0x0f, 0x00, 0x0c, 0x00,
  0x00, 0x00, 0x00, 0x0c, 0x0c, 0x00, 0x00, 0x00, 0x00, 0x00, 0x06, 0x00, 0x0f, 0x00, 0x00, 0x0a,
  0x0c, 0x00, 0x0b, 0x00, 0x00, 0x0e, 0x0b, 0x00, 0x00, 0x0c, 0x0e, 0x00, 0x09, 0x0c, 0x08, 0x00,
  0x00, 0x09, 0x00, 0x00, 0x00, 0x00, 0x0c, 0x0d, 0x00, 0x0e, 0x00, 0x00, 0x00, 0x0d, 0x00, 0x00,
  0x0b, 0x0c, 0x0d, 0x0d, 0x0e, 0x00, 0x0e, 0x0b, 0x0b, 0x00, 0x0b, 0x0c, 0x0d, 0x05, 0x0d, 0x00,
  0x00, 0x00, 0x0a, 0x07, 0x00, 0x0b, 0x0c, 0x0c, 0x00, 0x00, 0x0c, 0x00, 0x00, 0x0d, 0x00, 0x00,
  0x00, 0x0b, 0x0c, 0x00, 0x00, 0x09, 0x0d, 0x00, 0x0b, 0x0d, 0x00, 0x0b, 0x0a, 0x00, 0x0b, 0x0e,
  0x00, 0x00, 0x00, 0x00, 0x00, 0x00, 0x00, 0x00, 0x00, 0x00, 0x0b, 0x00, 0x0c, 0x00, 0x00, 0x08,
  0x00, 0x0b, 0x0d, 0x03, 0x0e, 0x0d, 0x00, 0x00, 0x07, 0x00, 0x0e, 0x00, 0x0b, 0x0b, 0x0f, 0x00,
  0x0a, 0x0c, 0x0e, 0x06, 0x00, 0x00, 0x00, 0x00, 0x00, 0x00, 0x0d, 0x0c, 0x00, 0x00, 0x09, 0x0c,
  0x00, 0x00, 0x0d, 0x0b, 0x0d, 0x00, 0x00, 0x00, 0x00, 0x00, 0x00, 0x00, 0x00, 0x00, 0x0b, 0x00,
  0x0d, 0x00, 0x00, 0x0d, 0x00, 0x0d, 0x00, 0x00, 0x00, 0x00, 0x0e, 0x0c, 0x00, 0x0d, 0x0d, 0x00,
  0x0b, 0x0d, 0x00, 0x0c, 0x0a, 0x00, 0x0d, 0x00, 0x0c, 0x00, 0x0e, 0x0e, 0x09, 0x09, 0x00, 0x00,
  0x0b, 0x0e, 0x0d, 0x00, 0x00, 0x00, 0x00, 0x0c, 0x00, 0x00, 0x00, 0x0c, 0x00, 0x00, 0x0b, 0x00,
  0x00, 0x00, 0x0d, 0x00, 0x0c, 0x0b, 0x06, 0x0e, 0x0e, 0x0e, 0x0d, 0x00, 0x00, 0x00, 0x0b, 0x00,
  0x0e, 0x0c, 0x0a, 0x00, 0x00, 0x00, 0x0d, 0x00, 0x09, 0x0e, 0x00, 0x00, 0x00, 0x00, 0x00, 0x0c,
  0x00, 0x0d, 0x0c, 0x00, 0x0d, 0x00, 0x0c, 0x0f, 0x0d, 0x00, 0x00, 0x00, 0x04, 0x0b, 0x00, 0x0d,
  0x06, 0x0d, 0x00, 0x00, 0x00, 0x00, 0x00, 0x00, 0x00, 0x0d, 0x00, 0x00, 0x0b, 0x0c, 0x09, 0x0b,
  0x00, 0x07, 0x0a, 0x0d, 0x00, 0x00, 0x00, 0x0b, 0x00, 0x00, 0x08, 0x00, 0x00, 0x0c, 0x00, 0x0d,
  0x08, 0x0c, 0x08, 0x00, 0x0b, 0x00, 0x0e, 0x00, 0x00, 0x00, 0x00, 0x0b, 0x05, 0x00, 0x0e, 0x00,
  0x00, 0x00, 0x0b, 0x0d, 0x00, 0x0e, 0x00, 0x00, 0x00, 0x00, 0x0d, 0x0d, 0x00, 0x0d, 0x00, 0x0d,
  0x00, 0x0e, 0x00, 0x09, 0x00, 0x0e, 0x00, 0x0d, 0x00, 0x0e, 0x0e, 0x00, 0x00, 0x00, 0x0e, 0x0f,
  0x0e, 0x09, 0x00, 0x00, 0x0a, 0x0d, 0x0b, 0x0d, 0x0a, 0x00, 0x00, 0x00, 0x00, 0x00, 0x0b, 0x00,
  0x00, 0x0e, 0x0c, 0x0e, 0x00, 0x0a, 0x00, 0x00, 0x00, 0x00, 0x00, 0x00, 0x08, 0x0e, 0x0b, 0x0d,
  0x07, 0x0a, 0x00, 0x0e, 0x00, 0x09, 0x0d, 0x00, 0x00, 0x0b, 0x0c, 0x0e, 0x00, 0x00, 0x00, 0x00,
  0x08, 0x0d, 0x0c, 0x0d, 0x08, 0x00, 0x0d, 0x00, 0x00, 0x0d, 0x0a, 0x0b, 0x00, 0x00, 0x0d, 0x00,
  0x0d, 0x00, 0x06, 0x00, 0x07, 0x00, 0x05, 0x00, 0x00, 0x09, 0x00, 0x00, 0x00, 0x00, 0x0b, 0x00,
  0x00, 0x0a, 0x00, 0x0f, 0x00, 0x0e, 0x06, 0x0d, 0x0c, 0x00, 0x00, 0x0d, 0x00, 0x00, 0x00, 0x00,
  0x00, 0x0a, 0x0e, 0x0d, 0x00, 0x0c, 0x0d, 0x0b, 0x00, 0x00, 0x00, 0x00, 0x0b, 0x0c, 0x00, 0x00,
  0x00, 0x0e, 0x00, 0x09, 0x0a, 0x0c, 0x00, 0x00, 0x0e, 0x0d, 0x00, 0x0f, 0x0b, 0x00, 0x0b, 0x00,
  0x00, 0x0f, 0x00, 0x00, 0x00, 0x08, 0x0d, 0x00, 0x0b, 0x0c, 0x00, 0x00, 0x0d, 0x00, 0x00, 0x0a,
  0x00, 0x0d, 0x0e, 0x0b, 0x00, 0x09, 0x00, 0x00, 0x0d, 0x0d, 0x00, 0x0d, 0x00, 0x0e, 0x00, 0x00,
  0x0c, 0x00, 0x00, 0x0d, 0x00, 0x0c, 0x0f, 0x0e, 0x00, 0x00, 0x0e, 0x00, 0x0b, 0x00, 0x00, 0x00,
  0x00, 0x0f, 0x0b, 0x00, 0x0a, 0x00, 0x0c, 0x0c, 0x0b, 0x00, 0x00, 0x00, 0x00, 0x00, 0x00, 0x0b,
  0x09, 0x0c, 0x00, 0x00, 0x00, 0x00, 0x00, 0x00, 0x09, 0x00, 0x00, 0x00, 0x0d, 0x04, 0x0d, 0x0d,
  0x00, 0x00, 0x0a, 0x00, 0x00, 0x00, 0x00, 0x00, 0x0c, 0x00, 0x00, 0x0e, 0x00, 0x00, 0x0c, 0x00,
  0x00, 0x00, 0x00, 0x00, 0x05, 0x00, 0x0e, 0x00, 0x00, 0x0e, 0x08, 0x00, 0x00, 0x00, 0x00, 0x0a,
  0x00, 0x00, 0x0d, 0x00, 0x0c, 0x07, 0x00, 0x00, 0x00, 0x00, 0x00, 0x0d, 0x00, 0x00, 0x09, 0x0e,
  0x0e, 0x0e, 0x00, 0x00, 0x00, 0x0e, 0x0d, 0x00, 0x0b, 0x0b, 0x0e, 0x00, 0x0c, 0x00, 0x0d, 0x0e,
  0x00, 0x00, 0x00, 0x00, 0x0d, 0x00, 0x09, 0x00, 0x0c, 0x00, 0x00, 0x00, 0x0b, 0x00, 0x07, 0x00,
  0x08, 0x09, 0x00, 0x00, 0x00, 0x0b, 0x0e, 0x0a, 0x00, 0x0d, 0x0d, 0x00, 0x09, 0x00, 0x00, 0x00,
  0x00, 0x0d, 0x00, 0x0a, 0x07, 0x00, 0x00, 0x0b, 0x00, 0x00, 0x0b, 0x0e, 0x07, 0x0b, 0x00, 0x00,
  0x0e, 0x0c, 0x0b, 0x00, 0x00, 0x0b, 0x0d, 0x0d, 0x0b, 0x0c, 0x0d, 0x0a, 0x0e, 0x0e, 0x0c, 0x0e,
  0x00, 0x07, 0x00, 0x00, 0x00, 0x00, 0x00, 0x00, 0x0e, 0x0e, 0x0c, 0x00, 0x00, 0x00, 0x00, 0x00,
  0x0e, 0x00, 0x00, 0x0d, 0x0c, 0x00, 0x0e, 0x00, 0x0b, 0x00, 0x00, 0x00, 0x0e, 0x00, 0x0a, 0x00,
  0x0b, 0x00, 0x0c, 0x00, 0x00, 0x00, 0x0e, 0x00, 0x0d, 0x00, 0x00, 0x00, 0x00, 0x0f, 0x00, 0x00,
  0x0b, 0x0d, 0x00, 0x00, 0x0c, 0x00, 0x00, 0x0b, 0x0d, 0x00, 0x09, 0x0b, 0x00, 0x09, 0x0e, 0x0f,
  0x00, 0x00, 0x00, 0x08, 0x0a, 0x0c, 0x00, 0x0d, 0x0a, 0x00, 0x00, 0x00, 0x00, 0x00, 0x00, 0x00,
  0x00, 0x00, 0x00, 0x04, 0x00, 0x0c, 0x0e, 0x00, 0x0f, 0x0c, 0x00, 0x00, 0x00, 0x0c, 0x00, 0x00,
  0x00, 0x00, 0x0a, 0x07, 0x00, 0x00, 0x00, 0x00, 0x00, 0x00, 0x00, 0x00, 0x00, 0x0d, 0x00, 0x00,
  0x00, 0x00, 0x00, 0x0e, 0x0c, 0x00, 0x00, 0x0c, 0x00, 0x00, 0x00, 0x00, 0x00, 0x02, 0x00, 0x00,
  0x00, 0x0d, 0x09, 0x0d, 0x08, 0x00, 0x00, 0x0b, 0x00, 0x00, 0x0c, 0x0d, 0x09, 0x0d, 0x00, 0x0c,
  0x0b, 0x00, 0x00, 0x00, 0x00, 0x00, 0x00, 0x00, 0x00, 0x0c, 0x09, 0x0b, 0x00, 0x00, 0x00, 0x00,
  0x00, 0x0d, 0x0d, 0x0c, 0x00, 0x0c, 0x00, 0x00, 0x00, 0x00, 0x00, 0x0b, 0x00, 0x0d, 0x00, 0x00,
  0x0a, 0x0d, 0x0c, 0x00, 0x00, 0x04, 0x00, 0x00, 0x0d, 0x00, 0x00, 0x00, 0x00, 0x05, 0x0c, 0x00,
  0x00, 0x0c, 0x0b, 0x00, 0x00, 0x09, 0x00, 0x0e, 0x0e, 0x0d, 0x00, 0x0d, 0x00, 0x00, 0x00, 0x00,
  0x0e, 0x00, 0x0a, 0x09, 0x0c, 0x00, 0x00, 0x0b, 0x0d, 0x09, 0x0c, 0x00, 0x0c, 0x0c, 0x0b, 0x00,
  0x0e, 0x00, 0x0e, 0x0c, 0x05, 0x0d, 0x00, 0x00, 0x00, 0x00, 0x00, 0x05, 0x0c, 0x00, 0x00, 0x00,
  0x00, 0x0f, 0x0e, 0x00, 0x00, 0x0c, 0x00, 0x0c, 0x0f, 0x00, 0x00, 0x00, 0x00, 0x00, 0x00, 0x00,
  0x00, 0x00, 0x0c, 0x00, 0x00, 0x0d, 0x09, 0x0d, 0x0d, 0x0e, 0x00, 0x00, 0x00, 0x0c, 0x00, 0x00,
  0x0e, 0x00, 0x0b, 0x0e, 0x00, 0x0e, 0x0d, 0x0f, 0x00, 0x00, 0x00, 0x00, 0x0f, 0x00, 0x00, 0x0c,
  0x0c, 0x0d, 0x0c, 0x0d, 0x00, 0x09, 0x00, 0x00, 0x0a, 0x00, 0x0e, 0x0c, 0x00, 0x00, 0x00, 0x0d,
  0x0b, 0x0e, 0x0d, 0x0d, 0x00, 0x0d, 0x00, 0x00, 0x0d, 0x0e, 0x07, 0x00, 0x00, 0x00, 0x00, 0x00,
  0x00, 0x00, 0x00, 0x07, 0x0a, 0x09, 0x0a, 0x00, 0x0c, 0x00, 0x0d, 0x00, 0x0c, 0x0b, 0x00, 0x00,
  0x00, 0x0d, 0x0e, 0x0e, 0x00, 0x00, 0x00, 0x0a, 0x00, 0x00, 0x0c, 0x00, 0x0d, 0x0d, 0x0a, 0x0c,
  0x0b, 0x0d, 0x00, 0x09, 0x00, 0x0c, 0x09, 0x0e, 0x0c, 0x0d, 0x00, 0x0f, 0x0b, 0x00, 0x00, 0x0d,
  0x00, 0x00, 0x00, 0x00, 0x0c, 0x00, 0x0b, 0x00, 0x05, 0x0d, 0x0e, 0x0a, 0x00, 0x00, 0x0d, 0x00,
  0x0e, 0x00, 0x00, 0x0a, 0x00, 0x06, 0x0d, 0x00, 0x00, 0x0a, 0x0e, 0x07, 0x0e, 0x0c, 0x00, 0x0e,
  0x0c, 0x00, 0x09, 0x00, 0x00, 0x00, 0x00, 0x09, 0x00, 0x00, 0x0c, 0x09, 0x00, 0x00, 0x00, 0x00,
  0x0d, 0x00, 0x0d, 0x00, 0x00, 0x0c, 0x00, 0x09, 0x0d, 0x00, 0x00, 0x0c, 0x0d, 0x00, 0x0c, 0x0b,
  0x0e, 0x0c, 0x00, 0x00, 0x00, 0x00, 0x0b, 0x00, 0x00, 0x0d, 0x00, 0x0d, 0x00, 0x00, 0x0d, 0x00,
  0x00, 0x00, 0x00, 0x00, 0x0c, 0x0b, 0x0d, 0x0c, 0x00, 0x00, 0x00, 0x0d, 0x0d, 0x09, 0x0e, 0x09,
  0x0b, 0x0d, 0x00, 0x0c, 0x00, 0x00, 0x00, 0x0d, 0x0e, 0x0b, 0x00, 0x0d, 0x00, 0x00, 0x00, 0x00,
  0x0c, 0x00, 0x0f, 0x08, 0x03, 0x00, 0x0c, 0x00, 0x00, 0x00, 0x00, 0x00, 0x0a, 0x0a, 0x00, 0x00,
  0x0b, 0x00, 0x00, 0x00, 0x0a, 0x00, 0x00, 0x0e, 0x0c, 0x09, 0x0d, 0x00, 0x0c, 0x0b, 0x08, 0x0a,
  0x0e, 0x00, 0x00, 0x00, 0x0f, 0x00, 0x00, 0x0a, 0x00, 0x0d, 0x0b, 0x00, 0x00, 0x00, 0x00, 0x0e,
  0x0d, 0x00, 0x0e, 0x00, 0x0c, 0x0c, 0x00, 0x00, 0x0d, 0x00, 0x00, 0x0a, 0x00, 0x0d, 0x0e, 0x0d,
  0x00, 0x00, 0x09, 0x00, 0x0e, 0x00, 0x00, 0x00, 0x00, 0x00, 0x00, 0x0d, 0x00, 0x00, 0x00, 0x0c,
  0x00, 0x09, 0x08, 0x0c, 0x0c, 0x00, 0x0e, 0x00, 0x09, 0x00, 0x00, 0x00, 0x0d, 0x00, 0x00, 0x00,
  0x00, 0x00, 0x0e, 0x00, 0x00, 0x00, 0x00, 0x0c, 0x00, 0x00, 0x00, 0x0a, 0x00, 0x0d, 0x09, 0x00,
  0x00, 0x05, 0x00, 0x00, 0x00, 0x0d, 0x00, 0x0f, 0x0b, 0x0b, 0x08, 0x09, 0x00, 0x0d, 0x0a, 0x0b,
  0x00, 0x00, 0x0f, 0x09, 0x00, 0x0d, 0x00, 0x00, 0x00, 0x0d, 0x00, 0x00, 0x00, 0x08, 0x0a, 0x00,
  0x0e, 0x0b, 0x0d, 0x0b, 0x0c, 0x00, 0x00, 0x0e, 0x0f, 0x0c, 0x0b, 0x00, 0x0d, 0x00, 0x00, 0x00,
  0x00, 0x0d, 0x00, 0x00, 0x0e, 0x00, 0x00, 0x0d, 0x0e, 0x00, 0x0b, 0x00, 0x00, 0x00, 0x0c, 0x00,
  0x09, 0x0b, 0x00, 0x0c, 0x00, 0x0c, 0x0b, 0x0c, 0x0d, 0x00, 0x00, 0x0c, 0x0e, 0x05, 0x00, 0x0d,
  0x0a, 0x06, 0x0b, 0x00, 0x06, 0x00, 0x09, 0x00, 0x00, 0x00, 0x0a, 0x00, 0x0d, 0x00, 0x00, 0x00,
  0x0b, 0x0d, 0x00, 0x00, 0x00, 0x00, 0x0c, 0x00, 0x09, 0x00, 0x00, 0x00, 0x0c, 0x07, 0x0b, 0x00,
  0x00, 0x0c, 0x00, 0x0b, 0x00, 0x00, 0x0c, 0x00, 0x00, 0x07, 0x00, 0x00, 0x00, 0x0e, 0x00, 0x00,
  0x00, 0x00, 0x0b, 0x0d, 0x00, 0x00, 0x0e, 0x0d, 0x00, 0x0a, 0x00, 0x0c, 0x0a, 0x00, 0x00, 0x00,
  0x00, 0x0f, 0x00, 0x00, 0x0c, 0x00, 0x09, 0x00, 0x0e, 0x00, 0x00, 0x00, 0x00, 0x0e, 0x00, 0x06,
  0x00, 0x0a, 0x00, 0x00, 0x0a, 0x00, 0x00, 0x0d, 0x09, 0x00, 0x00, 0x0d, 0x08, 0x0d, 0x0f, 0x00,
  0x00, 0x0b, 0x00, 0x0e, 0x00, 0x00, 0x07, 0x0a, 0x00, 0x00, 0x00, 0x0f, 0x00, 0x0e, 0x0d, 0x00,
  0x04, 0x0b, 0x09, 0x0c, 0x08, 0x0d, 0x00, 0x0d, 0x0c, 0x0e, 0x00, 0x0d, 0x0d, 0x0d, 0x00, 0x0d,
  0x00, 0x00, 0x00, 0x00, 0x0f, 0x0b, 0x00, 0x0c, 0x00, 0x0a, 0x0c, 0x00, 0x0e, 0x00, 0x09, 0x00,
  0x00, 0x00, 0x00, 0x09, 0x0c, 0x0d, 0x09, 0x0b, 0x0e, 0x00, 0x00, 0x0d, 0x0a, 0x0c, 0x00, 0x0a,
  0x00, 0x00, 0x00, 0x00, 0x0e, 0x00, 0x0a, 0x00, 0x0b, 0x0d, 0x00, 0x00, 0x0b, 0x00, 0x09, 0x0f,
  0x00, 0x00, 0x00, 0x00, 0x00, 0x00, 0x0e, 0x00, 0x00, 0x0e, 0x00, 0x0e, 0x0b, 0x00, 0x0f, 0x06,
  0x0f, 0x00, 0x00, 0x0a, 0x00, 0x0e, 0x00, 0x0e, 0x00, 0x00, 0x00, 0x00, 0x0f, 0x00, 0x00, 0x0d,
  0x0b, 0x00, 0x00, 0x00, 0x00, 0x0e, 0x0b, 0x0d, 0x0b, 0x0d, 0x0c, 0x0c, 0x0b, 0x0d, 0x0a, 0x0e,
  0x00, 0x00, 0x0d, 0x0c, 0x0c, 0x0a, 0x00, 0x00, 0x00, 0x00, 0x00, 0x00, 0x00, 0x00, 0x0c, 0x00,
  0x0b, 0x0e, 0x00, 0x00, 0x00, 0x00, 0x00, 0x06, 0x0d, 0x0d, 0x00, 0x00, 0x0c, 0x0f, 0x00, 0x00,
  0x00, 0x00, 0x00, 0x00, 0x00, 0x00, 0x00, 0x0c, 0x0b, 0x00, 0x0f, 0x00, 0x00, 0x00, 0x00, 0x0a,
  0x0d, 0x00, 0x0b, 0x0b, 0x00, 0x0d, 0x0c, 0x0b, 0x00, 0x00, 0x00, 0x0d, 0x00, 0x0e, 0x0c, 0x0d,
  0x00, 0x0c, 0x00, 0x0d, 0x0d, 0x0a, 0x00, 0x07, 0x00, 0x00, 0x00, 0x00, 0x0d, 0x00, 0x0c, 0x0b,
  0x00, 0x00, 0x0a, 0x00, 0x00, 0x00, 0x00, 0x00, 0x0c, 0x0e, 0x0b, 0x0b, 0x00, 0x00, 0x00, 0x00,
  0x0c, 0x00, 0x0c, 0x00, 0x00, 0x07, 0x00, 0x00, 0x00, 0x00, 0x00, 0x00, 0x0e, 0x0e, 0x00, 0x00,
  0x0e, 0x0d, 0x06, 0x0d, 0x00, 0x0e, 0x00, 0x0d, 0x00, 0x0d, 0x0e, 0x00, 0x00, 0x00, 0x0c, 0x00,
  0x00, 0x09, 0x00, 0x0b, 0x00, 0x00, 0x00, 0x0a, 0x00, 0x0e, 0x00, 0x0d, 0x00, 0x09, 0x09, 0x0e,
  0x00, 0x00, 0x0d, 0x00, 0x00, 0x00, 0x00, 0x00, 0x00, 0x0c, 0x0c, 0x0d, 0x00, 0x00, 0x00, 0x00,
  0x0c, 0x00, 0x00, 0x0d, 0x08, 0x00, 0x08, 0x00, 0x00, 0x0d, 0x00, 0x00, 0x0f, 0x00, 0x00, 0x00,
  0x0c, 0x0e, 0x0c, 0x00, 0x0d, 0x0d, 0x00, 0x00, 0x0c, 0x00, 0x00, 0x00, 0x00, 0x00, 0x00, 0x00,
  0x00, 0x07, 0x0c, 0x0a, 0x0e, 0x00, 0x00, 0x0c, 0x0e, 0x00, 0x0e, 0x0d, 0x0b, 0x0d, 0x0d, 0x00,
  0x0a, 0x0c, 0x0e, 0x0a, 0x0c, 0x00, 0x00, 0x00, 0x00, 0x0c, 0x0c, 0x00, 0x00, 0x00, 0x0b, 0x00,
  0x07, 0x00, 0x00, 0x00, 0x0c, 0x09, 0x00, 0x00, 0x00, 0x00, 0x0d, 0x00, 0x09, 0x00, 0x00, 0x0d,
  0x00, 0x0e, 0x0d, 0x00, 0x0c, 0x00, 0x00, 0x00, 0x0e, 0x00, 0x00, 0x00, 0x0c, 0x00, 0x0e, 0x00,
  0x00, 0x0d, 0x0f, 0x00, 0x00, 0x00, 0x00, 0x00, 0x00, 0x0d, 0x00, 0x00, 0x0c, 0x0d, 0x0c, 0x00,
  0x0d, 0x0d, 0x0e, 0x00, 0x00, 0x0c, 0x0d, 0x0d, 0x00, 0x07, 0x00, 0x0a, 0x00, 0x00, 0x0a, 0x0a,
  0x00, 0x0e, 0x05, 0x08, 0x0c, 0x0b, 0x00, 0x00, 0x0f, 0x0b, 0x0a, 0x0c, 0x00, 0x0d, 0x0e, 0x0d,
  0x00, 0x09, 0x0b, 0x00, 0x0d, 0x00, 0x00, 0x0d, 0x0b, 0x00, 0x0c, 0x0e, 0x00, 0x00, 0x00, 0x00,
  0x0b, 0x0d, 0x0e, 0x0b, 0x00, 0x0d, 0x00, 0x0c, 0x0e, 0x00, 0x00, 0x00, 0x0a, 0x00, 0x00, 0x0e,
  0x00, 0x00, 0x0d, 0x0f, 0x09, 0x0d, 0x00, 0x0c, 0x00, 0x00, 0x0d, 0x0d, 0x0e, 0x09, 0x0d, 0x0c,
  0x00, 0x00, 0x0b, 0x0a, 0x00, 0x0c, 0x00, 0x00, 0x00, 0x00, 0x00, 0x0e, 0x00, 0x00, 0x0d, 0x00,
  0x0e, 0x00, 0x07, 0x00, 0x00, 0x08, 0x0d, 0x00, 0x00, 0x0e, 0x00, 0x00, 0x0e, 0x00, 0x00, 0x00,
  0x00, 0x00, 0x0b, 0x00, 0x0b, 0x0c, 0x00, 0x00, 0x00, 0x0c, 0x00, 0x0c, 0x08, 0x09, 0x00, 0x0e,
  0x0f, 0x0c, 0x0a, 0x00, 0x0d, 0x00, 0x00, 0x00, 0x00, 0x00, 0x00, 0x00, 0x0b, 0x0e, 0x00, 0x0c,
  0x0c, 0x0a, 0x0e, 0x00, 0x0d, 0x00, 0x0e, 0x00, 0x0d, 0x08, 0x07, 0x0e, 0x00, 0x00, 0x0d, 0x0b,
  0x00, 0x00, 0x00, 0x09, 0x0c, 0x09, 0x0e, 0x00, 0x00, 0x0d, 0x0c, 0x00, 0x00, 0x0b, 0x0c, 0x00,
  0x0d, 0x00, 0x00, 0x0c, 0x00, 0x00, 0x00, 0x00, 0x00, 0x00, 0x0d, 0x00, 0x09, 0x00, 0x00, 0x0e,
  0x0e, 0x00, 0x00, 0x0c, 0x00, 0x0f, 0x00, 0x0e, 0x00, 0x00, 0x09, 0x0e, 0x0c, 0x0e, 0x00, 0x00,
  0x0e, 0x09, 0x0c, 0x00, 0x00, 0x0c, 0x0a, 0x00, 0x08, 0x00, 0x00, 0x00, 0x0d, 0x0b, 0x00, 0x0e,
  0x0f, 0x0b, 0x00, 0x00, 0x0b, 0x0b, 0x0e, 0x00, 0x0c, 0x0c, 0x0b, 0x00, 0x00, 0x00, 0x00, 0x00,
  0x0c, 0x09, 0x00, 0x0a, 0x00, 0x00, 0x00, 0x00, 0x0f, 0x00, 0x0c, 0x0c, 0x00, 0x00, 0x07, 0x0d,
  0x00, 0x0e, 0x00, 0x08, 0x0b, 0x0d, 0x0c, 0x0d, 0x00, 0x0a, 0x00, 0x0d, 0x00, 0x0b, 0x0d, 0x00,
  0x0b, 0x0e, 0x0d, 0x0a, 0x0e, 0x0c, 0x0c, 0x00, 0x0c, 0x00, 0x0d, 0x0c, 0x0e, 0x00, 0x00, 0x00,
  0x0c, 0x0d, 0x00, 0x00, 0x00, 0x00, 0x00, 0x00, 0x00, 0x09, 0x09, 0x08, 0x0c, 0x00, 0x0d, 0x00,
  0x0c, 0x00, 0x00, 0x00, 0x00, 0x0d, 0x0d, 0x00, 0x00, 0x00, 0x0d, 0x00, 0x00, 0x0d, 0x0d, 0x00,
  0x0b, 0x0b, 0x00, 0x00, 0x0e, 0x0c, 0x0e, 0x00, 0x00, 0x00, 0x00, 0x00, 0x0e, 0x00, 0x02, 0x00,
  0x0b, 0x00, 0x0c, 0x03, 0x0d, 0x0c, 0x0c, 0x00, 0x0d, 0x0e, 0x0b, 0x0b, 0x08, 0x0b, 0x0c, 0x00,
  0x0e, 0x0b, 0x00, 0x00, 0x00, 0x00, 0x00, 0x0d, 0x0b, 0x0e, 0x05, 0x00, 0x00, 0x00, 0x00, 0x00,
  0x00, 0x00, 0x0a, 0x00, 0x0f, 0x08, 0x00, 0x0c, 0x0d, 0x08, 0x00, 0x00, 0x00, 0x0d, 0x00, 0x00,
  0x0d, 0x00, 0x0b, 0x0e, 0x00, 0x00, 0x07, 0x00, 0x00, 0x00, 0x08, 0x0c, 0x0d, 0x0a, 0x0f, 0x00,
  0x0d, 0x0b, 0x00, 0x00, 0x0b, 0x00, 0x04, 0x0d, 0x00, 0x00, 0x0b, 0x00, 0x0b, 0x0d, 0x0a, 0x09,
  0x00, 0x00, 0x00, 0x00, 0x00, 0x0c, 0x00, 0x0d, 0x0c, 0x00, 0x0b, 0x0b, 0x08, 0x0b, 0x0d, 0x00,
  0x0c, 0x0b, 0x00, 0x00, 0x09, 0x0d, 0x00, 0x0c, 0x0d, 0x00, 0x0f, 0x00, 0x07, 0x00, 0x07, 0x00,
  0x00, 0x00, 0x00, 0x0b, 0x0c, 0x00, 0x0e, 0x0d, 0x00, 0x00, 0x00, 0x0e, 0x0a, 0x0e, 0x05, 0x0c,
  0x00, 0x0d, 0x00, 0x00, 0x0a, 0x0c, 0x00, 0x0c, 0x00, 0x00, 0x0c, 0x00, 0x08, 0x00, 0x00, 0x00,
  0x00, 0x0e, 0x00, 0x00, 0x0a, 0x00, 0x0e, 0x0c, 0x0b, 0x0a, 0x0d, 0x00, 0x0d, 0x0e, 0x0a, 0x0c,
  0x00, 0x0e, 0x00, 0x0d, 0x00, 0x00, 0x00, 0x00, 0x00, 0x00, 0x0d, 0x08, 0x00, 0x0b, 0x0a, 0x00,
  0x0d, 0x0f, 0x00, 0x00, 0x00, 0x00, 0x00, 0x0f, 0x00, 0x0d, 0x00, 0x0d, 0x01, 0x09, 0x0b, 0x00,
  0x0c, 0x00, 0x00, 0x0d, 0x0a, 0x00, 0x00, 0x00, 0x0b, 0x00, 0x0c, 0x00, 0x00, 0x08, 0x00, 0x00,
  0x00, 0x00, 0x0e, 0x0c, 0x00, 0x00, 0x00, 0x0a, 0x0a, 0x00, 0x0d, 0x0c, 0x0b, 0x0d, 0x0b, 0x00,
  0x0d, 0x00, 0x00, 0x0d, 0x00, 0x0d, 0x0b, 0x05, 0x00, 0x00, 0x00, 0x0e, 0x09, 0x08, 0x09, 0x0b,
  0x00, 0x0b, 0x00, 0x00, 0x00, 0x0a, 0x0a, 0x00, 0x00, 0x00, 0x00, 0x0d, 0x00, 0x00, 0x0e, 0x0b,
  0x0a, 0x00, 0x0c, 0x00, 0x0c, 0x0d, 0x00, 0x00, 0x0c, 0x00, 0x0e, 0x00, 0x00, 0x00, 0x0a, 0x0e,
  0x0b, 0x0c, 0x0d, 0x0c, 0x00, 0x00, 0x0c, 0x0c, 0x0c, 0x0d, 0x09, 0x00, 0x0d, 0x00, 0x00, 0x0a,
  0x0d, 0x0c, 0x00, 0x0d, 0x0c, 0x00, 0x06, 0x00, 0x00, 0x0e, 0x00, 0x0c, 0x00, 0x00, 0x0e, 0x07,
  0x0d, 0x0d, 0x00, 0x0c, 0x00, 0x0e, 0x0c, 0x00, 0x00, 0x0a, 0x00, 0x00, 0x00, 0x0b, 0x00, 0x00,
  0x0d, 0x00, 0x0e, 0x09, 0x00, 0x00, 0x09, 0x00, 0x00, 0x08, 0x00, 0x0d, 0x00, 0x00, 0x00, 0x00,
  0x0e, 0x00, 0x00, 0x00, 0x00, 0x00, 0x0d, 0x00, 0x0b, 0x00, 0x0a, 0x0b, 0x0d, 0x00, 0x09, 0x00,
  0x00, 0x00, 0x05, 0x00, 0x0b, 0x0d, 0x07, 0x0d, 0x0e, 0x0d, 0x0d, 0x00, 0x00, 0x00, 0x0b, 0x00,
  0x00, 0x0b, 0x0c, 0x0d, 0x00, 0x0c, 0x0c, 0x00, 0x00, 0x0c, 0x0a, 0x0d, 0x00, 0x0b, 0x00, 0x0c,
  0x0d, 0x00, 0x00, 0x00, 0x00, 0x0e, 0x00, 0x00, 0x0d, 0x09, 0x00, 0x00, 0x00, 0x0b, 0x0d, 0x0e,
  0x0b, 0x00, 0x00, 0x0b, 0x0c, 0x0d, 0x00, 0x0e, 0x00, 0x0c, 0x0c, 0x00, 0x0e, 0x00, 0x00, 0x00,
  0x00, 0x00, 0x00, 0x00, 0x00, 0x0b, 0x0d, 0x0c, 0x00, 0x00, 0x0b, 0x0d, 0x00, 0x00, 0x0d, 0x0b,
  0x0c, 0x00, 0x00, 0x0e, 0x0b, 0x00, 0x00, 0x0e, 0x0a, 0x0c, 0x0c, 0x0d, 0x00, 0x00, 0x00, 0x0f,
  0x00, 0x00, 0x0d, 0x0d, 0x0d, 0x0f, 0x00, 0x00, 0x00, 0x00, 0x00, 0x0b, 0x0b, 0x0a, 0x00, 0x00,
  0x00, 0x00, 0x00, 0x00, 0x00, 0x00, 0x00, 0x00, 0x0a, 0x0b, 0x0d, 0x0d, 0x00, 0x00, 0x0d, 0x00,
  0x00, 0x0e, 0x00, 0x0c, 0x0c, 0x00, 0x07, 0x00, 0x09, 0x08, 0x00, 0x0b, 0x00, 0x0b, 0x00, 0x00,
  0x0b, 0x00, 0x00, 0x00, 0x0e, 0x00, 0x00, 0x00, 0x0f, 0x0e, 0x0b, 0x0b, 0x0c, 0x0e, 0x0c, 0x0d,
  0x00, 0x0a, 0x00, 0x00, 0x06, 0x0d, 0x0e, 0x00, 0x00, 0x0c, 0x00, 0x00, 0x09, 0x00, 0x00, 0x00,
  0x00, 0x00, 0x0b, 0x0e, 0x0b, 0x00, 0x00, 0x0c, 0x00, 0x00, 0x00, 0x01, 0x08, 0x00, 0x00, 0x0b,
  0x00, 0x00, 0x00, 0x00, 0x00, 0x00, 0x00, 0x0b, 0x0e, 0x00, 0x00, 0x00, 0x0c, 0x06, 0x00, 0x00,
  0x00, 0x0b, 0x0e, 0x00, 0x00, 0x0e, 0x0e, 0x09, 0x00, 0x00, 0x0c, 0x00, 0x0b, 0x00, 0x00, 0x00,
  0x00, 0x0f, 0x00, 0x0c, 0x00, 0x00, 0x0e, 0x00, 0x00, 0x00, 0x0d, 0x00, 0x0b, 0x0b, 0x00, 0x0c,
  0x0c, 0x00, 0x0d, 0x0d, 0x00, 0x0c, 0x0c, 0x0e, 0x0c, 0x00, 0x0c, 0x00, 0x00, 0x00, 0x00, 0x00,
  0x00, 0x0b, 0x0d, 0x0d, 0x0d, 0x0c, 0x0c, 0x0d, 0x0f, 0x0d, 0x00, 0x00, 0x0d, 0x0c, 0x0c, 0x00,
  0x0c, 0x0d, 0x00, 0x0e, 0x00, 0x00, 0x00, 0x00, 0x00, 0x00, 0x0d, 0x0b, 0x0e, 0x00, 0x00, 0x0c,
  0x0c, 0x0d, 0x00, 0x00, 0x00, 0x0e, 0x0b, 0x00, 0x0d, 0x0d, 0x00, 0x00, 0x0c, 0x0f, 0x0d, 0x00,
  0x09, 0x08, 0x00, 0x00, 0x00, 0x0a, 0x0d, 0x0f, 0x00, 0x0f, 0x00, 0x00, 0x00, 0x00, 0x00, 0x00,
  0x0d, 0x00, 0x0e, 0x0d, 0x00, 0x00, 0x0c, 0x00, 0x0d, 0x00, 0x0b, 0x0d, 0x0d, 0x05, 0x0e, 0x0b,
  0x00, 0x00, 0x06, 0x0e, 0x00, 0x00, 0x0d, 0x00, 0x00, 0x00, 0x00, 0x0b, 0x0d, 0x00, 0x0d, 0x00,
  0x00, 0x00, 0x00, 0x0c, 0x00, 0x0e, 0x0c, 0x0d, 0x00, 0x0e, 0x07, 0x00, 0x00, 0x0f, 0x0d, 0x0c,
  0x0a, 0x0b, 0x00, 0x00, 0x00, 0x0d, 0x00, 0x0d, 0x0b, 0x00, 0x00, 0x00, 0x0d, 0x0a, 0x00, 0x00,
  0x0f, 0x00, 0x0b, 0x0c, 0x0a, 0x00, 0x00, 0x00, 0x00, 0x00, 0x0c, 0x0c, 0x0c, 0x00, 0x00, 0x0d,
  0x00, 0x00, 0x00, 0x0d, 0x00, 0x0d, 0x0c, 0x00, 0x00, 0x00, 0x0c, 0x0d, 0x00, 0x0e, 0x00, 0x0d,
  0x0e, 0x00, 0x0e, 0x0f, 0x0e, 0x00, 0x00, 0x0a, 0x00, 0x00, 0x00, 0x0b, 0x00, 0x00, 0x0d, 0x00,
  0x0a, 0x0a, 0x00, 0x00, 0x00, 0x0b, 0x00, 0x00, 0x0d, 0x0c, 0x06, 0x0b, 0x00, 0x00, 0x00, 0x00,
  0x0f, 0x0a, 0x00, 0x00, 0x0c, 0x00, 0x00, 0x00, 0x09, 0x00, 0x0b, 0x00, 0x00, 0x0e, 0x0b, 0x0b,
  0x0e, 0x00, 0x0b, 0x00, 0x00, 0x00, 0x00, 0x0d, 0x00, 0x09, 0x00, 0x00, 0x0a, 0x00, 0x0d, 0x08,
  0x00, 0x0a, 0x0e, 0x00, 0x0b, 0x00, 0x00, 0x0e, 0x0d, 0x00, 0x0b, 0x0b, 0x00, 0x0c, 0x0d, 0x00,
  0x0d, 0x00, 0x00, 0x00, 0x0a, 0x0b, 0x05, 0x0e, 0x00, 0x00, 0x00, 0x00, 0x0c, 0x00, 0x00, 0x0c,
  0x0b, 0x0d, 0x00, 0x00, 0x00, 0x0d, 0x0c, 0x00, 0x00, 0x0d, 0x00, 0x08, 0x00, 0x0d, 0x0a, 0x0d,
  0x0c, 0x0d, 0x0c, 0x0e, 0x0c, 0x09, 0x0e, 0x0f, 0x0e, 0x00, 0x00, 0x00, 0x00, 0x00, 0x0b, 0x00,
  0x05, 0x0c, 0x0c, 0x00, 0x0a, 0x08, 0x00, 0x00, 0x00, 0x0b, 0x00, 0x00, 0x05, 0x0e, 0x0b, 0x0d,
  0x0d, 0x00, 0x00, 0x00, 0x09, 0x0d, 0x00, 0x0c, 0x0c, 0x0d, 0x00, 0x0f, 0x0e, 0x0e, 0x00, 0x0b,
  0x0d, 0x0b, 0x0e, 0x00, 0x0c, 0x00, 0x00, 0x0d, 0x0d, 0x0a, 0x00, 0x00, 0x0a, 0x00, 0x0d, 0x0e,
  0x00, 0x00, 0x00, 0x0f, 0x0d, 0x00, 0x0e, 0x00, 0x00, 0x08, 0x0d, 0x00, 0x0e, 0x00, 0x0c, 0x0c,
  0x00, 0x00, 0x00, 0x08, 0x0a, 0x00, 0x00, 0x0a, 0x00, 0x00, 0x08, 0x00, 0x0e, 0x0a, 0x00, 0x00,
  0x00, 0x0c, 0x00, 0x0d, 0x00, 0x0b, 0x00, 0x0a, 0x0e, 0x00, 0x0d, 0x0c, 0x0b, 0x0b, 0x0b, 0x0d,
  0x09, 0x00, 0x00, 0x00, 0x0e, 0x00, 0x09, 0x09, 0x00, 0x00, 0x0d, 0x00, 0x00, 0x0d, 0x0c, 0x00,
  0x00, 0x00, 0x08, 0x08, 0x00, 0x0e, 0x0f, 0x0e, 0x00, 0x00, 0x00, 0x0a, 0x00, 0x09, 0x00, 0x00,
  0x00, 0x08, 0x09, 0x0a, 0x00, 0x00, 0x00, 0x00, 0x0e, 0x00, 0x00, 0x00, 0x0d, 0x0e, 0x00, 0x00,
  0x0d, 0x00, 0x00, 0x07, 0x09, 0x0e, 0x00, 0x00, 0x0d, 0x00, 0x0b, 0x06, 0x00, 0x0c, 0x00, 0x00,
  0x08, 0x0b, 0x00, 0x0b, 0x0a, 0x00, 0x0e, 0x0d, 0x00, 0x00, 0x0c, 0x0d, 0x00, 0x0c, 0x0b, 0x00,
  0x00, 0x00, 0x00, 0x0e, 0x00, 0x00, 0x0f, 0x0f, 0x00, 0x0c, 0x00, 0x0a, 0x04, 0x09, 0x0c, 0x0d,
  0x0e, 0x0f, 0x00, 0x0b, 0x00, 0x0d, 0x00, 0x00, 0x0e, 0x00, 0x09, 0x00, 0x00, 0x0c, 0x07, 0x00,
  0x0d, 0x00, 0x0c, 0x0c, 0x0e, 0x00, 0x09, 0x0b, 0x00, 0x0b, 0x0c, 0x00, 0x00, 0x0d, 0x00, 0x00,
  0x0b, 0x0a, 0x00, 0x0c, 0x0d, 0x05, 0x0c, 0x00, 0x00, 0x0d, 0x0a, 0x0e, 0x00, 0x0c, 0x00, 0x00,
  0x00, 0x0c, 0x00, 0x0e, 0x0c, 0x0e, 0x00, 0x00, 0x00, 0x00, 0x00, 0x0b, 0x00, 0x00, 0x0d, 0x00,
  0x07, 0x00, 0x00, 0x00, 0x00, 0x0d, 0x0a, 0x00, 0x08, 0x00, 0x0f, 0x00, 0x00, 0x00, 0x00, 0x00,
  0x00, 0x0d, 0x00, 0x0d, 0x00, 0x0d, 0x00, 0x00, 0x00, 0x00, 0x0e, 0x0c, 0x0a, 0x00, 0x0b, 0x00,
  0x0a, 0x00, 0x04, 0x0a, 0x00, 0x0e, 0x00, 0x09, 0x00, 0x00, 0x01, 0x0b, 0x0d, 0x0a, 0x0e, 0x0a,
  0x0f, 0x00, 0x0d, 0x00, 0x0a, 0x0b, 0x00, 0x0b, 0x0b, 0x0e, 0x0d, 0x00, 0x0b, 0x0b, 0x00, 0x00,
  0x0e, 0x00, 0x00, 0x0d, 0x00, 0x0d, 0x00, 0x00, 0x06, 0x00, 0x0d, 0x0b, 0x00, 0x00, 0x0a, 0x0e,
  0x0d, 0x00, 0x00, 0x0c, 0x0e, 0x00, 0x00, 0x00, 0x0c, 0x00, 0x0c, 0x00, 0x00, 0x00, 0x0c, 0x09,
  0x00, 0x00, 0x0d, 0x00, 0x00, 0x00, 0x00, 0x0e, 0x00, 0x00, 0x00, 0x0d, 0x00, 0x0a, 0x0c, 0x00,
  0x0a, 0x00, 0x00, 0x0d, 0x0e, 0x0c, 0x00, 0x00, 0x00, 0x0c, 0x00, 0x00, 0x0f, 0x00, 0x00, 0x00,
  0x0e, 0x00, 0x09, 0x00, 0x0a, 0x0d, 0x0c, 0x00, 0x00, 0x00, 0x09, 0x00, 0x00, 0x0c, 0x0b, 0x00,
  0x00, 0x00, 0x0c, 0x00, 0x0d, 0x00, 0x09, 0x00, 0x0f, 0x0b, 0x0d, 0x00, 0x00, 0x0e, 0x00, 0x0d,
  0x00, 0x00, 0x00, 0x0c, 0x00, 0x05, 0x00, 0x00, 0x00, 0x0e, 0x0c, 0x0e, 0x0c, 0x00, 0x03, 0x00,
  0x00, 0x00, 0x00, 0x0e, 0x00, 0x00, 0x0c, 0x0b, 0x0a, 0x00, 0x0d, 0x00, 0x0b, 0x00, 0x00, 0x00,
  0x00, 0x00, 0x00, 0x00, 0x00, 0x0c, 0x0b, 0x00, 0x00, 0x00, 0x0d, 0x0c, 0x00, 0x00, 0x00, 0x09,
  0x0a, 0x00, 0x09, 0x00, 0x00, 0x00, 0x0d, 0x0b, 0x0c, 0x00, 0x0c, 0x0c, 0x00, 0x00, 0x0b, 0x00,
  0x0d, 0x0e, 0x0c, 0x00, 0x00, 0x0d, 0x00, 0x00, 0x00, 0x0b, 0x0e, 0x0c, 0x00, 0x00, 0x00, 0x00,
  0x0c, 0x00, 0x0d, 0x0c, 0x00, 0x00, 0x00, 0x0e, 0x0c, 0x00, 0x00, 0x00, 0x0d, 0x00, 0x00, 0x0d,
  0x00, 0x00, 0x0c, 0x00, 0x00, 0x0d, 0x0d, 0x00, 0x00, 0x0d, 0x0d, 0x00, 0x00, 0x08, 0x00, 0x00,
  0x0d, 0x0c, 0x0d, 0x09, 0x0b, 0x00, 0x0c, 0x00, 0x0d, 0x09, 0x00, 0x00, 0x00, 0x00, 0x00, 0x00,
  0x00, 0x00, 0x0d, 0x00, 0x00, 0x00, 0x00, 0x00, 0x0c, 0x00, 0x05, 0x00, 0x00, 0x00, 0x09, 0x00,
  0x0f, 0x00, 0x00, 0x0e, 0x00, 0x0e, 0x0d, 0x0d, 0x05, 0x0e, 0x00, 0x00, 0x00, 0x00, 0x00, 0x0b,
  0x0a, 0x0d, 0x00, 0x00, 0x0c, 0x09, 0x0e, 0x00, 0x00, 0x00, 0x0c, 0x00, 0x00, 0x0d, 0x00, 0x0e,
  0x0d, 0x05, 0x00, 0x00, 0x00, 0x0e, 0x00, 0x0e, 0x0f, 0x00, 0x08, 0x00, 0x00, 0x00, 0x00, 0x00,
  0x00, 0x00, 0x00, 0x00, 0x00, 0x00, 0x00, 0x0d, 0x0f, 0x00, 0x09, 0x00, 0x0d, 0x0d, 0x00, 0x0e,
  0x0e, 0x00, 0x07, 0x0d, 0x0b, 0x00, 0x0b, 0x00, 0x0d, 0x00, 0x0b, 0x00, 0x0f, 0x0c, 0x00, 0x0d,
  0x0d, 0x00, 0x0e, 0x0b, 0x00, 0x0b, 0x0e, 0x00, 0x00, 0x00, 0x0d, 0x0a, 0x08, 0x00, 0x00, 0x00,
  0x00, 0x00, 0x00, 0x00, 0x00, 0x00, 0x00, 0x0e, 0x0b, 0x0e, 0x0d, 0x00, 0x0b, 0x00, 0x00, 0x00,
  0x00, 0x0d, 0x0f, 0x0c, 0x0d, 0x0c, 0x0d, 0x00, 0x0d, 0x00, 0x0c, 0x00, 0x00, 0x0b, 0x00, 0x0d,
  0x00, 0x0b, 0x00, 0x0e, 0x09, 0x0e, 0x0d, 0x00, 0x00, 0x00, 0x00, 0x0e, 0x00, 0x00, 0x0d, 0x00,
  0x0d, 0x00, 0x0e, 0x0b, 0x00, 0x0e, 0x00, 0x00, 0x0c, 0x0a, 0x0d, 0x0b, 0x0a, 0x00, 0x0d, 0x0b,
  0x0a, 0x05, 0x0f, 0x00, 0x0d, 0x00, 0x09, 0x00, 0x00, 0x00, 0x00, 0x0d, 0x00, 0x07, 0x00, 0x00,
  0x0e, 0x00, 0x0f, 0x0c, 0x0c, 0x00, 0x00, 0x0c, 0x00, 0x00, 0x00, 0x0e, 0x0d, 0x00, 0x0b, 0x0b,
  0x00, 0x00, 0x00, 0x06, 0x00, 0x08, 0x00, 0x00, 0x0a, 0x00, 0x00, 0x0d, 0x02, 0x05, 0x00, 0x00,
  0x0c, 0x00, 0x00, 0x0c, 0x00, 0x0d, 0x0c, 0x00, 0x00, 0x0c, 0x00, 0x00, 0x08, 0x00, 0x00, 0x00,
  0x00, 0x00, 0x0d, 0x0b, 0x0d, 0x00, 0x00, 0x00, 0x0c, 0x0e, 0x00, 0x0a, 0x09, 0x00, 0x00, 0x0e,
  0x0e, 0x0d, 0x00, 0x00, 0x00, 0x00, 0x00, 0x00, 0x00, 0x0c, 0x0f, 0x00, 0x0b, 0x0c, 0x0c, 0x00,
  0x09, 0x0a, 0x00, 0x00, 0x00, 0x0b, 0x0c, 0x0d, 0x0c, 0x00, 0x00, 0x0e, 0x0b, 0x0d, 0x00, 0x00,
  0x0e, 0x00, 0x00, 0x0b, 0x00, 0x0d, 0x00, 0x00, 0x00, 0x00, 0x06, 0x0c, 0x00, 0x00, 0x00, 0x0c,
  0x03, 0x0b, 0x01, 0x00, 0x00, 0x00, 0x00, 0x00, 0x08, 0x00, 0x00, 0x00, 0x00, 0x0c, 0x0c, 0x00,
  0x0f, 0x0e, 0x0b, 0x0b, 0x00, 0x00, 0x00, 0x08, 0x00, 0x00, 0x00, 0x0d, 0x00, 0x0a, 0x00, 0x0d,
  0x00, 0x0c, 0x0d, 0x0d, 0x00, 0x0d, 0x0c, 0x0b, 0x09, 0x00, 0x0e, 0x0d, 0x00, 0x00, 0x09, 0x09,
  0x00, 0x05, 0x00, 0x00, 0x0c, 0x0e, 0x00, 0x0f, 0x0d, 0x00, 0x0d, 0x00, 0x0b, 0x00, 0x00, 0x00,
  0x0e, 0x0d, 0x00, 0x0c, 0x00, 0x0e, 0x0b, 0x00, 0x0d, 0x0d, 0x00, 0x00, 0x00, 0x00, 0x00, 0x00,
  0x0e, 0x0d, 0x00, 0x00, 0x0d, 0x00, 0x00, 0x00, 0x0c, 0x00, 0x0c, 0x0b, 0x00, 0x07, 0x00, 0x0c,
  0x0c, 0x08, 0x0d, 0x09, 0x00, 0x0d, 0x0d, 0x00, 0x00, 0x0e, 0x00, 0x00, 0x0e, 0x00, 0x00, 0x00,
  0x00, 0x0c, 0x00, 0x0b, 0x00, 0x00, 0x00, 0x0d, 0x0f, 0x00, 0x00, 0x00, 0x00, 0x0b, 0x00, 0x00,
  0x00, 0x08, 0x00, 0x0d, 0x0a, 0x0d, 0x0a, 0x0d, 0x0d, 0x0b, 0x0a, 0x09, 0x00, 0x0e, 0x00, 0x00,
  0x0e, 0x09, 0x00, 0x00, 0x00, 0x09, 0x0e, 0x00, 0x00, 0x00, 0x0d, 0x00, 0x00, 0x00, 0x0d, 0x0d,
  0x09, 0x0d, 0x0c, 0x00, 0x00, 0x00, 0x0f, 0x0e, 0x0a, 0x0d, 0x0b, 0x00, 0x00, 0x00, 0x0d, 0x00,
  0x0d, 0x0c, 0x00, 0x0e, 0x0e, 0x00, 0x00, 0x00, 0x0e, 0x00, 0x0a, 0x00, 0x0a, 0x0e, 0x0c, 0x00,
  0x0e, 0x00, 0x00, 0x0b, 0x09, 0x0d, 0x00, 0x0a, 0x0e, 0x00, 0x00, 0x0d, 0x0c, 0x00, 0x0e, 0x0c,
  0x0d, 0x0c, 0x00, 0x00, 0x00, 0x0c, 0x0e, 0x00, 0x0a, 0x0d, 0x08, 0x00, 0x00, 0x00, 0x00, 0x00,
  0x00, 0x0d, 0x00, 0x0d, 0x0d, 0x0b, 0x0c, 0x00, 0x00, 0x0a, 0x0d, 0x00, 0x0c, 0x0a, 0x0d, 0x00,
  0x0b, 0x0c, 0x00, 0x0a, 0x0d, 0x08, 0x0a, 0x00, 0x0f, 0x00, 0x0c, 0x00, 0x0b, 0x0e, 0x09, 0x00,
  0x00, 0x00, 0x00, 0x08, 0x0e, 0x00, 0x00, 0x0d, 0x0a, 0x0b, 0x0e, 0x0c, 0x00, 0x0b, 0x0c, 0x00,
  0x0c, 0x00, 0x00, 0x06, 0x09, 0x0a, 0x00, 0x00, 0x0c, 0x00, 0x0b, 0x00, 0x0a, 0x00, 0x0e, 0x00,
  0x00, 0x0b, 0x00, 0x0c, 0x0c, 0x0a, 0x0a, 0x0e, 0x00, 0x00, 0x0e, 0x0c, 0x00, 0x00, 0x0a, 0x08,
  0x00, 0x00, 0x00, 0x0e, 0x08, 0x0e, 0x08, 0x0c, 0x00, 0x00, 0x0a, 0x00, 0x0e, 0x00, 0x00, 0x0c,
  0x00, 0x0d, 0x00, 0x00, 0x00, 0x09, 0x00, 0x00, 0x0b, 0x0d, 0x0c, 0x00, 0x0d, 0x0d, 0x00, 0x00,
  0x00, 0x08, 0x00, 0x00, 0x00, 0x00, 0x00, 0x0b, 0x0c, 0x00, 0x00, 0x0e, 0x0d, 0x00, 0x00, 0x00,
  0x0d, 0x00, 0x0e, 0x0c, 0x00, 0x00, 0x00, 0x00, 0x0d, 0x08, 0x0b, 0x00, 0x00, 0x00, 0x00, 0x00,
  0x0b, 0x0e, 0x00, 0x00, 0x0d, 0x0c, 0x0d, 0x09, 0x00, 0x00, 0x08, 0x00, 0x00, 0x0d, 0x00, 0x0a,
  0x0c, 0x00, 0x00, 0x00, 0x00, 0x0d, 0x00, 0x0c, 0x0a, 0x00, 0x0f, 0x09, 0x0d, 0x00, 0x0c, 0x00,
  0x05, 0x00, 0x06, 0x00, 0x0d, 0x0b, 0x0f, 0x0f, 0x00, 0x0d, 0x00, 0x0c, 0x0f, 0x00, 0x0b, 0x00,
  0x00, 0x00, 0x00, 0x0a, 0x00, 0x0f, 0x0c, 0x0a, 0x0e, 0x0d, 0x0f, 0x00, 0x0c, 0x0b, 0x00, 0x0b,
  0x00, 0x0c, 0x00, 0x0d, 0x08, 0x00, 0x00, 0x00, 0x00, 0x00, 0x0b, 0x0c, 0x00, 0x0f, 0x0f, 0x0b,
  0x0c, 0x0b, 0x07, 0x0e, 0x00, 0x00, 0x00, 0x00, 0x0c, 0x0b, 0x0c, 0x0e, 0x00, 0x0e, 0x0a, 0x00,
  0x00, 0x00, 0x0c, 0x0d, 0x0c, 0x0b, 0x0a, 0x00, 0x00, 0x00, 0x09, 0x00, 0x0a, 0x00, 0x00, 0x06,
  0x00, 0x00, 0x0d, 0x00, 0x00, 0x0b, 0x00, 0x0d, 0x00, 0x00, 0x07, 0x00, 0x0c, 0x00, 0x00, 0x0d,
  0x00, 0x0c, 0x0d, 0x00, 0x00, 0x0d, 0x00, 0x00, 0x00, 0x0b, 0x04, 0x00, 0x0a, 0x00, 0x0d, 0x0f,
  0x0c, 0x00, 0x07, 0x0c, 0x0d, 0x0e, 0x0a, 0x00, 0x0a, 0x00, 0x00, 0x0b, 0x00, 0x00, 0x0a, 0x0d,
  0x0b, 0x00, 0x0e, 0x0a, 0x09, 0x0b, 0x00, 0x00, 0x00, 0x0d, 0x0b, 0x0d, 0x0c, 0x0e, 0x00, 0x00,
  0x0d, 0x00, 0x00, 0x0c, 0x00, 0x00, 0x0b, 0x00, 0x00, 0x00, 0x00, 0x00, 0x0d, 0x00, 0x00, 0x0f,
  0x0b, 0x0e, 0x00, 0x0b, 0x00, 0x0e, 0x00, 0x00, 0x00, 0x00, 0x09, 0x00, 0x00, 0x0b, 0x0e, 0x00,
  0x0b, 0x0c, 0x00, 0x0f, 0x0d, 0x0e, 0x0e, 0x0f, 0x00, 0x00, 0x00, 0x00, 0x00, 0x00, 0x0a, 0x00,
  0x0d, 0x00, 0x0b, 0x00, 0x00, 0x0b, 0x07, 0x0b, 0x00, 0x0d, 0x00, 0x00, 0x0a, 0x00, 0x00, 0x00,
  0x0f, 0x00, 0x09, 0x0d, 0x00, 0x09, 0x0e, 0x0b, 0x0d, 0x0c, 0x0a, 0x0b, 0x0e, 0x00, 0x0d, 0x0d,
  0x0c, 0x0e, 0x00, 0x00, 0x00, 0x0b, 0x00, 0x00, 0x0a, 0x0b, 0x0b, 0x00, 0x00, 0x0c, 0x0b, 0x00,
  0x0d, 0x06, 0x0e, 0x00, 0x0a, 0x0d, 0x0d, 0x0c, 0x00, 0x07, 0x0a, 0x00, 0x09, 0x00, 0x00, 0x00,
  0x00, 0x0a, 0x0c, 0x00, 0x0e, 0x00, 0x0d, 0x0c, 0x00, 0x00, 0x06, 0x0a, 0x00, 0x00, 0x00, 0x00,
  0x0d, 0x00, 0x00, 0x00, 0x00, 0x00, 0x0e, 0x0b, 0x0e, 0x00, 0x00, 0x0d, 0x00, 0x00, 0x0d, 0x00,
  0x00, 0x00, 0x0c, 0x0e, 0x0e, 0x0c, 0x00, 0x00, 0x00, 0x00, 0x0d, 0x00, 0x00, 0x00, 0x0d, 0x09,
  0x0c, 0x0a, 0x00, 0x0d, 0x0d, 0x09, 0x00, 0x09, 0x00, 0x0b, 0x00, 0x00, 0x00, 0x00, 0x0c, 0x0d,
  0x00, 0x0d, 0x0e, 0x0d, 0x0d, 0x0c, 0x0c, 0x00, 0x00, 0x0b, 0x08, 0x0c, 0x0f, 0x0d, 0x07, 0x08,
  0x0d, 0x00, 0x00, 0x00, 0x0d, 0x00, 0x0a, 0x00, 0x08, 0x00, 0x00, 0x00, 0x0d, 0x0c, 0x0c, 0x09,
  0x00, 0x0d, 0x0e, 0x0c, 0x00, 0x0e, 0x00, 0x00, 0x00, 0x0c, 0x0d, 0x00, 0x00, 0x00, 0x0c, 0x00,
  0x00, 0x00, 0x0e, 0x0c, 0x00, 0x00, 0x0e, 0x0d, 0x0c, 0x0d, 0x08, 0x00, 0x00, 0x00, 0x00, 0x0b,
  0x0c, 0x0d, 0x00, 0x0a, 0x0d, 0x00, 0x0a, 0x00, 0x00, 0x00, 0x00, 0x00, 0x00, 0x00, 0x00, 0x0d,
  0x00, 0x00, 0x00, 0x00, 0x00, 0x0c, 0x00, 0x09, 0x0a, 0x00, 0x00, 0x00, 0x00, 0x0a, 0x00, 0x00,
  0x00, 0x00, 0x00, 0x00, 0x00, 0x0b, 0x0b, 0x00, 0x0f, 0x0f, 0x0c, 0x0d, 0x0c, 0x00, 0x0a, 0x00,
  0x0e, 0x00, 0x00, 0x00, 0x00, 0x00, 0x00, 0x00, 0x0f, 0x0d, 0x00, 0x0d, 0x0a, 0x0a, 0x00, 0x00,
  0x06, 0x0a, 0x00, 0x00, 0x00, 0x04, 0x0e, 0x0b, 0x00, 0x0d, 0x0d, 0x0c, 0x0d, 0x00, 0x0e, 0x0c,
  0x00, 0x0e, 0x0e, 0x0e, 0x0d, 0x0a, 0x00, 0x00, 0x00, 0x00, 0x0d, 0x08, 0x0e, 0x0a, 0x0b, 0x08,
  0x0f, 0x00, 0x00, 0x0b, 0x0e, 0x0c, 0x00, 0x00, 0x0e, 0x0e, 0x0b, 0x00, 0x0f, 0x00, 0x00, 0x00,
  0x0c, 0x00, 0x0b, 0x00, 0x0d, 0x0d, 0x0c, 0x07, 0x09, 0x00, 0x00, 0x0d, 0x0a, 0x0c, 0x0d, 0x00,
  0x0b, 0x00, 0x00, 0x0b, 0x0a, 0x0a, 0x00, 0x00, 0x00, 0x00, 0x0c, 0x00, 0x0d, 0x00, 0x00, 0x07,
  0x00, 0x00, 0x00, 0x00, 0x00, 0x00, 0x0c, 0x0c, 0x0e, 0x0c, 0x00, 0x00, 0x00, 0x09, 0x0c, 0x00,
  0x09, 0x0d, 0x0a, 0x00, 0x00, 0x00, 0x00, 0x0d, 0x0c, 0x0d, 0x0c, 0x00, 0x0d, 0x00, 0x00, 0x00,
  0x0b, 0x0d, 0x00, 0x0e, 0x0c, 0x0d, 0x0c, 0x00, 0x00, 0x0e, 0x00, 0x0e, 0x0d, 0x00, 0x0a, 0x0a,
  0x0e, 0x0f, 0x00, 0x0b, 0x00, 0x0b, 0x00, 0x00, 0x0a, 0x0b, 0x09, 0x00, 0x00, 0x0f, 0x00, 0x00,
  0x0e, 0x00, 0x0c, 0x0c, 0x0c, 0x0b, 0x0d, 0x00, 0x09, 0x00, 0x0b, 0x0c, 0x00, 0x00, 0x06, 0x0d,
  0x0a, 0x0d, 0x00, 0x00, 0x00, 0x00, 0x0d, 0x0d, 0x0c, 0x00, 0x0c, 0x0a, 0x00, 0x0f, 0x00, 0x0c,
  0x00, 0x00, 0x0d, 0x0c, 0x00, 0x0b, 0x00, 0x0d, 0x0e, 0x00, 0x0d, 0x00, 0x0b, 0x0d, 0x0d, 0x00,
  0x00, 0x00, 0x00, 0x0d, 0x00, 0x0a, 0x0c, 0x00, 0x00, 0x08, 0x00, 0x00, 0x00, 0x00, 0x0b, 0x08,
  0x08, 0x00, 0x0c, 0x00, 0x0e, 0x00, 0x00, 0x0c, 0x00, 0x0e, 0x0e, 0x0c, 0x0c, 0x00, 0x08, 0x00,
  0x0f, 0x00, 0x0c, 0x00, 0x0d, 0x00, 0x0d, 0x00, 0x0e, 0x0c, 0x00, 0x00, 0x0d, 0x00, 0x06, 0x0c,
  0x0b, 0x09, 0x0d, 0x00, 0x0d, 0x0b, 0x00, 0x00, 0x0a, 0x00, 0x03, 0x0e, 0x0b, 0x0d, 0x0e, 0x0e,
  0x09, 0x00, 0x00, 0x0c, 0x00, 0x00, 0x0a, 0x00, 0x0d, 0x0d, 0x0b, 0x00, 0x00, 0x00, 0x00, 0x0d,
  0x00, 0x0c, 0x0e, 0x00, 0x0e, 0x0d, 0x00, 0x0b, 0x09, 0x00, 0x09, 0x0a, 0x00, 0x0d, 0x0b, 0x00,
  0x00, 0x0b, 0x00, 0x00, 0x00, 0x0e, 0x00, 0x00, 0x0b, 0x08, 0x00, 0x00, 0x00, 0x00, 0x00, 0x00,
  0x00, 0x0d, 0x0d, 0x0c, 0x00, 0x00, 0x0c, 0x00, 0x00, 0x07, 0x0e, 0x00, 0x0c, 0x0e, 0x0c, 0x0d,
  0x0d, 0x00, 0x0c, 0x00, 0x00, 0x0a, 0x0d, 0x00, 0x0e, 0x00, 0x0d, 0x0e, 0x00, 0x00, 0x0a, 0x0e,
  0x04, 0x00, 0x00, 0x00, 0x00, 0x00, 0x00, 0x00, 0x00, 0x00, 0x00, 0x00, 0x0e, 0x00, 0x0c, 0x00,
  0x00, 0x00, 0x00, 0x0e, 0x00, 0x0b, 0x00, 0x0d, 0x00, 0x00, 0x00, 0x00, 0x0b, 0x00, 0x00, 0x0c,
  0x07, 0x0d, 0x00, 0x00, 0x00, 0x05, 0x00, 0x0d, 0x00, 0x0b, 0x0d, 0x00, 0x0a, 0x00, 0x00, 0x0b,
  0x00, 0x00, 0x00, 0x0e, 0x00, 0x0a, 0x00, 0x0d, 0x00, 0x00, 0x00, 0x0e, 0x00, 0x0c, 0x0b, 0x00,
  0x00, 0x0c, 0x00, 0x00, 0x0d, 0x0d, 0x0b, 0x00, 0x00, 0x0e, 0x0d, 0x00, 0x07, 0x00, 0x00, 0x0b,
  0x00, 0x0f, 0x0c, 0x00, 0x00, 0x0e, 0x0b, 0x00, 0x00, 0x0c, 0x00, 0x00, 0x00, 0x0e, 0x00, 0x0d,
  0x0b, 0x0c, 0x00, 0x00, 0x0b, 0x00, 0x0a, 0x00, 0x0c, 0x0d, 0x0a, 0x07, 0x00, 0x00, 0x00, 0x00,
  0x00, 0x00, 0x0b, 0x00, 0x00, 0x0c, 0x0b, 0x00, 0x00, 0x0d, 0x0d, 0x00, 0x00, 0x0b, 0x00, 0x00,
  0x09, 0x0d, 0x0d, 0x0a, 0x00, 0x0c, 0x0b, 0x0c, 0x0c, 0x0d, 0x00, 0x09, 0x00, 0x00, 0x0e, 0x0c,
  0x0b, 0x0c, 0x0e, 0x00, 0x0e, 0x0e, 0x0c, 0x00, 0x00, 0x0c, 0x00, 0x0e, 0x00, 0x00, 0x00, 0x0c,
  0x00, 0x0c, 0x00, 0x0e, 0x00, 0x07, 0x00, 0x0e, 0x00, 0x0d, 0x0a, 0x0d, 0x00, 0x00, 0x00, 0x00,
  0x06, 0x0d, 0x0c, 0x00, 0x0e, 0x00, 0x00, 0x00, 0x00, 0x0e, 0x00, 0x08, 0x09, 0x0a, 0x0a, 0x00,
  0x0c, 0x00, 0x00, 0x00, 0x0b, 0x00, 0x00, 0x0d, 0x0e, 0x00, 0x0a, 0x0b, 0x00, 0x00, 0x00, 0x00,
  0x0c, 0x0e, 0x00, 0x0b, 0x0d, 0x0b, 0x00, 0x00, 0x00, 0x0d, 0x00, 0x0e, 0x00, 0x00, 0x00, 0x0e,
  0x0d, 0x00, 0x00, 0x00, 0x0c, 0x00, 0x00, 0x0c, 0x0e, 0x0a, 0x00, 0x0a, 0x00, 0x00, 0x0b, 0x0c,
  0x0d, 0x0c, 0x00, 0x00, 0x00, 0x00, 0x00, 0x0b, 0x00, 0x0e, 0x00, 0x0c, 0x0c, 0x0a, 0x00, 0x0a,
  0x0c, 0x0c, 0x0a, 0x0d, 0x09, 0x00, 0x00, 0x00, 0x0a, 0x0a, 0x00, 0x00, 0x00, 0x00, 0x00, 0x0d,
  0x0c, 0x0f, 0x0a, 0x00, 0x0c, 0x0b, 0x00, 0x0d, 0x0d, 0x0b, 0x0b, 0x0c, 0x00, 0x00, 0x00, 0x00,
  0x0c, 0x0f, 0x00, 0x0a, 0x00, 0x00, 0x00, 0x09, 0x0c, 0x0b, 0x00, 0x0d, 0x0b, 0x0d, 0x00, 0x0e,
  0x00, 0x00, 0x0d, 0x0c, 0x00, 0x0e, 0x0d, 0x0d, 0x00, 0x09, 0x0d, 0x00, 0x0d, 0x00, 0x0a, 0x00,
  0x0e, 0x00, 0x00, 0x00, 0x0d, 0x00, 0x0c, 0x0d, 0x09, 0x00, 0x00, 0x0d, 0x00, 0x00, 0x0e, 0x00,
  0x0e, 0x0d, 0x0c, 0x00, 0x0d, 0x0a, 0x00, 0x0c, 0x00, 0x00, 0x0a, 0x0e, 0x00, 0x0d, 0x0e, 0x0e,
  0x0c, 0x0d, 0x0e, 0x00, 0x0e, 0x00, 0x00, 0x0e, 0x09, 0x0c, 0x09, 0x0e, 0x0d, 0x00, 0x0e, 0x0c,
  0x00, 0x0e, 0x0b, 0x00, 0x0b, 0x00, 0x00, 0x0e, 0x00, 0x00, 0x0e, 0x00, 0x0c, 0x00, 0x00, 0x0e,
  0x0a, 0x00, 0x00, 0x00, 0x0d, 0x08, 0x09, 0x0e, 0x00, 0x00, 0x00, 0x00, 0x00, 0x0b, 0x00, 0x0d,
  0x0b, 0x00, 0x00, 0x00, 0x0d, 0x0f, 0x00, 0x00, 0x0e, 0x0b, 0x00, 0x0b, 0x00, 0x07, 0x00, 0x00,
  0x00, 0x0f, 0x00, 0x00, 0x0d, 0x00, 0x00, 0x00, 0x0c, 0x0b, 0x00, 0x0d, 0x00, 0x09, 0x00, 0x00,
  0x0c, 0x0e, 0x0d, 0x00, 0x00, 0x00, 0x08, 0x0d, 0x00, 0x00, 0x0d, 0x0b, 0x00, 0x00, 0x0d, 0x00,
  0x00, 0x00, 0x00, 0x00, 0x00, 0x00, 0x00, 0x0b, 0x09, 0x00, 0x00, 0x00, 0x00, 0x0e, 0x00, 0x0c,
  0x00, 0x00, 0x09, 0x0d, 0x00, 0x0e, 0x00, 0x00, 0x0d, 0x00, 0x0d, 0x0b, 0x0e, 0x0a, 0x0b, 0x00,
  0x00, 0x00, 0x0e, 0x00, 0x0c, 0x00, 0x00, 0x00, 0x07, 0x0d, 0x0e, 0x00, 0x0e, 0x06, 0x00, 0x0d,
  0x0f, 0x0b, 0x00, 0x0e, 0x0a, 0x0c, 0x0c, 0x09, 0x00, 0x00, 0x0c, 0x09, 0x0c, 0x00, 0x00, 0x0c,
  0x00, 0x0f, 0x00, 0x00, 0x00, 0x00, 0x00, 0x0d, 0x00, 0x00, 0x00, 0x00, 0x00, 0x00, 0x0e, 0x0b,
  0x00, 0x0d, 0x00, 0x09, 0x00, 0x0c, 0x00, 0x0d, 0x00, 0x0b, 0x0c, 0x0d, 0x0d, 0x0e, 0x08, 0x00,
  0x0a, 0x00, 0x00, 0x00, 0x0c, 0x0f, 0x0d, 0x00, 0x00, 0x0a, 0x00, 0x0c, 0x00, 0x00, 0x00, 0x0c,
  0x0c, 0x00, 0x09, 0x00, 0x00, 0x00, 0x00, 0x00, 0x00, 0x00, 0x0d, 0x0a, 0x00, 0x00, 0x0a, 0x0e,
  0x00, 0x0e, 0x0a, 0x00, 0x0d, 0x00, 0x00, 0x0a, 0x00, 0x00, 0x0d, 0x00, 0x0b, 0x00, 0x00, 0x08,
  0x0b, 0x0c, 0x0d, 0x00, 0x0e, 0x0c, 0x00, 0x00, 0x0c, 0x0c, 0x0b, 0x0e, 0x00, 0x00, 0x0e, 0x00,
  0x00, 0x00, 0x00, 0x00, 0x00, 0x0e, 0x00, 0x00, 0x0e, 0x00, 0x00, 0x00, 0x00, 0x00, 0x00, 0x0c,
  0x00, 0x0b, 0x04, 0x0d, 0x00, 0x0d, 0x00, 0x00, 0x00, 0x00, 0x00, 0x00, 0x00, 0x00, 0x0c, 0x0c,
  0x00, 0x0a, 0x09, 0x0a, 0x07, 0x00, 0x00, 0x0d, 0x08, 0x0a, 0x00, 0x00, 0x00, 0x0b, 0x00, 0x0c,
  0x00, 0x0d, 0x0e, 0x0a, 0x00, 0x0e, 0x00, 0x00, 0x0d, 0x0d, 0x00, 0x00, 0x0f, 0x00, 0x08, 0x00,
  0x0c, 0x00, 0x00, 0x0e, 0x04, 0x09, 0x0e, 0x00, 0x00, 0x00, 0x0e, 0x05, 0x00, 0x0d, 0x0f, 0x00,
  0x0c, 0x08, 0x08, 0x00, 0x0c, 0x00, 0x0e, 0x0b, 0x00, 0x00, 0x00, 0x06, 0x0c, 0x0e, 0x00, 0x0d,
  0x0d, 0x00, 0x0b, 0x0d, 0x0d, 0x0c, 0x00, 0x00, 0x08, 0x0b, 0x00, 0x0c, 0x00, 0x00, 0x00, 0x00,
  0x00, 0x00, 0x0a, 0x0d, 0x0b, 0x00, 0x0e, 0x0f, 0x0c, 0x00, 0x00, 0x00, 0x00, 0x0f, 0x0e, 0x00,
  0x00, 0x00, 0x09, 0x0e, 0x0a, 0x0a, 0x00, 0x00, 0x00, 0x00, 0x0d, 0x0c, 0x08, 0x0e, 0x08, 0x0e,
  0x0c, 0x00, 0x00, 0x0e, 0x00, 0x00, 0x0d, 0x00, 0x0c, 0x00, 0x00, 0x00, 0x00, 0x0e, 0x00, 0x00,
  0x0b, 0x0d, 0x00, 0x0a, 0x08, 0x0e, 0x00, 0x09, 0x0a, 0x0c, 0x00, 0x0b, 0x00, 0x00, 0x0c, 0x00,
  0x0b, 0x00, 0x00, 0x0a, 0x00, 0x0d, 0x0a, 0x0a, 0x0f, 0x0c, 0x0a, 0x00, 0x0d, 0x00, 0x0e, 0x0b,
  0x00, 0x00, 0x00, 0x0c, 0x0a, 0x00, 0x0b, 0x00, 0x00, 0x00, 0x09, 0x0d, 0x00, 0x0c, 0x00, 0x0e,
  0x00, 0x09, 0x00, 0x00, 0x0c, 0x0d, 0x09, 0x00, 0x00, 0x00, 0x0b, 0x00, 0x00, 0x00, 0x07, 0x0b,
  0x0d, 0x0d, 0x00, 0x0d, 0x00, 0x00, 0x00, 0x0c, 0x0e, 0x0e, 0x00, 0x0c, 0x00, 0x0d, 0x0b, 0x0c,
  0x08, 0x00, 0x0d, 0x00, 0x0d, 0x0c, 0x00, 0x0d, 0x0f, 0x0d, 0x00, 0x00, 0x00, 0x00, 0x00, 0x00,
  0x00, 0x0e, 0x00, 0x00, 0x0d, 0x00, 0x00, 0x00, 0x0a, 0x0d, 0x00, 0x0d, 0x00, 0x0b, 0x00, 0x00,
  0x0a, 0x00, 0x0b, 0x00, 0x08, 0x00, 0x00, 0x00, 0x0d, 0x00, 0x00, 0x0e, 0x00, 0x00, 0x0f, 0x0a,
  0x00, 0x0f, 0x0e, 0x0c, 0x0b, 0x0c, 0x0b, 0x00, 0x00, 0x00, 0x00, 0x00, 0x0c, 0x00, 0x0d, 0x0a,
  0x0b, 0x00, 0x0c, 0x06, 0x00, 0x05, 0x00, 0x00, 0x07, 0x0c, 0x0c, 0x09, 0x0e, 0x00, 0x0b, 0x00,
  0x00, 0x09, 0x00, 0x0a, 0x00, 0x00, 0x0e, 0x09, 0x00, 0x00, 0x00, 0x00, 0x00, 0x0d, 0x00, 0x0c,
  0x00, 0x08, 0x00, 0x00, 0x00, 0x00, 0x0a, 0x00, 0x00, 0x0d, 0x00, 0x0b, 0x0e, 0x09, 0x0e, 0x0b,
  0x08, 0x00, 0x00, 0x00, 0x0d, 0x0d, 0x0e, 0x00, 0x00, 0x00, 0x00, 0x00, 0x0b, 0x00, 0x00, 0x0d,
  0x0e, 0x0c, 0x00, 0x0c, 0x0b, 0x00, 0x0c, 0x00, 0x0c, 0x0d, 0x0d, 0x00, 0x0d, 0x00, 0x00, 0x0d,
  0x00, 0x00, 0x00, 0x00, 0x0e, 0x0c, 0x0d, 0x00, 0x0e, 0x0d, 0x0b, 0x00, 0x0b, 0x00, 0x0d, 0x00,
  0x00, 0x0a, 0x00, 0x00, 0x00, 0x00, 0x05, 0x00, 0x00, 0x00, 0x00, 0x0b, 0x00, 0x00, 0x00, 0x00,
  0x00, 0x04, 0x00, 0x00, 0x00, 0x00, 0x0c, 0x00, 0x0d, 0x0a, 0x00, 0x00, 0x00, 0x0c, 0x0c, 0x00,
  0x00, 0x00, 0x00, 0x0c, 0x0c, 0x00, 0x0e, 0x00, 0x08, 0x00, 0x00, 0x00, 0x0d, 0x0d, 0x03, 0x06,
  0x0a, 0x00, 0x00, 0x0d, 0x00, 0x0c, 0x00, 0x0d, 0x0c, 0x0d, 0x0c, 0x00, 0x00, 0x0d, 0x00, 0x00,
  0x00, 0x0d, 0x09, 0x0c, 0x0c, 0x00, 0x00, 0x00, 0x00, 0x0c, 0x00, 0x0e, 0x03, 0x00, 0x00, 0x00,
  0x00, 0x00, 0x00, 0x00, 0x00, 0x00, 0x05, 0x00, 0x00, 0x00, 0x00, 0x00, 0x00, 0x00, 0x0d, 0x0d,
  0x00, 0x0d, 0x0b, 0x0e, 0x0f, 0x0f, 0x0f, 0x0a, 0x09, 0x0c, 0x0c, 0x00, 0x0c, 0x00, 0x0b, 0x0c,
  0x0c, 0x00, 0x00, 0x00, 0x0c, 0x00, 0x0a, 0x00, 0x00, 0x00, 0x00, 0x0c, 0x00, 0x00, 0x0e, 0x07,
  0x0e, 0x00, 0x0e, 0x00, 0x09, 0x00, 0x0c, 0x0c, 0x00, 0x0a, 0x00, 0x00, 0x0a, 0x00, 0x07, 0x00,
  0x00, 0x0b, 0x0b, 0x00, 0x00, 0x0b, 0x00, 0x0c, 0x0c, 0x00, 0x00, 0x00, 0x0b, 0x00, 0x0c, 0x0e,
  0x0e, 0x0c, 0x0e, 0x00, 0x0d, 0x0d, 0x0d, 0x00, 0x0d, 0x0b, 0x00, 0x0d, 0x0c, 0x0a, 0x0d, 0x0a,
  0x0a, 0x07, 0x0a, 0x0b, 0x00, 0x0e, 0x00, 0x0d, 0x0d, 0x00, 0x0d, 0x0f, 0x0c, 0x0c, 0x0e, 0x0d,
  0x0b, 0x00, 0x0b, 0x09, 0x00, 0x00, 0x0a, 0x0c, 0x00, 0x00, 0x00, 0x00, 0x09, 0x00, 0x00, 0x00,
  0x0d, 0x0c, 0x0e, 0x00, 0x0e, 0x00, 0x00, 0x0d, 0x00, 0x00, 0x00, 0x0a, 0x00, 0x00, 0x08, 0x00,
  0x0d, 0x00, 0x0d, 0x0b, 0x00, 0x0a, 0x00, 0x00, 0x00, 0x00, 0x00, 0x0c, 0x0e, 0x0a, 0x0a, 0x00,
  0x08, 0x0c, 0x00, 0x00, 0x09, 0x0e, 0x0b, 0x00, 0x0f, 0x0d, 0x00, 0x00, 0x05, 0x00, 0x0a, 0x0d,
  0x09, 0x0d, 0x00, 0x00, 0x0b, 0x0d, 0x0e, 0x0b, 0x0b, 0x08, 0x00, 0x00, 0x09, 0x00, 0x00, 0x0e,
  0x0a, 0x0b, 0x00, 0x00, 0x0d, 0x00, 0x00, 0x0d, 0x0f, 0x00, 0x0c, 0x00, 0x00, 0x00, 0x00, 0x0c,
  0x00, 0x0b, 0x00, 0x0d, 0x00, 0x00, 0x0e, 0x0c, 0x00, 0x00, 0x0b, 0x07, 0x0b, 0x0d, 0x0a, 0x0c,
  0x0a, 0x00, 0x0f, 0x00, 0x00, 0x0c, 0x0b, 0x00, 0x0b, 0x0e, 0x00, 0x00, 0x0b, 0x00, 0x0d, 0x0d,
  0x00, 0x0e, 0x00, 0x00, 0x00, 0x00, 0x00, 0x00, 0x00, 0x06, 0x0f, 0x00, 0x09, 0x09, 0x00, 0x0d,
  0x00, 0x00, 0x0d, 0x0e, 0x00, 0x00, 0x00, 0x0d, 0x0d, 0x00, 0x00, 0x00, 0x0d, 0x0a, 0x0c, 0x08,
  0x00, 0x00, 0x00, 0x00, 0x0b, 0x0f, 0x0e, 0x00, 0x00, 0x0c, 0x0e, 0x0c, 0x0f, 0x0b, 0x00, 0x04,
  0x00, 0x00, 0x0e, 0x00, 0x0d, 0x0a, 0x0c, 0x00, 0x0c, 0x0c, 0x0f, 0x0a, 0x00, 0x0d, 0x00, 0x00,
  0x0d, 0x0d, 0x09, 0x0d, 0x0c, 0x02, 0x00, 0x00, 0x0d, 0x00, 0x0c, 0x00, 0x0d, 0x0c, 0x00, 0x0d,
  0x00, 0x00, 0x0e, 0x0c, 0x00, 0x00, 0x0b, 0x07, 0x0c, 0x00, 0x09, 0x00, 0x0f, 0x00, 0x00, 0x0d,
  0x00, 0x00, 0x00, 0x0b, 0x00, 0x0b, 0x08, 0x00, 0x00, 0x00, 0x00, 0x00, 0x0d, 0x00, 0x00, 0x00,
  0x0c, 0x00, 0x00, 0x0e, 0x0a, 0x00, 0x00, 0x03, 0x0e, 0x0d, 0x00, 0x00, 0x00, 0x00, 0x00, 0x00,
  0x07, 0x00, 0x0b, 0x05, 0x09, 0x00, 0x00, 0x00, 0x00, 0x0e, 0x0d, 0x07, 0x00, 0x00, 0x0a, 0x0a,
  0x00, 0x0a, 0x00, 0x00, 0x0d, 0x00, 0x00, 0x0a, 0x0e, 0x00, 0x00, 0x00, 0x08, 0x00, 0x0b, 0x0e,
  0x00, 0x00, 0x0d, 0x0d, 0x00, 0x0a, 0x0e, 0x00, 0x06, 0x00, 0x00, 0x0c, 0x0d, 0x00, 0x00, 0x0b,
  0x00, 0x00, 0x00, 0x0b, 0x0c, 0x00, 0x0e, 0x0e, 0x09, 0x0e, 0x00, 0x00, 0x00, 0x0c, 0x00, 0x0e,
  0x0a, 0x0d, 0x0c, 0x0e, 0x00, 0x00, 0x00, 0x0f, 0x0d, 0x08, 0x04, 0x0d, 0x0a, 0x00, 0x0c, 0x00,
  0x00, 0x00, 0x0e, 0x03, 0x0c, 0x0c, 0x07, 0x00, 0x0e, 0x04, 0x00, 0x0d, 0x00, 0x00, 0x00, 0x0c,
  0x0b, 0x0e, 0x0c, 0x00, 0x0e, 0x0b, 0x0a, 0x0c, 0x00, 0x00, 0x08, 0x0d, 0x0c, 0x00, 0x00, 0x00,
  0x00, 0x0d, 0x00, 0x0b, 0x0b, 0x0c, 0x0b, 0x00, 0x00, 0x00, 0x0e, 0x00, 0x00, 0x0b, 0x0c, 0x00,
  0x00, 0x00, 0x00, 0x00, 0x0d, 0x0e, 0x0b, 0x0e, 0x0e, 0x00, 0x00, 0x00, 0x04, 0x0b, 0x00, 0x0e,
  0x0d, 0x00, 0x0b, 0x0b, 0x00, 0x0b, 0x09, 0x0e, 0x09, 0x0d, 0x09, 0x00, 0x00, 0x0d, 0x0a, 0x00,
  0x0e, 0x09, 0x00, 0x0d, 0x0b, 0x00, 0x00, 0x0b, 0x0e, 0x0f, 0x00, 0x00, 0x00, 0x00, 0x0e, 0x00,
  0x0c, 0x00, 0x0d, 0x0d, 0x0c, 0x0d, 0x0b, 0x00, 0x00, 0x00, 0x0d, 0x0f, 0x00, 0x0e, 0x0e, 0x0e,
  0x0a, 0x00, 0x00, 0x00, 0x0d, 0x00, 0x0e, 0x00, 0x00, 0x0b, 0x09, 0x0c, 0x0c, 0x00, 0x00, 0x08,
  0x0d, 0x0b, 0x0e, 0x00, 0x0b, 0x0a, 0x00, 0x0e, 0x00, 0x00, 0x0b, 0x00, 0x00, 0x00, 0x0d, 0x00,
  0x0b, 0x06, 0x00, 0x00, 0x0e, 0x00, 0x08, 0x0e, 0x0d, 0x0f, 0x00, 0x0c, 0x00, 0x0d, 0x0d, 0x06,
  0x00, 0x0c, 0x0a, 0x0e, 0x05, 0x0d, 0x0a, 0x00, 0x00, 0x00, 0x0c, 0x0e, 0x00, 0x00, 0x0e, 0x0b,
  0x0d, 0x00, 0x0c, 0x00, 0x00, 0x0c, 0x0b, 0x00, 0x0d, 0x00, 0x00, 0x0c, 0x0e, 0x0d, 0x00, 0x08,
  0x04, 0x09, 0x00, 0x0a, 0x00, 0x00, 0x0e, 0x00, 0x0e, 0x0d, 0x0c, 0x00, 0x0a, 0x0d, 0x0b, 0x0d,
  0x00, 0x0b, 0x0c, 0x0d, 0x00, 0x08, 0x0d, 0x0e, 0x09, 0x0c, 0x00, 0x00, 0x0c, 0x0a, 0x00, 0x0d,
  0x00, 0x00, 0x0d, 0x0d, 0x0e, 0x00, 0x00, 0x00, 0x0e, 0x0b, 0x00, 0x00, 0x0b, 0x0d, 0x00, 0x00,
  0x06, 0x0c, 0x00, 0x07, 0x0b, 0x00, 0x09, 0x00, 0x0d, 0x00, 0x0b, 0x00, 0x04, 0x0e, 0x0e, 0x00,
  0x00, 0x00, 0x0e, 0x00, 0x0d, 0x09, 0x0b, 0x00, 0x00, 0x00, 0x0b, 0x00, 0x00, 0x0a, 0x03, 0x0c,
  0x0d, 0x00, 0x00, 0x00, 0x00, 0x0b, 0x00, 0x0a, 0x00, 0x0a, 0x0d, 0x0c, 0x00, 0x0b, 0x00, 0x00,
  0x07, 0x0d, 0x00, 0x0e, 0x0b, 0x00, 0x0b, 0x00, 0x00, 0x09, 0x0a, 0x00, 0x06, 0x00, 0x0c, 0x0e,
  0x0b, 0x0f, 0x0a, 0x00, 0x00, 0x0c, 0x00, 0x00, 0x0d, 0x00, 0x0c, 0x0b, 0x08, 0x00, 0x00, 0x00,
  0x00, 0x0d, 0x00, 0x00, 0x07, 0x00, 0x0c, 0x0d, 0x00, 0x0c, 0x00, 0x00, 0x00, 0x00, 0x0b, 0x00,
  0x0b, 0x0d, 0x0d, 0x0b, 0x00, 0x0f, 0x0c, 0x00, 0x00, 0x00, 0x09, 0x0e, 0x00, 0x00, 0x06, 0x00,
  0x00, 0x00, 0x00, 0x00, 0x00, 0x00, 0x00, 0x00, 0x00, 0x00, 0x00, 0x00, 0x00, 0x0e, 0x0e, 0x00,
  0x00, 0x0b, 0x0c, 0x00, 0x04, 0x0f, 0x00, 0x00, 0x00, 0x08, 0x00, 0x0a, 0x00, 0x00, 0x08, 0x00,
  0x00, 0x00, 0x00, 0x0a, 0x0a, 0x00, 0x09, 0x00, 0x0d, 0x0e, 0x00, 0x0b, 0x00, 0x00, 0x0d, 0x06,
  0x00, 0x0d, 0x00, 0x0d, 0x0d, 0x0d, 0x0d, 0x0c, 0x00, 0x00, 0x00, 0x00, 0x00, 0x0a, 0x00, 0x00,
  0x09, 0x00, 0x00, 0x00, 0x00, 0x00, 0x0c, 0x00, 0x0a, 0x0d, 0x00, 0x00, 0x00, 0x00, 0x00, 0x00,
  0x09, 0x0b, 0x00, 0x0e, 0x0e, 0x0d, 0x00, 0x00, 0x0e, 0x09, 0x09, 0x0c, 0x0d, 0x00, 0x00, 0x00,
  0x00, 0x08, 0x00, 0x00, 0x00, 0x0b, 0x07, 0x00, 0x00, 0x00, 0x0d, 0x0d, 0x0e, 0x09, 0x09, 0x08,
  0x00, 0x0a, 0x00, 0x0a, 0x00, 0x0d, 0x00, 0x00, 0x00, 0x0c, 0x0b, 0x00, 0x00, 0x00, 0x0d, 0x0d,
  0x00, 0x0c, 0x00, 0x0b, 0x0a, 0x0b, 0x00, 0x00, 0x0d, 0x0a, 0x00, 0x0f, 0x0b, 0x0c, 0x00, 0x0c,
  0x0a, 0x0e, 0x0d, 0x08, 0x00, 0x00, 0x00, 0x0e, 0x0d, 0x00, 0x00, 0x0c, 0x0d, 0x0c, 0x00, 0x08,
  0x0e, 0x0c, 0x0d, 0x07, 0x0e, 0x00, 0x0e, 0x00, 0x0d, 0x00, 0x00, 0x0c, 0x05, 0x00, 0x00, 0x00,
  0x0e, 0x00, 0x00, 0x0e, 0x0a, 0x0b, 0x09, 0x00, 0x0c, 0x0e, 0x00, 0x0d, 0x00, 0x0b, 0x00, 0x00,
  0x00, 0x00, 0x0e, 0x0d, 0x0a, 0x00, 0x0e, 0x08, 0x0e, 0x00, 0x00, 0x0c, 0x0c, 0x0c, 0x00, 0x0e,
  0x0c, 0x00, 0x08, 0x00, 0x0b, 0x0d, 0x00, 0x0e, 0x00, 0x0d, 0x0a, 0x0a, 0x0b, 0x00, 0x0c, 0x00,
  0x0d, 0x00, 0x0e, 0x00, 0x0b, 0x0e, 0x0b, 0x0e, 0x00, 0x0c, 0x0b, 0x00, 0x00, 0x0d, 0x0a, 0x09,
  0x0e, 0x00, 0x00, 0x0a, 0x0b, 0x0d, 0x00, 0x00, 0x00, 0x00, 0x0b, 0x00, 0x0e, 0x0a, 0x0b, 0x00,
  0x00, 0x00, 0x0d, 0x00, 0x0d, 0x09, 0x00, 0x0a, 0x0c, 0x0e, 0x0c, 0x00, 0x00, 0x00, 0x0d, 0x08,
  0x00, 0x00, 0x00, 0x00, 0x0c, 0x00, 0x0b, 0x0e, 0x0c, 0x0d, 0x0a, 0x00, 0x0b, 0x08, 0x00, 0x00,
  0x0e, 0x0c, 0x00, 0x0c, 0x00, 0x00, 0x00, 0x0d, 0x00, 0x0d, 0x00, 0x0a, 0x00, 0x0b, 0x00, 0x00,
  0x00, 0x0c, 0x00, 0x0c, 0x0b, 0x0e, 0x0c, 0x08, 0x00, 0x0c, 0x09, 0x0c, 0x0d, 0x0d, 0x0b, 0x09,
  0x0e, 0x08, 0x0d, 0x00, 0x00, 0x00, 0x0c, 0x00, 0x00, 0x0e, 0x00, 0x09, 0x0d, 0x00, 0x00, 0x00,
  0x0b, 0x00, 0x00, 0x00, 0x00, 0x00, 0x00, 0x00, 0x0c, 0x0d, 0x00, 0x00, 0x0d, 0x00, 0x00, 0x06,
  0x00, 0x09, 0x07, 0x0d, 0x0d, 0x0d, 0x08, 0x0a, 0x00, 0x0a, 0x0a, 0x0d, 0x0b, 0x00, 0x0d, 0x00,
  0x0d, 0x09, 0x00, 0x0c, 0x00, 0x06, 0x00, 0x00, 0x08, 0x0e, 0x0d, 0x00, 0x0c, 0x0b, 0x0c, 0x0e,
  0x00, 0x00, 0x00, 0x0e, 0x00, 0x0a, 0x0d, 0x0c, 0x09, 0x09, 0x00, 0x00, 0x0b, 0x00, 0x00, 0x00,
  0x07, 0x0c, 0x00, 0x00, 0x0c, 0x0b, 0x00, 0x00, 0x0a, 0x09, 0x00, 0x00, 0x00, 0x00, 0x0b, 0x00,
  0x0d, 0x00, 0x00, 0x09, 0x0c, 0x00, 0x0b, 0x00, 0x00, 0x00, 0x0e, 0x00, 0x00, 0x00, 0x09, 0x0e,
  0x00, 0x00, 0x09, 0x0b, 0x0c, 0x0c, 0x0c, 0x0d, 0x0d, 0x0b, 0x0d, 0x0e, 0x0b, 0x00, 0x0c, 0x00,
  0x0a, 0x00, 0x00, 0x0c, 0x0d, 0x0c, 0x0b, 0x0c, 0x00, 0x00, 0x0b, 0x0d, 0x00, 0x00, 0x00, 0x0d,
  0x00, 0x0b, 0x0d, 0x0b, 0x0d, 0x0d, 0x00, 0x00, 0x0b, 0x00, 0x0e, 0x00, 0x00, 0x00, 0x0a, 0x00,
  0x00, 0x0d, 0x0b, 0x00, 0x0d, 0x00, 0x00, 0x00, 0x00, 0x00, 0x00, 0x0b, 0x00, 0x00, 0x00, 0x09,
  0x00, 0x0c, 0x00, 0x00, 0x00, 0x0c, 0x00, 0x09, 0x0a, 0x0d, 0x00, 0x00, 0x0a, 0x00, 0x0b, 0x0a,
  0x0d, 0x00, 0x0d, 0x0c, 0x00, 0x00, 0x07, 0x0f, 0x0d, 0x00, 0x00, 0x00, 0x0e, 0x00, 0x0d, 0x00,
  0x00, 0x0d, 0x0d, 0x0a, 0x0d, 0x09, 0x0c, 0x0d, 0x0b, 0x0b, 0x0c, 0x0d, 0x0d, 0x00, 0x00, 0x00,
  0x00, 0x00, 0x00, 0x0b, 0x0c, 0x00, 0x0d, 0x00, 0x0b, 0x0c, 0x0d, 0x00, 0x00, 0x00, 0x00, 0x00,
  0x0b, 0x0d, 0x0b, 0x0a, 0x00, 0x0d, 0x0d, 0x0b, 0x0b, 0x00, 0x00, 0x00, 0x00, 0x09, 0x0b, 0x00,
  0x00, 0x00, 0x00, 0x00, 0x0e, 0x0f, 0x00, 0x00, 0x0d, 0x00, 0x00, 0x09, 0x0e, 0x00, 0x0f, 0x00,
  0x0d, 0x00, 0x0c, 0x0c, 0x0b, 0x0d, 0x00, 0x0d, 0x00, 0x00, 0x06, 0x00, 0x0a, 0x00, 0x00, 0x0e,
  0x0e, 0x09, 0x00, 0x0e, 0x00, 0x00, 0x00, 0x00, 0x0f, 0x0c, 0x0a, 0x00, 0x00, 0x00, 0x0d, 0x00,
  0x00, 0x00, 0x0d, 0x00, 0x00, 0x00, 0x00, 0x0d, 0x0e, 0x00, 0x00, 0x09, 0x00, 0x0c, 0x00, 0x0e,
  0x0c, 0x0c, 0x00, 0x0e, 0x05, 0x0c, 0x0d, 0x00, 0x00, 0x0a, 0x00, 0x00, 0x0b, 0x0e, 0x0d, 0x0b,
  0x01, 0x00, 0x08, 0x0a, 0x00, 0x00, 0x0e, 0x0d, 0x00, 0x00, 0x0b, 0x0e, 0x0b, 0x0f, 0x0b, 0x0d,
  0x0d, 0x00, 0x00, 0x09, 0x00, 0x0e, 0x00, 0x0c, 0x00, 0x00, 0x00, 0x0b, 0x00, 0x00, 0x00, 0x00,
  0x0c, 0x00, 0x0c, 0x00, 0x0a, 0x00, 0x00, 0x0e, 0x0b, 0x0e, 0x00, 0x00, 0x00, 0x0c, 0x0e, 0x0c,
  0x09, 0x00, 0x0c, 0x0d, 0x0d, 0x00, 0x0a, 0x0c, 0x00, 0x00, 0x00, 0x0e, 0x0c, 0x0b, 0x0e, 0x0c,
  0x00, 0x0c, 0x00, 0x00, 0x00, 0x0c, 0x00, 0x00, 0x00, 0x0d, 0x0a, 0x0c, 0x09, 0x0d, 0x00, 0x0e,
  0x0d, 0x00, 0x00, 0x00, 0x0d, 0x00, 0x0e, 0x00, 0x00, 0x0c, 0x00, 0x0e, 0x0e, 0x00, 0x00, 0x0d,
  0x00, 0x0c, 0x0e, 0x00, 0x09, 0x00, 0x00, 0x05, 0x0b, 0x0d, 0x00, 0x00, 0x0d, 0x09, 0x0e, 0x00,
  0x0e, 0x0d, 0x0e, 0x00, 0x0d, 0x00, 0x0d, 0x00, 0x00, 0x00, 0x00, 0x0e, 0x00, 0x0e, 0x0c, 0x00,
  0x0d, 0x0b, 0x0c, 0x00, 0x0e, 0x0c, 0x00, 0x0c, 0x0e, 0x00, 0x09, 0x0e, 0x00, 0x00, 0x0c, 0x0c,
  0x0e, 0x0d, 0x0c, 0x0c, 0x0e, 0x00, 0x0a, 0x00, 0x0b, 0x0c, 0x00, 0x00, 0x0d, 0x00, 0x00, 0x0e,
  0x00, 0x00, 0x00, 0x00, 0x00, 0x09, 0x06, 0x00, 0x00, 0x0c, 0x00, 0x00, 0x0d, 0x00, 0x00, 0x08,
  0x00, 0x0e, 0x00, 0x00, 0x00, 0x0e, 0x0d, 0x0c, 0x00, 0x0e, 0x00, 0x00, 0x0d, 0x00, 0x00, 0x00,
  0x08, 0x00, 0x0c, 0x00, 0x00, 0x09, 0x00, 0x00, 0x09, 0x00, 0x0d, 0x0c, 0x00, 0x0e, 0x00, 0x0d,
  0x0c, 0x00, 0x09, 0x08, 0x00, 0x00, 0x0b, 0x00, 0x0e, 0x00, 0x00, 0x0d, 0x00, 0x0c, 0x00, 0x00,
  0x00, 0x00, 0x0b, 0x00, 0x0a, 0x08, 0x0e, 0x00, 0x0d, 0x0c, 0x00, 0x0c, 0x0c, 0x00, 0x0e, 0x00,
  0x00, 0x0b, 0x0a, 0x0c, 0x00, 0x00, 0x00, 0x0e, 0x0a, 0x00, 0x00, 0x00, 0x00, 0x0d, 0x0d, 0x00,
  0x0a, 0x0c, 0x0c, 0x0a, 0x00, 0x0a, 0x0e, 0x00, 0x0b, 0x0e, 0x0a, 0x00, 0x0e, 0x0d, 0x00, 0x0e,
  0x00, 0x0e, 0x0c, 0x00, 0x00, 0x00, 0x0e, 0x00, 0x00, 0x00, 0x0e, 0x00, 0x00, 0x0a, 0x00, 0x0a,
  0x0e, 0x06, 0x0b, 0x00, 0x00, 0x0d, 0x0c, 0x0a, 0x0b, 0x0d, 0x00, 0x07, 0x0b, 0x00, 0x07, 0x00,
  0x0f, 0x00, 0x00, 0x00, 0x00, 0x0b, 0x00, 0x0d, 0x0c, 0x00, 0x00, 0x0d, 0x00, 0x08, 0x0b, 0x00,
  0x06, 0x0d, 0x00, 0x07, 0x0c, 0x06, 0x00, 0x0a, 0x0e, 0x00, 0x00, 0x0d, 0x0b, 0x0b, 0x00, 0x0b,
  0x0d, 0x00, 0x0b, 0x0c, 0x0e, 0x00, 0x00, 0x00, 0x00, 0x0c, 0x06, 0x0b, 0x09, 0x0c, 0x00, 0x00,
  0x08, 0x00, 0x0d, 0x00, 0x00, 0x0a, 0x00, 0x0c, 0x0a, 0x0b, 0x0c, 0x00, 0x00, 0x00, 0x00, 0x00,
  0x0d, 0x0c, 0x0e, 0x0d, 0x00, 0x0b, 0x00, 0x00, 0x0e, 0x00, 0x00, 0x0d, 0x00, 0x00, 0x00, 0x0a,
  0x0d, 0x0d, 0x0e, 0x00, 0x00, 0x0b, 0x0c, 0x00, 0x00, 0x00, 0x00, 0x0a, 0x0e, 0x0e, 0x00, 0x00,
  0x00, 0x08, 0x00, 0x00, 0x0d, 0x00, 0x00, 0x00, 0x00, 0x00, 0x00, 0x00, 0x0b, 0x0d, 0x00, 0x00,
  0x0d, 0x00, 0x0b, 0x00, 0x00, 0x0a, 0x0d, 0x0d, 0x00, 0x00, 0x0d, 0x00, 0x09, 0x00, 0x00, 0x08,
  0x09, 0x00, 0x00, 0x0e, 0x0b, 0x0e, 0x0d, 0x00, 0x00, 0x0c, 0x0c, 0x00, 0x0c, 0x0c, 0x00, 0x00,
  0x00, 0x0e, 0x0c, 0x00, 0x00, 0x0d, 0x00, 0x00, 0x00, 0x00, 0x00, 0x0d, 0x00, 0x00, 0x00, 0x0c,
  0x08, 0x00, 0x0c, 0x0b, 0x00, 0x00, 0x0b, 0x00, 0x00, 0x0d, 0x00, 0x00, 0x00, 0x00, 0x00, 0x00,
  0x0d, 0x00, 0x0c, 0x00, 0x0c, 0x0d, 0x00, 0x03, 0x00, 0x00, 0x00, 0x0e, 0x0d, 0x06, 0x00, 0x0b,
  0x00, 0x0c, 0x0d, 0x0c, 0x00, 0x00, 0x0b, 0x00, 0x00, 0x00, 0x00, 0x00, 0x00, 0x00, 0x0d, 0x08,
  0x00, 0x00, 0x0e, 0x00, 0x0d, 0x00, 0x00, 0x0e, 0x00, 0x0d, 0x0e, 0x0d, 0x0d, 0x00, 0x00, 0x0d,
  0x0e, 0x0a, 0x09, 0x0e, 0x0c, 0x00, 0x00, 0x0d, 0x0a, 0x0b, 0x0d, 0x00, 0x00, 0x06, 0x00, 0x00,
  0x05, 0x0d, 0x00, 0x0c, 0x0b, 0x0c, 0x09, 0x00, 0x00, 0x0b, 0x0c, 0x00, 0x0b, 0x0c, 0x00, 0x00,
  0x0d, 0x08, 0x09, 0x00, 0x00, 0x00, 0x00, 0x0c, 0x0a, 0x0e, 0x00, 0x09, 0x0c, 0x0d, 0x0f, 0x00,
  0x00, 0x0e, 0x0a, 0x0c, 0x00, 0x00, 0x0c, 0x0e, 0x0b, 0x0c, 0x0a, 0x00, 0x0e, 0x00, 0x09, 0x0c,
  0x0f, 0x00, 0x00, 0x0c, 0x00, 0x0a, 0x00, 0x0d, 0x00, 0x00, 0x00, 0x00, 0x09, 0x0d, 0x00, 0x0c,
  0x00, 0x0d, 0x00, 0x00, 0x00, 0x00, 0x0c, 0x00, 0x0c, 0x00, 0x00, 0x00, 0x00, 0x0d, 0x0d, 0x00,
  0x00, 0x0e, 0x00, 0x00, 0x00, 0x0d, 0x0c, 0x00, 0x00, 0x00, 0x0e, 0x00, 0x00, 0x00, 0x0c, 0x00,
  0x0e, 0x0a, 0x0d, 0x00, 0x0d, 0x00, 0x0b, 0x00, 0x0d, 0x00, 0x00, 0x00, 0x00, 0x00, 0x0d, 0x00,
  0x00, 0x00, 0x00, 0x00, 0x0b, 0x00, 0x0d, 0x0a, 0x00, 0x00, 0x00, 0x0b, 0x0e, 0x06, 0x0b, 0x00,
  0x09, 0x0c, 0x0d, 0x08, 0x00, 0x0d, 0x00, 0x00, 0x00, 0x00, 0x00, 0x0e, 0x00, 0x0d, 0x00, 0x0d,
  0x00, 0x0e, 0x0c, 0x08, 0x00, 0x00, 0x0d, 0x00, 0x00, 0x00, 0x00, 0x00, 0x0b, 0x0c, 0x00, 0x00,
  0x06, 0x07, 0x0e, 0x00, 0x00, 0x00, 0x00, 0x00, 0x00, 0x00, 0x0e, 0x0d, 0x0a, 0x0b, 0x00, 0x00,
  0x0d, 0x0d, 0x09, 0x0d, 0x0d, 0x0d, 0x0c, 0x00, 0x00, 0x00, 0x00, 0x0d, 0x00, 0x00, 0x00, 0x00,
  0x00, 0x00, 0x0d, 0x00, 0x00, 0x0b, 0x00, 0x09, 0x00, 0x00, 0x0e, 0x07, 0x0e, 0x00, 0x08, 0x0e,
  0x0e, 0x00, 0x00, 0x00, 0x00, 0x00, 0x0d, 0x09, 0x00, 0x00, 0x00, 0x00, 0x00, 0x0b, 0x00, 0x00,
  0x0d, 0x09, 0x00, 0x00, 0x00, 0x0e, 0x0c, 0x0c, 0x00, 0x0b, 0x0a, 0x00, 0x0b, 0x00, 0x00, 0x0d,
  0x00, 0x0d, 0x0e, 0x00, 0x06, 0x00, 0x0b, 0x0d, 0x0c, 0x00, 0x00, 0x0c, 0x00, 0x08, 0x0b, 0x00,
  0x00, 0x0b, 0x0d, 0x00, 0x00, 0x0c, 0x00, 0x0d, 0x0a, 0x0b, 0x00, 0x00, 0x0e, 0x0a, 0x00, 0x0c,
  0x0d, 0x0b, 0x09, 0x0d, 0x00, 0x0c, 0x00, 0x00, 0x08, 0x0c, 0x0c, 0x0c, 0x04, 0x0d, 0x0d, 0x00,
  0x00, 0x00, 0x00, 0x00, 0x0c, 0x00, 0x00, 0x0d, 0x0d, 0x00, 0x0c, 0x08, 0x00, 0x0d, 0x00, 0x0b,
  0x0e, 0x00, 0x00, 0x00, 0x0e, 0x00, 0x00, 0x0f, 0x00, 0x0a, 0x0e, 0x0e, 0x00, 0x0d, 0x0e, 0x00,
  0x0b, 0x00, 0x0b, 0x00, 0x07, 0x00, 0x0d, 0x00, 0x00, 0x0c, 0x0b, 0x00, 0x00, 0x0c, 0x0a, 0x00,
  0x0a, 0x00, 0x0e, 0x09, 0x0d, 0x0c, 0x0c, 0x09, 0x0a, 0x00, 0x0e, 0x0f, 0x0b, 0x0d, 0x00, 0x0d,
  0x00, 0x00, 0x00, 0x00, 0x00, 0x00, 0x0d, 0x00, 0x0b, 0x0d, 0x00, 0x00, 0x00, 0x08, 0x00, 0x0d,
  0x00, 0x0c, 0x0e, 0x0a, 0x0c, 0x06, 0x0b, 0x00, 0x00, 0x0e, 0x00, 0x00, 0x00, 0x00, 0x00, 0x00,
  0x09, 0x0b, 0x0d, 0x0e, 0x00, 0x0d, 0x00, 0x0a, 0x0e, 0x0e, 0x0d, 0x00, 0x00, 0x0d, 0x0e, 0x00,
  0x0e, 0x08, 0x0d, 0x00, 0x00, 0x00, 0x00, 0x0c, 0x00, 0x0b, 0x0c, 0x0b, 0x0c, 0x00, 0x0d, 0x08,
  0x08, 0x0c, 0x08, 0x00, 0x00, 0x00, 0x06, 0x00, 0x0a, 0x0d, 0x0c, 0x00, 0x0e, 0x00, 0x0c, 0x0e,
  0x00, 0x0d, 0x00, 0x0c, 0x00, 0x0d, 0x0f, 0x00, 0x00, 0x00, 0x02, 0x00, 0x0d, 0x00, 0x00, 0x0d,
  0x00, 0x0c, 0x0a, 0x0c, 0x00, 0x0c, 0x00, 0x07, 0x00, 0x0e, 0x0c, 0x0a, 0x00, 0x00, 0x08, 0x0f,
  0x0d, 0x0d, 0x00, 0x0d, 0x0d, 0x00, 0x00, 0x0e, 0x00, 0x0a, 0x0b, 0x0c, 0x00, 0x00, 0x00, 0x00,
  0x00, 0x09, 0x0d, 0x00, 0x0e, 0x00, 0x00, 0x0d, 0x00, 0x0d, 0x00, 0x0d, 0x0c, 0x00, 0x00, 0x0c,
  0x0d, 0x00, 0x0c, 0x0f, 0x00, 0x0c, 0x00, 0x00, 0x00, 0x0d, 0x00, 0x0c, 0x0c, 0x00, 0x00, 0x0e,
  0x0c, 0x00, 0x00, 0x00, 0x00, 0x09, 0x00, 0x0b, 0x0d, 0x00, 0x0a, 0x00, 0x0d, 0x00, 0x00, 0x0d,
  0x00, 0x00, 0x00, 0x00, 0x0a, 0x00, 0x0d, 0x00, 0x00, 0x00, 0x00, 0x00, 0x00, 0x0d, 0x00, 0x0c,
  0x0a, 0x00, 0x0c, 0x07, 0x0d, 0x0d, 0x0d, 0x0d, 0x0b, 0x00, 0x0a, 0x0a, 0x00, 0x00, 0x0c, 0x09,
  0x09, 0x0d, 0x0d, 0x0b, 0x05, 0x00, 0x00, 0x00, 0x00, 0x00, 0x00, 0x00, 0x00, 0x00, 0x00, 0x00,
  0x0e, 0x0d, 0x0b, 0x00, 0x00, 0x00, 0x0e, 0x04, 0x0d, 0x00, 0x00, 0x00, 0x00, 0x00, 0x0e, 0x00,
  0x00, 0x00, 0x0c, 0x0b, 0x00, 0x00, 0x00, 0x0a, 0x06, 0x00, 0x00, 0x00, 0x00, 0x0d, 0x00, 0x00,
  0x0c, 0x0e, 0x00, 0x0d, 0x00, 0x08, 0x0d, 0x0d, 0x0c, 0x00, 0x00, 0x08, 0x0c, 0x00, 0x00, 0x0e,
  0x0d, 0x0c, 0x00, 0x00, 0x0c, 0x07, 0x00, 0x0c, 0x00, 0x00, 0x08, 0x00, 0x00, 0x00, 0x00, 0x0e,
  0x00, 0x00, 0x00, 0x0d, 0x00, 0x00, 0x0b, 0x0e, 0x0a, 0x00, 0x08, 0x00, 0x0d, 0x00, 0x0b, 0x00,
  0x00, 0x00, 0x0e, 0x00, 0x00, 0x00, 0x0b, 0x00, 0x0e, 0x0e, 0x00, 0x00, 0x0c, 0x0a, 0x00, 0x0b,
  0x0e, 0x08, 0x00, 0x00, 0x00, 0x00, 0x00, 0x00, 0x0d, 0x0b, 0x09, 0x0e, 0x07, 0x00, 0x0e, 0x00,
  0x0c, 0x00, 0x00, 0x0a, 0x00, 0x0c, 0x00, 0x0b, 0x0a, 0x09, 0x00, 0x00, 0x0d, 0x00, 0x00, 0x0a,
  0x00, 0x09, 0x00, 0x05, 0x00, 0x0b, 0x00, 0x0c, 0x00, 0x00, 0x00, 0x0e, 0x0d, 0x08, 0x00, 0x0e,
  0x00, 0x00, 0x00, 0x0c, 0x00, 0x00, 0x0c, 0x0a, 0x0e, 0x09, 0x0b, 0x0d, 0x0c, 0x0e, 0x00, 0x00,
  0x00, 0x0d, 0x0c, 0x0c, 0x00, 0x0c, 0x00, 0x00, 0x00, 0x00, 0x0b, 0x0b, 0x00, 0x0a, 0x00, 0x0d,
  0x00, 0x0a, 0x0d, 0x00, 0x00, 0x00, 0x0d, 0x00, 0x0c, 0x00, 0x0c, 0x0b, 0x0c, 0x0d, 0x00, 0x0b,
  0x00, 0x0e, 0x0c, 0x00, 0x0b, 0x00, 0x09, 0x00, 0x00, 0x00, 0x00, 0x00, 0x0e, 0x00, 0x00, 0x0d,
  0x0d, 0x00, 0x0a, 0x00, 0x00, 0x0f, 0x08, 0x0c, 0x00, 0x0e, 0x0b, 0x00, 0x00, 0x0d, 0x0d, 0x0e,
  0x0c, 0x00, 0x0b, 0x00, 0x00, 0x0c, 0x00, 0x0d, 0x00, 0x00, 0x0e, 0x08, 0x0d, 0x05, 0x00, 0x0d,
  0x0a, 0x0b, 0x00, 0x0e, 0x0e, 0x0e, 0x00, 0x00, 0x0c, 0x0e, 0x00, 0x0b, 0x00, 0x0c, 0x00, 0x04,
  0x0c, 0x0a, 0x00, 0x00, 0x00, 0x00, 0x00, 0x0e, 0x08, 0x00, 0x0b, 0x0e, 0x00, 0x0e, 0x00, 0x00,
  0x0d, 0x09, 0x00, 0x0c, 0x00, 0x0d, 0x00, 0x0c, 0x00, 0x07, 0x00, 0x0e, 0x00, 0x00, 0x00, 0x0d,
  0x00, 0x00, 0x00, 0x00, 0x0e, 0x00, 0x00, 0x00, 0x0d, 0x00, 0x0f, 0x00, 0x0c, 0x00, 0x00, 0x0d,
  0x0c, 0x06, 0x00, 0x0e, 0x00, 0x00, 0x0e, 0x0c, 0x0d, 0x0c, 0x0c, 0x00, 0x00, 0x0d, 0x0e, 0x00,
  0x0e, 0x00, 0x0e, 0x00, 0x00, 0x0d, 0x00, 0x00, 0x00, 0x00, 0x00, 0x00, 0x00, 0x0e, 0x0a, 0x0c,
  0x0b, 0x00, 0x0c, 0x00, 0x08, 0x0a, 0x00, 0x0b, 0x00, 0x0c, 0x00, 0x00, 0x0c, 0x00, 0x00, 0x0e,
  0x00, 0x0d, 0x0d, 0x00, 0x00, 0x0c, 0x0c, 0x0f, 0x00, 0x0c, 0x04, 0x0d, 0x0a, 0x0d, 0x00, 0x0d,
  0x0f, 0x0d, 0x0e, 0x0d, 0x00, 0x00, 0x0a, 0x00, 0x09, 0x00, 0x00, 0x09, 0x00, 0x00, 0x00, 0x0c,
  0x0e, 0x00, 0x00, 0x07, 0x00, 0x0e, 0x00, 0x0d, 0x0c, 0x0f, 0x00, 0x0d, 0x00, 0x0e, 0x0d, 0x00,
  0x06, 0x0c, 0x09, 0x0d, 0x00, 0x00, 0x00, 0x0b, 0x0d, 0x0b, 0x00, 0x0d, 0x00, 0x00, 0x00, 0x00,
  0x0a, 0x0b, 0x00, 0x0c, 0x0e, 0x00, 0x00, 0x00, 0x0b, 0x00, 0x00, 0x0d, 0x0e, 0x0c, 0x00, 0x00,
  0x00, 0x0d, 0x0c, 0x00, 0x09, 0x0c, 0x00, 0x0d, 0x00, 0x00, 0x0c, 0x0d, 0x09, 0x00, 0x0e, 0x0e,
  0x0c, 0x0c, 0x00, 0x00, 0x00, 0x00, 0x0d, 0x0d, 0x00, 0x00, 0x08, 0x00, 0x0b, 0x00, 0x0d, 0x00,
  0x0e, 0x00, 0x00, 0x00, 0x0c, 0x00, 0x00, 0x0e, 0x00, 0x00, 0x0d, 0x0d, 0x0d, 0x00, 0x09, 0x00,
  0x09, 0x0d, 0x00, 0x0d, 0x00, 0x00, 0x0c, 0x0f, 0x09, 0x00, 0x0c, 0x00, 0x0b, 0x0e, 0x00, 0x0c,
  0x0c, 0x00, 0x00, 0x00, 0x0d, 0x0c, 0x0c, 0x00, 0x00, 0x0b, 0x0c, 0x0c, 0x00, 0x00, 0x09, 0x0d,
  0x00, 0x0e, 0x00, 0x08, 0x0d, 0x0b, 0x0e, 0x00, 0x00, 0x00, 0x0d, 0x00, 0x0d, 0x0e, 0x0b, 0x00,
  0x0c, 0x0d, 0x00, 0x00, 0x00, 0x00, 0x0c, 0x0d, 0x0e, 0x0c, 0x00, 0x07, 0x08, 0x0d, 0x0b, 0x0a,
  0x0c, 0x00, 0x00, 0x0b, 0x00, 0x00, 0x00, 0x0e, 0x00, 0x00, 0x00, 0x0d, 0x0b, 0x0a, 0x0c, 0x0b,
  0x0c, 0x0a, 0x0a, 0x0a, 0x00, 0x0b, 0x00, 0x00, 0x0d, 0x00, 0x00, 0x0e, 0x00, 0x00, 0x00, 0x00,
  0x00, 0x00, 0x00, 0x00, 0x00, 0x00, 0x09, 0x00, 0x0d, 0x00, 0x00, 0x00, 0x00, 0x00, 0x00, 0x00,
  0x0b, 0x00, 0x09, 0x09, 0x0c, 0x0e, 0x00, 0x00, 0x00, 0x0a, 0x00, 0x0d, 0x08, 0x00, 0x0c, 0x00,
  0x0d, 0x00, 0x0a, 0x00, 0x00, 0x00, 0x0b, 0x0e, 0x0f, 0x00, 0x0e, 0x0c, 0x00, 0x09, 0x00, 0x0e,
  0x0d, 0x0c, 0x0a, 0x00, 0x00, 0x00, 0x00, 0x0e, 0x09, 0x00, 0x00, 0x05, 0x00, 0x09, 0x00, 0x08,
  0x00, 0x0d, 0x0e, 0x0b, 0x00, 0x00, 0x00, 0x00, 0x0e, 0x09, 0x09, 0x00, 0x0c, 0x0e, 0x08, 0x0b,
  0x0c, 0x00, 0x00, 0x00, 0x00, 0x00, 0x00, 0x00, 0x00, 0x00, 0x0a, 0x00, 0x00, 0x0d, 0x00, 0x0d,
  0x00, 0x0c, 0x00, 0x0b, 0x00, 0x00, 0x08, 0x00, 0x00, 0x00, 0x0c, 0x00, 0x0a, 0x00, 0x00, 0x0e,
  0x00, 0x00, 0x07, 0x0f, 0x00, 0x07, 0x00, 0x00, 0x0c, 0x00, 0x0d, 0x00, 0x0b, 0x00, 0x00, 0x06,
  0x00, 0x0d, 0x07, 0x0b, 0x00, 0x00, 0x0e, 0x0d, 0x0c, 0x0e, 0x0b, 0x0d, 0x00, 0x00, 0x0c, 0x00,
  0x00, 0x0d, 0x0c, 0x09, 0x0b, 0x00, 0x0d, 0x09, 0x00, 0x00, 0x0d, 0x00, 0x0b, 0x00, 0x0d, 0x0a,
  0x09, 0x0d, 0x0d, 0x00, 0x00, 0x00, 0x0b, 0x0d, 0x0d, 0x0c, 0x0b, 0x00, 0x0e, 0x00, 0x00, 0x01,
  0x0c, 0x07, 0x0b, 0x0d, 0x00, 0x0e, 0x0f, 0x0d, 0x0a, 0x00, 0x09, 0x00, 0x0e, 0x00, 0x00, 0x00,
  0x0d, 0x0e, 0x0d, 0x0e, 0x0d, 0x09, 0x00, 0x0b, 0x0b, 0x0d, 0x07, 0x0e, 0x00, 0x00, 0x0b, 0x0d,
  0x0c, 0x00, 0x00, 0x0b, 0x0e, 0x00, 0x00, 0x0d, 0x0a, 0x00, 0x00, 0x00, 0x00, 0x00, 0x00, 0x0d,
  0x0d, 0x0a, 0x0a, 0x00, 0x0d, 0x00, 0x0b, 0x00, 0x0a, 0x0d, 0x00, 0x0b, 0x0d, 0x00, 0x0d, 0x00,
  0x0c, 0x09, 0x00, 0x0c, 0x0b, 0x00, 0x00, 0x02, 0x00, 0x00, 0x00, 0x00, 0x0c, 0x00, 0x0c, 0x00,
  0x00, 0x00, 0x00, 0x0c, 0x00, 0x00, 0x00, 0x0e, 0x00, 0x0e, 0x00, 0x00, 0x0d, 0x00, 0x00, 0x00,
  0x00, 0x0f, 0x00, 0x00, 0x00, 0x08, 0x00, 0x0c, 0x00, 0x00, 0x00, 0x00, 0x00, 0x00, 0x0a, 0x0b,
  0x00, 0x0d, 0x0d, 0x00, 0x0d, 0x05, 0x0e, 0x00, 0x0a, 0x00, 0x00, 0x00, 0x00, 0x00, 0x0d, 0x0c,
  0x00, 0x0c, 0x00, 0x0d, 0x0d, 0x08, 0x04, 0x0b, 0x00, 0x0e, 0x0e, 0x0b, 0x00, 0x00, 0x0d, 0x0a,
  0x0c, 0x00, 0x0d, 0x0b, 0x00, 0x00, 0x0e, 0x0e, 0x0e, 0x00, 0x00, 0x00, 0x0c, 0x00, 0x00, 0x00,
  0x00, 0x00, 0x00, 0x0e, 0x00, 0x09, 0x0b, 0x00, 0x00, 0x09, 0x00, 0x00, 0x0c, 0x0d, 0x00, 0x0c,
  0x0c, 0x0d, 0x0c, 0x00, 0x00, 0x0b, 0x00, 0x00, 0x0c, 0x08, 0x0d, 0x0b, 0x00, 0x00, 0x0c, 0x00,
  0x0a, 0x0c, 0x00, 0x00, 0x07, 0x08, 0x00, 0x00, 0x0e, 0x0b, 0x00, 0x0c, 0x0c, 0x0d, 0x0b, 0x00,
  0x08, 0x00, 0x00, 0x0a, 0x00, 0x00, 0x00, 0x0d, 0x0a, 0x0c, 0x00, 0x0d, 0x0e, 0x00, 0x00, 0x0b,
  0x0b, 0x00, 0x0c, 0x00, 0x0c, 0x00, 0x00, 0x09, 0x0e, 0x0a, 0x00, 0x0e, 0x00, 0x08, 0x00, 0x00,
  0x00, 0x00, 0x00, 0x00, 0x0e, 0x00, 0x0b, 0x00, 0x0e, 0x0a, 0x05, 0x00, 0x00, 0x07, 0x00, 0x00,
  0x0e, 0x00, 0x00, 0x00, 0x00, 0x00, 0x00, 0x07, 0x0b, 0x0c, 0x0e, 0x00, 0x00, 0x00, 0x00, 0x00,
  0x00, 0x08, 0x0b, 0x00, 0x00, 0x0b, 0x00, 0x00, 0x09, 0x00, 0x00, 0x08, 0x0e, 0x00, 0x05, 0x0d,
  0x0c, 0x0d, 0x09, 0x00, 0x00, 0x00, 0x0d, 0x00, 0x00, 0x00, 0x00, 0x00, 0x0b, 0x0b, 0x00, 0x08,
  0x0b, 0x00, 0x0b, 0x0e, 0x00, 0x0c, 0x0d, 0x00, 0x00, 0x00, 0x05, 0x00, 0x00, 0x0c, 0x00, 0x00,
  0x0e, 0x00, 0x0c, 0x00, 0x0b, 0x0b, 0x0e, 0x0e, 0x0d, 0x00, 0x0e, 0x0a, 0x0e, 0x0d, 0x0b, 0x00,
  0x00, 0x00, 0x0e, 0x00, 0x00, 0x00, 0x00, 0x09, 0x00, 0x00, 0x0d, 0x00, 0x0f, 0x00, 0x00, 0x0c,
  0x0b, 0x00, 0x00, 0x00, 0x00, 0x0d, 0x00, 0x08, 0x0d, 0x0a, 0x00, 0x0c, 0x0d, 0x0a, 0x0d, 0x0b,
  0x00, 0x0f, 0x00, 0x0e, 0x00, 0x00, 0x00, 0x0d, 0x00, 0x00, 0x0f, 0x00, 0x00, 0x0c, 0x00, 0x0e,
  0x0e, 0x0e, 0x0d, 0x0e, 0x0b, 0x0f, 0x0c, 0x00, 0x0b, 0x0e, 0x0c, 0x00, 0x0d, 0x00, 0x00, 0x0b,
  0x0c, 0x0d, 0x0e, 0x00, 0x00, 0x00, 0x00, 0x0d, 0x0c, 0x0b, 0x0d, 0x0e, 0x00, 0x0b, 0x0d, 0x00,
  0x0d, 0x00, 0x0b, 0x0b, 0x00, 0x0e, 0x00, 0x0c, 0x00, 0x08, 0x00, 0x0d, 0x00, 0x00, 0x07, 0x05,
  0x0f, 0x00, 0x0d, 0x0a, 0x0d, 0x00, 0x00, 0x00, 0x0e, 0x00, 0x0e, 0x0d, 0x0d, 0x00, 0x00, 0x0e,
  0x09, 0x00, 0x0b, 0x0e, 0x0e, 0x0c, 0x0f, 0x0d, 0x00, 0x0a, 0x00, 0x06, 0x00, 0x00, 0x00, 0x0d,
  0x0a, 0x0d, 0x05, 0x00, 0x00, 0x00, 0x0d, 0x0d, 0x0c, 0x00, 0x0b, 0x0c, 0x00, 0x00, 0x00, 0x00,
  0x0e, 0x00, 0x0f, 0x00, 0x00, 0x0c, 0x0d, 0x00, 0x00, 0x09, 0x00, 0x00, 0x0b, 0x0a, 0x0d, 0x00,
  0x00, 0x00, 0x00, 0x00, 0x00, 0x0d, 0x0c, 0x0f, 0x00, 0x0e, 0x0e, 0x0c, 0x0a, 0x0d, 0x00, 0x00,
  0x0b, 0x00, 0x00, 0x0f, 0x0b, 0x0d, 0x00, 0x00, 0x0a, 0x0d, 0x00, 0x00, 0x00, 0x0c, 0x0c, 0x0d,
  0x0c, 0x00, 0x00, 0x0e, 0x00, 0x0c, 0x00, 0x08, 0x0c, 0x0e, 0x00, 0x0e, 0x0e, 0x0c, 0x0b, 0x0c,
  0x0c, 0x07, 0x00, 0x00, 0x0a, 0x00, 0x00, 0x00, 0x00, 0x00, 0x00, 0x00, 0x08, 0x08, 0x00, 0x0a,
  0x00, 0x09, 0x0b, 0x00, 0x00, 0x0d, 0x00, 0x0c, 0x00, 0x0d, 0x00, 0x0c, 0x06, 0x00, 0x00, 0x06,
  0x0c, 0x00, 0x0c, 0x00, 0x00, 0x00, 0x0c, 0x0d, 0x00, 0x00, 0x0a, 0x00, 0x00, 0x0a, 0x00, 0x00,
  0x00, 0x00, 0x00, 0x0c, 0x0e, 0x09, 0x0d, 0x0e, 0x00, 0x00, 0x00, 0x0d, 0x00, 0x0b, 0x0c, 0x00,
  0x08, 0x0c, 0x00, 0x0e, 0x00, 0x0a, 0x0c, 0x00, 0x00, 0x0d, 0x0b, 0x00, 0x0c, 0x0f, 0x0c, 0x00,
  0x0e, 0x04, 0x0c, 0x0d, 0x00, 0x00, 0x0a, 0x0e, 0x0d, 0x0b, 0x00, 0x00, 0x00, 0x00, 0x08, 0x00,
  0x0a, 0x05, 0x00, 0x00, 0x00, 0x00, 0x0e, 0x0b, 0x0d, 0x00, 0x00, 0x00, 0x00, 0x00, 0x00, 0x00,
  0x00, 0x00, 0x0d, 0x08, 0x0d, 0x00, 0x0e, 0x00, 0x09, 0x0d, 0x0c, 0x00, 0x00, 0x00, 0x00, 0x00,
  0x00, 0x00, 0x09, 0x09, 0x00, 0x00, 0x0d, 0x0d, 0x00, 0x00, 0x00, 0x0a, 0x0d, 0x00, 0x0c, 0x0b,
  0x0f, 0x00, 0x00, 0x0f, 0x0a, 0x0a, 0x0b, 0x0d, 0x00, 0x00, 0x00, 0x0d, 0x00, 0x00, 0x00, 0x0e,
  0x0c, 0x09, 0x00, 0x00, 0x0c, 0x0c, 0x07, 0x0e, 0x0d, 0x00, 0x00, 0x0e, 0x00, 0x00, 0x00, 0x00,
  0x0c, 0x08, 0x00, 0x07, 0x00, 0x0b, 0x00, 0x00, 0x00, 0x00, 0x00, 0x09, 0x00, 0x00, 0x00, 0x09,
  0x00, 0x00, 0x0b, 0x0a, 0x00, 0x0b, 0x0b, 0x00, 0x00, 0x0c, 0x0c, 0x00, 0x00, 0x0d, 0x00, 0x0d,
  0x0d, 0x00, 0x00, 0x00, 0x0b, 0x0b, 0x00, 0x00, 0x00, 0x00, 0x0d, 0x0b, 0x00, 0x0c, 0x00, 0x0e,
  0x0a, 0x00, 0x0c, 0x0b, 0x00, 0x08, 0x0b, 0x00, 0x0b, 0x09, 0x00, 0x0c, 0x00, 0x0b, 0x0c, 0x00,
  0x0c, 0x0e, 0x0d, 0x0c, 0x00, 0x00, 0x00, 0x09, 0x0d, 0x08, 0x0c, 0x0e, 0x0e, 0x00, 0x0e, 0x08,
  0x00, 0x0c, 0x0a, 0x0e, 0x00, 0x0a, 0x00, 0x07, 0x0c, 0x0e, 0x00, 0x00, 0x0c, 0x0c, 0x00, 0x00,
  0x0c, 0x0e, 0x0c, 0x00, 0x0c, 0x09, 0x00, 0x0c, 0x00, 0x0d, 0x0e, 0x00, 0x00, 0x00, 0x00, 0x0f,
  0x0e, 0x00, 0x0c, 0x0e, 0x0b, 0x0a, 0x00, 0x00, 0x0d, 0x0e, 0x07, 0x00, 0x0f, 0x00, 0x00, 0x0b,
  0x00, 0x0b, 0x0e, 0x09, 0x00, 0x00, 0x00, 0x0e, 0x0c, 0x00, 0x0d, 0x0d, 0x00, 0x00, 0x08, 0x0b,
  0x0d, 0x0d, 0x0c, 0x09, 0x0b, 0x0c, 0x00, 0x00, 0x00, 0x0c, 0x08, 0x00, 0x00, 0x00, 0x00, 0x06,
  0x0c, 0x0b, 0x00, 0x00, 0x00, 0x00, 0x00, 0x00, 0x0c, 0x00, 0x00, 0x00, 0x0c, 0x0d, 0x00, 0x0d,
  0x0d, 0x00, 0x0d, 0x00, 0x04, 0x00, 0x0f, 0x00, 0x00, 0x00, 0x00, 0x00, 0x0d, 0x00, 0x00, 0x0d,
  0x00, 0x00, 0x0b, 0x0e, 0x00, 0x00, 0x00, 0x0c, 0x07, 0x00, 0x00, 0x0d, 0x00, 0x00, 0x00, 0x0b,
  0x0d, 0x0e, 0x00, 0x00, 0x0a, 0x00, 0x00, 0x0c, 0x00, 0x00, 0x00, 0x0d, 0x00, 0x00, 0x0e, 0x00,
  0x00, 0x00, 0x0e, 0x0a, 0x0c, 0x0d, 0x00, 0x0d, 0x0b, 0x0d, 0x00, 0x06, 0x0c, 0x0e, 0x0f, 0x00,
  0x08, 0x0c, 0x09, 0x0b, 0x09, 0x08, 0x00, 0x00, 0x00, 0x00, 0x0c, 0x00, 0x00, 0x00, 0x00, 0x00,
  0x00, 0x00, 0x05, 0x00, 0x0a, 0x0e, 0x00, 0x0b, 0x00, 0x0d, 0x00, 0x0f, 0x0e, 0x0b, 0x00, 0x0d,
  0x05, 0x00, 0x0c, 0x00, 0x00, 0x0e, 0x00, 0x07, 0x0e, 0x0e, 0x00, 0x00, 0x00, 0x0d, 0x0b, 0x00,
  0x0c, 0x00, 0x0b, 0x00, 0x00, 0x0b, 0x00, 0x00, 0x00, 0x0a, 0x00, 0x0b, 0x00, 0x0d, 0x0d, 0x00,
  0x0c, 0x0a, 0x00, 0x00, 0x00, 0x00, 0x00, 0x00, 0x00, 0x00, 0x0a, 0x0c, 0x00, 0x0d, 0x00, 0x0d,
  0x08, 0x0d, 0x0d, 0x00, 0x0c, 0x0c, 0x09, 0x00, 0x00, 0x00, 0x0e, 0x0e, 0x0a, 0x00, 0x00, 0x00,
  0x00, 0x0c, 0x00, 0x00, 0x00, 0x06, 0x00, 0x00, 0x00, 0x00, 0x00, 0x00, 0x0a, 0x0e, 0x00, 0x00,
  0x00, 0x08, 0x00, 0x00, 0x00, 0x0a, 0x07, 0x00, 0x00, 0x00, 0x0d, 0x0c, 0x0a, 0x0d, 0x0d, 0x00,
  0x00, 0x0f, 0x00, 0x00, 0x0b, 0x0d, 0x00, 0x00, 0x0e, 0x00, 0x0e, 0x0e, 0x00, 0x0b, 0x0c, 0x00,
  0x0c, 0x0b, 0x00, 0x0c, 0x00, 0x00, 0x00, 0x00, 0x0e, 0x0c, 0x00, 0x0e, 0x05, 0x00, 0x0e, 0x00,
  0x06, 0x00, 0x0c, 0x00, 0x0d, 0x00, 0x0b, 0x0c, 0x0c, 0x00, 0x00, 0x0c, 0x0a, 0x00, 0x00, 0x00,
  0x00, 0x00, 0x00, 0x00, 0x0a, 0x00, 0x00, 0x0c, 0x00, 0x0b, 0x06, 0x0e, 0x00, 0x0d, 0x0d, 0x00,
  0x0e, 0x00, 0x00, 0x0d, 0x00, 0x0d, 0x0e, 0x0c, 0x00, 0x0c, 0x00, 0x00, 0x00, 0x00, 0x00, 0x00,
  0x00, 0x0c, 0x00, 0x00, 0x0b, 0x00, 0x0d, 0x00, 0x0d, 0x00, 0x00, 0x00, 0x09, 0x00, 0x00, 0x00,
  0x00, 0x00, 0x0b, 0x00, 0x00, 0x0b, 0x0c, 0x07, 0x00, 0x0c, 0x00, 0x0d, 0x0a, 0x00, 0x00, 0x0c,
  0x0b, 0x00, 0x00, 0x00, 0x0e, 0x00, 0x00, 0x00, 0x08, 0x0d, 0x00, 0x00, 0x00, 0x00, 0x0c, 0x0b,
  0x0c, 0x0c, 0x0d, 0x0b, 0x00, 0x0d, 0x0d, 0x0d, 0x00, 0x07, 0x00, 0x0b, 0x00, 0x00, 0x00, 0x0b,
  0x0b, 0x09, 0x0b, 0x0d, 0x0d, 0x00, 0x00, 0x0c, 0x00, 0x0b, 0x0d, 0x00, 0x00, 0x00, 0x00, 0x06,
  0x00, 0x00, 0x00, 0x0a, 0x00, 0x0d, 0x00, 0x0c, 0x00, 0x0a, 0x00, 0x00, 0x00, 0x0e, 0x00, 0x00,
  0x00, 0x0d, 0x0a, 0x00, 0x0d, 0x07, 0x00, 0x00, 0x00, 0x00, 0x09, 0x0e, 0x0d, 0x0d, 0x00, 0x0c,
  0x00, 0x0e, 0x0d, 0x0c, 0x0b, 0x0d, 0x0f, 0x0a, 0x0d, 0x00, 0x0d, 0x0d, 0x0e, 0x00, 0x00, 0x07,
  0x00, 0x00, 0x0e, 0x00, 0x0a, 0x00, 0x0b, 0x0c, 0x0d, 0x0e, 0x0b, 0x0e, 0x00, 0x00, 0x00, 0x0c,
  0x00, 0x0b, 0x0b, 0x00, 0x0d, 0x0c, 0x0c, 0x00, 0x00, 0x00, 0x00, 0x00, 0x00, 0x00, 0x00, 0x00,
  0x00, 0x00, 0x00, 0x0d, 0x00, 0x0d, 0x0d, 0x00, 0x0b, 0x08, 0x0d, 0x00, 0x0d, 0x0d, 0x00, 0x07,
  0x0d, 0x00, 0x0d, 0x00, 0x0c, 0x00, 0x0e, 0x0d, 0x0d, 0x00, 0x00, 0x00, 0x00, 0x00, 0x00, 0x0b,
  0x00, 0x0e, 0x00, 0x00, 0x00, 0x00, 0x00, 0x07, 0x00, 0x00, 0x00, 0x09, 0x00, 0x0e, 0x00, 0x00,
  0x00, 0x00, 0x00, 0x00, 0x00, 0x00, 0x07, 0x00, 0x00, 0x0c, 0x00, 0x0c, 0x00, 0x0d, 0x0e, 0x0b,
  0x00, 0x00, 0x00, 0x00, 0x00, 0x06, 0x00, 0x09, 0x00, 0x0e, 0x0b, 0x0e, 0x00, 0x0d, 0x00, 0x09,
  0x09, 0x0e, 0x00, 0x00, 0x0e, 0x00, 0x00, 0x00, 0x0e, 0x0f, 0x06, 0x00, 0x00, 0x0c, 0x00, 0x0a,
  0x0c, 0x00, 0x07, 0x00, 0x0e, 0x00, 0x00, 0x00, 0x0d, 0x0e, 0x00, 0x0d, 0x00, 0x0c, 0x00, 0x00,
  0x0c, 0x0d, 0x0e, 0x09, 0x0a, 0x00, 0x0d, 0x0b, 0x0d, 0x08, 0x00, 0x00, 0x0d, 0x0d, 0x0d, 0x00,
  0x0d, 0x0c, 0x0f, 0x00, 0x00, 0x0a, 0x00, 0x0d, 0x00, 0x00, 0x0d, 0x00, 0x00, 0x0a, 0x00, 0x00,
  0x00, 0x00, 0x00, 0x05, 0x0e, 0x0d, 0x0c, 0x0c, 0x00, 0x00, 0x00, 0x0e, 0x0e, 0x0b, 0x00, 0x00,
  0x05, 0x00, 0x00, 0x03, 0x00, 0x00, 0x0e, 0x00, 0x0c, 0x00, 0x00, 0x00, 0x0c, 0x00, 0x00, 0x00,
  0x0b, 0x0b, 0x00, 0x00, 0x0e, 0x00, 0x00, 0x00, 0x0b, 0x00, 0x0c, 0x0d, 0x00, 0x00, 0x00, 0x00,
  0x0c, 0x00, 0x00, 0x00, 0x00, 0x0d, 0x00, 0x0d, 0x0a, 0x00, 0x0e, 0x00, 0x00, 0x00, 0x00, 0x00,
  0x0a, 0x0c, 0x00, 0x0d, 0x00, 0x0d, 0x0b, 0x0d, 0x0c, 0x0b, 0x00, 0x00, 0x00, 0x0c, 0x0e, 0x09,
  0x00, 0x0c, 0x0c, 0x08, 0x00, 0x0e, 0x0b, 0x05, 0x00, 0x06, 0x00, 0x0e, 0x08, 0x00, 0x0c, 0x00,
  0x00, 0x00, 0x00, 0x00, 0x00, 0x0e, 0x00, 0x00, 0x0b, 0x00, 0x00, 0x0d, 0x0e, 0x00, 0x00, 0x0b,
  0x00, 0x00, 0x0d, 0x0d, 0x00, 0x0e, 0x0a, 0x00, 0x0b, 0x00, 0x00, 0x00, 0x00, 0x00, 0x0b, 0x0b,
  0x00, 0x09, 0x04, 0x00, 0x08, 0x00, 0x00, 0x09, 0x0c, 0x00, 0x0d, 0x0a, 0x00, 0x0b, 0x08, 0x00,
  0x0b, 0x00, 0x0d, 0x00, 0x00, 0x0c, 0x00, 0x0b, 0x00, 0x00, 0x00, 0x0a, 0x00, 0x0d, 0x09, 0x09,
  0x00, 0x00, 0x00, 0x00, 0x00, 0x00, 0x0a, 0x0d, 0x0d, 0x0a, 0x0e, 0x00, 0x0b, 0x00, 0x00, 0x0e,
  0x00, 0x00, 0x00, 0x0d, 0x0e, 0x00, 0x0d, 0x0c, 0x08, 0x00, 0x0e, 0x0d, 0x00, 0x0b, 0x0c, 0x0d,
  0x00, 0x00, 0x00, 0x0c, 0x0c, 0x00, 0x00, 0x0e, 0x0e, 0x00, 0x00, 0x0b, 0x0d, 0x0b, 0x0d, 0x0a,
  0x0c, 0x00, 0x0d, 0x0e, 0x00, 0x00, 0x00, 0x0c, 0x00, 0x00, 0x08, 0x00, 0x00, 0x0c, 0x0d, 0x0d,
  0x00, 0x0e, 0x0b, 0x00, 0x00, 0x00, 0x00, 0x00, 0x00, 0x0c, 0x0b, 0x00, 0x0d, 0x00, 0x00, 0x00,
  0x0d, 0x09, 0x0e, 0x00, 0x0f, 0x00, 0x00, 0x00, 0x00, 0x0f, 0x0e, 0x00, 0x0e, 0x00, 0x00, 0x0e,
  0x00, 0x0d, 0x0c, 0x0b, 0x00, 0x0e, 0x00, 0x09, 0x0d, 0x00, 0x00, 0x0b, 0x06, 0x0d, 0x00, 0x0e,
  0x0b, 0x00, 0x00, 0x00, 0x0e, 0x0a, 0x00, 0x0c, 0x0d, 0x09, 0x00, 0x00, 0x00, 0x00, 0x0c, 0x0d,
  0x0e, 0x0a, 0x00, 0x00, 0x09, 0x00, 0x0c, 0x0b, 0x00, 0x0d, 0x0d, 0x0c, 0x00, 0x00, 0x00, 0x00,
  0x0e, 0x00, 0x0d, 0x00, 0x0c, 0x00, 0x00, 0x0d, 0x0b, 0x0a, 0x09, 0x0e, 0x0f, 0x0f, 0x0c, 0x0c,
  0x0f, 0x0f, 0x00, 0x0e, 0x0b, 0x00, 0x0d, 0x00, 0x00, 0x00, 0x00, 0x0f, 0x00, 0x00, 0x05, 0x0d,
  0x0b, 0x00, 0x00, 0x0b, 0x00, 0x0e, 0x0e, 0x0b, 0x00, 0x00, 0x0d, 0x0e, 0x0e, 0x00, 0x00, 0x00,
  0x0c, 0x0b, 0x0b, 0x00, 0x00, 0x0d, 0x00, 0x0c, 0x00, 0x0e, 0x0c, 0x0e, 0x00, 0x0c, 0x0c, 0x00,
  0x0e, 0x00, 0x0c, 0x00, 0x00, 0x00, 0x00, 0x00, 0x00, 0x00, 0x00, 0x00, 0x04, 0x0e, 0x0e, 0x00,
  0x07, 0x0d, 0x00, 0x00, 0x0c, 0x00, 0x00, 0x00, 0x00, 0x00, 0x00, 0x00, 0x0c, 0x07, 0x00, 0x00,
  0x0d, 0x00, 0x09, 0x0d, 0x00, 0x00, 0x00, 0x08, 0x0b, 0x0d, 0x08, 0x00, 0x0c, 0x0b, 0x00, 0x0d,
  0x00, 0x00, 0x0d, 0x00, 0x00, 0x0c, 0x09, 0x0b, 0x0a, 0x0a, 0x00, 0x00, 0x0e, 0x0e, 0x00, 0x0c,
  0x00, 0x0e, 0x0b, 0x0e, 0x00, 0x00, 0x0e, 0x0d, 0x00, 0x00, 0x00, 0x00, 0x00, 0x0c, 0x00, 0x00,
  0x00, 0x0d, 0x00, 0x0d, 0x0d, 0x00, 0x00, 0x00, 0x00, 0x00, 0x00, 0x00, 0x00, 0x00, 0x0e, 0x00,
  0x00, 0x00, 0x0e, 0x09, 0x03, 0x0d, 0x0c, 0x0b, 0x0e, 0x0a, 0x00, 0x0d, 0x00, 0x0d, 0x00, 0x00,
  0x00, 0x00, 0x00, 0x00, 0x0c, 0x09, 0x0c, 0x07, 0x0a, 0x0a, 0x00, 0x00, 0x0e, 0x0e, 0x00, 0x00,
  0x07, 0x0e, 0x00, 0x00, 0x00, 0x00, 0x0b, 0x00, 0x00, 0x00, 0x00, 0x00, 0x00, 0x0b, 0x0c, 0x00,
  0x00, 0x0e, 0x00, 0x0b, 0x0a, 0x0d, 0x0c, 0x0d, 0x00, 0x0c, 0x00, 0x00, 0x0c, 0x00, 0x00, 0x0e,
  0x0c, 0x0c, 0x0f, 0x00, 0x0c, 0x00, 0x00, 0x0d, 0x0e, 0x0a, 0x00, 0x00, 0x00, 0x0e, 0x00, 0x00,
  0x0e, 0x0c, 0x00, 0x0a, 0x00, 0x0b, 0x00, 0x00, 0x00, 0x0d, 0x08, 0x00, 0x00, 0x0e, 0x00, 0x00,
  0x0c, 0x00, 0x00, 0x06, 0x0d, 0x0b, 0x00, 0x00, 0x0b, 0x0b, 0x00, 0x00, 0x00, 0x00, 0x0e, 0x00,
  0x00, 0x00, 0x0d, 0x00, 0x00, 0x0c, 0x08, 0x0a, 0x00, 0x0e, 0x00, 0x00, 0x0d, 0x0d, 0x0e, 0x00,
  0x00, 0x00, 0x00, 0x00, 0x0c, 0x00, 0x00, 0x0d, 0x0c, 0x06, 0x0a, 0x00, 0x0d, 0x00, 0x00, 0x00,
  0x07, 0x0c, 0x00, 0x00, 0x0e, 0x00, 0x00, 0x0d, 0x00, 0x00, 0x00, 0x0e, 0x00, 0x00, 0x00, 0x00,
  0x0c, 0x00, 0x0b, 0x0e, 0x00, 0x08, 0x0c, 0x0f, 0x0d, 0x00, 0x00, 0x0b, 0x00, 0x0b, 0x0d, 0x0d,
  0x0c, 0x0e, 0x0e, 0x00, 0x0d, 0x00, 0x0d, 0x00, 0x00, 0x0d, 0x0d, 0x00, 0x0d, 0x0b, 0x0c, 0x0d,
  0x00, 0x00, 0x00, 0x0e, 0x0b, 0x00, 0x0a, 0x0b, 0x00, 0x0c, 0x00, 0x0b, 0x0a, 0x00, 0x0c, 0x0d,
  0x00, 0x00, 0x0a, 0x0e, 0x0e, 0x00, 0x0c, 0x00, 0x0c, 0x0e, 0x00, 0x00, 0x00, 0x00, 0x00, 0x00,
  0x0c, 0x0c, 0x00, 0x0d, 0x08, 0x0c, 0x00, 0x0e, 0x0c, 0x0a, 0x00, 0x0c, 0x00, 0x0a, 0x0e, 0x0e,
  0x00, 0x0f, 0x0e, 0x0c, 0x0b, 0x00, 0x0b, 0x0d, 0x0c, 0x0d, 0x08, 0x0e, 0x0b, 0x00, 0x00, 0x00,
  0x00, 0x00, 0x00, 0x0c, 0x0d, 0x00, 0x0d, 0x0d, 0x0b, 0x0c, 0x00, 0x00, 0x0e, 0x00, 0x00, 0x0e,
  0x00, 0x0d, 0x0d, 0x0f, 0x00, 0x00, 0x08, 0x0e, 0x07, 0x00, 0x0e, 0x00, 0x0b, 0x09, 0x0d, 0x09,
  0x00, 0x07, 0x0b, 0x00, 0x0e, 0x00, 0x0d, 0x00, 0x0e, 0x0c, 0x0e, 0x0d, 0x00, 0x00, 0x00, 0x08,
  0x00, 0x00, 0x00, 0x0e, 0x00, 0x00, 0x00, 0x00, 0x0d, 0x0c, 0x0a, 0x00, 0x00, 0x00, 0x0b, 0x00,
  0x00, 0x0d, 0x00, 0x00, 0x00, 0x00, 0x00, 0x00, 0x00, 0x0e, 0x0d, 0x0c, 0x00, 0x00, 0x00, 0x00,
  0x00, 0x00, 0x00, 0x00, 0x00, 0x00, 0x0f, 0x00, 0x00, 0x0b, 0x00, 0x00, 0x0a, 0x00, 0x0d, 0x0d,
  0x00, 0x00, 0x00, 0x0d, 0x00, 0x00, 0x00, 0x0c, 0x00, 0x0b, 0x00, 0x08, 0x0b, 0x0e, 0x00, 0x0c,
  0x00, 0x0c, 0x0d, 0x0e, 0x00, 0x0b, 0x00, 0x0b, 0x0d, 0x00, 0x00, 0x00, 0x09, 0x00, 0x00, 0x00,
  0x0d, 0x06, 0x00, 0x00, 0x08, 0x08, 0x00, 0x00, 0x0c, 0x00, 0x00, 0x0f, 0x07, 0x0c, 0x00, 0x00,
  0x00, 0x0e, 0x00, 0x0b, 0x0b, 0x00, 0x09, 0x00, 0x00, 0x00, 0x00, 0x0e, 0x00, 0x00, 0x06, 0x0c,
  0x0b, 0x0a, 0x04, 0x00, 0x00, 0x00, 0x09, 0x0d, 0x00, 0x00, 0x00, 0x00, 0x0d, 0x00, 0x00, 0x0d,
  0x0e, 0x09, 0x00, 0x00, 0x0d, 0x09, 0x00, 0x00, 0x0d, 0x0d, 0x0d, 0x00, 0x0e, 0x0b, 0x00, 0x08,
  0x0e, 0x0e, 0x0d, 0x0b, 0x00, 0x0c, 0x0d, 0x0d, 0x09, 0x00, 0x0c, 0x00, 0x0e, 0x0e, 0x00, 0x00,
};

const uint8_t golden_s0_w_neg[196 * 64] = {
  0x00, 0x00, 0x0e, 0x0a, 0x0b, 0x0e, 0x0e, 0x00, 0x0e, 0x00, 0x0a, 0x00, 0x09, 0x00, 0x00, 0x0a,
  0x0c, 0x00, 0x00, 0x0c, 0x00, 0x00, 0x0c, 0x0e, 0x00, 0x0c, 0x0c, 0x00, 0x0f, 0x00, 0x09, 0x07,
  0x00, 0x00, 0x00, 0x0e, 0x0b, 0x00, 0x00, 0x00, 0x00, 0x09, 0x09, 0x09, 0x0e, 0x00, 0x0c, 0x0c,
  0x00, 0x0d, 0x00, 0x00, 0x0a, 0x0e, 0x0d, 0x00, 0x00, 0x00, 0x0b, 0x00, 0x0e, 0x00, 0x00, 0x0d,
  0x0e, 0x0e, 0x00, 0x00, 0x0f, 0x00, 0x00, 0x00, 0x0e, 0x00, 0x0c, 0x0f, 0x0e, 0x00, 0x0b, 0x0c,
  0x0d, 0x00, 0x00, 0x00, 0x0c, 0x00, 0x00, 0x00, 0x0c, 0x0e, 0x0d, 0x00, 0x0d, 0x00, 0x00, 0x0b,
  0x09, 0x00, 0x00, 0x00, 0x0d, 0x00, 0x00, 0x07, 0x00, 0x00, 0x00, 0x00, 0x0c, 0x0c, 0x00, 0x00,
  0x00, 0x00, 0x06, 0x00, 0x0c, 0x0b, 0x07, 0x0d, 0x00, 0x0c, 0x0f, 0x00, 0x0c, 0x0c, 0x0d, 0x00,
  0x0e, 0x0d, 0x0d, 0x0c, 0x00, 0x0e, 0x0c, 0x0b, 0x07, 0x0b, 0x00, 0x0d, 0x00, 0x00, 0x0c, 0x00,
  0x00, 0x09, 0x0c, 0x00, 0x00, 0x00, 0x0c, 0x00, 0x0d, 0x08, 0x0e, 0x0f, 0x0d, 0x00, 0x00, 0x09,
  0x0c, 0x00, 0x06, 0x00, 0x00, 0x0b, 0x00, 0x00, 0x0b, 0x00, 0x0e, 0x00, 0x00, 0x0d, 0x05, 0x0d,
  0x0d, 0x0e, 0x00, 0x00, 0x0c, 0x0c, 0x00, 0x00, 0x00, 0x00, 0x05, 0x00, 0x00, 0x0a, 0x00, 0x00,
  0x00, 0x0c, 0x00, 0x0d, 0x00, 0x0b, 0x00, 0x0f, 0x00, 0x0c, 0x0b, 0x08, 0x0e, 0x00, 0x0e, 0x08,
  0x00, 0x00, 0x0b, 0x00, 0x0d, 0x0e, 0x00, 0x00, 0x0e, 0x0c, 0x0e, 0x09, 0x0b, 0x00, 0x0f, 0x00,
  0x06, 0x00, 0x00, 0x00, 0x00, 0x00, 0x00, 0x00, 0x0e, 0x00, 0x0c, 0x00, 0x00, 0x00, 0x0e, 0x00,
  0x0b, 0x00, 0x00, 0x00, 0x0e, 0x0e, 0x00, 0x0e, 0x00, 0x00, 0x00, 0x00, 0x0f, 0x0d, 0x0c, 0x00,
  0x0e, 0x00, 0x00, 0x00, 0x0e, 0x0c, 0x0e, 0x0d, 0x0a, 0x0e, 0x00, 0x0c, 0x0f, 0x0d, 0x00, 0x0e,
  0x0f, 0x00, 0x00, 0x0c, 0x0d, 0x00, 0x00, 0x00, 0x0a, 0x0c, 0x00, 0x00, 0x00, 0x0d, 0x08, 0x0e,
  0x00, 0x00, 0x0c, 0x0d, 0x0a, 0x0b, 0x00, 0x00, 0x0e, 0x00, 0x00, 0x00, 0x00, 0x00, 0x00, 0x00,
  0x0e, 0x00, 0x0f, 0x08, 0x00, 0x05, 0x00, 0x0c, 0x0e, 0x00, 0x0b, 0x00, 0x0e, 0x0d, 0x00, 0x00,
  0x00, 0x00, 0x00, 0x00, 0x0c, 0x00, 0x0d, 0x00, 0x0d, 0x00, 0x00, 0x00, 0x00, 0x00, 0x00, 0x0e,
  0x0e, 0x0c, 0x00, 0x0e, 0x00, 0x0d, 0x00, 0x00, 0x00, 0x0b, 0x00, 0x00, 0x00, 0x00, 0x00, 0x00,
  0x0e, 0x00, 0x0d, 0x09, 0x0e, 0x00, 0x00, 0x0e, 0x0c, 0x00, 0x00, 0x0b, 0x00, 0x00, 0x00, 0x00,
  0x0d, 0x0f, 0x0f, 0x0c, 0x0d, 0x09, 0x00, 0x00, 0x0f, 0x0e, 0x0e, 0x0d, 0x00, 0x0f, 0x00, 0x00,
  0x00, 0x0f, 0x0d, 0x00, 0x0d, 0x0d, 0x00, 0x00, 0x0d, 0x00, 0x00, 0x00, 0x0c, 0x00, 0x00, 0x00,
  0x0c, 0x0e, 0x0b, 0x00, 0x00, 0x08, 0x00, 0x0d, 0x0a, 0x0f, 0x00, 0x00, 0x0c, 0x0b, 0x0d, 0x00,
  0x00, 0x00, 0x0c, 0x00, 0x00, 0x0d, 0x00, 0x0c, 0x00, 0x00, 0x0b, 0x0b, 0x0b, 0x0c, 0x0d, 0x0e,
  0x03, 0x06, 0x00, 0x0d, 0x06, 0x00, 0x00, 0x0d, 0x0d, 0x0d, 0x0b, 0x00, 0x0c, 0x00, 0x08, 0x0c,
  0x00, 0x0f, 0x0d, 0x0d, 0x0a, 0x00, 0x00, 0x00, 0x00, 0x00, 0x00, 0x00, 0x00, 0x00, 0x09, 0x00,
  0x00, 0x0f, 0x09, 0x0a, 0x00, 0x0e, 0x00, 0x0e, 0x0d, 0x00, 0x00, 0x0c, 0x0b, 0x00, 0x0d, 0x0a,
  0x00, 0x00, 0x0d, 0x00, 0x00, 0x0b, 0x00, 0x0c, 0x00, 0x00, 0x0c, 0x00, 0x0f, 0x0a, 0x00, 0x00,
  0x00, 0x0f, 0x00, 0x0e, 0x00, 0x04, 0x00, 0x00, 0x0d, 0x0e, 0x09, 0x0e, 0x09, 0x00, 0x0c, 0x0b,
  0x0a, 0x05, 0x0b, 0x00, 0x00, 0x00, 0x0d, 0x0e, 0x00, 0x00, 0x00, 0x00, 0x0d, 0x0e, 0x0e, 0x0d,
  0x0b, 0x0d, 0x00, 0x00, 0x00, 0x00, 0x00, 0x00, 0x00, 0x0e, 0x00, 0x00, 0x0d, 0x00, 0x00, 0x00,
  0x00, 0x0d, 0x07, 0x0d, 0x0d, 0x00, 0x00, 0x0b, 0x0d, 0x0b, 0x00, 0x0e, 0x08, 0x00, 0x00, 0x00,
  0x0d, 0x0f, 0x0d, 0x00, 0x0b, 0x00, 0x00, 0x0b, 0x0f, 0x0e, 0x0b, 0x00, 0x00, 0x0e, 0x0c, 0x00,
  0x0c, 0x00, 0x0d, 0x00, 0x00, 0x00, 0x00, 0x0c, 0x00, 0x00, 0x00, 0x0d, 0x00, 0x0c, 0x0c, 0x0f,
  0x00, 0x0d, 0x00, 0x0b, 0x00, 0x0d, 0x0f, 0x00, 0x00, 0x00, 0x00, 0x00, 0x0d, 0x00, 0x00, 0x0e,
  0x00, 0x0c, 0x00, 0x00, 0x06, 0x00, 0x00, 0x00, 0x0f, 0x0a, 0x00, 0x00, 0x00, 0x0d, 0x00, 0x0e,
  0x0f, 0x0f, 0x0f, 0x00, 0x00, 0x0c, 0x0f, 0x0c, 0x0f, 0x0d, 0x00, 0x0f, 0x00, 0x0f, 0x0c, 0x00,
  0x00, 0x0e, 0x00, 0x0e, 0x0b, 0x00, 0x00, 0x0d, 0x0b, 0x00, 0x00, 0x0d, 0x00, 0x00, 0x00, 0x0c,
  0x0c, 0x00, 0x0e, 0x0a, 0x0c, 0x0c, 0x00, 0x00, 0x0e, 0x00, 0x0e, 0x0b, 0x0d, 0x00, 0x0e, 0x0f,
  0x00, 0x00, 0x00, 0x00, 0x00, 0x0b, 0x00, 0x00, 0x00, 0x0c, 0x00, 0x00, 0x00, 0x00, 0x00, 0x0b,
  0x0e, 0x0e, 0x00, 0x00, 0x0b, 0x00, 0x00, 0x00, 0x08, 0x0a, 0x00, 0x0b, 0x0f, 0x00, 0x0c, 0x0b,
  0x0b, 0x00, 0x00, 0x0c, 0x0d, 0x00, 0x00, 0x09, 0x00, 0x00, 0x0e, 0x00, 0x00, 0x0b, 0x00, 0x00,
  0x08, 0x0d, 0x0c, 0x0c, 0x0f, 0x0e, 0x08, 0x0d, 0x0c, 0x0e, 0x00, 0x08, 0x00, 0x0d, 0x0b, 0x00,
  0x0b, 0x00, 0x00, 0x00, 0x00, 0x00, 0x0b, 0x0c, 0x00, 0x0e, 0x00, 0x0b, 0x00, 0x00, 0x00, 0x0c,
  0x00, 0x00, 0x00, 0x00, 0x0d, 0x0c, 0x0a, 0x0d, 0x0d, 0x0a, 0x00, 0x00, 0x0e, 0x0a, 0x00, 0x00,
  0x0d, 0x09, 0x00, 0x00, 0x00, 0x0d, 0x0c, 0x09, 0x0e, 0x0c, 0x0c, 0x08, 0x0d, 0x0d, 0x00, 0x09,
  0x00, 0x0b, 0x0e, 0x00, 0x0e, 0x00, 0x08, 0x06, 0x05, 0x0e, 0x00, 0x00, 0x0b, 0x00, 0x00, 0x09,
  0x00, 0x00, 0x0b, 0x00, 0x00, 0x0e, 0x00, 0x09, 0x00, 0x0e, 0x00, 0x00, 0x00, 0x00, 0x04, 0x0b,
  0x00, 0x00, 0x00, 0x0b, 0x0d, 0x0e, 0x08, 0x00, 0x0b, 0x0d, 0x0e, 0x00, 0x0c, 0x0c, 0x00, 0x0d,
  0x0e, 0x0d, 0x00, 0x0d, 0x00, 0x00, 0x00, 0x00, 0x00, 0x00, 0x00, 0x0d, 0x0c, 0x0c, 0x00, 0x0b,
  0x00, 0x00, 0x00, 0x09, 0x0c, 0x0b, 0x00, 0x0a, 0x00, 0x00, 0x0b, 0x0e, 0x0f, 0x0d, 0x0b, 0x00,
  0x0e, 0x00, 0x00, 0x0e, 0x00, 0x0d, 0x00, 0x00, 0x00, 0x0b, 0x0a, 0x09, 0x00, 0x00, 0x0d, 0x00,
  0x00, 0x00, 0x0c, 0x0e, 0x05, 0x0d, 0x0c, 0x0d, 0x0d, 0x00, 0x09, 0x02, 0x00, 0x00, 0x00, 0x00,
  0x0d, 0x00, 0x00, 0x00, 0x0c, 0x0f, 0x0c, 0x00, 0x0e, 0x07, 0x00, 0x08, 0x0c, 0x00, 0x0b, 0x00,
  0x00, 0x00, 0x00, 0x0e, 0x00, 0x0b, 0x00, 0x0c, 0x09, 0x0b, 0x05, 0x00, 0x00, 0x0e, 0x00, 0x0c,
  0x0d, 0x0b, 0x00, 0x00, 0x0f, 0x00, 0x0c, 0x0b, 0x0d, 0x0e, 0x00, 0x00, 0x0c, 0x00, 0x0c, 0x00,
  0x0e, 0x00, 0x0a, 0x00, 0x0b, 0x00, 0x08, 0x00, 0x07, 0x00, 0x00, 0x0a, 0x0c, 0x09, 0x00, 0x00,
  0x00, 0x00, 0x08, 0x0a, 0x00, 0x00, 0x00, 0x00, 0x00, 0x0b, 0x0e, 0x0d, 0x0d, 0x0c, 0x00, 0x0d,
  0x09, 0x00, 0x00, 0x00, 0x0b, 0x00, 0x0d, 0x0d, 0x0d, 0x09, 0x0c, 0x0d, 0x00, 0x00, 0x00, 0x00,
  0x00, 0x00, 0x0c, 0x00, 0x0a, 0x00, 0x00, 0x0c, 0x0b, 0x00, 0x00, 0x00, 0x0d, 0x0d, 0x0b, 0x06,
  0x00, 0x00, 0x00, 0x00, 0x00, 0x0b, 0x00, 0x0e, 0x0c, 0x00, 0x00, 0x00, 0x0d, 0x0c, 0x00, 0x0e,
  0x00, 0x09, 0x00, 0x0e, 0x00, 0x0a, 0x00, 0x09, 0x0a, 0x00, 0x0c, 0x0d, 0x0c, 0x08, 0x00, 0x0a,
  0x0e, 0x00, 0x07, 0x00, 0x07, 0x00, 0x00, 0x00, 0x00, 0x0c, 0x0f, 0x00, 0x0c, 0x0e, 0x0c, 0x0c,
  0x0d, 0x00, 0x00, 0x00, 0x0a, 0x00, 0x00, 0x00, 0x0d, 0x0e, 0x07, 0x0e, 0x00, 0x00, 0x0e, 0x0c,
  0x0e, 0x00, 0x0a, 0x00, 0x00, 0x00, 0x0d, 0x0d, 0x00, 0x00, 0x0e, 0x00, 0x00, 0x0b, 0x00, 0x0e,
  0x0f, 0x00, 0x0b, 0x0f, 0x0d, 0x00, 0x00, 0x0c, 0x00, 0x00, 0x0e, 0x0d, 0x00, 0x0b, 0x0e, 0x00,
  0x0e, 0x00, 0x00, 0x00, 0x0a, 0x00, 0x0d, 0x0b, 0x00, 0x00, 0x0d, 0x00, 0x0d, 0x00, 0x0d, 0x0f,
  0x00, 0x0d, 0x0a, 0x00, 0x0c, 0x00, 0x00, 0x00, 0x0e, 0x0e, 0x00, 0x0b, 0x00, 0x0c, 0x0d, 0x0b,
  0x0d, 0x00, 0x00, 0x0a, 0x00, 0x0a, 0x00, 0x00, 0x00, 0x0e, 0x0d, 0x05, 0x0e, 0x0d, 0x0b, 0x00,
  0x00, 0x00, 0x08, 0x0e, 0x0c, 0x0b, 0x0a, 0x0e, 0x00, 0x0a, 0x0f, 0x0f, 0x00, 0x00, 0x00, 0x00,
  0x0e, 0x0a, 0x00, 0x0d, 0x0b, 0x0d, 0x0c, 0x0a, 0x00, 0x0a, 0x0d, 0x00, 0x0c, 0x0a, 0x00, 0x0d,
  0x0e, 0x0d, 0x0e, 0x0b, 0x00, 0x0d, 0x00, 0x0c, 0x0a, 0x00, 0x00, 0x0e, 0x05, 0x0f, 0x0d, 0x00,
  0x0a, 0x0a, 0x00, 0x09, 0x00, 0x00, 0x0e, 0x0e, 0x0f, 0x0d, 0x0c, 0x00, 0x0c, 0x0d, 0x00, 0x00,
  0x00, 0x00, 0x07, 0x0c, 0x0d, 0x00, 0x00, 0x0a, 0x00, 0x00, 0x00, 0x0b, 0x00, 0x0e, 0x00, 0x00,
  0x0b, 0x0d, 0x0d, 0x08, 0x00, 0x0c, 0x00, 0x0c, 0x00, 0x0d, 0x0c, 0x0d, 0x00, 0x0e, 0x00, 0x0c,
  0x00, 0x00, 0x0c, 0x0c, 0x0c, 0x00, 0x00, 0x00, 0x0f, 0x00, 0x00, 0x0c, 0x00, 0x0d, 0x0b, 0x0f,
  0x0e, 0x00, 0x0c, 0x00, 0x00, 0x0b, 0x0d, 0x00, 0x0f, 0x0d, 0x00, 0x00, 0x00, 0x00, 0x09, 0x0e,
  0x00, 0x00, 0x00, 0x07, 0x0e, 0x00, 0x00, 0x00, 0x00, 0x00, 0x00, 0x00, 0x00, 0x00, 0x00, 0x00,
  0x0e, 0x00, 0x0c, 0x0e, 0x0b, 0x0b, 0x0c, 0x0e, 0x00, 0x00, 0x00, 0x0c, 0x0c, 0x0e, 0x0d, 0x0e,
  0x00, 0x0f, 0x0d, 0x00, 0x00, 0x0c, 0x00, 0x0e, 0x00, 0x06, 0x0e, 0x0e, 0x00, 0x0b, 0x00, 0x0b,
  0x00, 0x0a, 0x00, 0x0c, 0x0b, 0x0e, 0x00, 0x0c, 0x00, 0x0f, 0x0d, 0x0d, 0x0c, 0x00, 0x0d, 0x09,
  0x00, 0x00, 0x0d, 0x09, 0x00, 0x0e, 0x0a, 0x00, 0x00, 0x0e, 0x00, 0x00, 0x0f, 0x00, 0x00, 0x00,
  0x0a, 0x0e, 0x0d, 0x00, 0x00, 0x00, 0x0c, 0x00, 0x00, 0x09, 0x0c, 0x0e, 0x0e, 0x0d, 0x0c, 0x0b,
  0x0b, 0x0c, 0x0c, 0x00, 0x0d, 0x00, 0x00, 0x0e, 0x00, 0x00, 0x0b, 0x0e, 0x0c, 0x00, 0x09, 0x0d,
  0x0c, 0x0b, 0x00, 0x00, 0x0c, 0x09, 0x0d, 0x0d, 0x09, 0x0d, 0x0d, 0x0d, 0x0b, 0x00, 0x0f, 0x0b,
  0x08, 0x0a, 0x0c, 0x00, 0x00, 0x0a, 0x09, 0x00, 0x0c, 0x0d, 0x0c, 0x0d, 0x0c, 0x00, 0x0d, 0x0a,
  0x09, 0x00, 0x00, 0x00, 0x00, 0x09, 0x0d, 0x00, 0x0a, 0x0a, 0x00, 0x00, 0x00, 0x00, 0x05, 0x00,
  0x00, 0x0f, 0x0b, 0x04, 0x09, 0x05, 0x0d, 0x0a, 0x0b, 0x00, 0x00, 0x00, 0x0c, 0x0b, 0x0c, 0x0d,
  0x0b, 0x00, 0x00, 0x00, 0x09, 0x00, 0x0b, 0x0d, 0x0b, 0x0b, 0x0e, 0x00, 0x0e, 0x00, 0x0d, 0x0a,
  0x00, 0x00, 0x00, 0x0c, 0x0d, 0x00, 0x0a, 0x0d, 0x00, 0x0e, 0x0f, 0x0c, 0x0e, 0x00, 0x00, 0x0e,
  0x0f, 0x00, 0x00, 0x0e, 0x0d, 0x00, 0x0c, 0x00, 0x00, 0x00, 0x0b, 0x00, 0x0c, 0x0c, 0x0d, 0x0e,
  0x00, 0x0d, 0x00, 0x00, 0x00, 0x0a, 0x09, 0x00, 0x00, 0x00, 0x00, 0x0e, 0x00, 0x00, 0x00, 0x0c,
  0x00, 0x05, 0x00, 0x00, 0x00, 0x00, 0x0c, 0x0e, 0x0f, 0x0c, 0x0c, 0x00, 0x00, 0x0b, 0x0a, 0x08,
  0x0d, 0x00, 0x00, 0x0f, 0x0d, 0x00, 0x0c, 0x00, 0x00, 0x0e, 0x0f, 0x0e, 0x0c, 0x0d, 0x0d, 0x0f,
  0x0d, 0x08, 0x00, 0x0d, 0x0b, 0x00, 0x00, 0x00, 0x00, 0x00, 0x0e, 0x0b, 0x0e, 0x00, 0x0c, 0x0f,
  0x00, 0x0d, 0x00, 0x00, 0x0e, 0x00, 0x00, 0x00, 0x0e, 0x0d, 0x0d, 0x0d, 0x00, 0x09, 0x0d, 0x00,
  0x00, 0x00, 0x00, 0x00, 0x0e, 0x00, 0x0a, 0x0c, 0x00, 0x0e, 0x00, 0x00, 0x08, 0x0b, 0x0e, 0x00,
  0x00, 0x00, 0x00, 0x00, 0x0d, 0x00, 0x0f, 0x0b, 0x00, 0x00, 0x00, 0x0b, 0x0c, 0x0d, 0x0e, 0x0d,
  0x0c, 0x0d, 0x0d, 0x00, 0x00, 0x00, 0x00, 0x0a, 0x00, 0x0d, 0x00, 0x0e, 0x00, 0x00, 0x0c, 0x0b,
  0x0c, 0x00, 0x00, 0x00, 0x0c, 0x03, 0x0f, 0x00, 0x0e, 0x0f, 0x00, 0x0d, 0x00, 0x00, 0x00, 0x00,
  0x00, 0x00, 0x0a, 0x00, 0x0b, 0x00, 0x00, 0x00, 0x00, 0x00, 0x09, 0x00, 0x00, 0x0e, 0x0c, 0x00,
  0x09, 0x0c, 0x09, 0x0c, 0x00, 0x0c, 0x00, 0x0f, 0x00, 0x00, 0x00, 0x00, 0x0d, 0x0a, 0x00, 0x0f,
  0x00, 0x0b, 0x0d, 0x00, 0x0e, 0x00, 0x00, 0x0e, 0x0d, 0x00, 0x00, 0x00, 0x00, 0x00, 0x0c, 0x00,
  0x00, 0x0d, 0x00, 0x0b, 0x0d, 0x0d, 0x0a, 0x00, 0x0e, 0x0c, 0x00, 0x00, 0x0e, 0x0d, 0x08, 0x0c,
  0x00, 0x0e, 0x00, 0x0a, 0x0c, 0x00, 0x0c, 0x00, 0x00, 0x0b, 0x0a, 0x00, 0x00, 0x0c, 0x00, 0x00,
  0x00, 0x00, 0x0e, 0x09, 0x0e, 0x0b, 0x00, 0x0a, 0x0d, 0x00, 0x04, 0x00, 0x0e, 0x06, 0x00, 0x0b,
  0x0d, 0x0e, 0x07, 0x09, 0x00, 0x00, 0x00, 0x00, 0x09, 0x0c, 0x09, 0x00, 0x00, 0x00, 0x00, 0x00,
  0x00, 0x00, 0x0c, 0x00, 0x0b, 0x0d, 0x09, 0x00, 0x00, 0x00, 0x0c, 0x00, 0x0a, 0x0c, 0x0d, 0x0e,
  0x00, 0x0d, 0x00, 0x00, 0x00, 0x0c, 0x00, 0x0e, 0x0c, 0x0b, 0x09, 0x0c, 0x00, 0x00, 0x0e, 0x0a,
  0x00, 0x0c, 0x0a, 0x0d, 0x00, 0x0d, 0x08, 0x00, 0x00, 0x00, 0x00, 0x00, 0x00, 0x00, 0x00, 0x00,
  0x00, 0x0e, 0x0a, 0x06, 0x00, 0x0e, 0x08, 0x00, 0x0c, 0x00, 0x00, 0x09, 0x0d, 0x0e, 0x0c, 0x00,
  0x00, 0x0e, 0x00, 0x0e, 0x00, 0x00, 0x0c, 0x09, 0x00, 0x0c, 0x0b, 0x00, 0x0c, 0x00, 0x00, 0x00,
  0x0c, 0x0c, 0x00, 0x0d, 0x00, 0x0b, 0x0b, 0x0e, 0x0e, 0x07, 0x0c, 0x00, 0x0c, 0x0c, 0x08, 0x00,
  0x08, 0x00, 0x00, 0x00, 0x00, 0x0b, 0x00, 0x0a, 0x00, 0x0c, 0x0d, 0x0b, 0x00, 0x0b, 0x0d, 0x0b,
  0x0c, 0x05, 0x00, 0x0a, 0x0c, 0x0a, 0x0a, 0x00, 0x0a, 0x07, 0x0e, 0x00, 0x0a, 0x00, 0x00, 0x0c,
  0x09, 0x00, 0x0b, 0x0e, 0x09, 0x00, 0x08, 0x00, 0x00, 0x00, 0x00, 0x00, 0x0c, 0x00, 0x00, 0x00,
  0x0d, 0x07, 0x00, 0x00, 0x0b, 0x00, 0x0d, 0x05, 0x09, 0x00, 0x0c, 0x0c, 0x0c, 0x00, 0x00, 0x0d,
  0x00, 0x00, 0x00, 0x00, 0x00, 0x0b, 0x0e, 0x00, 0x00, 0x00, 0x00, 0x0d, 0x00, 0x0d, 0x0d, 0x0d,
  0x0d, 0x00, 0x0c, 0x0c, 0x00, 0x0b, 0x0b, 0x00, 0x00, 0x0a, 0x00, 0x0e, 0x0a, 0x0b, 0x00, 0x0a,
  0x00, 0x00, 0x0c, 0x00, 0x0d, 0x00, 0x00, 0x00, 0x00, 0x0e, 0x0b, 0x00, 0x00, 0x00, 0x0d, 0x00,
  0x00, 0x00, 0x00, 0x0b, 0x00, 0x0a, 0x00, 0x0e, 0x0e, 0x0e, 0x00, 0x0e, 0x00, 0x0d, 0x0b, 0x0e,
  0x00, 0x00, 0x07, 0x0d, 0x06, 0x0c, 0x00, 0x0d, 0x00, 0x0f, 0x0e, 0x0e, 0x00, 0x00, 0x00, 0x09,
  0x0b, 0x00, 0x06, 0x00, 0x0d, 0x0b, 0x00, 0x0c, 0x0b, 0x00, 0x0f, 0x0c, 0x0c, 0x00, 0x0d, 0x0f,
  0x0b, 0x0e, 0x00, 0x00, 0x08, 0x05, 0x00, 0x00, 0x0d, 0x00, 0x06, 0x00, 0x00, 0x0d, 0x0e, 0x0d,
  0x09, 0x00, 0x0b, 0x0d, 0x00, 0x04, 0x00, 0x0e, 0x00, 0x0e, 0x0c, 0x0a, 0x0d, 0x00, 0x0e, 0x00,
  0x0e, 0x00, 0x0d, 0x0e, 0x00, 0x0d, 0x0a, 0x00, 0x00, 0x0e, 0x0d, 0x00, 0x00, 0x00, 0x00, 0x0d,
  0x0d, 0x00, 0x0d, 0x00, 0x08, 0x0f, 0x00, 0x00, 0x0e, 0x0c, 0x0c, 0x00, 0x0b, 0x00, 0x00, 0x06,
  0x00, 0x00, 0x00, 0x00, 0x00, 0x00, 0x0c, 0x00, 0x00, 0x00, 0x0d, 0x00, 0x00, 0x00, 0x0d, 0x00,
  0x0a, 0x0d, 0x0c, 0x0c, 0x00, 0x00, 0x0c, 0x00, 0x08, 0x00, 0x00, 0x0d, 0x00, 0x0c, 0x00, 0x0b,
  0x09, 0x0a, 0x0d, 0x00, 0x00, 0x00, 0x00, 0x00, 0x00, 0x0e, 0x0c, 0x00, 0x00, 0x00, 0x0c, 0x00,
  0x0e, 0x02, 0x0d, 0x0b, 0x00, 0x0e, 0x00, 0x0e, 0x00, 0x00, 0x0a, 0x0a, 0x00, 0x0b, 0x00, 0x00,
  0x0d, 0x0b, 0x0c, 0x0c, 0x0c, 0x0e, 0x00, 0x0c, 0x0b, 0x00, 0x0b, 0x00, 0x00, 0x0e, 0x00, 0x00,
  0x00, 0x0e, 0x0f, 0x00, 0x0c, 0x00, 0x0b, 0x00, 0x0d, 0x0d, 0x06, 0x0c, 0x00, 0x0d, 0x0e, 0x00,
  0x00, 0x0d, 0x0d, 0x0f, 0x0e, 0x00, 0x00, 0x00, 0x00, 0x00, 0x00, 0x00, 0x00, 0x00, 0x00, 0x00,
  0x0a, 0x0d, 0x00, 0x00, 0x00, 0x00, 0x0e, 0x0b, 0x0d, 0x0d, 0x0e, 0x07, 0x0e, 0x0c, 0x00, 0x0a,
  0x00, 0x00, 0x0d, 0x08, 0x0b, 0x0b, 0x0c, 0x00, 0x00, 0x00, 0x06, 0x0a, 0x00, 0x00, 0x06, 0x0f,
  0x0a, 0x0b, 0x0c, 0x0c, 0x0d, 0x09, 0x0b, 0x00, 0x00, 0x0d, 0x00, 0x0d, 0x0e, 0x0e, 0x0d, 0x00,
  0x00, 0x0d, 0x00, 0x00, 0x0c, 0x00, 0x00, 0x00, 0x02, 0x0e, 0x07, 0x00, 0x0b, 0x00, 0x00, 0x00,
  0x0e, 0x00, 0x0c, 0x00, 0x00, 0x00, 0x0a, 0x00, 0x0b, 0x0c, 0x08, 0x0b, 0x00, 0x0c, 0x00, 0x00,
  0x0b, 0x0b, 0x00, 0x0d, 0x0d, 0x0d, 0x0c, 0x0f, 0x00, 0x00, 0x00, 0x00, 0x0d, 0x00, 0x09, 0x0d,
  0x00, 0x07, 0x00, 0x03, 0x0d, 0x00, 0x0d, 0x0a, 0x0e, 0x0d, 0x0c, 0x0e, 0x00, 0x00, 0x0e, 0x0d,
  0x00, 0x00, 0x00, 0x00, 0x0e, 0x00, 0x0b, 0x00, 0x0c, 0x00, 0x00, 0x05, 0x0d, 0x0e, 0x00, 0x08,
  0x0c, 0x00, 0x08, 0x00, 0x0c, 0x0d, 0x0f, 0x00, 0x0a, 0x00, 0x0b, 0x00, 0x0a, 0x00, 0x00, 0x00,
  0x0c, 0x0c, 0x00, 0x0c, 0x0b, 0x0c, 0x0c, 0x0d, 0x07, 0x00, 0x00, 0x00, 0x0d, 0x0d, 0x0b, 0x09,
  0x00, 0x0e, 0x0c, 0x00, 0x00, 0x0c, 0x00, 0x0c, 0x0c, 0x00, 0x0c, 0x0d, 0x00, 0x0d, 0x0f, 0x0d,
  0x00, 0x00, 0x00, 0x0e, 0x00, 0x00, 0x0e, 0x0c, 0x00, 0x0a, 0x0d, 0x06, 0x0c, 0x0b, 0x0c, 0x0c,
  0x0d, 0x00, 0x00, 0x00, 0x00, 0x0a, 0x0e, 0x00, 0x00, 0x0a, 0x00, 0x00, 0x00, 0x00, 0x00, 0x0e,
  0x00, 0x00, 0x00, 0x00, 0x00, 0x0e, 0x0c, 0x0d, 0x0b, 0x00, 0x00, 0x09, 0x08, 0x0c, 0x00, 0x0b,
  0x00, 0x0b, 0x0d, 0x0d, 0x00, 0x00, 0x0d, 0x0c, 0x08, 0x0e, 0x00, 0x0b, 0x00, 0x0e, 0x0c, 0x00,
  0x0e, 0x00, 0x00, 0x0b, 0x00, 0x0a, 0x09, 0x00, 0x00, 0x0f, 0x0d, 0x0c, 0x00, 0x0d, 0x00, 0x0c,
  0x0b, 0x00, 0x00, 0x0e, 0x0c, 0x09, 0x08, 0x0c, 0x0f, 0x00, 0x0d, 0x0c, 0x00, 0x00, 0x00, 0x0e,
  0x00, 0x00, 0x00, 0x0a, 0x08, 0x00, 0x00, 0x00, 0x0d, 0x00, 0x0c, 0x00, 0x0c, 0x0d, 0x00, 0x00,
  0x0e, 0x00, 0x00, 0x00, 0x00, 0x00, 0x0b, 0x0e, 0x00, 0x00, 0x00, 0x00, 0x0d, 0x00, 0x00, 0x00,
  0x06, 0x00, 0x00, 0x0a, 0x00, 0x09, 0x09, 0x00, 0x00, 0x0d, 0x00, 0x00, 0x0b, 0x0e, 0x0d, 0x0c,
  0x00, 0x00, 0x00, 0x00, 0x08, 0x00, 0x0e, 0x00, 0x00, 0x09, 0x0d, 0x0c, 0x00, 0x0d, 0x0a, 0x00,
  0x0b, 0x0e, 0x00, 0x00, 0x00, 0x00, 0x0d, 0x00, 0x08, 0x0e, 0x00, 0x00, 0x00, 0x00, 0x00, 0x00,
  0x0d, 0x07, 0x00, 0x00, 0x0e, 0x00, 0x0a, 0x0d, 0x0d, 0x09, 0x0e, 0x00, 0x09, 0x0d, 0x00, 0x0f,
  0x00, 0x0b, 0x00, 0x0b, 0x0f, 0x00, 0x00, 0x07, 0x0c, 0x00, 0x0d, 0x0d, 0x00, 0x0e, 0x0c, 0x0e,
  0x0c, 0x0b, 0x00, 0x0c, 0x00, 0x00, 0x09, 0x0c, 0x0c, 0x00, 0x09, 0x00, 0x00, 0x00, 0x0d, 0x00,
  0x00, 0x00, 0x00, 0x0b, 0x00, 0x0e, 0x06, 0x0a, 0x0c, 0x0d, 0x0b, 0x0d, 0x00, 0x00, 0x0e, 0x00,
  0x00, 0x00, 0x00, 0x0c, 0x00, 0x0d, 0x00, 0x0b, 0x00, 0x00, 0x00, 0x00, 0x09, 0x0d, 0x00, 0x00,
  0x06, 0x0b, 0x0d, 0x00, 0x00, 0x00, 0x00, 0x0c, 0x0d, 0x00, 0x00, 0x0a, 0x0c, 0x00, 0x00, 0x0c,
  0x00, 0x0a, 0x07, 0x00, 0x0d, 0x0e, 0x0e, 0x0d, 0x06, 0x0c, 0x00, 0x08, 0x00, 0x0b, 0x0d, 0x00,
  0x00, 0x0e, 0x0d, 0x00, 0x0e, 0x00, 0x0b, 0x00, 0x09, 0x05, 0x00, 0x00, 0x00, 0x00, 0x0e, 0x0c,
  0x00, 0x00, 0x00, 0x0a, 0x05, 0x00, 0x00, 0x0d, 0x00, 0x0a, 0x09, 0x0b, 0x00, 0x00, 0x0d, 0x00,
  0x00, 0x00, 0x09, 0x0b, 0x00, 0x00, 0x00, 0x08, 0x00, 0x00, 0x00, 0x0d, 0x0c, 0x0c, 0x0b, 0x08,
  0x00, 0x00, 0x0b, 0x00, 0x0d, 0x0d, 0x0c, 0x0c, 0x00, 0x0a, 0x00, 0x00, 0x0d, 0x0c, 0x00, 0x00,
  0x0c, 0x00, 0x0d, 0x00, 0x00, 0x00, 0x00, 0x00, 0x0e, 0x00, 0x0a, 0x00, 0x09, 0x00, 0x00, 0x0c,
  0x00, 0x00, 0x00, 0x00, 0x00, 0x00, 0x00, 0x09, 0x00, 0x05, 0x00, 0x00, 0x00, 0x09, 0x0c, 0x0e,
  0x00, 0x00, 0x0c, 0x0a, 0x0c, 0x0b, 0x0f, 0x0c, 0x0c, 0x00, 0x00, 0x00, 0x00, 0x0c, 0x00, 0x0c,
  0x00, 0x0c, 0x0b, 0x0b, 0x0e, 0x00, 0x00, 0x0e, 0x0d, 0x0e, 0x00, 0x09, 0x0a, 0x00, 0x00, 0x0d,
  0x00, 0x00, 0x0b, 0x0d, 0x00, 0x00, 0x00, 0x0d, 0x07, 0x0e, 0x0d, 0x0a, 0x00, 0x0c, 0x00, 0x0b,
  0x00, 0x0c, 0x00, 0x00, 0x00, 0x00, 0x00, 0x0d, 0x00, 0x00, 0x00, 0x00, 0x00, 0x00, 0x00, 0x0c,
  0x00, 0x00, 0x08, 0x0c, 0x0d, 0x0d, 0x0b, 0x00, 0x00, 0x00, 0x00, 0x0c, 0x0a, 0x0d, 0x0e, 0x0a,
  0x0b, 0x0e, 0x00, 0x0d, 0x00, 0x00, 0x0c, 0x00, 0x00, 0x00, 0x0e, 0x0b, 0x0d, 0x00, 0x0c, 0x0e,
  0x00, 0x0d, 0x00, 0x00, 0x0d, 0x09, 0x00, 0x0a, 0x0d, 0x0c, 0x00, 0x00, 0x00, 0x00, 0x00, 0x0d,
  0x00, 0x00, 0x0d, 0x0d, 0x00, 0x0d, 0x00, 0x00, 0x0b, 0x0e, 0x00, 0x0e, 0x00, 0x00, 0x00, 0x00,
  0x0d, 0x0d, 0x0b, 0x05, 0x08, 0x00, 0x0a, 0x00, 0x00, 0x0e, 0x00, 0x00, 0x00, 0x00, 0x00, 0x0d,
  0x00, 0x00, 0x06, 0x0d, 0x00, 0x00, 0x0e, 0x00, 0x00, 0x0d, 0x00, 0x0d, 0x00, 0x0c, 0x00, 0x0c,
  0x0e, 0x0e, 0x0d, 0x00, 0x00, 0x08, 0x00, 0x00, 0x0f, 0x0d, 0x09, 0x00, 0x00, 0x00, 0x00, 0x00,
  0x0e, 0x00, 0x0f, 0x0b, 0x00, 0x00, 0x0c, 0x00, 0x0c, 0x0e, 0x00, 0x0e, 0x00, 0x05, 0x0c, 0x0b,
  0x0b, 0x00, 0x0d, 0x0d, 0x00, 0x0a, 0x00, 0x00, 0x00, 0x00, 0x00, 0x0d, 0x00, 0x00, 0x00, 0x00,
  0x0c, 0x00, 0x0d, 0x00, 0x06, 0x0b, 0x0c, 0x0f, 0x0c, 0x08, 0x00, 0x00, 0x0f, 0x00, 0x00, 0x0d,
  0x00, 0x00, 0x0a, 0x0a, 0x0e, 0x0e, 0x0a, 0x00, 0x08, 0x00, 0x05, 0x00, 0x00, 0x00, 0x00, 0x0e,
  0x00, 0x0c, 0x06, 0x00, 0x00, 0x0e, 0x0e, 0x0c, 0x00, 0x0b, 0x00, 0x0b, 0x0c, 0x00, 0x0f, 0x0c,
  0x0e, 0x0d, 0x00, 0x00, 0x0c, 0x0c, 0x0c, 0x00, 0x00, 0x0c, 0x00, 0x00, 0x00, 0x00, 0x00, 0x0c,
  0x00, 0x0d, 0x0d, 0x00, 0x0b, 0x00, 0x00, 0x00, 0x0d, 0x0a, 0x09, 0x00, 0x00, 0x00, 0x00, 0x00,
  0x02, 0x00, 0x0b, 0x0e, 0x0e, 0x00, 0x00, 0x0e, 0x09, 0x0b, 0x0d, 0x00, 0x0a, 0x08, 0x00, 0x00,
  0x00, 0x0b, 0x00, 0x0e, 0x00, 0x00, 0x09, 0x0a, 0x00, 0x0e, 0x00, 0x0c, 0x0c, 0x0b, 0x00, 0x00,
  0x00, 0x00, 0x00, 0x00, 0x0e, 0x0c, 0x00, 0x00, 0x00, 0x00, 0x00, 0x0c, 0x00, 0x0c, 0x0c, 0x00,
  0x00, 0x00, 0x0e, 0x00, 0x00, 0x0c, 0x00, 0x08, 0x0c, 0x00, 0x0e, 0x00, 0x07, 0x0c, 0x00, 0x00,
  0x00, 0x00, 0x08, 0x00, 0x0e, 0x00, 0x00, 0x0e, 0x0b, 0x00, 0x0d, 0x0d, 0x0e, 0x00, 0x0f, 0x0f,
  0x00, 0x0b, 0x00, 0x00, 0x0d, 0x0b, 0x00, 0x0b, 0x09, 0x00, 0x0e, 0x00, 0x0e, 0x0b, 0x0e, 0x09,
  0x00, 0x09, 0x0d, 0x07, 0x00, 0x0a, 0x00, 0x0c, 0x00, 0x0a, 0x00, 0x00, 0x00, 0x0d, 0x00, 0x0a,
  0x0e, 0x0d, 0x00, 0x0d, 0x00, 0x00, 0x00, 0x00, 0x00, 0x00, 0x00, 0x09, 0x0a, 0x0c, 0x00, 0x0c,
  0x0d, 0x00, 0x00, 0x00, 0x0c, 0x00, 0x00, 0x0e, 0x0a, 0x00, 0x00, 0x00, 0x0b, 0x00, 0x0c, 0x00,
  0x00, 0x0c, 0x0c, 0x09, 0x0d, 0x00, 0x05, 0x0c, 0x00, 0x00, 0x0a, 0x0d, 0x0d, 0x00, 0x00, 0x00,
  0x00, 0x0d, 0x0b, 0x00, 0x00, 0x00, 0x08, 0x00, 0x0d, 0x00, 0x00, 0x0b, 0x00, 0x0c, 0x0c, 0x0a,
  0x0c, 0x0a, 0x0c, 0x0d, 0x0b, 0x00, 0x00, 0x00, 0x0c, 0x0c, 0x00, 0x00, 0x0b, 0x0c, 0x00, 0x00,
  0x00, 0x07, 0x0e, 0x00, 0x00, 0x0d, 0x0e, 0x00, 0x00, 0x00, 0x00, 0x00, 0x0c, 0x0b, 0x0b, 0x00,
  0x0d, 0x0d, 0x00, 0x00, 0x00, 0x00, 0x0d, 0x0c, 0x0e, 0x0b, 0x0b, 0x00, 0x00, 0x00, 0x0c, 0x0d,
  0x0a, 0x0d, 0x0f, 0x0d, 0x0e, 0x0a, 0x0f, 0x0d, 0x00, 0x00, 0x00, 0x00, 0x0a, 0x0d, 0x00, 0x08,
  0x0c, 0x00, 0x0a, 0x00, 0x00, 0x0e, 0x00, 0x0c, 0x00, 0x00, 0x0d, 0x00, 0x0f, 0x00, 0x0e, 0x0d,
  0x00, 0x0a, 0x0d, 0x0e, 0x00, 0x0e, 0x0d, 0x0b, 0x00, 0x00, 0x00, 0x00, 0x00, 0x00, 0x00, 0x00,
  0x0d, 0x00, 0x0d, 0x0d, 0x00, 0x00, 0x00, 0x0e, 0x0e, 0x00, 0x0b, 0x0e, 0x00, 0x0a, 0x0e, 0x0b,
  0x0b, 0x0c, 0x00, 0x00, 0x00, 0x0f, 0x0e, 0x00, 0x0d, 0x0d, 0x0a, 0x00, 0x00, 0x0a, 0x0c, 0x00,
  0x0f, 0x0b, 0x0b, 0x0e, 0x0c, 0x0d, 0x0b, 0x00, 0x00, 0x0b, 0x0a, 0x0e, 0x00, 0x00, 0x0b, 0x0e,
  0x0b, 0x00, 0x00, 0x0d, 0x0e, 0x00, 0x00, 0x00, 0x0b, 0x0d, 0x00, 0x06, 0x00, 0x0e, 0x0e, 0x0e,
  0x0c, 0x00, 0x0d, 0x00, 0x0b, 0x0d, 0x00, 0x0b, 0x0a, 0x0b, 0x00, 0x09, 0x00, 0x00, 0x0c, 0x00,
  0x00, 0x0b, 0x00, 0x00, 0x0e, 0x00, 0x00, 0x00, 0x00, 0x0e, 0x00, 0x0c, 0x07, 0x0d, 0x0f, 0x0e,
  0x0c, 0x00, 0x00, 0x00, 0x00, 0x00, 0x00, 0x00, 0x00, 0x00, 0x09, 0x0e, 0x00, 0x00, 0x00, 0x0a,
  0x00, 0x00, 0x0d, 0x00, 0x0d, 0x0b, 0x0b, 0x0a, 0x0c, 0x0f, 0x00, 0x00, 0x00, 0x0c, 0x0d, 0x00,
  0x00, 0x00, 0x0b, 0x08, 0x0d, 0x00, 0x00, 0x0e, 0x00, 0x00, 0x0a, 0x0c, 0x00, 0x00, 0x00, 0x0e,
  0x00, 0x00, 0x0a, 0x04, 0x0c, 0x00, 0x00, 0x00, 0x0d, 0x00, 0x09, 0x0a, 0x0c, 0x0d, 0x0d, 0x0a,
  0x00, 0x0c, 0x00, 0x00, 0x0c, 0x0e, 0x00, 0x09, 0x00, 0x0e, 0x00, 0x00, 0x00, 0x00, 0x00, 0x00,
  0x0d, 0x0b, 0x00, 0x00, 0x0e, 0x0c, 0x00, 0x0d, 0x0e, 0x0d, 0x0c, 0x00, 0x00, 0x09, 0x00, 0x0b,
  0x0c, 0x0b, 0x0d, 0x00, 0x08, 0x00, 0x00, 0x00, 0x04, 0x00, 0x00, 0x0a, 0x08, 0x00, 0x00, 0x00,
  0x00, 0x00, 0x07, 0x09, 0x0c, 0x00, 0x0c, 0x00, 0x00, 0x0e, 0x0a, 0x0e, 0x00, 0x00, 0x0d, 0x0d,
  0x00, 0x0b, 0x00, 0x00, 0x00, 0x09, 0x0d, 0x09, 0x0d, 0x08, 0x00, 0x00, 0x00, 0x0b, 0x0d, 0x00,
  0x0c, 0x07, 0x0e, 0x00, 0x08, 0x00, 0x00, 0x0d, 0x0d, 0x0e, 0x00, 0x00, 0x0e, 0x00, 0x0c, 0x00,
  0x00, 0x0c, 0x00, 0x00, 0x00, 0x0a, 0x0d, 0x00, 0x08, 0x0e, 0x0b, 0x00, 0x0e, 0x08, 0x00, 0x0b,
  0x00, 0x00, 0x0d, 0x0e, 0x0d, 0x00, 0x0b, 0x0c, 0x00, 0x00, 0x00, 0x00, 0x0e, 0x0c, 0x0c, 0x0c,
  0x00, 0x00, 0x0c, 0x0d, 0x00, 0x0c, 0x0c, 0x0e, 0x00, 0x0b, 0x00, 0x0b, 0x0a, 0x00, 0x00, 0x00,
  0x00, 0x08, 0x00, 0x0c, 0x0e, 0x09, 0x0d, 0x00, 0x0e, 0x00, 0x0c, 0x0d, 0x00, 0x0c, 0x00, 0x00,
  0x01, 0x00, 0x00, 0x0d, 0x00, 0x0b, 0x09, 0x00, 0x00, 0x0a, 0x00, 0x00, 0x04, 0x00, 0x00, 0x0e,
  0x00, 0x0b, 0x08, 0x0d, 0x00, 0x00, 0x00, 0x00, 0x0c, 0x0e, 0x07, 0x0e, 0x00, 0x0c, 0x0f, 0x00,
  0x00, 0x00, 0x0f, 0x0c, 0x09, 0x00, 0x00, 0x0d, 0x0e, 0x00, 0x0c, 0x00, 0x0b, 0x00, 0x00, 0x00,
  0x00, 0x00, 0x00, 0x00, 0x00, 0x00, 0x00, 0x00, 0x00, 0x0f, 0x0d, 0x0e, 0x0d, 0x0c, 0x00, 0x0d,
  0x00, 0x00, 0x00, 0x0c, 0x00, 0x00, 0x0b, 0x0d, 0x0c, 0x00, 0x0b, 0x0e, 0x00, 0x00, 0x00, 0x00,
  0x00, 0x0b, 0x08, 0x0d, 0x00, 0x00, 0x0c, 0x00, 0x00, 0x00, 0x0b, 0x00, 0x00, 0x00, 0x0e, 0x00,
  0x00, 0x00, 0x00, 0x0d, 0x00, 0x0d, 0x0a, 0x00, 0x00, 0x00, 0x0c, 0x0e, 0x00, 0x0d, 0x00, 0x00,
  0x0e, 0x08, 0x0b, 0x00, 0x00, 0x0b, 0x00, 0x07, 0x0b, 0x00, 0x00, 0x0c, 0x00, 0x0b, 0x00, 0x00,
  0x09, 0x0e, 0x0c, 0x00, 0x00, 0x0c, 0x0e, 0x00, 0x0d, 0x0e, 0x00, 0x0e, 0x00, 0x00, 0x0c, 0x0e,
  0x0c, 0x00, 0x0e, 0x00, 0x0b, 0x00, 0x0c, 0x00, 0x00, 0x0d, 0x00, 0x00, 0x00, 0x00, 0x00, 0x00,
  0x00, 0x09, 0x0a, 0x09, 0x00, 0x0c, 0x00, 0x00, 0x0b, 0x0c, 0x00, 0x0c, 0x0d, 0x00, 0x00, 0x0d,
  0x0d, 0x0b, 0x00, 0x00, 0x0d, 0x00, 0x00, 0x00, 0x0a, 0x0a, 0x0b, 0x00, 0x0e, 0x00, 0x09, 0x0d,
  0x0d, 0x00, 0x00, 0x00, 0x0c, 0x0e, 0x07, 0x0d, 0x00, 0x0e, 0x0d, 0x0d, 0x00, 0x00, 0x0f, 0x0f,
  0x00, 0x0e, 0x0c, 0x00, 0x00, 0x00, 0x09, 0x07, 0x00, 0x09, 0x00, 0x00, 0x0c, 0x00, 0x0e, 0x0c,
  0x00, 0x00, 0x0d, 0x00, 0x00, 0x0b, 0x00, 0x00, 0x0d, 0x08, 0x00, 0x00, 0x0d, 0x00, 0x00, 0x0c,
  0x0c, 0x05, 0x0b, 0x00, 0x07, 0x0d, 0x00, 0x00, 0x0c, 0x00, 0x0d, 0x00, 0x00, 0x00, 0x00, 0x00,
  0x00, 0x00, 0x0b, 0x00, 0x0e, 0x00, 0x0d, 0x0f, 0x00, 0x0c, 0x00, 0x0e, 0x0f, 0x00, 0x00, 0x0f,
  0x00, 0x0d, 0x00, 0x00, 0x00, 0x08, 0x00, 0x00, 0x0a, 0x00, 0x00, 0x0d, 0x0b, 0x00, 0x0c, 0x0e,
  0x00, 0x00, 0x0e, 0x00, 0x00, 0x00, 0x00, 0x0a, 0x05, 0x00, 0x00, 0x00, 0x06, 0x00, 0x0d, 0x06,
  0x0d, 0x00, 0x0c, 0x00, 0x00, 0x00, 0x0e, 0x0a, 0x0e, 0x0b, 0x0f, 0x00, 0x0c, 0x08, 0x00, 0x0d,
  0x00, 0x08, 0x0d, 0x0e, 0x0d, 0x00, 0x00, 0x0a, 0x00, 0x0e, 0x00, 0x0c, 0x0d, 0x0a, 0x0d, 0x0a,
  0x0a, 0x00, 0x09, 0x00, 0x0c, 0x00, 0x0d, 0x0c, 0x0c, 0x0a, 0x00, 0x00, 0x00, 0x0d, 0x00, 0x0e,
  0x00, 0x0e, 0x00, 0x00, 0x0f, 0x00, 0x0d, 0x00, 0x0e, 0x0d, 0x00, 0x00, 0x00, 0x00, 0x00, 0x00,
  0x00, 0x0d, 0x00, 0x0a, 0x00, 0x00, 0x0c, 0x00, 0x00, 0x00, 0x00, 0x0d, 0x00, 0x00, 0x0e, 0x0d,
  0x00, 0x0c, 0x0c, 0x00, 0x0b, 0x00, 0x0a, 0x0c, 0x00, 0x07, 0x00, 0x00, 0x0d, 0x0d, 0x00, 0x00,
  0x00, 0x0c, 0x0c, 0x00, 0x00, 0x0b, 0x0c, 0x0d, 0x00, 0x0d, 0x00, 0x0c, 0x0b, 0x0c, 0x00, 0x00,
  0x0e, 0x0e, 0x00, 0x04, 0x05, 0x0d, 0x0e, 0x00, 0x0d, 0x0f, 0x0c, 0x00, 0x0e, 0x00, 0x00, 0x0e,
  0x00, 0x0d, 0x0b, 0x00, 0x00, 0x00, 0x0b, 0x09, 0x0d, 0x00, 0x0a, 0x0b, 0x00, 0x0d, 0x0c, 0x0e,
  0x00, 0x0b, 0x00, 0x0e, 0x00, 0x00, 0x00, 0x0e, 0x0d, 0x0c, 0x00, 0x0a, 0x0e, 0x00, 0x00, 0x0d,
  0x0c, 0x0e, 0x00, 0x08, 0x00, 0x0a, 0x00, 0x07, 0x00, 0x00, 0x00, 0x0a, 0x0e, 0x00, 0x0d, 0x00,
  0x0e, 0x0b, 0x0a, 0x00, 0x06, 0x00, 0x0c, 0x0e, 0x09, 0x00, 0x00, 0x00, 0x00, 0x06, 0x00, 0x0b,
  0x0f, 0x0e, 0x0b, 0x00, 0x0d, 0x0e, 0x00, 0x00, 0x00, 0x0c, 0x00, 0x0d, 0x00, 0x0d, 0x0d, 0x0d,
  0x0d, 0x0c, 0x04, 0x0f, 0x0c, 0x00, 0x00, 0x0c, 0x02, 0x0e, 0x00, 0x00, 0x0e, 0x0c, 0x0d, 0x00,
  0x00, 0x0f, 0x00, 0x06, 0x0c, 0x0e, 0x00, 0x00, 0x00, 0x0e, 0x00, 0x00, 0x0e, 0x0b, 0x00, 0x05,
  0x00, 0x00, 0x00, 0x0c, 0x08, 0x00, 0x0c, 0x0b, 0x0e, 0x00, 0x00, 0x00, 0x0d, 0x0d, 0x0f, 0x0d,
  0x00, 0x0c, 0x00, 0x00, 0x0a, 0x0d, 0x0a, 0x00, 0x00, 0x0e, 0x06, 0x0e, 0x00, 0x0a, 0x0b, 0x00,
  0x0d, 0x0e, 0x00, 0x09, 0x0d, 0x00, 0x00, 0x0a, 0x0d, 0x00, 0x00, 0x0d, 0x0f, 0x00, 0x0f, 0x0d,
  0x00, 0x00, 0x00, 0x00, 0x00, 0x0c, 0x00, 0x0c, 0x00, 0x00, 0x0e, 0x0d, 0x0d, 0x0d, 0x0a, 0x0e,
  0x0c, 0x0d, 0x00, 0x0b, 0x0d, 0x0b, 0x0a, 0x0c, 0x00, 0x0c, 0x00, 0x0f, 0x0d, 0x0e, 0x00, 0x0b,
  0x00, 0x0e, 0x0b, 0x00, 0x0b, 0x00, 0x00, 0x00, 0x00, 0x00, 0x0a, 0x0d, 0x0d, 0x0f, 0x0e, 0x00,
  0x00, 0x00, 0x0d, 0x0e, 0x00, 0x00, 0x00, 0x0e, 0x0a, 0x0d, 0x00, 0x0d, 0x0b, 0x00, 0x0b, 0x00,
  0x00, 0x00, 0x0d, 0x0b, 0x0a, 0x00, 0x0d, 0x00, 0x00, 0x0c, 0x00, 0x08, 0x0c, 0x0f, 0x0d, 0x0e,
  0x0c, 0x0d, 0x0c, 0x09, 0x0a, 0x09, 0x0c, 0x00, 0x00, 0x0d, 0x00, 0x0a, 0x00, 0x00, 0x0c, 0x00,
  0x00, 0x0d, 0x00, 0x00, 0x00, 0x0c, 0x00, 0x0d, 0x00, 0x0e, 0x00, 0x0c, 0x00, 0x00, 0x0b, 0x00,
  0x00, 0x04, 0x00, 0x00, 0x0e, 0x00, 0x00, 0x0d, 0x0c, 0x0b, 0x00, 0x00, 0x00, 0x09, 0x0c, 0x06,
  0x0a, 0x0d, 0x0a, 0x0e, 0x0a, 0x0b, 0x0e, 0x00, 0x00, 0x00, 0x00, 0x0e, 0x00, 0x0f, 0x0e, 0x07,
  0x0a, 0x00, 0x00, 0x00, 0x00, 0x00, 0x00, 0x0d, 0x00, 0x0c, 0x00, 0x0a, 0x02, 0x00, 0x0b, 0x00,
  0x05, 0x00, 0x0e, 0x00, 0x00, 0x00, 0x00, 0x0c, 0x0e, 0x0f, 0x0c, 0x00, 0x09, 0x0d, 0x00, 0x09,
  0x00, 0x0c, 0x00, 0x00, 0x0c, 0x00, 0x0a, 0x0e, 0x00, 0x00, 0x00, 0x00, 0x00, 0x0c, 0x00, 0x00,
  0x00, 0x00, 0x00, 0x0d, 0x00, 0x0b, 0x00, 0x0c, 0x09, 0x0d, 0x0b, 0x00, 0x0d, 0x00, 0x0c, 0x0e,
  0x00, 0x0c, 0x00, 0x00, 0x00, 0x0e, 0x0d, 0x00, 0x0d, 0x09, 0x0b, 0x00, 0x00, 0x0c, 0x00, 0x00,
  0x09, 0x0d, 0x0c, 0x00, 0x0e, 0x00, 0x09, 0x0d, 0x00, 0x0b, 0x0c, 0x00, 0x00, 0x00, 0x0d, 0x0e,
  0x00, 0x0d, 0x0d, 0x00, 0x0d, 0x00, 0x00, 0x0d, 0x06, 0x00, 0x07, 0x0e, 0x00, 0x0e, 0x0d, 0x0c,
  0x0a, 0x0c, 0x00, 0x00, 0x00, 0x0e, 0x0c, 0x0d, 0x00, 0x00, 0x0c, 0x00, 0x00, 0x0c, 0x0f, 0x00,
  0x00, 0x00, 0x0d, 0x09, 0x0d, 0x0d, 0x0e, 0x0e, 0x0c, 0x00, 0x00, 0x0c, 0x00, 0x00, 0x00, 0x0b,
  0x00, 0x00, 0x0c, 0x0c, 0x0e, 0x00, 0x00, 0x00, 0x00, 0x0d, 0x0f, 0x00, 0x00, 0x00, 0x0b, 0x0c,
  0x00, 0x0c, 0x0c, 0x00, 0x09, 0x00, 0x0d, 0x08, 0x0b, 0x0d, 0x00, 0x00, 0x0b, 0x05, 0x0c, 0x00,
  0x00, 0x00, 0x00, 0x0b, 0x0b, 0x0d, 0x07, 0x09, 0x00, 0x08, 0x0c, 0x0c, 0x0c, 0x00, 0x00, 0x0d,
  0x00, 0x00, 0x00, 0x00, 0x0b, 0x0d, 0x0d, 0x00, 0x09, 0x0d, 0x0e, 0x00, 0x0e, 0x00, 0x0c, 0x00,
  0x0d, 0x00, 0x00, 0x00, 0x0e, 0x00, 0x00, 0x00, 0x00, 0x0b, 0x00, 0x00, 0x0d, 0x0e, 0x00, 0x00,
  0x0c, 0x00, 0x0b, 0x0d, 0x00, 0x00, 0x0a, 0x00, 0x00, 0x0e, 0x00, 0x0d, 0x00, 0x0d, 0x0e, 0x0a,
  0x00, 0x00, 0x0a, 0x00, 0x0a, 0x00, 0x00, 0x0e, 0x00, 0x00, 0x09, 0x0e, 0x09, 0x0d, 0x0d, 0x0e,
  0x00, 0x00, 0x08, 0x0d, 0x00, 0x0b, 0x09, 0x0d, 0x00, 0x09, 0x00, 0x00, 0x0e, 0x00, 0x09, 0x00,
  0x00, 0x00, 0x00, 0x00, 0x0e, 0x00, 0x00, 0x0d, 0x0c, 0x00, 0x0d, 0x0c, 0x00, 0x0c, 0x0b, 0x0e,
  0x0b, 0x00, 0x09, 0x00, 0x0f, 0x0e, 0x09, 0x00, 0x00, 0x0d, 0x0e, 0x0e, 0x0a, 0x00, 0x0b, 0x0c,
  0x07, 0x00, 0x0e, 0x00, 0x00, 0x00, 0x00, 0x00, 0x00, 0x00, 0x00, 0x00, 0x0e, 0x00, 0x0d, 0x0a,
  0x00, 0x00, 0x0e, 0x0d, 0x0f, 0x00, 0x00, 0x0b, 0x0b, 0x09, 0x00, 0x0b, 0x0c, 0x0d, 0x00, 0x00,
  0x00, 0x00, 0x00, 0x06, 0x0d, 0x07, 0x00, 0x00, 0x00, 0x00, 0x00, 0x0c, 0x00, 0x0b, 0x00, 0x0c,
  0x00, 0x00, 0x0e, 0x00, 0x00, 0x0d, 0x08, 0x0d, 0x00, 0x0e, 0x00, 0x0c, 0x00, 0x00, 0x00, 0x0d,
  0x00, 0x0e, 0x0d, 0x00, 0x00, 0x00, 0x0e, 0x00, 0x00, 0x0d, 0x0a, 0x00, 0x00, 0x08, 0x00, 0x00,
  0x00, 0x00, 0x0e, 0x0c, 0x0a, 0x00, 0x00, 0x0e, 0x00, 0x00, 0x00, 0x06, 0x0f, 0x0d, 0x0e, 0x0d,
  0x0d, 0x00, 0x0a, 0x00, 0x00, 0x00, 0x00, 0x0d, 0x0d, 0x00, 0x00, 0x0d, 0x00, 0x00, 0x00, 0x0e,
  0x00, 0x00, 0x0a, 0x00, 0x00, 0x00, 0x00, 0x08, 0x00, 0x09, 0x00, 0x09, 0x00, 0x00, 0x00, 0x0e,
  0x08, 0x09, 0x08, 0x00, 0x00, 0x0c, 0x0c, 0x00, 0x00, 0x00, 0x00, 0x00, 0x0b, 0x00, 0x00, 0x0c,
  0x00, 0x0b, 0x0f, 0x00, 0x00, 0x00, 0x0b, 0x0c, 0x00, 0x0d, 0x00, 0x0b, 0x00, 0x06, 0x00, 0x0c,
  0x0d, 0x00, 0x07, 0x00, 0x00, 0x00, 0x00, 0x00, 0x0c, 0x08, 0x00, 0x00, 0x0e, 0x0c, 0x00, 0x00,
  0x0d, 0x0b, 0x0b, 0x00, 0x00, 0x00, 0x00, 0x00, 0x0d, 0x0a, 0x00, 0x0b, 0x00, 0x0b, 0x0d, 0x00,
  0x0d, 0x00, 0x0e, 0x0b, 0x0c, 0x00, 0x08, 0x0d, 0x00, 0x00, 0x00, 0x0e, 0x00, 0x00, 0x08, 0x0d,
  0x0f, 0x00, 0x0b, 0x08, 0x0e, 0x0b, 0x0d, 0x00, 0x00, 0x0b, 0x0b, 0x00, 0x00, 0x0d, 0x0d, 0x0d,
  0x00, 0x06, 0x00, 0x00, 0x0e, 0x0d, 0x0a, 0x0e, 0x00, 0x00, 0x00, 0x0b, 0x0c, 0x09, 0x0a, 0x08,
  0x00, 0x00, 0x0c, 0x0c, 0x00, 0x00, 0x00, 0x00, 0x0c, 0x08, 0x00, 0x0d, 0x07, 0x00, 0x0d, 0x00,
  0x00, 0x07, 0x0d, 0x0d, 0x0e, 0x00, 0x0e, 0x00, 0x00, 0x0a, 0x00, 0x00, 0x00, 0x0d, 0x00, 0x0d,
  0x00, 0x0a, 0x00, 0x0a, 0x00, 0x00, 0x00, 0x00, 0x0e, 0x00, 0x0b, 0x00, 0x00, 0x0d, 0x00, 0x0d,
  0x0a, 0x0d, 0x0e, 0x00, 0x0e, 0x00, 0x00, 0x00, 0x00, 0x00, 0x00, 0x0e, 0x00, 0x00, 0x0b, 0x00,
  0x0a, 0x00, 0x09, 0x00, 0x00, 0x09, 0x00, 0x0d, 0x0d, 0x0b, 0x00, 0x00, 0x0f, 0x00, 0x00, 0x00,
  0x00, 0x00, 0x00, 0x00, 0x0b, 0x0c, 0x0d, 0x0d, 0x00, 0x00, 0x00, 0x00, 0x0e, 0x00, 0x00, 0x0c,
  0x0b, 0x0c, 0x00, 0x00, 0x00, 0x00, 0x00, 0x08, 0x0e, 0x0b, 0x00, 0x0a, 0x00, 0x0e, 0x0c, 0x00,
  0x0d, 0x0e, 0x00, 0x09, 0x09, 0x00, 0x0a, 0x00, 0x0e, 0x0e, 0x00, 0x0b, 0x00, 0x0b, 0x0d, 0x00,
  0x0e, 0x00, 0x00, 0x0b, 0x0e, 0x00, 0x0e, 0x0c, 0x0c, 0x00, 0x00, 0x0d, 0x00, 0x0e, 0x00, 0x00,
  0x00, 0x0f, 0x00, 0x00, 0x00, 0x00, 0x00, 0x0d, 0x00, 0x0a, 0x0d, 0x00, 0x0d, 0x0c, 0x00, 0x00,
  0x00, 0x0e, 0x00, 0x00, 0x00, 0x00, 0x0c, 0x0c, 0x0e, 0x00, 0x00, 0x00, 0x00, 0x00, 0x0f, 0x0e,
  0x00, 0x0a, 0x04, 0x00, 0x0d, 0x0b, 0x00, 0x0c, 0x0c, 0x06, 0x09, 0x0d, 0x00, 0x0c, 0x0c, 0x00,
  0x00, 0x00, 0x0c, 0x00, 0x0e, 0x00, 0x0c, 0x08, 0x0c, 0x0d, 0x00, 0x0c, 0x0d, 0x00, 0x00, 0x0e,
  0x00, 0x00, 0x0a, 0x00, 0x00, 0x00, 0x00, 0x00, 0x07, 0x0d, 0x0c, 0x0d, 0x0e, 0x0d, 0x00, 0x0d,
  0x00, 0x0e, 0x00, 0x0b, 0x0c, 0x00, 0x00, 0x00, 0x0e, 0x00, 0x0c, 0x0d, 0x00, 0x0c, 0x0a, 0x0c,
  0x00, 0x0d, 0x00, 0x00, 0x0c, 0x00, 0x00, 0x00, 0x00, 0x00, 0x00, 0x00, 0x00, 0x0c, 0x00, 0x00,
  0x00, 0x00, 0x0a, 0x0c, 0x0d, 0x00, 0x0e, 0x0e, 0x00, 0x00, 0x00, 0x0c, 0x0a, 0x00, 0x00, 0x0b,
  0x00, 0x00, 0x00, 0x0d, 0x00, 0x00, 0x00, 0x00, 0x0a, 0x00, 0x00, 0x0d, 0x00, 0x0e, 0x0c, 0x0a,
  0x0e, 0x00, 0x00, 0x0c, 0x00, 0x0d, 0x00, 0x00, 0x0b, 0x0b, 0x00, 0x00, 0x0b, 0x0a, 0x0d, 0x0a,
  0x00, 0x0e, 0x0d, 0x0e, 0x0c, 0x0d, 0x00, 0x00, 0x00, 0x0e, 0x08, 0x00, 0x0c, 0x0d, 0x00, 0x0f,
  0x09, 0x0d, 0x00, 0x00, 0x00, 0x00, 0x0e, 0x0b, 0x0d, 0x0c, 0x00, 0x0e, 0x0a, 0x0d, 0x00, 0x00,
  0x00, 0x00, 0x0d, 0x00, 0x00, 0x00, 0x0e, 0x00, 0x09, 0x00, 0x0b, 0x0a, 0x0d, 0x0d, 0x00, 0x00,
  0x0a, 0x00, 0x00, 0x00, 0x00, 0x00, 0x00, 0x0d, 0x0d, 0x00, 0x00, 0x00, 0x00, 0x00, 0x00, 0x00,
  0x00, 0x0c, 0x0d, 0x0c, 0x00, 0x07, 0x00, 0x0c, 0x00, 0x0e, 0x0b, 0x0d, 0x00, 0x00, 0x00, 0x00,
  0x0d, 0x00, 0x00, 0x00, 0x0c, 0x00, 0x0d, 0x0a, 0x0b, 0x00, 0x00, 0x09, 0x0a, 0x0a, 0x00, 0x0d,
  0x0d, 0x0e, 0x00, 0x00, 0x0d, 0x0d, 0x00, 0x00, 0x00, 0x00, 0x00, 0x0b, 0x0c, 0x0e, 0x0c, 0x00,
  0x00, 0x00, 0x0d, 0x00, 0x00, 0x09, 0x00, 0x0e, 0x0e, 0x0e, 0x0c, 0x0e, 0x09, 0x0c, 0x0c, 0x00,
  0x0c, 0x0c, 0x0a, 0x0d, 0x0e, 0x00, 0x0d, 0x00, 0x00, 0x0e, 0x0c, 0x0e, 0x0b, 0x00, 0x0c, 0x0c,
  0x0b, 0x0b, 0x07, 0x0c, 0x0d, 0x00, 0x00, 0x0c, 0x00, 0x00, 0x00, 0x00, 0x00, 0x0d, 0x00, 0x0e,
  0x00, 0x0b, 0x09, 0x0d, 0x0b, 0x09, 0x0b, 0x0e, 0x00, 0x00, 0x0c, 0x00, 0x00, 0x00, 0x0e, 0x0a,
  0x00, 0x00, 0x0f, 0x0c, 0x0a, 0x00, 0x00, 0x00, 0x0d, 0x00, 0x00, 0x00, 0x00, 0x0c, 0x00, 0x00,
  0x06, 0x00, 0x00, 0x00, 0x00, 0x00, 0x0d, 0x07, 0x0d, 0x0c, 0x00, 0x00, 0x00, 0x00, 0x00, 0x00,
  0x00, 0x0c, 0x0c, 0x00, 0x00, 0x00, 0x0a, 0x0b, 0x00, 0x00, 0x00, 0x0d, 0x00, 0x0e, 0x0b, 0x09,
  0x00, 0x0e, 0x00, 0x0d, 0x00, 0x00, 0x00, 0x00, 0x00, 0x09, 0x08, 0x00, 0x00, 0x00, 0x00, 0x0c,
  0x00, 0x0d, 0x0e, 0x00, 0x00, 0x00, 0x0d, 0x0a, 0x0e, 0x0e, 0x00, 0x0a, 0x00, 0x02, 0x08, 0x00,
  0x0e, 0x0c, 0x0a, 0x0d, 0x0b, 0x0e, 0x00, 0x00, 0x00, 0x00, 0x07, 0x04, 0x08, 0x00, 0x00, 0x0d,
  0x00, 0x00, 0x00, 0x09, 0x06, 0x0d, 0x0d, 0x00, 0x00, 0x00, 0x00, 0x0d, 0x00, 0x0c, 0x09, 0x0b,
  0x00, 0x00, 0x0e, 0x00, 0x00, 0x00, 0x00, 0x0b, 0x0e, 0x00, 0x0d, 0x00, 0x00, 0x09, 0x00, 0x00,
  0x00, 0x00, 0x0e, 0x00, 0x0a, 0x00, 0x0d, 0x0c, 0x00, 0x00, 0x00, 0x0d, 0x0c, 0x00, 0x08, 0x0c,
  0x00, 0x0a, 0x00, 0x00, 0x00, 0x00, 0x00, 0x0e, 0x00, 0x0e, 0x00, 0x00, 0x0e, 0x08, 0x00, 0x00,
  0x00, 0x00, 0x0a, 0x0c, 0x0c, 0x0d, 0x00, 0x00, 0x00, 0x0d, 0x00, 0x00, 0x0d, 0x00, 0x0c, 0x00,
  0x0f, 0x0d, 0x00, 0x00, 0x0e, 0x00, 0x0d, 0x00, 0x00, 0x0e, 0x00, 0x0c, 0x00, 0x00, 0x00, 0x0a,
  0x0d, 0x0f, 0x0e, 0x00, 0x08, 0x00, 0x00, 0x0b, 0x08, 0x00, 0x0a, 0x0c, 0x0d, 0x0d, 0x00, 0x00,
  0x00, 0x0c, 0x00, 0x0e, 0x00, 0x0a, 0x0b, 0x00, 0x0c, 0x00, 0x00, 0x00, 0x00, 0x0c, 0x00, 0x0c,
  0x00, 0x09, 0x00, 0x0e, 0x00, 0x0c, 0x00, 0x0c, 0x00, 0x00, 0x0c, 0x0c, 0x00, 0x0e, 0x00, 0x00,
  0x00, 0x00, 0x00, 0x0b, 0x00, 0x00, 0x0c, 0x0b, 0x00, 0x0c, 0x00, 0x00, 0x00, 0x00, 0x00, 0x00,
  0x00, 0x07, 0x0f, 0x00, 0x08, 0x0d, 0x00, 0x0f, 0x00, 0x00, 0x00, 0x0d, 0x0c, 0x0b, 0x0d, 0x00,
  0x0d, 0x00, 0x00, 0x0b, 0x00, 0x00, 0x0b, 0x00, 0x00, 0x0a, 0x00, 0x00, 0x0a, 0x00, 0x00, 0x0e,
  0x08, 0x00, 0x09, 0x0d, 0x0a, 0x00, 0x08, 0x0c, 0x00, 0x00, 0x0d, 0x0f, 0x0e, 0x0b, 0x0e, 0x0e,
  0x0d, 0x00, 0x00, 0x00, 0x0e, 0x0e, 0x00, 0x0d, 0x0d, 0x00, 0x00, 0x0c, 0x00, 0x00, 0x00, 0x00,
  0x00, 0x09, 0x00, 0x0b, 0x0d, 0x00, 0x00, 0x0d, 0x00, 0x0c, 0x00, 0x00, 0x0d, 0x09, 0x00, 0x00,
  0x00, 0x0d, 0x07, 0x0d, 0x0b, 0x0d, 0x0d, 0x0a, 0x0c, 0x0d, 0x0d, 0x0c, 0x00, 0x0a, 0x00, 0x0e,
  0x0d, 0x0a, 0x0a, 0x00, 0x0c, 0x00, 0x0e, 0x00, 0x0d, 0x0b, 0x0c, 0x0e, 0x00, 0x0b, 0x0f, 0x00,
  0x00, 0x00, 0x0d, 0x0e, 0x0b, 0x00, 0x0d, 0x00, 0x0d, 0x00, 0x00, 0x0d, 0x00, 0x0d, 0x0b, 0x00,
  0x05, 0x00, 0x0c, 0x00, 0x09, 0x00, 0x04, 0x00, 0x0b, 0x0b, 0x0d, 0x00, 0x0c, 0x00, 0x00, 0x0a,
  0x0d, 0x00, 0x0e, 0x0b, 0x00, 0x00, 0x00, 0x09, 0x0c, 0x00, 0x00, 0x0f, 0x00, 0x0b, 0x0a, 0x00,
  0x0a, 0x00, 0x00, 0x0b, 0x0c, 0x00, 0x00, 0x0b, 0x0c, 0x00, 0x0a, 0x0b, 0x0c, 0x00, 0x0f, 0x00,
  0x00, 0x00, 0x0e, 0x0e, 0x00, 0x0a, 0x00, 0x0d, 0x00, 0x00, 0x00, 0x00, 0x0c, 0x0b, 0x0b, 0x0c,
  0x0b, 0x0c, 0x00, 0x05, 0x0d, 0x00, 0x00, 0x0b, 0x0a, 0x00, 0x00, 0x0c, 0x00, 0x00, 0x0c, 0x0d,
  0x00, 0x00, 0x00, 0x00, 0x0f, 0x00, 0x00, 0x00, 0x00, 0x00, 0x0e, 0x00, 0x0b, 0x0c, 0x00, 0x00,
  0x00, 0x00, 0x00, 0x08, 0x00, 0x00, 0x00, 0x0b, 0x0d, 0x00, 0x0a, 0x00, 0x0c, 0x0d, 0x0e, 0x00,
  0x0d, 0x00, 0x0d, 0x00, 0x0c, 0x00, 0x0f, 0x00, 0x0c, 0x00, 0x00, 0x00, 0x0b, 0x08, 0x0e, 0x0a,
  0x00, 0x00, 0x00, 0x0d, 0x00, 0x0e, 0x0e, 0x09, 0x0c, 0x00, 0x0c, 0x00, 0x00, 0x00, 0x00, 0x0e,
  0x00, 0x0a, 0x0b, 0x0d, 0x00, 0x0e, 0x0c, 0x00, 0x00, 0x0e, 0x00, 0x00, 0x0d, 0x0a, 0x08, 0x08,
  0x00, 0x00, 0x0c, 0x00, 0x00, 0x00, 0x0c, 0x0d, 0x0d, 0x00, 0x0e, 0x00, 0x0e, 0x0b, 0x0c, 0x00,
  0x00, 0x0e, 0x0a, 0x0d, 0x00, 0x08, 0x0c, 0x00, 0x00, 0x00, 0x0b, 0x00, 0x0c, 0x0e, 0x00, 0x00,
  0x00, 0x00, 0x0d, 0x0b, 0x0b, 0x0c, 0x0e, 0x00, 0x0b, 0x00, 0x09, 0x00, 0x00, 0x00, 0x0e, 0x00,
  0x00, 0x00, 0x00, 0x00, 0x00, 0x09, 0x0b, 0x08, 0x00, 0x00, 0x0d, 0x0e, 0x0b, 0x0b, 0x0f, 0x00,
  0x00, 0x00, 0x00, 0x0d, 0x00, 0x00, 0x0a, 0x00, 0x00, 0x00, 0x00, 0x00, 0x09, 0x0d, 0x0c, 0x0b,
  0x00, 0x00, 0x09, 0x00, 0x0e, 0x0f, 0x09, 0x00, 0x00, 0x00, 0x03, 0x00, 0x00, 0x00, 0x0a, 0x00,
  0x0c, 0x0b, 0x00, 0x00, 0x0e, 0x00, 0x00, 0x00, 0x0a, 0x00, 0x00, 0x09, 0x00, 0x0d, 0x00, 0x0e,
  0x00, 0x0c, 0x0c, 0x0e, 0x00, 0x0d, 0x00, 0x00, 0x00, 0x0a, 0x08, 0x00, 0x0e, 0x0d, 0x00, 0x09,
  0x00, 0x00, 0x00, 0x0e, 0x00, 0x00, 0x0f, 0x00, 0x09, 0x0c, 0x00, 0x00, 0x09, 0x00, 0x00, 0x00,
  0x00, 0x00, 0x00, 0x0d, 0x00, 0x0d, 0x0a, 0x00, 0x00, 0x00, 0x00, 0x00, 0x00, 0x0b, 0x00, 0x00,
  0x0e, 0x00, 0x00, 0x0d, 0x00, 0x0e, 0x0d, 0x00, 0x0d, 0x0d, 0x00, 0x0d, 0x00, 0x0a, 0x0d, 0x00,
  0x00, 0x0c, 0x0e, 0x0c, 0x00, 0x00, 0x00, 0x00, 0x0d, 0x00, 0x0d, 0x07, 0x0c, 0x00, 0x0b, 0x00,
  0x00, 0x0d, 0x0b, 0x0f, 0x00, 0x00, 0x0f, 0x0e, 0x00, 0x00, 0x09, 0x00, 0x0b, 0x00, 0x0a, 0x0c,
  0x0d, 0x00, 0x0d, 0x0b, 0x00, 0x0d, 0x0a, 0x0b, 0x00, 0x00, 0x09, 0x00, 0x0b, 0x00, 0x09, 0x0c,
  0x00, 0x00, 0x00, 0x0d, 0x09, 0x0c, 0x00, 0x00, 0x0b, 0x0e, 0x00, 0x00, 0x0a, 0x0c, 0x00, 0x08,
  0x0c, 0x0d, 0x0a, 0x0c, 0x0b, 0x0d, 0x0c, 0x00, 0x00, 0x0c, 0x0e, 0x0c, 0x08, 0x00, 0x0c, 0x00,
  0x0e, 0x0d, 0x00, 0x00, 0x0e, 0x00, 0x0e, 0x0e, 0x00, 0x0d, 0x00, 0x00, 0x00, 0x00, 0x00, 0x0c,
  0x0b, 0x0b, 0x00, 0x09, 0x00, 0x0b, 0x0c, 0x0d, 0x00, 0x00, 0x00, 0x05, 0x00, 0x00, 0x05, 0x00,
  0x00, 0x00, 0x07, 0x00, 0x00, 0x00, 0x00, 0x00, 0x0a, 0x0d, 0x00, 0x00, 0x00, 0x0d, 0x0d, 0x00,
  0x09, 0x00, 0x0e, 0x0b, 0x0a, 0x0e, 0x0d, 0x00, 0x0a, 0x0d, 0x0a, 0x06, 0x0d, 0x0e, 0x00, 0x00,
  0x0c, 0x00, 0x09, 0x00, 0x0d, 0x00, 0x0e, 0x00, 0x0f, 0x00, 0x00, 0x00, 0x00, 0x00, 0x00, 0x0b,
  0x00, 0x09, 0x0a, 0x0e, 0x00, 0x00, 0x00, 0x0c, 0x0c, 0x00, 0x0a, 0x00, 0x0e, 0x0c, 0x0c, 0x00,
  0x00, 0x0c, 0x00, 0x0e, 0x0f, 0x07, 0x0d, 0x0e, 0x08, 0x08, 0x00, 0x00, 0x0b, 0x0c, 0x00, 0x00,
  0x0e, 0x00, 0x00, 0x0d, 0x00, 0x0d, 0x0a, 0x00, 0x0c, 0x0c, 0x00, 0x0c, 0x00, 0x0a, 0x0e, 0x00,
  0x00, 0x00, 0x00, 0x0b, 0x00, 0x00, 0x08, 0x0d, 0x00, 0x00, 0x00, 0x00, 0x08, 0x0c, 0x00, 0x0c,
  0x0d, 0x0d, 0x0d, 0x0f, 0x0a, 0x00, 0x0e, 0x0c, 0x00, 0x0c, 0x07, 0x0d, 0x0c, 0x0e, 0x0d, 0x00,
  0x0b, 0x00, 0x00, 0x00, 0x0e, 0x00, 0x0c, 0x0a, 0x08, 0x0c, 0x05, 0x0b, 0x07, 0x07, 0x00, 0x00,
  0x0e, 0x00, 0x00, 0x00, 0x00, 0x0e, 0x0e, 0x00, 0x00, 0x00, 0x0e, 0x0d, 0x0d, 0x00, 0x0c, 0x00,
  0x0e, 0x00, 0x00, 0x00, 0x0d, 0x00, 0x0d, 0x0b, 0x00, 0x00, 0x0e, 0x0e, 0x00, 0x0e, 0x00, 0x0e,
  0x00, 0x0d, 0x0d, 0x00, 0x00, 0x00, 0x00, 0x0b, 0x0d, 0x0e, 0x00, 0x00, 0x0e, 0x00, 0x00, 0x07,
  0x00, 0x00, 0x00, 0x0c, 0x00, 0x0a, 0x00, 0x00, 0x0c, 0x0d, 0x0a, 0x00, 0x00, 0x00, 0x0d, 0x00,
  0x00, 0x0c, 0x00, 0x00, 0x00, 0x00, 0x0b, 0x0c, 0x00, 0x00, 0x0d, 0x00, 0x0e, 0x09, 0x0b, 0x0d,
  0x09, 0x0c, 0x00, 0x00, 0x00, 0x0c, 0x00, 0x00, 0x00, 0x0c, 0x0e, 0x0e, 0x0c, 0x00, 0x00, 0x0e,
  0x0d, 0x0d, 0x00, 0x00, 0x00, 0x00, 0x0e, 0x0c, 0x0e, 0x0a, 0x00, 0x00, 0x00, 0x00, 0x00, 0x00,
  0x00, 0x0e, 0x0c, 0x00, 0x0c, 0x0a, 0x00, 0x0d, 0x00, 0x09, 0x07, 0x0b, 0x0d, 0x00, 0x01, 0x0b,
  0x00, 0x00, 0x0b, 0x00, 0x00, 0x00, 0x07, 0x00, 0x00, 0x00, 0x0a, 0x00, 0x0c, 0x0b, 0x00, 0x0d,
  0x00, 0x0d, 0x0d, 0x00, 0x0d, 0x00, 0x00, 0x00, 0x00, 0x00, 0x00, 0x0a, 0x00, 0x0c, 0x00, 0x00,
  0x0c, 0x0c, 0x01, 0x00, 0x00, 0x0c, 0x00, 0x0e, 0x0a, 0x0d, 0x00, 0x00, 0x06, 0x00, 0x0d, 0x00,
  0x0c, 0x00, 0x0e, 0x0b, 0x00, 0x00, 0x00, 0x0d, 0x0d, 0x0e, 0x00, 0x0d, 0x0c, 0x0d, 0x00, 0x00,
  0x00, 0x00, 0x0e, 0x00, 0x0d, 0x0b, 0x0b, 0x00, 0x00, 0x00, 0x0d, 0x00, 0x0c, 0x00, 0x00, 0x00,
  0x00, 0x0a, 0x00, 0x0e, 0x00, 0x00, 0x0b, 0x00, 0x00, 0x00, 0x0a, 0x0c, 0x05, 0x0a, 0x0b, 0x06,
  0x0e, 0x00, 0x0e, 0x0c, 0x00, 0x0d, 0x0e, 0x0d, 0x00, 0x00, 0x0b, 0x00, 0x0d, 0x00, 0x0e, 0x0c,
  0x00, 0x0e, 0x00, 0x08, 0x00, 0x0e, 0x0e, 0x0d, 0x00, 0x0f, 0x09, 0x00, 0x0b, 0x07, 0x00, 0x00,
  0x0c, 0x00, 0x00, 0x00, 0x00, 0x00, 0x00, 0x0a, 0x05, 0x09, 0x0e, 0x0c, 0x00, 0x0d, 0x00, 0x00,
  0x00, 0x0c, 0x00, 0x00, 0x0d, 0x00, 0x0c, 0x0a, 0x00, 0x00, 0x00, 0x00, 0x00, 0x0e, 0x00, 0x0b,
  0x0d, 0x00, 0x0c, 0x00, 0x0e, 0x0b, 0x00, 0x00, 0x0c, 0x0b, 0x0c, 0x0d, 0x0e, 0x00, 0x0b, 0x00,
  0x08, 0x00, 0x0b, 0x0b, 0x0b, 0x0d, 0x00, 0x08, 0x08, 0x00, 0x0a, 0x00, 0x00, 0x00, 0x00, 0x00,
  0x00, 0x09, 0x08, 0x0d, 0x00, 0x00, 0x00, 0x0c, 0x0b, 0x0b, 0x0c, 0x0b, 0x00, 0x0b, 0x0b, 0x00,
  0x00, 0x00, 0x0d, 0x00, 0x00, 0x0b, 0x00, 0x0b, 0x00, 0x00, 0x00, 0x0d, 0x00, 0x0e, 0x0c, 0x00,
  0x0d, 0x0a, 0x0d, 0x05, 0x00, 0x00, 0x00, 0x09, 0x00, 0x00, 0x00, 0x09, 0x00, 0x0e, 0x00, 0x0c,
  0x0d, 0x00, 0x09, 0x0c, 0x0e, 0x0d, 0x00, 0x0c, 0x0c, 0x0e, 0x0b, 0x00, 0x07, 0x0f, 0x0d, 0x0c,
  0x0d, 0x00, 0x0d, 0x0b, 0x0e, 0x0c, 0x00, 0x0e, 0x00, 0x00, 0x0b, 0x0a, 0x0e, 0x00, 0x00, 0x0c,
  0x0c, 0x0d, 0x0d, 0x00, 0x00, 0x0a, 0x00, 0x0c, 0x00, 0x0d, 0x0e, 0x0b, 0x00, 0x00, 0x00, 0x00,
  0x00, 0x0d, 0x0f, 0x00, 0x0c, 0x00, 0x0c, 0x00, 0x00, 0x00, 0x00, 0x09, 0x0c, 0x00, 0x0c, 0x0e,
  0x0c, 0x00, 0x00, 0x00, 0x00, 0x0e, 0x0a, 0x0c, 0x0a, 0x00, 0x06, 0x00, 0x00, 0x0e, 0x0e, 0x0e,
  0x0d, 0x0a, 0x0c, 0x0b, 0x06, 0x0e, 0x00, 0x0a, 0x0c, 0x0e, 0x0d, 0x0b, 0x0d, 0x0c, 0x00, 0x00,
  0x0d, 0x00, 0x00, 0x00, 0x00, 0x00, 0x00, 0x00, 0x00, 0x00, 0x00, 0x0f, 0x00, 0x0d, 0x00, 0x00,
  0x00, 0x0b, 0x0d, 0x0c, 0x00, 0x0c, 0x00, 0x0a, 0x0c, 0x0c, 0x0e, 0x00, 0x06, 0x0c, 0x00, 0x00,
  0x00, 0x04, 0x00, 0x03, 0x00, 0x0d, 0x00, 0x00, 0x0f, 0x00, 0x0d, 0x0b, 0x00, 0x0e, 0x00, 0x0a,
  0x08, 0x00, 0x00, 0x0c, 0x07, 0x00, 0x0b, 0x00, 0x00, 0x0b, 0x09, 0x0b, 0x00, 0x05, 0x00, 0x00,
  0x00, 0x00, 0x00, 0x0d, 0x00, 0x00, 0x00, 0x0e, 0x00, 0x00, 0x0e, 0x00, 0x00, 0x00, 0x00, 0x00,
  0x00, 0x00, 0x00, 0x00, 0x09, 0x00, 0x0e, 0x00, 0x00, 0x0f, 0x00, 0x00, 0x00, 0x00, 0x00, 0x00,
  0x00, 0x09, 0x00, 0x00, 0x0a, 0x0c, 0x00, 0x00, 0x0f, 0x0f, 0x0a, 0x0e, 0x00, 0x0a, 0x0b, 0x0c,
  0x00, 0x00, 0x00, 0x0d, 0x00, 0x0a, 0x09, 0x00, 0x0c, 0x0d, 0x0d, 0x00, 0x0f, 0x0b, 0x00, 0x0d,
  0x00, 0x0c, 0x00, 0x00, 0x0d, 0x00, 0x0d, 0x0a, 0x0c, 0x0c, 0x0c, 0x00, 0x00, 0x00, 0x00, 0x0d,
  0x00, 0x00, 0x0a, 0x0e, 0x00, 0x00, 0x00, 0x04, 0x00, 0x00, 0x0d, 0x08, 0x00, 0x0d, 0x00, 0x00,
  0x00, 0x00, 0x0d, 0x0e, 0x00, 0x00, 0x00, 0x00, 0x00, 0x00, 0x0c, 0x0c, 0x00, 0x0e, 0x0a, 0x00,
  0x00, 0x00, 0x0b, 0x09, 0x00, 0x0c, 0x0d, 0x00, 0x00, 0x0c, 0x00, 0x0d, 0x0e, 0x0c, 0x0b, 0x00,
  0x09, 0x00, 0x0a, 0x00, 0x0a, 0x0c, 0x00, 0x00, 0x0a, 0x0d, 0x00, 0x00, 0x00, 0x00, 0x00, 0x00,
  0x00, 0x0f, 0x00, 0x0e, 0x09, 0x00, 0x00, 0x0e, 0x00, 0x00, 0x0d, 0x0c, 0x00, 0x0a, 0x00, 0x00,
  0x0d, 0x00, 0x09, 0x0e, 0x09, 0x09, 0x0e, 0x0c, 0x0c, 0x00, 0x00, 0x0b, 0x00, 0x00, 0x0c, 0x00,
  0x0c, 0x0e, 0x00, 0x00, 0x0e, 0x0e, 0x0b, 0x00, 0x00, 0x0e, 0x0b, 0x0c, 0x00, 0x00, 0x00, 0x00,
  0x0d, 0x0b, 0x0e, 0x0a, 0x00, 0x00, 0x00, 0x0c, 0x0e, 0x00, 0x00, 0x00, 0x00, 0x00, 0x0d, 0x00,
  0x09, 0x0e, 0x00, 0x0f, 0x00, 0x00, 0x00, 0x0d, 0x00, 0x00, 0x00, 0x00, 0x0a, 0x00, 0x0d, 0x0d,
  0x00, 0x00, 0x00, 0x00, 0x00, 0x00, 0x0c, 0x0d, 0x00, 0x0d, 0x00, 0x0b, 0x00, 0x00, 0x0d, 0x00,
  0x0d, 0x0a, 0x00, 0x00, 0x0d, 0x0c, 0x00, 0x00, 0x00, 0x0d, 0x00, 0x0e, 0x00, 0x0d, 0x0d, 0x00,
  0x0d, 0x0b, 0x0c, 0x00, 0x0d, 0x00, 0x00, 0x0d, 0x0d, 0x0c, 0x06, 0x0a, 0x00, 0x0d, 0x09, 0x0b,
  0x00, 0x0d, 0x0c, 0x00, 0x00, 0x0c, 0x0b, 0x00, 0x00, 0x00, 0x0c, 0x0d, 0x0d, 0x0e, 0x0a, 0x0b,
  0x00, 0x0c, 0x00, 0x00, 0x00, 0x0c, 0x0d, 0x0b, 0x08, 0x00, 0x00, 0x00, 0x0a, 0x0c, 0x00, 0x00,
  0x0f, 0x00, 0x09, 0x0c, 0x00, 0x0a, 0x0f, 0x00, 0x00, 0x0e, 0x0b, 0x0d, 0x00, 0x0e, 0x00, 0x00,
  0x0b, 0x0d, 0x00, 0x00, 0x0c, 0x00, 0x00, 0x0d, 0x00, 0x0b, 0x0d, 0x00, 0x00, 0x0e, 0x0c, 0x00,
  0x0a, 0x0b, 0x0e, 0x00, 0x00, 0x0c, 0x00, 0x00, 0x00, 0x00, 0x0b, 0x0e, 0x0e, 0x00, 0x0c, 0x00,
  0x00, 0x00, 0x00, 0x00, 0x09, 0x0c, 0x0b, 0x00, 0x00, 0x00, 0x00, 0x00, 0x00, 0x0d, 0x00, 0x0d,
  0x0d, 0x0f, 0x00, 0x00, 0x00, 0x00, 0x00, 0x0b, 0x00, 0x00, 0x0c, 0x00, 0x0c, 0x0d, 0x0e, 0x00,
  0x00, 0x00, 0x00, 0x0d, 0x00, 0x00, 0x00, 0x00, 0x0d, 0x08, 0x00, 0x00, 0x00, 0x0e, 0x0f, 0x0e,
  0x0e, 0x00, 0x0b, 0x00, 0x00, 0x00, 0x00, 0x0c, 0x09, 0x0e, 0x00, 0x0d, 0x0b, 0x00, 0x00, 0x0d,
  0x0c, 0x0c, 0x0c, 0x0d, 0x00, 0x00, 0x00, 0x00, 0x00, 0x0d, 0x0c, 0x0b, 0x00, 0x00, 0x0d, 0x00,
  0x00, 0x09, 0x00, 0x00, 0x0c, 0x00, 0x00, 0x00, 0x00, 0x00, 0x00, 0x0c, 0x0e, 0x00, 0x00, 0x0d,
  0x00, 0x00, 0x0a, 0x00, 0x00, 0x0d, 0x0a, 0x00, 0x00, 0x00, 0x0d, 0x0d, 0x09, 0x08, 0x00, 0x08,
  0x00, 0x0b, 0x00, 0x00, 0x00, 0x00, 0x00, 0x0c, 0x0d, 0x0f, 0x00, 0x00, 0x0b, 0x00, 0x00, 0x00,
  0x00, 0x09, 0x0f, 0x0c, 0x00, 0x0d, 0x00, 0x0c, 0x0b, 0x00, 0x00, 0x00, 0x00, 0x0e, 0x0c, 0x00,
  0x00, 0x00, 0x00, 0x0e, 0x00, 0x00, 0x0d, 0x00, 0x0e, 0x06, 0x00, 0x0d, 0x0d, 0x0e, 0x00, 0x0a,
  0x00, 0x00, 0x0c, 0x0e, 0x00, 0x0c, 0x00, 0x00, 0x00, 0x00, 0x07, 0x00, 0x0c, 0x00, 0x00, 0x00,
  0x0c, 0x00, 0x00, 0x00, 0x00, 0x00, 0x00, 0x0e, 0x0e, 0x09, 0x00, 0x00, 0x0c, 0x0d, 0x00, 0x00,
  0x00, 0x09, 0x00, 0x09, 0x0b, 0x00, 0x00, 0x0d, 0x00, 0x0d, 0x0c, 0x00, 0x00, 0x00, 0x0d, 0x00,
  0x00, 0x00, 0x0d, 0x00, 0x0b, 0x0d, 0x00, 0x0d, 0x00, 0x00, 0x00, 0x0f, 0x00, 0x00, 0x00, 0x00,
  0x0c, 0x00, 0x00, 0x00, 0x0c, 0x00, 0x00, 0x00, 0x00, 0x00, 0x0e, 0x09, 0x00, 0x00, 0x0d, 0x00,
  0x05, 0x0a, 0x00, 0x00, 0x00, 0x0c, 0x0b, 0x0c, 0x00, 0x00, 0x07, 0x0c, 0x00, 0x00, 0x0d, 0x0c,
  0x00, 0x00, 0x09, 0x00, 0x00, 0x0a, 0x00, 0x0c, 0x00, 0x0c, 0x00, 0x0b, 0x00, 0x00, 0x00, 0x0c,
  0x0b, 0x0d, 0x00, 0x0d, 0x00, 0x00, 0x00, 0x0d, 0x0e, 0x0c, 0x00, 0x0c, 0x09, 0x00, 0x00, 0x00,
  0x00, 0x0e, 0x0b, 0x0d, 0x0d, 0x00, 0x0e, 0x00, 0x0d, 0x00, 0x00, 0x00, 0x0a, 0x00, 0x0c, 0x07,
  0x00, 0x00, 0x0e, 0x00, 0x00, 0x0d, 0x00, 0x0d, 0x0d, 0x00, 0x00, 0x0f, 0x00, 0x0c, 0x00, 0x00,
  0x00, 0x00, 0x00, 0x0b, 0x0b, 0x00, 0x0d, 0x0d, 0x00, 0x0c, 0x00, 0x00, 0x00, 0x0a, 0x0a, 0x0c,
  0x09, 0x00, 0x0a, 0x05, 0x00, 0x09, 0x00, 0x00, 0x0c, 0x00, 0x09, 0x0c, 0x0c, 0x0e, 0x00, 0x0d,
  0x00, 0x00, 0x00, 0x00, 0x0e, 0x00, 0x00, 0x0d, 0x0a, 0x09, 0x00, 0x00, 0x0c, 0x0d, 0x00, 0x0b,
  0x0d, 0x09, 0x0d, 0x0d, 0x0e, 0x0e, 0x0d, 0x0e, 0x0b, 0x0d, 0x0d, 0x0e, 0x0b, 0x00, 0x00, 0x0e,
  0x0d, 0x00, 0x00, 0x0d, 0x00, 0x00, 0x0c, 0x0b, 0x0d, 0x00, 0x0c, 0x00, 0x0b, 0x08, 0x00, 0x0c,
  0x0d, 0x0b, 0x07, 0x00, 0x00, 0x06, 0x00, 0x0b, 0x00, 0x00, 0x0e, 0x00, 0x07, 0x0d, 0x00, 0x00,
  0x0b, 0x00, 0x0b, 0x00, 0x00, 0x00, 0x00, 0x00, 0x0d, 0x0a, 0x0f, 0x0b, 0x0c, 0x00, 0x0b, 0x0c,
  0x00, 0x0c, 0x0d, 0x0d, 0x0e, 0x09, 0x00, 0x0b, 0x00, 0x00, 0x0c, 0x06, 0x0b, 0x06, 0x0a, 0x0b,
  0x00, 0x00, 0x0c, 0x00, 0x00, 0x00, 0x0d, 0x0c, 0x00, 0x00, 0x00, 0x00, 0x00, 0x0c, 0x07, 0x0d,
  0x0b, 0x00, 0x0e, 0x0c, 0x0c, 0x00, 0x00, 0x06, 0x0a, 0x0e, 0x00, 0x00, 0x00, 0x00, 0x00, 0x00,
  0x0a, 0x00, 0x0f, 0x00, 0x03, 0x00, 0x0d, 0x0b, 0x0c, 0x00, 0x00, 0x0d, 0x0c, 0x0a, 0x00, 0x00,
  0x0b, 0x00, 0x0d, 0x00, 0x00, 0x00, 0x0c, 0x0e, 0x00, 0x00, 0x0c, 0x00, 0x00, 0x00, 0x0c, 0x00,
  0x00, 0x00, 0x00, 0x00, 0x0a, 0x0a, 0x0d, 0x00, 0x00, 0x0b, 0x0d, 0x00, 0x00, 0x00, 0x0d, 0x00,
  0x00, 0x00, 0x00, 0x00, 0x00, 0x0d, 0x00, 0x0d, 0x00, 0x0d, 0x0d, 0x00, 0x00, 0x09, 0x0b, 0x0b,
  0x00, 0x0b, 0x0c, 0x00, 0x00, 0x00, 0x00, 0x0c, 0x00, 0x00, 0x0e, 0x00, 0x09, 0x00, 0x0d, 0x09,
  0x0e, 0x0e, 0x00, 0x00, 0x00, 0x0c, 0x00, 0x00, 0x00, 0x0b, 0x0e, 0x00, 0x00, 0x00, 0x0e, 0x00,
  0x00, 0x0d, 0x00, 0x0c, 0x00, 0x00, 0x0c, 0x00, 0x08, 0x00, 0x00, 0x00, 0x00, 0x0c, 0x00, 0x0c,
  0x00, 0x0d, 0x00, 0x0d, 0x00, 0x00, 0x00, 0x00, 0x0a, 0x00, 0x00, 0x0c, 0x0c, 0x00, 0x00, 0x00,
  0x00, 0x0c, 0x0c, 0x00, 0x00, 0x00, 0x0c, 0x0b, 0x0c, 0x0c, 0x00, 0x0c, 0x00, 0x00, 0x00, 0x07,
  0x0c, 0x0d, 0x00, 0x0e, 0x00, 0x00, 0x0d, 0x00, 0x00, 0x00, 0x00, 0x0b, 0x0f, 0x0d, 0x00, 0x00,
  0x0d, 0x09, 0x0d, 0x0d, 0x00, 0x0d, 0x00, 0x00, 0x00, 0x00, 0x00, 0x0e, 0x00, 0x00, 0x0c, 0x0e,
  0x00, 0x00, 0x0b, 0x00, 0x0c, 0x0e, 0x0d, 0x00, 0x0a, 0x00, 0x0e, 0x00, 0x0d, 0x00, 0x0e, 0x02,
  0x0c, 0x00, 0x0e, 0x00, 0x00, 0x00, 0x00, 0x00, 0x0e, 0x00, 0x00, 0x00, 0x00, 0x00, 0x00, 0x00,
  0x00, 0x00, 0x00, 0x0e, 0x0c, 0x0f, 0x00, 0x0e, 0x0c, 0x00, 0x0f, 0x00, 0x00, 0x08, 0x0c, 0x0a,
  0x00, 0x0b, 0x0d, 0x0d, 0x0d, 0x0b, 0x0f, 0x0c, 0x00, 0x00, 0x05, 0x0b, 0x00, 0x08, 0x08, 0x00,
  0x0e, 0x00, 0x00, 0x00, 0x00, 0x00, 0x00, 0x00, 0x08, 0x00, 0x00, 0x00, 0x00, 0x0d, 0x00, 0x0b,
  0x00, 0x00, 0x07, 0x00, 0x0a, 0x00, 0x0b, 0x0a, 0x00, 0x00, 0x00, 0x0e, 0x00, 0x00, 0x00, 0x00,
  0x0c, 0x09, 0x0d, 0x00, 0x0b, 0x00, 0x00, 0x00, 0x00, 0x00, 0x0f, 0x0c, 0x00, 0x06, 0x0d, 0x0c,
  0x00, 0x00, 0x0e, 0x0d, 0x00, 0x00, 0x0d, 0x05, 0x00, 0x00, 0x0a, 0x0a, 0x0b, 0x0c, 0x00, 0x0d,
  0x00, 0x0b, 0x0d, 0x00, 0x00, 0x08, 0x00, 0x0c, 0x0d, 0x0f, 0x00, 0x0a, 0x0d, 0x0e, 0x00, 0x00,
  0x0c, 0x0b, 0x00, 0x00, 0x00, 0x00, 0x00, 0x00, 0x00, 0x00, 0x00, 0x00, 0x00, 0x0b, 0x00, 0x0d,
  0x00, 0x0d, 0x06, 0x00, 0x00, 0x00, 0x00, 0x00, 0x0b, 0x0b, 0x00, 0x00, 0x07, 0x0a, 0x0c, 0x00,
  0x0d, 0x00, 0x00, 0x00, 0x00, 0x00, 0x0e, 0x0c, 0x00, 0x0c, 0x00, 0x0c, 0x09, 0x0d, 0x00, 0x0f,
  0x0a, 0x00, 0x00, 0x0d, 0x00, 0x0d, 0x09, 0x0d, 0x0d, 0x0b, 0x0e, 0x00, 0x0e, 0x09, 0x0a, 0x00,
  0x0b, 0x00, 0x05, 0x0d, 0x0e, 0x00, 0x0d, 0x00, 0x00, 0x00, 0x0d, 0x0d, 0x00, 0x0e, 0x00, 0x00,
  0x00, 0x0e, 0x00, 0x00, 0x0c, 0x0a, 0x00, 0x00, 0x00, 0x0b, 0x0a, 0x0d, 0x00, 0x0c, 0x00, 0x0d,
  0x0c, 0x00, 0x00, 0x00, 0x00, 0x00, 0x00, 0x00, 0x00, 0x00, 0x00, 0x00, 0x00, 0x0d, 0x0b, 0x02,
  0x0d, 0x0d, 0x0c, 0x00, 0x00, 0x0e, 0x00, 0x0c, 0x00, 0x00, 0x00, 0x0c, 0x0d, 0x0c, 0x0d, 0x0a,
  0x00, 0x00, 0x00, 0x00, 0x0c, 0x00, 0x00, 0x00, 0x00, 0x0d, 0x0d, 0x0f, 0x0c, 0x00, 0x00, 0x0e,
  0x0d, 0x09, 0x0a, 0x0e, 0x00, 0x00, 0x0e, 0x0d, 0x00, 0x0c, 0x0b, 0x00, 0x00, 0x09, 0x00, 0x09,
  0x00, 0x0d, 0x00, 0x00, 0x00, 0x00, 0x05, 0x00, 0x09, 0x0b, 0x00, 0x0e, 0x00, 0x0e, 0x0c, 0x00,
  0x00, 0x00, 0x0b, 0x00, 0x0c, 0x0f, 0x0d, 0x0e, 0x00, 0x00, 0x00, 0x0e, 0x0d, 0x0d, 0x00, 0x0d,
  0x0e, 0x0d, 0x00, 0x0f, 0x0d, 0x0a, 0x0c, 0x00, 0x00, 0x08, 0x0a, 0x00, 0x09, 0x00, 0x0a, 0x00,
  0x00, 0x00, 0x0b, 0x00, 0x00, 0x00, 0x00, 0x0e, 0x0c, 0x00, 0x0c, 0x09, 0x00, 0x00, 0x00, 0x00,
  0x00, 0x0e, 0x00, 0x00, 0x08, 0x0e, 0x00, 0x00, 0x02, 0x0c, 0x00, 0x00, 0x00, 0x00, 0x00, 0x00,
  0x00, 0x08, 0x0d, 0x00, 0x0a, 0x00, 0x0d, 0x00, 0x08, 0x0a, 0x0b, 0x00, 0x0d, 0x0f, 0x0b, 0x0b,
  0x00, 0x0d, 0x00, 0x0c, 0x00, 0x0d, 0x0d, 0x00, 0x00, 0x00, 0x0a, 0x0d, 0x0a, 0x00, 0x00, 0x00,
  0x00, 0x0b, 0x00, 0x00, 0x00, 0x0b, 0x00, 0x00, 0x0a, 0x0b, 0x0c, 0x00, 0x00, 0x00, 0x00, 0x00,
  0x0b, 0x00, 0x0c, 0x0d, 0x0a, 0x00, 0x0d, 0x0e, 0x0c, 0x00, 0x00, 0x00, 0x00, 0x00, 0x0e, 0x00,
  0x00, 0x0c, 0x0e, 0x09, 0x00, 0x06, 0x00, 0x0d, 0x0c, 0x00, 0x0e, 0x00, 0x00, 0x0d, 0x0b, 0x00,
  0x0d, 0x00, 0x00, 0x0d, 0x00, 0x0b, 0x0c, 0x00, 0x00, 0x00, 0x0a, 0x0c, 0x00, 0x00, 0x00, 0x09,
  0x00, 0x00, 0x00, 0x0b, 0x00, 0x0b, 0x00, 0x0d, 0x0c, 0x0d, 0x0b, 0x00, 0x0b, 0x00, 0x00, 0x0e,
  0x00, 0x00, 0x00, 0x0f, 0x00, 0x00, 0x0d, 0x00, 0x00, 0x0e, 0x00, 0x00, 0x0d, 0x0c, 0x00, 0x00,
  0x00, 0x00, 0x00, 0x00, 0x00, 0x0d, 0x00, 0x0a, 0x00, 0x00, 0x0a, 0x0d, 0x00, 0x08, 0x0d, 0x00,
  0x0c, 0x0c, 0x0d, 0x0d, 0x0c, 0x00, 0x00, 0x08, 0x0e, 0x00, 0x0c, 0x0c, 0x00, 0x0e, 0x0e, 0x00,
  0x0c, 0x00, 0x0c, 0x0c, 0x0e, 0x00, 0x00, 0x00, 0x07, 0x00, 0x0b, 0x0e, 0x00, 0x0e, 0x04, 0x0c,
  0x00, 0x0a, 0x00, 0x0e, 0x0d, 0x00, 0x0e, 0x0c, 0x00, 0x0b, 0x00, 0x00, 0x0c, 0x00, 0x0c, 0x00,
  0x00, 0x09, 0x00, 0x00, 0x0c, 0x0d, 0x00, 0x0d, 0x00, 0x0a, 0x0f, 0x00, 0x0d, 0x00, 0x0e, 0x08,
  0x07, 0x0b, 0x00, 0x0d, 0x00, 0x00, 0x00, 0x0e, 0x00, 0x00, 0x06, 0x00, 0x00, 0x0d, 0x00, 0x0c,
  0x0f, 0x00, 0x00, 0x00, 0x0b, 0x0e, 0x0d, 0x00, 0x00, 0x06, 0x0f, 0x0e, 0x0d, 0x00, 0x00, 0x0a,
  0x00, 0x00, 0x00, 0x00, 0x0e, 0x00, 0x00, 0x0b, 0x00, 0x00, 0x00, 0x0d, 0x00, 0x00, 0x0b, 0x00,
  0x0b, 0x00, 0x00, 0x0d, 0x0e, 0x0b, 0x00, 0x07, 0x0a, 0x0d, 0x00, 0x0d, 0x0e, 0x00, 0x0b, 0x00,
  0x00, 0x00, 0x00, 0x0b, 0x0c, 0x00, 0x00, 0x00, 0x00, 0x00, 0x08, 0x00, 0x00, 0x0b, 0x00, 0x0b,
  0x00, 0x0c, 0x0d, 0x0e, 0x0e, 0x00, 0x0c, 0x00, 0x00, 0x0d, 0x09, 0x00, 0x0e, 0x00, 0x00, 0x0d,
  0x00, 0x00, 0x0b, 0x00, 0x00, 0x00, 0x0d, 0x00, 0x00, 0x0e, 0x0e, 0x00, 0x00, 0x00, 0x07, 0x00,
  0x00, 0x0a, 0x00, 0x00, 0x00, 0x0e, 0x0e, 0x0a, 0x0a, 0x00, 0x00, 0x00, 0x00, 0x00, 0x06, 0x0a,
  0x00, 0x0d, 0x00, 0x0c, 0x0c, 0x00, 0x0d, 0x00, 0x00, 0x00, 0x00, 0x0b, 0x0a, 0x0c, 0x0e, 0x0e,
  0x00, 0x00, 0x00, 0x00, 0x0a, 0x00, 0x0a, 0x0d, 0x00, 0x0d, 0x0b, 0x00, 0x05, 0x0c, 0x0d, 0x00,
  0x00, 0x00, 0x00, 0x0c, 0x0a, 0x00, 0x00, 0x0f, 0x07, 0x0c, 0x09, 0x00, 0x00, 0x00, 0x0d, 0x09,
  0x08, 0x00, 0x0e, 0x0d, 0x00, 0x0c, 0x0c, 0x0e, 0x0b, 0x0a, 0x08, 0x0b, 0x00, 0x00, 0x0d, 0x0b,
  0x00, 0x0b, 0x00, 0x0c, 0x0c, 0x00, 0x00, 0x00, 0x09, 0x0c, 0x00, 0x0d, 0x00, 0x0c, 0x08, 0x00,
  0x00, 0x0e, 0x0d, 0x00, 0x00, 0x00, 0x00, 0x0b, 0x0d, 0x00, 0x00, 0x08, 0x00, 0x00, 0x0f, 0x0c,
  0x0d, 0x00, 0x00, 0x09, 0x0d, 0x00, 0x0a, 0x0d, 0x0d, 0x0b, 0x09, 0x00, 0x0d, 0x0d, 0x0d, 0x00,
  0x00, 0x0c, 0x00, 0x00, 0x0e, 0x09, 0x00, 0x0f, 0x0d, 0x00, 0x0a, 0x0a, 0x09, 0x0b, 0x0c, 0x0c,
  0x00, 0x09, 0x00, 0x0b, 0x00, 0x00, 0x0b, 0x00, 0x0a, 0x09, 0x0c, 0x00, 0x00, 0x00, 0x0c, 0x00,
  0x09, 0x00, 0x00, 0x00, 0x0e, 0x06, 0x00, 0x07, 0x0d, 0x0a, 0x0d, 0x0b, 0x0b, 0x0d, 0x00, 0x00,
  0x0a, 0x0b, 0x00, 0x0b, 0x00, 0x0c, 0x0c, 0x00, 0x09, 0x00, 0x00, 0x00, 0x00, 0x0b, 0x0d, 0x00,
  0x00, 0x00, 0x00, 0x00, 0x00, 0x0b, 0x0b, 0x00, 0x00, 0x00, 0x00, 0x0a, 0x0e, 0x00, 0x08, 0x0d,
  0x00, 0x00, 0x0d, 0x00, 0x00, 0x00, 0x00, 0x0c, 0x0a, 0x00, 0x00, 0x0c, 0x00, 0x00, 0x0d, 0x0d,
  0x00, 0x00, 0x00, 0x0c, 0x0d, 0x0b, 0x0f, 0x00, 0x00, 0x00, 0x0e, 0x00, 0x00, 0x00, 0x00, 0x0d,
  0x09, 0x00, 0x00, 0x00, 0x0b, 0x0c, 0x00, 0x00, 0x00, 0x00, 0x00, 0x0d, 0x00, 0x0f, 0x00, 0x00,
  0x00, 0x0d, 0x0c, 0x00, 0x0c, 0x00, 0x0c, 0x00, 0x0e, 0x0a, 0x0d, 0x0e, 0x00, 0x00, 0x06, 0x00,
  0x09, 0x00, 0x0e, 0x0c, 0x0c, 0x0c, 0x00, 0x0d, 0x00, 0x0c, 0x0b, 0x0c, 0x09, 0x00, 0x00, 0x0b,
  0x0c, 0x00, 0x0f, 0x0b, 0x0d, 0x00, 0x00, 0x0f, 0x0b, 0x0c, 0x00, 0x0d, 0x0c, 0x0d, 0x00, 0x0e,
  0x00, 0x00, 0x00, 0x09, 0x00, 0x0c, 0x00, 0x0b, 0x00, 0x0b, 0x0c, 0x0d, 0x07, 0x0d, 0x00, 0x0e,
  0x0e, 0x0b, 0x0e, 0x0d, 0x00, 0x0d, 0x00, 0x00, 0x09, 0x0a, 0x08, 0x00, 0x00, 0x00, 0x00, 0x0d,
  0x00, 0x00, 0x00, 0x00, 0x0d, 0x00, 0x0c, 0x0d, 0x0f, 0x0c, 0x0d, 0x00, 0x0a, 0x00, 0x09, 0x00,
  0x0e, 0x00, 0x00, 0x00, 0x0c, 0x0b, 0x00, 0x0b, 0x0c, 0x0d, 0x0a, 0x09, 0x00, 0x00, 0x0c, 0x0b,
  0x00, 0x00, 0x00, 0x0c, 0x0e, 0x0b, 0x0e, 0x0c, 0x0c, 0x0b, 0x00, 0x00, 0x00, 0x00, 0x0d, 0x0c,
  0x00, 0x00, 0x00, 0x00, 0x00, 0x00, 0x00, 0x0a, 0x0c, 0x0e, 0x04, 0x00, 0x0a, 0x0c, 0x08, 0x0b,
  0x0b, 0x06, 0x00, 0x0d, 0x0b, 0x00, 0x0b, 0x00, 0x0b, 0x0c, 0x00, 0x00, 0x00, 0x0d, 0x00, 0x00,
  0x00, 0x0e, 0x0d, 0x0e, 0x0c, 0x0e, 0x00, 0x00, 0x0e, 0x0a, 0x0c, 0x0b, 0x0c, 0x00, 0x0d, 0x0a,
  0x00, 0x00, 0x0d, 0x0c, 0x0a, 0x00, 0x00, 0x00, 0x06, 0x00, 0x00, 0x0e, 0x00, 0x0c, 0x0b, 0x00,
  0x0c, 0x00, 0x00, 0x0e, 0x00, 0x0b, 0x00, 0x00, 0x00, 0x0b, 0x0a, 0x00, 0x0f, 0x00, 0x00, 0x08,
  0x0d, 0x00, 0x00, 0x0e, 0x0d, 0x00, 0x09, 0x00, 0x00, 0x00, 0x0e, 0x0c, 0x00, 0x00, 0x0c, 0x00,
  0x00, 0x00, 0x00, 0x00, 0x0e, 0x00, 0x0b, 0x0d, 0x00, 0x00, 0x00, 0x00, 0x00, 0x00, 0x00, 0x0c,
  0x08, 0x0f, 0x0e, 0x0e, 0x00, 0x0e, 0x0d, 0x00, 0x00, 0x0a, 0x00, 0x00, 0x0b, 0x00, 0x0d, 0x00,
  0x00, 0x0c, 0x0d, 0x0c, 0x00, 0x0d, 0x0c, 0x00, 0x0d, 0x00, 0x00, 0x00, 0x0f, 0x00, 0x00, 0x0d,
  0x00, 0x0b, 0x00, 0x0e, 0x00, 0x0b, 0x00, 0x0e, 0x0e, 0x00, 0x00, 0x0b, 0x0d, 0x00, 0x00, 0x0c,
  0x00, 0x0d, 0x00, 0x00, 0x00, 0x00, 0x00, 0x00, 0x00, 0x08, 0x00, 0x00, 0x00, 0x00, 0x0e, 0x00,
  0x0d, 0x0b, 0x08, 0x0b, 0x0d, 0x0c, 0x00, 0x0e, 0x00, 0x00, 0x0c, 0x0e, 0x0c, 0x00, 0x0e, 0x00,
  0x0c, 0x00, 0x00, 0x00, 0x00, 0x00, 0x00, 0x0d, 0x0b, 0x00, 0x0c, 0x0d, 0x0b, 0x0b, 0x0c, 0x0a,
  0x00, 0x00, 0x00, 0x00, 0x03, 0x00, 0x0b, 0x00, 0x00, 0x00, 0x00, 0x0d, 0x0b, 0x00, 0x00, 0x0d,
  0x00, 0x00, 0x00, 0x0d, 0x0d, 0x0a, 0x0d, 0x00, 0x0e, 0x00, 0x00, 0x00, 0x00, 0x0c, 0x00, 0x00,
  0x00, 0x00, 0x00, 0x0b, 0x0c, 0x0c, 0x00, 0x0b, 0x00, 0x00, 0x00, 0x0d, 0x00, 0x0d, 0x00, 0x00,
  0x0c, 0x00, 0x0d, 0x00, 0x0d, 0x00, 0x00, 0x0e, 0x0e, 0x0a, 0x00, 0x0a, 0x00, 0x0e, 0x0b, 0x00,
  0x0d, 0x00, 0x00, 0x00, 0x0e, 0x00, 0x0d, 0x00, 0x05, 0x00, 0x00, 0x00, 0x0e, 0x0d, 0x00, 0x00,
  0x00, 0x00, 0x0d, 0x00, 0x00, 0x0c, 0x0c, 0x00, 0x0b, 0x00, 0x00, 0x00, 0x0c, 0x0d, 0x0c, 0x0a,
  0x06, 0x00, 0x00, 0x0c, 0x00, 0x0a, 0x0c, 0x00, 0x0e, 0x00, 0x09, 0x00, 0x00, 0x0c, 0x07, 0x00,
  0x00, 0x0b, 0x00, 0x00, 0x0a, 0x00, 0x0e, 0x0a, 0x0c, 0x00, 0x0c, 0x00, 0x00, 0x0d, 0x0c, 0x00,
  0x00, 0x0d, 0x0b, 0x0d, 0x0c, 0x00, 0x09, 0x00, 0x00, 0x0d, 0x00, 0x09, 0x00, 0x0b, 0x0d, 0x00,
  0x0d, 0x09, 0x0e, 0x09, 0x00, 0x0a, 0x00, 0x0a, 0x0d, 0x0a, 0x0b, 0x0e, 0x0c, 0x00, 0x0e, 0x00,
  0x00, 0x08, 0x00, 0x00, 0x00, 0x00, 0x00, 0x00, 0x00, 0x0c, 0x00, 0x00, 0x08, 0x0a, 0x00, 0x00,
  0x00, 0x00, 0x00, 0x00, 0x00, 0x0e, 0x0d, 0x0b, 0x0c, 0x05, 0x0d, 0x0e, 0x0e, 0x0c, 0x09, 0x0a,
  0x00, 0x00, 0x00, 0x0d, 0x0d, 0x0a, 0x00, 0x00, 0x00, 0x0d, 0x0e, 0x0a, 0x0d, 0x0a, 0x00, 0x0a,
  0x0f, 0x0d, 0x00, 0x00, 0x0c, 0x0b, 0x0d, 0x00, 0x00, 0x07, 0x0e, 0x0c, 0x0e, 0x00, 0x0d, 0x04,
  0x00, 0x00, 0x0e, 0x00, 0x0e, 0x00, 0x00, 0x00, 0x00, 0x09, 0x0d, 0x00, 0x00, 0x0a, 0x0d, 0x00,
  0x00, 0x00, 0x07, 0x0b, 0x00, 0x00, 0x0c, 0x00, 0x07, 0x0b, 0x00, 0x0d, 0x0c, 0x0c, 0x0e, 0x00,
  0x09, 0x0c, 0x0b, 0x00, 0x0c, 0x0c, 0x00, 0x00, 0x00, 0x0c, 0x00, 0x0c, 0x00, 0x0b, 0x00, 0x0e,
  0x0f, 0x0c, 0x00, 0x0b, 0x0c, 0x0e, 0x00, 0x0b, 0x00, 0x00, 0x06, 0x0c, 0x00, 0x00, 0x0c, 0x00,
  0x00, 0x00, 0x0b, 0x0b, 0x0e, 0x09, 0x0c, 0x0e, 0x00, 0x00, 0x00, 0x00, 0x00, 0x0e, 0x00, 0x0c,
  0x00, 0x0e, 0x0e, 0x00, 0x0b, 0x00, 0x0e, 0x00, 0x00, 0x00, 0x0d, 0x0e, 0x00, 0x09, 0x0e, 0x00,
  0x0b, 0x00, 0x0b, 0x00, 0x07, 0x00, 0x0b, 0x00, 0x0d, 0x0d, 0x0a, 0x00, 0x00, 0x00, 0x0e, 0x00,
  0x0d, 0x0b, 0x09, 0x00, 0x09, 0x0b, 0x00, 0x00, 0x00, 0x00, 0x00, 0x00, 0x00, 0x00, 0x0d, 0x0b,
  0x0c, 0x00, 0x00, 0x00, 0x0e, 0x00, 0x0d, 0x0e, 0x0e, 0x0b, 0x00, 0x00, 0x0e, 0x00, 0x0e, 0x00,
  0x0b, 0x00, 0x00, 0x0f, 0x0d, 0x0f, 0x00, 0x0c, 0x00, 0x0d, 0x00, 0x00, 0x00, 0x00, 0x0c, 0x00,
  0x0d, 0x00, 0x00, 0x0c, 0x00, 0x0d, 0x00, 0x0c, 0x08, 0x0c, 0x0a, 0x0a, 0x00, 0x0c, 0x0b, 0x00,
  0x00, 0x0f, 0x00, 0x0d, 0x0a, 0x00, 0x00, 0x00, 0x0c, 0x00, 0x00, 0x0d, 0x0f, 0x00, 0x00, 0x00,
  0x00, 0x09, 0x00, 0x0d, 0x0e, 0x00, 0x09, 0x00, 0x0d, 0x06, 0x00, 0x00, 0x00, 0x00, 0x0c, 0x00,
  0x00, 0x00, 0x08, 0x00, 0x00, 0x00, 0x0a, 0x0c, 0x00, 0x00, 0x0c, 0x00, 0x0e, 0x00, 0x0c, 0x00,
  0x00, 0x00, 0x0b, 0x0f, 0x0d, 0x0e, 0x0c, 0x00, 0x00, 0x0b, 0x00, 0x00, 0x0d, 0x00, 0x0d, 0x0c,
  0x00, 0x00, 0x0d, 0x00, 0x06, 0x00, 0x05, 0x00, 0x0d, 0x00, 0x0d, 0x00, 0x0c, 0x0d, 0x05, 0x00,
  0x0d, 0x0d, 0x09, 0x0c, 0x00, 0x0c, 0x0b, 0x0c, 0x00, 0x0d, 0x00, 0x0b, 0x00, 0x0f, 0x0a, 0x00,
  0x00, 0x00, 0x0c, 0x00, 0x0d, 0x0c, 0x00, 0x00, 0x00, 0x00, 0x00, 0x0d, 0x0f, 0x00, 0x00, 0x0e,
  0x00, 0x0c, 0x00, 0x0a, 0x0e, 0x00, 0x0a, 0x0d, 0x0e, 0x0b, 0x0b, 0x0a, 0x0d, 0x00, 0x00, 0x00,
  0x00, 0x0a, 0x00, 0x0c, 0x00, 0x00, 0x0e, 0x00, 0x0d, 0x00, 0x0d, 0x0f, 0x00, 0x0f, 0x0c, 0x00,
  0x0b, 0x00, 0x00, 0x0e, 0x0c, 0x00, 0x00, 0x00, 0x0e, 0x00, 0x00, 0x00, 0x00, 0x00, 0x0d, 0x00,
  0x00, 0x00, 0x00, 0x00, 0x0d, 0x0d, 0x00, 0x0b, 0x00, 0x09, 0x0d, 0x00, 0x0d, 0x0e, 0x0b, 0x00,
  0x00, 0x0a, 0x0a, 0x00, 0x0b, 0x00, 0x0a, 0x00, 0x00, 0x00, 0x0c, 0x00, 0x0e, 0x00, 0x00, 0x0d,
  0x00, 0x00, 0x00, 0x00, 0x0d, 0x0d, 0x0d, 0x00, 0x00, 0x00, 0x09, 0x00, 0x0d, 0x0d, 0x0f, 0x0b,
  0x00, 0x00, 0x0b, 0x00, 0x00, 0x06, 0x06, 0x0a, 0x00, 0x0b, 0x0a, 0x00, 0x00, 0x00, 0x06, 0x0b,
  0x0d, 0x00, 0x00, 0x0e, 0x00, 0x00, 0x08, 0x00, 0x0c, 0x0d, 0x00, 0x00, 0x00, 0x0b, 0x00, 0x00,
  0x00, 0x00, 0x09, 0x0a, 0x09, 0x0e, 0x00, 0x00, 0x0a, 0x0d, 0x00, 0x0b, 0x00, 0x0d, 0x00, 0x0c,
  0x00, 0x0a, 0x0b, 0x0a, 0x00, 0x0e, 0x07, 0x00, 0x0d, 0x0d, 0x00, 0x00, 0x00, 0x0c, 0x00, 0x0c,
  0x00, 0x00, 0x0d, 0x00, 0x0e, 0x0b, 0x00, 0x00, 0x00, 0x0e, 0x00, 0x09, 0x00, 0x00, 0x0b, 0x00,
  0x00, 0x0b, 0x0c, 0x0c, 0x00, 0x00, 0x00, 0x09, 0x0d, 0x00, 0x00, 0x00, 0x0d, 0x0f, 0x00, 0x00,
  0x0e, 0x00, 0x0b, 0x00, 0x00, 0x00, 0x00, 0x0d, 0x0c, 0x0b, 0x00, 0x0a, 0x00, 0x00, 0x00, 0x0b,
  0x00, 0x00, 0x0d, 0x0d, 0x0c, 0x0b, 0x00, 0x00, 0x00, 0x00, 0x0a, 0x00, 0x00, 0x00, 0x00, 0x00,
  0x00, 0x0c, 0x0a, 0x00, 0x0e, 0x0d, 0x0d, 0x00, 0x0d, 0x07, 0x00, 0x00, 0x00, 0x00, 0x00, 0x00,
  0x00, 0x00, 0x00, 0x00, 0x0e, 0x00, 0x0d, 0x0e, 0x00, 0x0d, 0x0d, 0x00, 0x0e, 0x0d, 0x00, 0x0b,
  0x08, 0x08, 0x0e, 0x0e, 0x04, 0x0d, 0x00, 0x0a, 0x00, 0x0c, 0x0d, 0x0b, 0x0d, 0x0a, 0x0a, 0x0d,
  0x00, 0x03, 0x00, 0x00, 0x00, 0x00, 0x0d, 0x05, 0x08, 0x00, 0x0d, 0x00, 0x00, 0x0d, 0x00, 0x0c,
  0x00, 0x0e, 0x00, 0x0a, 0x0e, 0x0c, 0x00, 0x00, 0x00, 0x0d, 0x00, 0x00, 0x0d, 0x00, 0x0d, 0x00,
  0x00, 0x00, 0x00, 0x0e, 0x09, 0x0a, 0x0a, 0x00, 0x00, 0x0e, 0x0c, 0x00, 0x0e, 0x00, 0x0b, 0x00,
  0x0d, 0x00, 0x00, 0x00, 0x0e, 0x05, 0x0b, 0x0c, 0x00, 0x00, 0x00, 0x0c, 0x00, 0x00, 0x00, 0x00,
  0x00, 0x0c, 0x0c, 0x0b, 0x0d, 0x0e, 0x0d, 0x09, 0x07, 0x0c, 0x00, 0x09, 0x0e, 0x00, 0x0c, 0x00,
  0x0a, 0x00, 0x0d, 0x00, 0x0d, 0x0c, 0x00, 0x0e, 0x0e, 0x0d, 0x00, 0x0a, 0x00, 0x0c, 0x0e, 0x00,
  0x06, 0x0f, 0x00, 0x00, 0x0f, 0x00, 0x0c, 0x0e, 0x00, 0x0d, 0x00, 0x0d, 0x00, 0x0e, 0x0c, 0x00,
  0x0f, 0x00, 0x00, 0x00, 0x0b, 0x0e, 0x00, 0x00, 0x00, 0x00, 0x00, 0x00, 0x0d, 0x0d, 0x00, 0x0d,
  0x0d, 0x00, 0x00, 0x00, 0x00, 0x06, 0x00, 0x00, 0x0e, 0x0a, 0x00, 0x0d, 0x00, 0x0c, 0x00, 0x00,
  0x00, 0x00, 0x00, 0x0b, 0x0e, 0x0b, 0x00, 0x00, 0x00, 0x00, 0x00, 0x0b, 0x00, 0x0d, 0x0b, 0x00,
  0x00, 0x00, 0x00, 0x00, 0x0b, 0x00, 0x00, 0x00, 0x00, 0x0d, 0x00, 0x0e, 0x00, 0x0c, 0x0e, 0x0a,
  0x00, 0x00, 0x00, 0x00, 0x00, 0x00, 0x0a, 0x00, 0x00, 0x00, 0x00, 0x00, 0x0b, 0x0d, 0x00, 0x00,
  0x00, 0x09, 0x0d, 0x00, 0x00, 0x07, 0x0b, 0x00, 0x00, 0x0c, 0x0d, 0x0a, 0x09, 0x0c, 0x0c, 0x00,
  0x00, 0x00, 0x00, 0x0f, 0x00, 0x04, 0x00, 0x0a, 0x00, 0x00, 0x0c, 0x00, 0x00, 0x0c, 0x00, 0x06,
  0x00, 0x00, 0x0b, 0x00, 0x00, 0x0d, 0x0c, 0x00, 0x0c, 0x0e, 0x0e, 0x09, 0x00, 0x0b, 0x00, 0x0e,
  0x0c, 0x0e, 0x0c, 0x00, 0x0d, 0x0b, 0x0e, 0x00, 0x07, 0x00, 0x0e, 0x08, 0x00, 0x0a, 0x09, 0x06,
  0x0d, 0x00, 0x0a, 0x08, 0x0d, 0x00, 0x0e, 0x00, 0x09, 0x0b, 0x0e, 0x0e, 0x0b, 0x0b, 0x00, 0x00,
  0x0b, 0x00, 0x00, 0x0d, 0x00, 0x00, 0x00, 0x07, 0x00, 0x0c, 0x0d, 0x05, 0x0b, 0x0e, 0x00, 0x00,
  0x0c, 0x00, 0x06, 0x00, 0x00, 0x00, 0x00, 0x00, 0x0b, 0x00, 0x00, 0x00, 0x0c, 0x0c, 0x00, 0x00,
  0x00, 0x0e, 0x00, 0x00, 0x0b, 0x0d, 0x00, 0x00, 0x00, 0x0d, 0x0e, 0x0b, 0x00, 0x0a, 0x09, 0x0b,
  0x0e, 0x06, 0x08, 0x00, 0x0b, 0x00, 0x00, 0x0e, 0x0e, 0x00, 0x0e, 0x0b, 0x00, 0x00, 0x0b, 0x00,
  0x00, 0x00, 0x00, 0x0a, 0x0f, 0x00, 0x07, 0x0d, 0x00, 0x00, 0x00, 0x00, 0x0b, 0x0e, 0x00, 0x0c,
  0x00, 0x00, 0x0d, 0x0c, 0x00, 0x00, 0x08, 0x0a, 0x00, 0x00, 0x0c, 0x00, 0x00, 0x00, 0x00, 0x0a,
  0x00, 0x0c, 0x0c, 0x00, 0x0b, 0x0c, 0x09, 0x00, 0x00, 0x00, 0x0b, 0x00, 0x00, 0x0e, 0x0d, 0x00,
  0x00, 0x0d, 0x00, 0x0e, 0x00, 0x0d, 0x0d, 0x00, 0x00, 0x00, 0x06, 0x00, 0x0a, 0x00, 0x0e, 0x0e,
  0x0c, 0x0a, 0x0d, 0x0c, 0x00, 0x0d, 0x00, 0x0a, 0x00, 0x00, 0x00, 0x0b, 0x0e, 0x00, 0x0c, 0x0d,
  0x00, 0x0c, 0x0b, 0x0e, 0x0b, 0x0d, 0x0e, 0x00, 0x00, 0x00, 0x00, 0x0d, 0x0d, 0x0c, 0x0c, 0x0d,
  0x0e, 0x00, 0x00, 0x0c, 0x0d, 0x00, 0x0d, 0x00, 0x00, 0x0e, 0x00, 0x00, 0x00, 0x08, 0x00, 0x00,
  0x00, 0x00, 0x00, 0x0f, 0x0d, 0x0d, 0x00, 0x0e, 0x0e, 0x0d, 0x0a, 0x0b, 0x00, 0x00, 0x06, 0x00,
  0x00, 0x09, 0x00, 0x00, 0x09, 0x00, 0x00, 0x0d, 0x0d, 0x0f, 0x00, 0x09, 0x0c, 0x00, 0x0e, 0x0e,
  0x00, 0x0a, 0x00, 0x0c, 0x00, 0x00, 0x00, 0x00, 0x00, 0x07, 0x00, 0x00, 0x00, 0x00, 0x00, 0x0d,
  0x0f, 0x0d, 0x00, 0x0b, 0x0c, 0x0c, 0x0c, 0x00, 0x0c, 0x0d, 0x00, 0x0e, 0x00, 0x0a, 0x0a, 0x00,
  0x00, 0x0e, 0x0d, 0x0d, 0x0e, 0x00, 0x09, 0x00, 0x00, 0x00, 0x0e, 0x00, 0x00, 0x00, 0x00, 0x00,
  0x0c, 0x00, 0x0c, 0x00, 0x0e, 0x0b, 0x0d, 0x00, 0x0c, 0x0c, 0x00, 0x0d, 0x0b, 0x00, 0x0e, 0x00,
  0x00, 0x00, 0x00, 0x00, 0x00, 0x00, 0x00, 0x0d, 0x00, 0x00, 0x00, 0x0d, 0x00, 0x09, 0x0c, 0x00,
  0x00, 0x00, 0x00, 0x08, 0x0b, 0x0d, 0x0c, 0x00, 0x00, 0x00, 0x00, 0x00, 0x0f, 0x00, 0x00, 0x0e,
  0x00, 0x0e, 0x00, 0x00, 0x0d, 0x00, 0x0e, 0x00, 0x0b, 0x00, 0x0c, 0x00, 0x0c, 0x0c, 0x00, 0x00,
  0x00, 0x0e, 0x00, 0x00, 0x00, 0x0d, 0x0e, 0x09, 0x00, 0x0d, 0x00, 0x00, 0x00, 0x0b, 0x0e, 0x00,
  0x00, 0x0c, 0x00, 0x00, 0x00, 0x00, 0x00, 0x00, 0x0d, 0x00, 0x0c, 0x00, 0x06, 0x0e, 0x0e, 0x00,
  0x00, 0x00, 0x00, 0x0a, 0x0d, 0x0d, 0x00, 0x00, 0x00, 0x0a, 0x00, 0x00, 0x02, 0x0d, 0x0b, 0x0e,
  0x00, 0x0a, 0x00, 0x07, 0x0a, 0x00, 0x00, 0x0c, 0x0d, 0x00, 0x0f, 0x08, 0x00, 0x00, 0x00, 0x0d,
  0x0a, 0x0c, 0x09, 0x0c, 0x0d, 0x00, 0x00, 0x00, 0x0b, 0x00, 0x00, 0x00, 0x00, 0x00, 0x08, 0x0e,
  0x00, 0x07, 0x0d, 0x00, 0x00, 0x00, 0x0d, 0x09, 0x00, 0x00, 0x0c, 0x0c, 0x0e, 0x00, 0x00, 0x00,
  0x00, 0x0e, 0x0d, 0x00, 0x0b, 0x00, 0x08, 0x00, 0x00, 0x00, 0x0d, 0x00, 0x00, 0x00, 0x00, 0x00,
  0x00, 0x00, 0x0d, 0x0d, 0x00, 0x0c, 0x0b, 0x0d, 0x03, 0x0d, 0x0e, 0x0d, 0x00, 0x00, 0x0c, 0x00,
  0x08, 0x00, 0x00, 0x0c, 0x0b, 0x00, 0x0e, 0x00, 0x0c, 0x00, 0x0c, 0x00, 0x00, 0x0d, 0x0d, 0x00,
  0x00, 0x0e, 0x00, 0x0d, 0x0d, 0x04, 0x00, 0x00, 0x0c, 0x0e, 0x00, 0x0a, 0x0d, 0x00, 0x0a, 0x0c,
  0x0c, 0x08, 0x0d, 0x00, 0x00, 0x00, 0x00, 0x00, 0x0d, 0x0c, 0x0b, 0x00, 0x0d, 0x00, 0x00, 0x0c,
  0x00, 0x00, 0x0d, 0x00, 0x0d, 0x00, 0x00, 0x0a, 0x0e, 0x00, 0x00, 0x0a, 0x00, 0x00, 0x00, 0x09,
  0x00, 0x00, 0x00, 0x00, 0x0e, 0x0b, 0x00, 0x00, 0x00, 0x00, 0x09, 0x0b, 0x0b, 0x0b, 0x00, 0x0a,
  0x00, 0x00, 0x0c, 0x0c, 0x0c, 0x0e, 0x00, 0x00, 0x00, 0x0b, 0x0e, 0x04, 0x0e, 0x0d, 0x0e, 0x0c,
  0x0c, 0x09, 0x00, 0x00, 0x00, 0x0d, 0x00, 0x0a, 0x00, 0x00, 0x00, 0x0e, 0x0a, 0x09, 0x0c, 0x0d,
  0x0c, 0x0d, 0x00, 0x00, 0x0c, 0x0e, 0x00, 0x00, 0x06, 0x0c, 0x0a, 0x00, 0x00, 0x0e, 0x00, 0x00,
  0x00, 0x0e, 0x0c, 0x00, 0x00, 0x00, 0x00, 0x00, 0x0a, 0x0d, 0x0c, 0x00, 0x08, 0x0f, 0x0c, 0x00,
  0x00, 0x00, 0x0d, 0x0d, 0x00, 0x00, 0x00, 0x00, 0x00, 0x0c, 0x0a, 0x00, 0x0d, 0x0a, 0x0d, 0x0d,
  0x00, 0x00, 0x0d, 0x00, 0x0e, 0x00, 0x0e, 0x0d, 0x08, 0x0c, 0x0a, 0x00, 0x0c, 0x0b, 0x0c, 0x00,
  0x0b, 0x08, 0x00, 0x00, 0x0e, 0x00, 0x00, 0x09, 0x0a, 0x00, 0x00, 0x08, 0x0d, 0x00, 0x0e, 0x00,
  0x00, 0x0f, 0x0e, 0x07, 0x00, 0x00, 0x0f, 0x0a, 0x0b, 0x0b, 0x00, 0x00, 0x0a, 0x00, 0x0c, 0x00,
  0x00, 0x0c, 0x00, 0x00, 0x09, 0x00, 0x00, 0x0e, 0x00, 0x00, 0x09, 0x00, 0x0e, 0x00, 0x00, 0x0b,
  0x00, 0x00, 0x00, 0x00, 0x0d, 0x0b, 0x0d, 0x00, 0x00, 0x00, 0x00, 0x00, 0x00, 0x0b, 0x00, 0x00,
  0x0d, 0x00, 0x00, 0x00, 0x0c, 0x00, 0x0b, 0x00, 0x00, 0x00, 0x0e, 0x0d, 0x00, 0x00, 0x00, 0x0d,
  0x00, 0x00, 0x00, 0x09, 0x00, 0x00, 0x0d, 0x00, 0x0f, 0x00, 0x00, 0x0c, 0x08, 0x07, 0x0e, 0x00,
  0x00, 0x0d, 0x00, 0x00, 0x00, 0x00, 0x09, 0x0b, 0x00, 0x00, 0x00, 0x0e, 0x00, 0x0c, 0x0e, 0x00,
  0x0b, 0x00, 0x00, 0x00, 0x0d, 0x0c, 0x07, 0x00, 0x00, 0x0a, 0x00, 0x00, 0x0c, 0x0a, 0x00, 0x00,
  0x00, 0x00, 0x00, 0x00, 0x00, 0x00, 0x07, 0x0a, 0x0e, 0x00, 0x00, 0x0b, 0x0d, 0x0d, 0x07, 0x00,
  0x00, 0x00, 0x0b, 0x0a, 0x09, 0x0c, 0x0d, 0x0b, 0x00, 0x0b, 0x08, 0x0e, 0x00, 0x00, 0x0c, 0x00,
  0x00, 0x0d, 0x00, 0x0e, 0x00, 0x0d, 0x00, 0x0c, 0x0c, 0x0c, 0x0d, 0x0d, 0x00, 0x09, 0x0c, 0x00,
  0x0e, 0x0c, 0x00, 0x00, 0x0b, 0x0e, 0x0c, 0x00, 0x00, 0x0a, 0x09, 0x00, 0x0e, 0x0b, 0x0a, 0x00,
  0x00, 0x00, 0x0a, 0x0a, 0x00, 0x07, 0x0b, 0x00, 0x09, 0x0c, 0x0c, 0x00, 0x0c, 0x0b, 0x00, 0x0b,
  0x0d, 0x0d, 0x00, 0x00, 0x00, 0x00, 0x0e, 0x00, 0x00, 0x00, 0x0b, 0x00, 0x00, 0x00, 0x00, 0x0e,
  0x00, 0x00, 0x00, 0x00, 0x00, 0x00, 0x0b, 0x09, 0x0b, 0x0c, 0x00, 0x0d, 0x09, 0x0e, 0x0a, 0x0d,
  0x09, 0x0f, 0x00, 0x06, 0x00, 0x00, 0x0e, 0x00, 0x0a, 0x00, 0x09, 0x00, 0x00, 0x00, 0x0a, 0x00,
  0x00, 0x09, 0x00, 0x0d, 0x0d, 0x00, 0x06, 0x00, 0x00, 0x00, 0x0b, 0x0f, 0x0e, 0x00, 0x00, 0x0d,
  0x00, 0x0d, 0x00, 0x0b, 0x0d, 0x00, 0x0e, 0x0a, 0x0d, 0x00, 0x0e, 0x00, 0x0c, 0x00, 0x00, 0x0e,
  0x00, 0x00, 0x0e, 0x0e, 0x0b, 0x09, 0x0d, 0x0b, 0x08, 0x0d, 0x00, 0x00, 0x0c, 0x00, 0x0c, 0x00,
  0x00, 0x00, 0x00, 0x0c, 0x00, 0x00, 0x00, 0x0d, 0x04, 0x09, 0x00, 0x00, 0x00, 0x0b, 0x0b, 0x0b,
  0x0f, 0x00, 0x0c, 0x0d, 0x09, 0x00, 0x0e, 0x03, 0x0c, 0x0e, 0x0d, 0x0a, 0x00, 0x00, 0x0a, 0x0c,
  0x09, 0x00, 0x0a, 0x0d, 0x0f, 0x00, 0x00, 0x0d, 0x0c, 0x0f, 0x00, 0x00, 0x00, 0x00, 0x00, 0x0d,
  0x09, 0x00, 0x0d, 0x0a, 0x00, 0x00, 0x0c, 0x0c, 0x00, 0x0c, 0x00, 0x00, 0x0b, 0x00, 0x00, 0x0d,
  0x00, 0x00, 0x0e, 0x00, 0x09, 0x0d, 0x07, 0x0a, 0x00, 0x00, 0x0d, 0x00, 0x00, 0x0a, 0x00, 0x0f,
  0x00, 0x0c, 0x00, 0x0e, 0x00, 0x08, 0x00, 0x00, 0x00, 0x05, 0x0d, 0x00, 0x00, 0x0d, 0x0e, 0x0d,
  0x09, 0x0e, 0x0c, 0x0c, 0x00, 0x0f, 0x0d, 0x00, 0x0c, 0x00, 0x00, 0x00, 0x0d, 0x00, 0x00, 0x0c,
  0x00, 0x0b, 0x0a, 0x00, 0x0d, 0x00, 0x00, 0x00, 0x0c, 0x00, 0x0c, 0x08, 0x0b, 0x0e, 0x0c, 0x0a,
  0x08, 0x00, 0x0e, 0x0e, 0x00, 0x0d, 0x00, 0x0d, 0x00, 0x0c, 0x0d, 0x09, 0x00, 0x0b, 0x0c, 0x09,
  0x0c, 0x0d, 0x00, 0x0d, 0x00, 0x00, 0x00, 0x00, 0x0c, 0x00, 0x0d, 0x00, 0x00, 0x0a, 0x09, 0x00,
  0x00, 0x0c, 0x0b, 0x09, 0x00, 0x08, 0x0b, 0x0e, 0x00, 0x00, 0x0e, 0x0d, 0x08, 0x08, 0x00, 0x00,
  0x00, 0x00, 0x00, 0x00, 0x0a, 0x00, 0x00, 0x00, 0x0e, 0x00, 0x0a, 0x00, 0x0c, 0x0e, 0x0a, 0x00,
  0x00, 0x00, 0x00, 0x00, 0x00, 0x0e, 0x04, 0x00, 0x0d, 0x00, 0x00, 0x0b, 0x0a, 0x0d, 0x09, 0x00,
  0x0b, 0x0b, 0x08, 0x00, 0x07, 0x00, 0x0c, 0x00, 0x0d, 0x00, 0x0b, 0x0b, 0x09, 0x00, 0x09, 0x0e,
  0x0c, 0x00, 0x00, 0x0e, 0x00, 0x00, 0x0d, 0x0c, 0x0d, 0x08, 0x00, 0x00, 0x00, 0x00, 0x0c, 0x00,
  0x0c, 0x00, 0x00, 0x00, 0x00, 0x00, 0x00, 0x00, 0x00, 0x0c, 0x00, 0x00, 0x00, 0x0d, 0x0d, 0x00,
  0x06, 0x0e, 0x00, 0x0c, 0x00, 0x0c, 0x00, 0x00, 0x00, 0x00, 0x00, 0x00, 0x0e, 0x0d, 0x0e, 0x00,
  0x0e, 0x00, 0x00, 0x06, 0x00, 0x00, 0x00, 0x0e, 0x0d, 0x0c, 0x0b, 0x0e, 0x0a, 0x0d, 0x0c, 0x0a,
  0x0a, 0x0c, 0x0d, 0x00, 0x07, 0x00, 0x00, 0x0b, 0x00, 0x00, 0x00, 0x0d, 0x00, 0x00, 0x0c, 0x00,
  0x00, 0x09, 0x00, 0x0a, 0x00, 0x0a, 0x00, 0x00, 0x00, 0x0c, 0x0f, 0x00, 0x0e, 0x06, 0x0c, 0x00,
  0x0b, 0x00, 0x09, 0x0b, 0x0d, 0x0d, 0x08, 0x00, 0x0d, 0x0e, 0x0c, 0x00, 0x09, 0x00, 0x0c, 0x0d,
  0x0b, 0x0d, 0x0c, 0x0d, 0x0f, 0x0b, 0x00, 0x0d, 0x0c, 0x00, 0x0b, 0x00, 0x0d, 0x00, 0x00, 0x00,
  0x0c, 0x0e, 0x0c, 0x0d, 0x0c, 0x00, 0x0c, 0x00, 0x0c, 0x00, 0x00, 0x00, 0x0a, 0x00, 0x0e, 0x00,
  0x00, 0x00, 0x0e, 0x09, 0x00, 0x0b, 0x0b, 0x0e, 0x00, 0x00, 0x00, 0x0d, 0x09, 0x00, 0x0a, 0x00,
  0x00, 0x0c, 0x00, 0x0b, 0x00, 0x0e, 0x04, 0x0a, 0x00, 0x00, 0x0b, 0x00, 0x0c, 0x00, 0x0a, 0x0e,
  0x00, 0x00, 0x00, 0x00, 0x00, 0x0d, 0x00, 0x00, 0x00, 0x00, 0x0a, 0x0e, 0x00, 0x00, 0x00, 0x0b,
  0x00, 0x00, 0x00, 0x0e, 0x0e, 0x00, 0x0a, 0x00, 0x09, 0x0c, 0x00, 0x07, 0x0c, 0x00, 0x0b, 0x0d,
  0x08, 0x0b, 0x0a, 0x00, 0x00, 0x00, 0x00, 0x00, 0x0e, 0x0c, 0x03, 0x00, 0x00, 0x00, 0x0a, 0x0c,
  0x00, 0x0e, 0x0a, 0x00, 0x0b, 0x0d, 0x00, 0x0f, 0x00, 0x0b, 0x0e, 0x0b, 0x00, 0x08, 0x0a, 0x0d,
  0x00, 0x00, 0x06, 0x0e, 0x00, 0x0d, 0x0e, 0x0c, 0x00, 0x0e, 0x00, 0x00, 0x0c, 0x0d, 0x0f, 0x0d,
  0x00, 0x0b, 0x0d, 0x0d, 0x0d, 0x00, 0x0c, 0x00, 0x00, 0x0d, 0x00, 0x0c, 0x0b, 0x0a, 0x0d, 0x0c,
  0x00, 0x00, 0x0c, 0x00, 0x0a, 0x00, 0x00, 0x00, 0x00, 0x00, 0x0c, 0x09, 0x09, 0x00, 0x00, 0x00,
  0x0d, 0x00, 0x00, 0x00, 0x0d, 0x00, 0x00, 0x00, 0x0a, 0x00, 0x04, 0x00, 0x00, 0x07, 0x00, 0x0b,
  0x0d, 0x09, 0x0c, 0x0e, 0x0c, 0x00, 0x0c, 0x0e, 0x00, 0x0c, 0x0a, 0x00, 0x00, 0x0c, 0x0c, 0x00,
  0x0d, 0x0e, 0x00, 0x00, 0x0d, 0x00, 0x00, 0x09, 0x00, 0x0e, 0x0c, 0x08, 0x09, 0x0b, 0x00, 0x00,
  0x0a, 0x00, 0x00, 0x09, 0x00, 0x0e, 0x0c, 0x00, 0x00, 0x0b, 0x00, 0x00, 0x0d, 0x00, 0x00, 0x0e,
  0x00, 0x0c, 0x00, 0x0a, 0x0a, 0x00, 0x0d, 0x00, 0x07, 0x0b, 0x0e, 0x00, 0x0e, 0x00, 0x00, 0x00,
  0x0e, 0x0a, 0x0c, 0x0b, 0x0b, 0x0d, 0x00, 0x00, 0x00, 0x00, 0x00, 0x07, 0x00, 0x06, 0x0a, 0x00,
  0x0e, 0x0c, 0x06, 0x00, 0x00, 0x0d, 0x00, 0x00, 0x00, 0x0d, 0x00, 0x00, 0x0e, 0x00, 0x00, 0x00,
  0x0c, 0x0c, 0x0c, 0x00, 0x00, 0x0b, 0x09, 0x00, 0x00, 0x07, 0x0e, 0x00, 0x00, 0x00, 0x00, 0x00,
  0x00, 0x0e, 0x00, 0x00, 0x0d, 0x08, 0x0c, 0x00, 0x08, 0x06, 0x00, 0x0d, 0x0b, 0x00, 0x00, 0x00,
  0x0b, 0x00, 0x00, 0x0b, 0x0b, 0x0b, 0x0e, 0x0d, 0x0e, 0x00, 0x00, 0x0c, 0x00, 0x0b, 0x0f, 0x0f,
  0x00, 0x00, 0x00, 0x0c, 0x00, 0x0b, 0x0b, 0x0e, 0x0c, 0x00, 0x00, 0x0a, 0x00, 0x05, 0x0c, 0x00,
  0x0d, 0x00, 0x00, 0x00, 0x0b, 0x00, 0x0b, 0x00, 0x00, 0x0d, 0x0b, 0x00, 0x00, 0x00, 0x09, 0x00,
  0x00, 0x0c, 0x0d, 0x0c, 0x00, 0x00, 0x09, 0x00, 0x00, 0x00, 0x0d, 0x0b, 0x0e, 0x0c, 0x00, 0x00,
  0x00, 0x00, 0x0d, 0x0a, 0x00, 0x07, 0x00, 0x00, 0x0d, 0x00, 0x00, 0x00, 0x0c, 0x0f, 0x0e, 0x0e,
  0x00, 0x0d, 0x00, 0x0b, 0x00, 0x0c, 0x0d, 0x00, 0x00, 0x00, 0x00, 0x00, 0x00, 0x00, 0x00, 0x00,
  0x00, 0x00, 0x0a, 0x00, 0x00, 0x0b, 0x00, 0x0e, 0x08, 0x0b, 0x0b, 0x00, 0x07, 0x0a, 0x00, 0x00,
  0x00, 0x0f, 0x0d, 0x00, 0x0e, 0x00, 0x00, 0x00, 0x0e, 0x0c, 0x00, 0x00, 0x00, 0x0f, 0x0c, 0x0c,
  0x00, 0x00, 0x00, 0x0e, 0x0d, 0x00, 0x0e, 0x00, 0x0c, 0x00, 0x00, 0x00, 0x0d, 0x00, 0x00, 0x0e,
  0x00, 0x0e, 0x00, 0x0d, 0x0a, 0x0c, 0x0d, 0x0b, 0x0d, 0x0d, 0x0f, 0x0c, 0x00, 0x00, 0x00, 0x0b,
  0x00, 0x00, 0x0c, 0x0c, 0x00, 0x0c, 0x0e, 0x09, 0x0f, 0x0b, 0x0c, 0x0d, 0x00, 0x00, 0x0c, 0x0e,
  0x00, 0x0e, 0x00, 0x00, 0x0f, 0x0c, 0x0f, 0x00, 0x00, 0x00, 0x00, 0x0b, 0x00, 0x00, 0x0d, 0x00,
  0x0a, 0x0b, 0x00, 0x0f, 0x0b, 0x00, 0x00, 0x00, 0x00, 0x00, 0x0a, 0x0f, 0x00, 0x00, 0x09, 0x00,
  0x0d, 0x00, 0x00, 0x00, 0x0f, 0x0b, 0x00, 0x00, 0x07, 0x0a, 0x0f, 0x0e, 0x0a, 0x00, 0x0d, 0x0c,
  0x09, 0x00, 0x0b, 0x00, 0x00, 0x0a, 0x08, 0x0a, 0x0d, 0x0e, 0x0b, 0x0e, 0x0d, 0x04, 0x00, 0x0e,
  0x0c, 0x07, 0x00, 0x00, 0x00, 0x00, 0x00, 0x00, 0x00, 0x00, 0x0d, 0x00, 0x0d, 0x00, 0x0c, 0x0e,
  0x0e, 0x0c, 0x07, 0x0e, 0x00, 0x00, 0x00, 0x00, 0x00, 0x00, 0x0f, 0x0f, 0x00, 0x00, 0x0e, 0x0b,
  0x00, 0x00, 0x0e, 0x0c, 0x0f, 0x0e, 0x00, 0x0b, 0x0b, 0x0c, 0x0f, 0x0f, 0x0e, 0x00, 0x00, 0x0f,
  0x09, 0x00, 0x0e, 0x00, 0x00, 0x00, 0x00, 0x00, 0x0b, 0x00, 0x0d, 0x04, 0x00, 0x0d, 0x08, 0x00,
  0x00, 0x00, 0x00, 0x08, 0x00, 0x0d, 0x0d, 0x00, 0x00, 0x00, 0x0d, 0x0e, 0x0d, 0x00, 0x09, 0x0c,
  0x00, 0x00, 0x0b, 0x00, 0x08, 0x00, 0x09, 0x0e, 0x0c, 0x00, 0x00, 0x08, 0x0b, 0x00, 0x0a, 0x09,
  0x00, 0x08, 0x0d, 0x00, 0x00, 0x00, 0x00, 0x0c, 0x00, 0x00, 0x0f, 0x0d, 0x09, 0x06, 0x00, 0x0c,
  0x0b, 0x0d, 0x00, 0x0f, 0x0e, 0x00, 0x00, 0x00, 0x0d, 0x00, 0x0b, 0x0c, 0x00, 0x00, 0x00, 0x09,
  0x09, 0x0b, 0x0c, 0x0d, 0x00, 0x0d, 0x0d, 0x00, 0x00, 0x00, 0x00, 0x0b, 0x00, 0x0c, 0x0a, 0x0e,
  0x00, 0x00, 0x0e, 0x0d, 0x00, 0x0d, 0x0c, 0x00, 0x0c, 0x0a, 0x0e, 0x00, 0x0a, 0x08, 0x0a, 0x0a,
  0x00, 0x0d, 0x00, 0x00, 0x0d, 0x00, 0x00, 0x00, 0x00, 0x0b, 0x0c, 0x00, 0x0c, 0x00, 0x00, 0x00,
  0x00, 0x00, 0x00, 0x0b, 0x00, 0x0d, 0x00, 0x0d, 0x0a, 0x00, 0x00, 0x0e, 0x00, 0x00, 0x00, 0x00,
  0x0f, 0x0d, 0x0c, 0x00, 0x00, 0x0d, 0x00, 0x00, 0x0f, 0x00, 0x0b, 0x00, 0x00, 0x0d, 0x00, 0x00,
  0x0e, 0x0c, 0x00, 0x00, 0x00, 0x08, 0x00, 0x0b, 0x00, 0x00, 0x08, 0x0b, 0x0f, 0x08, 0x0d, 0x0d,
  0x00, 0x00, 0x0c, 0x00, 0x00, 0x00, 0x0d, 0x00, 0x00, 0x00, 0x0c, 0x00, 0x0c, 0x00, 0x00, 0x00,
  0x0c, 0x00, 0x00, 0x00, 0x00, 0x0c, 0x00, 0x00, 0x00, 0x00, 0x00, 0x00, 0x00, 0x07, 0x0e, 0x0c,
  0x0d, 0x0c, 0x0f, 0x00, 0x00, 0x0d, 0x00, 0x00, 0x00, 0x00, 0x0a, 0x0d, 0x00, 0x0f, 0x0b, 0x00,
  0x0c, 0x00, 0x00, 0x00, 0x0f, 0x0e, 0x00, 0x00, 0x00, 0x0d, 0x00, 0x0e, 0x00, 0x00, 0x00, 0x00,
  0x0d, 0x00, 0x00, 0x0d, 0x00, 0x0e, 0x00, 0x09, 0x00, 0x00, 0x00, 0x00, 0x0b, 0x0d, 0x0b, 0x00,
  0x0b, 0x0e, 0x0c, 0x00, 0x0d, 0x0b, 0x0a, 0x0d, 0x00, 0x00, 0x00, 0x0e, 0x0e, 0x0c, 0x00, 0x07,
  0x0d, 0x00, 0x0b, 0x0a, 0x0c, 0x0e, 0x0d, 0x0e, 0x0b, 0x00, 0x00, 0x00, 0x0b, 0x0d, 0x0f, 0x09,
  0x0d, 0x09, 0x07, 0x0f, 0x0c, 0x0c, 0x00, 0x0a, 0x0a, 0x00, 0x0c, 0x0d, 0x00, 0x0e, 0x00, 0x00,
  0x07, 0x0d, 0x09, 0x00, 0x0e, 0x0b, 0x07, 0x00, 0x0d, 0x00, 0x0d, 0x00, 0x00, 0x00, 0x0d, 0x00,
  0x09, 0x00, 0x00, 0x00, 0x0d, 0x00, 0x0c, 0x00, 0x00, 0x0b, 0x0c, 0x07, 0x00, 0x0a, 0x0c, 0x0d,
  0x00, 0x00, 0x0e, 0x0c, 0x00, 0x00, 0x0b, 0x0a, 0x00, 0x08, 0x0b, 0x00, 0x00, 0x00, 0x0e, 0x0c,
  0x0c, 0x00, 0x0c, 0x00, 0x00, 0x07, 0x00, 0x0c, 0x0a, 0x0b, 0x0b, 0x00, 0x0e, 0x0d, 0x00, 0x00,
  0x00, 0x00, 0x00, 0x08, 0x0c, 0x0a, 0x00, 0x00, 0x06, 0x0c, 0x0d, 0x0a, 0x00, 0x0d, 0x0d, 0x00,
  0x00, 0x00, 0x0e, 0x0c, 0x00, 0x00, 0x0c, 0x0e, 0x00, 0x00, 0x00, 0x0e, 0x00, 0x00, 0x0c, 0x00,
  0x00, 0x00, 0x00, 0x00, 0x0a, 0x00, 0x00, 0x00, 0x00, 0x0d, 0x00, 0x0d, 0x00, 0x00, 0x09, 0x0e,
};

const uint8_t golden_s1_w_pos[64 * 10] = {
  0x0b, 0x0f, 0x00, 0x00, 0x0d, 0x00, 0x00, 0x00, 0x0c, 0x00, 0x00, 0x00, 0x0a, 0x0d, 0x00, 0x0e,
  0x00, 0x00, 0x00, 0x00, 0x00, 0x00, 0x00, 0x00, 0x00, 0x0f, 0x00, 0x00, 0x00, 0x00, 0x0d, 0x00,
  0x0e, 0x0b, 0x0c, 0x0f, 0x00, 0x00, 0x00, 0x00, 0x00, 0x0b, 0x00, 0x0e, 0x00, 0x0d, 0x00, 0x00,
  0x0c, 0x0b, 0x0b, 0x0c, 0x0c, 0x00, 0x00, 0x0c, 0x0c, 0x00, 0x00, 0x00, 0x0b, 0x0d, 0x00, 0x09,
  0x0d, 0x0d, 0x00, 0x00, 0x00, 0x0e, 0x0b, 0x00, 0x00, 0x00, 0x0b, 0x00, 0x00, 0x00, 0x00, 0x0e,
  0x00, 0x00, 0x00, 0x00, 0x0d, 0x00, 0x00, 0x0d, 0x00, 0x00, 0x00, 0x0c, 0x00, 0x00, 0x00, 0x00,
  0x00, 0x06, 0x0d, 0x0d, 0x0d, 0x0e, 0x0a, 0x00, 0x00, 0x00, 0x00, 0x0e, 0x00, 0x00, 0x00, 0x0f,
  0x00, 0x00, 0x0e, 0x0d, 0x00, 0x0b, 0x0d, 0x00, 0x0a, 0x00, 0x0c, 0x0d, 0x00, 0x0b, 0x00, 0x0b,
  0x06, 0x0e, 0x00, 0x00, 0x00, 0x0d, 0x00, 0x00, 0x0e, 0x00, 0x00, 0x00, 0x00, 0x02, 0x00, 0x0a,
  0x0e, 0x0d, 0x0e, 0x00, 0x00, 0x00, 0x00, 0x00, 0x00, 0x00, 0x0e, 0x00, 0x00, 0x0c, 0x00, 0x00,
  0x00, 0x00, 0x00, 0x00, 0x00, 0x00, 0x00, 0x00, 0x0f, 0x00, 0x0f, 0x00, 0x00, 0x00, 0x00, 0x00,
  0x0e, 0x0c, 0x0a, 0x0b, 0x00, 0x00, 0x00, 0x00, 0x00, 0x0d, 0x00, 0x0d, 0x00, 0x0f, 0x0b, 0x00,
  0x0d, 0x0a, 0x00, 0x0e, 0x0c, 0x0c, 0x00, 0x00, 0x00, 0x0e, 0x0c, 0x00, 0x0a, 0x00, 0x00, 0x00,
  0x00, 0x08, 0x00, 0x0d, 0x00, 0x00, 0x0a, 0x0e, 0x00, 0x0c, 0x0b, 0x00, 0x00, 0x00, 0x0b, 0x00,
  0x0a, 0x0c, 0x0b, 0x05, 0x00, 0x00, 0x00, 0x0e, 0x0f, 0x00, 0x0d, 0x0b, 0x0e, 0x00, 0x00, 0x0f,
  0x0b, 0x00, 0x0e, 0x00, 0x00, 0x0d, 0x00, 0x0c, 0x00, 0x00, 0x0e, 0x0b, 0x00, 0x0b, 0x00, 0x0d,
  0x00, 0x00, 0x00, 0x00, 0x00, 0x00, 0x0f, 0x00, 0x0e, 0x00, 0x00, 0x0e, 0x0e, 0x0d, 0x00, 0x0e,
  0x0a, 0x0f, 0x0e, 0x00, 0x00, 0x0a, 0x0c, 0x0c, 0x00, 0x00, 0x00, 0x00, 0x00, 0x0b, 0x00, 0x0e,
  0x0c, 0x00, 0x0c, 0x08, 0x00, 0x0d, 0x00, 0x00, 0x00, 0x0b, 0x0a, 0x05, 0x00, 0x0d, 0x00, 0x0d,
  0x00, 0x00, 0x00, 0x00, 0x00, 0x00, 0x00, 0x00, 0x00, 0x07, 0x0f, 0x0e, 0x00, 0x00, 0x0d, 0x00,
  0x00, 0x00, 0x0b, 0x0d, 0x00, 0x0f, 0x0e, 0x00, 0x0b, 0x00, 0x0c, 0x09, 0x00, 0x0e, 0x0f, 0x00,
  0x00, 0x00, 0x0e, 0x00, 0x00, 0x0f, 0x0a, 0x00, 0x00, 0x0e, 0x0b, 0x00, 0x00, 0x00, 0x0d, 0x00,
  0x0c, 0x00, 0x00, 0x09, 0x0b, 0x00, 0x00, 0x08, 0x0b, 0x00, 0x09, 0x00, 0x00, 0x0e, 0x08, 0x0a,
  0x0b, 0x00, 0x00, 0x0b, 0x0b, 0x00, 0x00, 0x00, 0x0c, 0x00, 0x00, 0x0a, 0x0f, 0x00, 0x0d, 0x0e,
  0x00, 0x00, 0x0f, 0x00, 0x0b, 0x0c, 0x00, 0x0a, 0x0d, 0x0d, 0x00, 0x00, 0x0d, 0x0a, 0x0a, 0x00,
  0x00, 0x00, 0x00, 0x0a, 0x0f, 0x00, 0x08, 0x0e, 0x00, 0x0b, 0x00, 0x0f, 0x0e, 0x0d, 0x0f, 0x00,
  0x0e, 0x00, 0x00, 0x00, 0x08, 0x00, 0x00, 0x08, 0x0c, 0x0b, 0x0c, 0x0a, 0x0a, 0x09, 0x00, 0x0e,
  0x0a, 0x00, 0x0c, 0x00, 0x0d, 0x0e, 0x0a, 0x0e, 0x0f, 0x0d, 0x00, 0x00, 0x00, 0x0e, 0x0e, 0x00,
  0x00, 0x00, 0x00, 0x0c, 0x05, 0x00, 0x0c, 0x00, 0x00, 0x00, 0x0b, 0x00, 0x00, 0x00, 0x09, 0x00,
  0x00, 0x0d, 0x00, 0x00, 0x0b, 0x00, 0x0e, 0x00, 0x00, 0x00, 0x00, 0x00, 0x00, 0x0d, 0x00, 0x0d,
  0x00, 0x00, 0x00, 0x08, 0x0e, 0x0c, 0x00, 0x00, 0x0d, 0x0d, 0x00, 0x07, 0x0b, 0x00, 0x00, 0x00,
  0x0f, 0x0d, 0x0d, 0x0c, 0x00, 0x00, 0x00, 0x00, 0x00, 0x08, 0x0d, 0x0c, 0x08, 0x0c, 0x00, 0x00,
  0x0a, 0x0c, 0x0b, 0x0f, 0x00, 0x00, 0x00, 0x00, 0x0e, 0x00, 0x00, 0x00, 0x0a, 0x0f, 0x0b, 0x00,
  0x00, 0x00, 0x0c, 0x00, 0x00, 0x0d, 0x00, 0x0e, 0x00, 0x0e, 0x00, 0x00, 0x00, 0x0d, 0x00, 0x00,
  0x00, 0x0f, 0x0d, 0x00, 0x00, 0x00, 0x00, 0x0c, 0x0c, 0x0c, 0x00, 0x00, 0x00, 0x08, 0x0f, 0x0d,
  0x0c, 0x00, 0x00, 0x00, 0x00, 0x0d, 0x0e, 0x00, 0x0e, 0x00, 0x00, 0x00, 0x00, 0x00, 0x00, 0x0e,
  0x00, 0x00, 0x00, 0x00, 0x0c, 0x00, 0x00, 0x0d, 0x00, 0x0f, 0x00, 0x00, 0x0d, 0x00, 0x00, 0x00,
  0x00, 0x00, 0x00, 0x0d, 0x00, 0x00, 0x00, 0x0a, 0x00, 0x00, 0x0d, 0x05, 0x09, 0x00, 0x00, 0x0e,
  0x0b, 0x00, 0x00, 0x00, 0x00, 0x00, 0x00, 0x0c, 0x0e, 0x00, 0x00, 0x00, 0x0b, 0x00, 0x00, 0x00,
  0x00, 0x0f, 0x00, 0x00, 0x00, 0x00, 0x00, 0x0c, 0x00, 0x0d, 0x00, 0x0e, 0x00, 0x0d, 0x00, 0x00,
};

const uint8_t golden_s1_w_neg[64 * 10] = {
  0x00, 0x00, 0x0d, 0x0f, 0x00, 0x0e, 0x0d, 0x0d, 0x00, 0x08, 0x09, 0x0d, 0x00, 0x00, 0x0f, 0x00,
  0x0e, 0x0e, 0x0d, 0x0c, 0x0b, 0x0e, 0x0e, 0x0c, 0x0b, 0x00, 0x0c, 0x0d, 0x0e, 0x0e, 0x00, 0x0d,
  0x00, 0x00, 0x00, 0x00, 0x0f, 0x0e, 0x0b, 0x0d, 0x03, 0x00, 0x0d, 0x00, 0x01, 0x00, 0x09, 0x09,
  0x00, 0x00, 0x00, 0x00, 0x00, 0x0b, 0x0d, 0x00, 0x00, 0x0d, 0x0b, 0x0b, 0x00, 0x00, 0x08, 0x00,
  0x00, 0x00, 0x0c, 0x0c, 0x0b, 0x00, 0x00, 0x0e, 0x08, 0x0e, 0x00, 0x0e, 0x0d, 0x0e, 0x0c, 0x00,
  0x09, 0x0b, 0x0d, 0x0f, 0x00, 0x0f, 0x09, 0x00, 0x0b, 0x07, 0x0a, 0x00, 0x0b, 0x0c, 0x0f, 0x0e,
  0x0b, 0x00, 0x00, 0x00, 0x00, 0x00, 0x00, 0x0f, 0x0c, 0x0d, 0x0f, 0x00, 0x0c, 0x0d, 0x0e, 0x00,
  0x07, 0x0f, 0x00, 0x00, 0x0e, 0x00, 0x00, 0x0f, 0x00, 0x08, 0x00, 0x00, 0x0c, 0x00, 0x0c, 0x00,
  0x00, 0x00, 0x0d, 0x0b, 0x0a, 0x00, 0x0a, 0x0f, 0x00, 0x0e, 0x09, 0x0f, 0x0e, 0x00, 0x0c, 0x00,
  0x00, 0x00, 0x00, 0x0d, 0x0e, 0x0b, 0x0d, 0x0e, 0x0d, 0x0e, 0x00, 0x0b, 0x0c, 0x00, 0x0f, 0x0d,
  0x0b, 0x0b, 0x0f, 0x0f, 0x0e, 0x0d, 0x0e, 0x0e, 0x00, 0x0a, 0x00, 0x0f, 0x0c, 0x0b, 0x0e, 0x0e,
  0x00, 0x00, 0x00, 0x00, 0x0d, 0x0c, 0x0f, 0x0d, 0x0e, 0x00, 0x0f, 0x00, 0x0f, 0x00, 0x00, 0x0c,
  0x00, 0x00, 0x0c, 0x00, 0x00, 0x00, 0x09, 0x0c, 0x0c, 0x00, 0x00, 0x0f, 0x00, 0x0e, 0x0f, 0x0f,
  0x0c, 0x00, 0x0e, 0x00, 0x0d, 0x0b, 0x00, 0x00, 0x0d, 0x00, 0x00, 0x0d, 0x0c, 0x09, 0x00, 0x0b,
  0x00, 0x00, 0x00, 0x00, 0x0b, 0x0a, 0x0d, 0x00, 0x00, 0x08, 0x00, 0x00, 0x00, 0x0e, 0x0f, 0x00,
  0x00, 0x0e, 0x00, 0x0e, 0x0c, 0x00, 0x0e, 0x00, 0x0d, 0x0e, 0x00, 0x00, 0x0a, 0x00, 0x0c, 0x00,
  0x0e, 0x0e, 0x0c, 0x0d, 0x0f, 0x0e, 0x00, 0x0f, 0x00, 0x0d, 0x0f, 0x00, 0x00, 0x00, 0x0c, 0x00,
  0x00, 0x00, 0x00, 0x0e, 0x0f, 0x00, 0x00, 0x00, 0x0f, 0x0b, 0x0e, 0x0a, 0x0d, 0x00, 0x0d, 0x00,
  0x00, 0x0c, 0x00, 0x00, 0x06, 0x00, 0x0c, 0x0d, 0x0d, 0x00, 0x00, 0x00, 0x0e, 0x00, 0x0f, 0x00,
  0x0f, 0x0d, 0x0f, 0x0d, 0x0d, 0x0b, 0x0f, 0x0d, 0x0e, 0x00, 0x00, 0x00, 0x0f, 0x0d, 0x00, 0x0a,
  0x0d, 0x0e, 0x00, 0x00, 0x0b, 0x00, 0x00, 0x0f, 0x00, 0x0a, 0x00, 0x00, 0x0b, 0x00, 0x00, 0x0c,
  0x0e, 0x0e, 0x00, 0x0d, 0x0b, 0x00, 0x00, 0x0d, 0x0b, 0x00, 0x00, 0x0e, 0x08, 0x0d, 0x00, 0x0d,
  0x00, 0x0d, 0x0d, 0x00, 0x00, 0x0f, 0x0c, 0x00, 0x00, 0x0c, 0x00, 0x0d, 0x0f, 0x00, 0x00, 0x00,
  0x00, 0x0d, 0x04, 0x00, 0x00, 0x0d, 0x0c, 0x0e, 0x00, 0x0d, 0x0e, 0x00, 0x00, 0x0f, 0x00, 0x00,
  0x0d, 0x0f, 0x00, 0x0e, 0x00, 0x00, 0x0c, 0x00, 0x00, 0x00, 0x0f, 0x0d, 0x00, 0x00, 0x00, 0x0e,
  0x0a, 0x0d, 0x0d, 0x00, 0x00, 0x0c, 0x00, 0x00, 0x0c, 0x00, 0x0e, 0x00, 0x00, 0x00, 0x00, 0x0f,
  0x00, 0x0c, 0x0f, 0x0e, 0x00, 0x0c, 0x0c, 0x00, 0x00, 0x00, 0x00, 0x00, 0x00, 0x00, 0x0e, 0x00,
  0x00, 0x0d, 0x00, 0x0e, 0x00, 0x00, 0x00, 0x00, 0x00, 0x00, 0x0f, 0x0e, 0x0f, 0x00, 0x00, 0x0c,
  0x0f, 0x0d, 0x09, 0x00, 0x00, 0x0a, 0x00, 0x0d, 0x0c, 0x0d, 0x00, 0x09, 0x0a, 0x0e, 0x00, 0x0c,
  0x08, 0x00, 0x0b, 0x0d, 0x00, 0x0b, 0x00, 0x0c, 0x0a, 0x0e, 0x0d, 0x0c, 0x0b, 0x00, 0x0e, 0x00,
  0x0d, 0x0f, 0x0e, 0x00, 0x00, 0x00, 0x0c, 0x0e, 0x00, 0x00, 0x07, 0x00, 0x00, 0x0f, 0x0d, 0x0c,
  0x00, 0x00, 0x00, 0x00, 0x09, 0x0d, 0x0f, 0x0c, 0x0c, 0x00, 0x00, 0x00, 0x00, 0x00, 0x0a, 0x0d,
  0x00, 0x00, 0x00, 0x00, 0x0d, 0x0e, 0x0c, 0x0e, 0x00, 0x09, 0x0c, 0x0d, 0x00, 0x00, 0x00, 0x0f,
  0x0c, 0x0c, 0x00, 0x0a, 0x0b, 0x00, 0x0e, 0x00, 0x0e, 0x00, 0x0d, 0x0f, 0x0c, 0x00, 0x0e, 0x0b,
  0x0b, 0x00, 0x00, 0x0f, 0x0c, 0x09, 0x0c, 0x00, 0x00, 0x00, 0x0d, 0x0f, 0x0d, 0x00, 0x00, 0x00,
  0x00, 0x0d, 0x08, 0x0f, 0x0c, 0x00, 0x00, 0x0f, 0x00, 0x0f, 0x0d, 0x0d, 0x0f, 0x0f, 0x0f, 0x00,
  0x0f, 0x01, 0x0c, 0x0d, 0x00, 0x0e, 0x0d, 0x00, 0x0c, 0x00, 0x09, 0x09, 0x00, 0x0f, 0x0e, 0x09,
  0x0d, 0x0c, 0x09, 0x00, 0x0e, 0x0e, 0x0a, 0x00, 0x0d, 0x0e, 0x00, 0x00, 0x00, 0x0e, 0x0f, 0x00,
  0x00, 0x08, 0x0d, 0x0e, 0x0f, 0x0a, 0x0c, 0x00, 0x00, 0x0c, 0x09, 0x0e, 0x00, 0x0c, 0x0b, 0x0d,
  0x0c, 0x00, 0x0c, 0x0f, 0x0e, 0x06, 0x0f, 0x00, 0x0d, 0x00, 0x0e, 0x00, 0x0c, 0x00, 0x0e, 0x0d,
};

const v2b_fashion_sample_t golden_fashion10[10] = {
  {
    .pixel_196 = {
  0x00, 0x00, 0x00, 0x1e, 0x71, 0xb6, 0x79, 0x7b, 0xb2, 0x69, 0x16, 0x00, 0x00, 0x00, 0x00, 0x00,
  0x3e, 0xba, 0xbc, 0xbb, 0xc2, 0xc0, 0xbd, 0xba, 0xc0, 0x30, 0x00, 0x00, 0x00, 0x00, 0xa6, 0xbf,
  0xbe, 0xb7, 0xbb, 0xbc, 0xba, 0xbc, 0xbc, 0x89, 0x00, 0x00, 0x00, 0x10, 0xe5, 0xc4, 0xc3, 0xcc,
  0xbf, 0xcc, 0xd0, 0xc9, 0xbf, 0xb8, 0x0c, 0x00, 0x00, 0x21, 0xc6, 0xcf, 0xc6, 0xaa, 0xc4, 0xc6,
  0xa4, 0xd5, 0xc1, 0xa6, 0x1d, 0x00, 0x00, 0x00, 0x00, 0x86, 0xc9, 0xd4, 0xc0, 0xbf, 0xdc, 0xd6,
  0x82, 0x01, 0x00, 0x00, 0x00, 0x00, 0x01, 0x6e, 0xc5, 0xc5, 0xc3, 0xc0, 0xe2, 0xdc, 0x5e, 0x00,
  0x00, 0x00, 0x00, 0x00, 0x01, 0x6c, 0xc6, 0xc7, 0xc8, 0xc7, 0xc2, 0xc2, 0x5c, 0x00, 0x00, 0x00,
  0x00, 0x00, 0x01, 0x6a, 0xc7, 0xc8, 0xca, 0xc7, 0xc6, 0xc2, 0x5c, 0x00, 0x00, 0x00, 0x00, 0x00,
  0x01, 0x6c, 0xc8, 0xca, 0xcb, 0xc9, 0xc6, 0xc3, 0x62, 0x00, 0x00, 0x00, 0x00, 0x00, 0x01, 0x6e,
  0xc6, 0xcc, 0xcb, 0xc9, 0xc8, 0xc3, 0x64, 0x00, 0x00, 0x00, 0x00, 0x00, 0x01, 0x6a, 0xc7, 0xc8,
  0xc7, 0xc7, 0xc6, 0xc5, 0x61, 0x00, 0x00, 0x00, 0x00, 0x00, 0x01, 0x65, 0xc4, 0xc3, 0xc4, 0xc5,
  0xc5, 0xc5, 0x65, 0x00, 0x00, 0x00, 0x00, 0x00, 0x01, 0x60, 0xbd, 0xc6, 0xc5, 0xc4, 0xc8, 0xc0,
  0x5c, 0x00, 0x00, 0x00,
    },
    .encoded_stream = {
  0x00000000, 0x00000000, 0x00000000, 0x00000000, 0x00000000, 0x00000000, 0x00000000, 0x00000000,
  0xc1fe0120, 0xfc3ff0ff, 0x3f01fe0f, 0x03f00fc0, 0xc03f00fc, 0xfc03f00f, 0x00000000, 0x00000000,
  0x81fe03f0, 0xdc3ff07f, 0x7f80fc06, 0x07f81fe0, 0xe07f81fe, 0xfe07f81f, 0x00000001, 0x00000000,
  0x41300000, 0xfc0ef080, 0x3f01de0f, 0x03f00fc0, 0xc03f00fc, 0xf803f00f, 0x00000000, 0x00000000,
  0xc0cf03f0, 0x2835107f, 0x3080e80b, 0x00080020, 0x20008002, 0x04000000, 0x00000000, 0x00000000,
  0x83fe0120, 0xd43bf0ff, 0x7f01f604, 0x07f01fc0, 0xc07f01fc, 0xfe07f81f, 0x00000001, 0x00000000,
  0xc1fe00d0, 0xfc3ff07f, 0x3f807c0f, 0x03f00fc0, 0xc03f80fc, 0xfc03f00f, 0x00000000, 0x00000000,
  0x41300320, 0xfe0ef080, 0x1f019e0f, 0x03f80fe0, 0xe07f01fe, 0xfa07f81f, 0x00000000, 0x00000000,
  0x80cf01e8, 0x083f907f, 0x6000ec12, 0x04601100, 0x801e003c, 0x44000000, 0x00000001, 0x00000000,
  0xc1fe0230, 0xfc3560ff, 0x3f81fa0f, 0x03980ee0, 0x602180c2, 0xbc03f00f, 0x00000000, 0x00000000,
  0xc37c01c0, 0xf41bf06d, 0x7f00fc0f, 0x03f00fc0, 0xc07f01fc, 0xfe07f81f, 0x00000000, 0x00000000,
  0x01b20530, 0xdc2ef092, 0x3f81d604, 0x07f01fe0, 0xc03f80fe, 0xf803f00f, 0x00000001, 0x00000000,
  0xc0cf03e0, 0xbc3f907f, 0x33006c0b, 0x01f803c0, 0xe05f007c, 0x5c07880f, 0x00000000, 0x00000000,
  0xc1fe0010, 0x6837f0ff, 0x7c81fa0e, 0x06401c00, 0x00268198, 0xa6007010, 0x00000001, 0x00000000,
  0x817403e0, 0xdc1d70e9, 0x1f00bc07, 0x03b80fe0, 0xe03900e6, 0xfc03f00f, 0x00000000, 0x00000000,
  0x43ba0130, 0xf62ef816, 0x3f01de0f, 0x03f00fc0, 0xc07f01fc, 0xfa07f81f, 0x00000000, 0x00000000,
  0xc0cf00e0, 0xfc3bb0ff, 0x7380ec0a, 0x05f813e0, 0xe01f807e, 0x7c03d00f, 0x00000001, 0x00000000,
  0x81fe0308, 0x081fd07d, 0x2c01f615, 0x02600d00, 0x807e00bc, 0xc4042800, 0x00000000, 0x00000000,
  0xc17001b0, 0xfc37e083, 0x3f80780f, 0x03900ee0, 0x402781d2, 0xbe03f01f, 0x00000000, 0x00000000,
  0x01be0260, 0xfc2c707e, 0x7f01de06, 0x07f81fc0, 0xe03900ec, 0xf803f00f, 0x00000001, 0x00000000,
  0xc0cf0190, 0xd43fb0ff, 0x3380ec0b, 0x01f003c0, 0xc05f817c, 0x7c07d80f, 0x00000000, 0x00000000,
  0xc37c0360, 0xbc5bd06d, 0x5c01be0f, 0x03f80fe0, 0xe03f00fe, 0xce002017, 0x00000000, 0x00000000,
  0x81b200b0, 0x683ff093, 0x3f00fe06, 0x06401c00, 0x002e00b8, 0xb007f808, 0x00000001, 0x00000000,
  0x41fe0560, 0xde26f07e, 0x3f81d00d, 0x03b00fe0, 0xc07781d6, 0xfe03f01f, 0x00000000, 0x00000000,
  0xc0cf0390, 0xfc1d70fd, 0x77006e0b, 0x01f803c0, 0xe03900ec, 0x7c03f00f, 0x00000000, 0x00000000,
  0x81740168, 0xbc3f906b, 0x2b81fc06, 0x07f01fc0, 0xc05f807c, 0xdc07880f, 0x00000001, 0x00000000,
  0xc3ba0220, 0x403bf097, 0x3c00fe1f, 0x02680d20, 0xa03e01be, 0xe2007010, 0x00000000, 0x00000000,
  0x41fe01d0, 0xfc26f07e, 0x7f81d80e, 0x07d01ec0, 0x402780d8, 0xbc07f80f, 0x00000001, 0x00000000,
  0x80cf0120, 0xfc1fe0fd, 0x1700ae03, 0x01b803e0, 0xe07b01e6, 0x7c03f00f, 0x00000000, 0x00000000,
  0xc17402f0, 0x9c3d10eb, 0x7b01f40d, 0x03f00fc0, 0xc01d007c, 0xde03801f, 0x00000000, 0x00000000,
  0xc1ba0120, 0x683ff017, 0x3c807e0e, 0x06f01fa0, 0xc07e80be, 0xe0047803, 0x00000001, 0x00000000,
  0x03fe03d0, 0xf62ef8fc, 0x3f01dc07, 0x03680d40, 0xa03f01fc, 0xfe03f01c, 0x00000000, 0x00000000,
  0xc05c0020, 0xdc13f06f, 0x7780ea0b, 0x03d00ec0, 0x402780d8, 0x3c07f80f, 0x00000000, 0x00000000,
  0xc1e301f0, 0xfc3fb093, 0x3b01fc0e, 0x05b813e0, 0xe05b0166, 0xfc03d00f, 0x00000001, 0x00000000,
  0x81be0708, 0xbc3d507e, 0x2c80f607, 0x03f00fc0, 0xc03d80fc, 0xca002017, 0x00000000, 0x00000000,
  0x41fe01e0, 0x480ef0fd, 0x5f019c1d, 0x02600d20, 0x807e00be, 0xf407f808, 0x00000000, 0x00000000,
  0x805c0230, 0xf43ff06f, 0x37006e02, 0x07d81ec0, 0x602f01f8, 0x3c03f01f, 0x00000001, 0x00000000,
  0xc3e301a0, 0xfc33a093, 0x3b81f80f, 0x01b003e0, 0xc0178056, 0xfe03d00f, 0x00000000, 0x00000000,
  0xc1be0150, 0x9e3fd07c, 0x7f00fe0e, 0x07f81fc0, 0xe07b00ec, 0xd807a80f, 0x00000001, 0x00000000,
  0x01fe02a0, 0x680c70ff, 0x3c81dc07, 0x02f00f80, 0xc03c81bc, 0xe6007013, 0x00000000, 0x00000000,
  0xc0540170, 0xfc3ff06b, 0x7700e60b, 0x03600d60, 0x807f00fe, 0x7c07f80c, 0x00000000, 0x00000000,
  0xc1eb0380, 0xd437b097, 0x3b81f80c, 0x05d812c0, 0x60078158, 0xbc03d00f, 0x00000001, 0x00000000,
  0x83be0068, 0xbc5bd0fc, 0x0f003e07, 0x03b00fe0, 0xc03f00f6, 0xda03a01f, 0x00000000, 0x00000000,
  0x417c03b0, 0xfc2ef06f, 0x7c01de0f, 0x03f80fc0, 0xe07b00ec, 0xec047807, 0x00000000, 0x00000000,
  0xc0d60140, 0x483d70fb, 0x3780ec1a, 0x06601d00, 0x803c81bc, 0x7403f018, 0x00000001, 0x00000000,
  0x81ab00b0, 0xfc3ff015, 0x3f01fe07, 0x01d802e0, 0x602f00fa, 0xba07f80f, 0x00000000, 0x00000000,
  0xc1fe0760, 0xbe1790fe, 0x7b80f00f, 0x03f00fc0, 0xc057805c, 0xdc03800f, 0x00000000, 0x00000000,
  0x437c01b0, 0xd42ee86f, 0x3c01de0c, 0x07b01fe0, 0xc03f01f6, 0xee007017, 0x00000001, 0x00000000,
  0x80d20340, 0x683bf093, 0x37806c03, 0x02f80f80, 0xe07a80ac, 0x7407f80b, 0x00000000, 0x00000000,
  0xc1af00b0, 0xfc1d707d, 0x5f01be0f, 0x01600160, 0x803d01fe, 0xf803f00c, 0x00000000, 0x00000000,
  0xc1fe0160, 0xdc3fb0fe, 0x3b00fc0e, 0x07d81ec0, 0x600f0078, 0xbe07d81f, 0x00000001, 0x00000000,
  0x01740308, 0xbc26d06b, 0x6f81da07, 0x03f00fc0, 0xc07780dc, 0xdc03a00f, 0x00000000, 0x00000000,
  0xc0da00f0, 0x603ff095, 0x3400e41a, 0x06b01fa0, 0xc03e01b6, 0x64007013, 0x00000001, 0x00000000,
  0xc3af0320, 0xdc1bf07f, 0x3f81fe0d, 0x01680140, 0xa07b80ec, 0xfa07f80c, 0x00000000, 0x00000000,
  0x817c01b0, 0xfe3d30ee, 0x7b007c07, 0x03d00ee0, 0x400d017a, 0xbc03d00f, 0x00000000, 0x00000000,
  0x41f60040, 0xbc26d07b, 0x3f81da0e, 0x07f81fc0, 0xe03780dc, 0xde07a81f, 0x00000001, 0x00000000,
  0x80da03b0, 0xdc1fe095, 0x1400ac03, 0x03b00fe0, 0xc07f00f6, 0x6c007007, 0x00000000, 0x00000000,
  0xc1af0160, 0x603ff0ff, 0x7f01fe0f, 0x00f80380, 0xe03a01ac, 0xf003f00b, 0x00000000, 0x00000000,
  0xc37c0790, 0xfc3bb06e, 0x3b80f40e, 0x07601d40, 0x805f807c, 0xfe07d81c, 0x00000001, 0x00000000,
  0x01f60068, 0x9c2c50f9, 0x6f01de05, 0x03d00ee0, 0x402d00fa, 0x9c03a00f, 0x00000000, 0x00000000,
  0xc0da03a0, 0xfc17f017, 0x3480680b, 0x03f80fc0, 0xe03781dc, 0x6c047817, 0x00000000, 0x00000000,
  0xc1af0170, 0x683ff0ff, 0x3f01fe1e, 0x04b013a0, 0xc07e00b6, 0xf203f00b, 0x00000001, 0x00000000,
  0x817c0080, 0xd63fb06e, 0x7b80fc07, 0x03680d40, 0xa01b816c, 0xfc03d00c, 0x00000000, 0x00000000,
  0x43f60370, 0xfc6ef8f9, 0x3f01de0f, 0x07f01fe0, 0xc07f00fe, 0xfe07f81f, 0x00000001, 0x00000000,
    },
    .expected_counts = {
  63, 0, 0, 34, 0, 0, 0, 0, 0, 0
    },
    .expected_class = 0u,
  },
  {
    .pixel_196 = {
  0x00, 0x00, 0x00, 0x00, 0x01, 0xae, 0xc6, 0xb8, 0xc5, 0x7e, 0x00, 0x00, 0x00, 0x00, 0x00, 0x00,
  0x00, 0x00, 0x00, 0xf2, 0xe3, 0xe2, 0xde, 0xc1, 0x00, 0x00, 0x00, 0x00, 0x00, 0x00, 0x00, 0x00,
  0x16, 0xf1, 0xe8, 0xe3, 0xe1, 0xcf, 0x00, 0x00, 0x00, 0x00, 0x00, 0x00, 0x00, 0x00, 0x46, 0xeb,
  0xee, 0xe6, 0xe3, 0xcc, 0x00, 0x00, 0x00, 0x00, 0x00, 0x00, 0x00, 0x00, 0x6c, 0xe8, 0xdd, 0x80,
  0xe6, 0xc2, 0x00, 0x00, 0x00, 0x00, 0x00, 0x00, 0x00, 0x00, 0x7d, 0xe5, 0x93, 0x6e, 0xeb, 0xc3,
  0x00, 0x00, 0x00, 0x00, 0x00, 0x00, 0x00, 0x00, 0x80, 0xe9, 0x75, 0x48, 0xec, 0xb7, 0x00, 0x00,
  0x00, 0x00, 0x00, 0x00, 0x00, 0x00, 0x80, 0xec, 0x4e, 0x11, 0xee, 0xb4, 0x00, 0x00, 0x00, 0x00,
  0x00, 0x00, 0x00, 0x00, 0x6c, 0xf1, 0x42, 0x02, 0xf2, 0xae, 0x00, 0x00, 0x00, 0x00, 0x00, 0x00,
  0x00, 0x00, 0x3c, 0xf1, 0x70, 0x00, 0xf4, 0xad, 0x00, 0x00, 0x00, 0x00, 0x00, 0x00, 0x00, 0x00,
  0x08, 0xe8, 0x7c, 0x00, 0xed, 0xae, 0x00, 0x00, 0x00, 0x00, 0x00, 0x00, 0x00, 0x00, 0x00, 0xd8,
  0xab, 0x00, 0xde, 0xa4, 0x00, 0x00, 0x00, 0x00, 0x00, 0x00, 0x00, 0x00, 0x02, 0x89, 0xe0, 0x00,
  0xd4, 0xa2, 0x00, 0x00, 0x00, 0x00, 0x00, 0x00, 0x00, 0x00, 0x00, 0x4a, 0xb7, 0x0e, 0xa5, 0x94,
  0x00, 0x00, 0x00, 0x00,
    },
    .encoded_stream = {
  0x00000000, 0x00000000, 0x00000000, 0x00000000, 0x00000000, 0x00000000, 0x00000000, 0x00000000,
  0x00f801e0, 0xe00f803e, 0x3300d803, 0x03200cc0, 0x803200c8, 0xd003600d, 0x00000000, 0x00000000,
  0x00f803e0, 0x700f803e, 0x3600ec03, 0x03300c80, 0x803600d8, 0x10014005, 0x00000000, 0x00000000,
  0x00f80140, 0xe00fc03e, 0x1b00d803, 0x016005c0, 0x80120048, 0xc803600c, 0x00000000, 0x00000000,
  0x007802a0, 0x7007803e, 0x36006c01, 0x03300c80, 0x803600dc, 0x5003400d, 0x00000000, 0x00000000,
  0x00f801e0, 0xe00f801e, 0x3300d803, 0x03200cc0, 0x803200c8, 0x90006005, 0x00000000, 0x00000000,
  0x00f803c0, 0x600f803e, 0x3600fc03, 0x01200580, 0x00160058, 0xd803400c, 0x00000000, 0x00000000,
  0x00b80160, 0xb00fc03e, 0x1b00c803, 0x03700cc0, 0x803200c8, 0x40036009, 0x00000000, 0x00000000,
  0x004802a0, 0x600b8026, 0x36005c01, 0x03200c80, 0x803600cc, 0x90010005, 0x00000000, 0x00000000,
  0x00f801c0, 0xf005803e, 0x3300e002, 0x01300dc0, 0x80120058, 0x5003600c, 0x00000000, 0x00000000,
  0x00f80360, 0x400fc01a, 0x1e00dc03, 0x03200480, 0x803400c8, 0xc801400d, 0x00000000, 0x00000000,
  0x00f801e0, 0xf00f803f, 0x3100e803, 0x03700cc0, 0x803200d8, 0x10026005, 0x00000000, 0x00000000,
  0x007803c0, 0x600f003e, 0x22001c01, 0x01200c00, 0x0016004c, 0xd003400c, 0x00000000, 0x00000000,
  0x00f800a0, 0xe00f803e, 0x3700f803, 0x032005c0, 0x802200d8, 0xd8016005, 0x00000000, 0x00000000,
  0x00f80360, 0x3006c03e, 0x1a00cc03, 0x03300880, 0x803600c8, 0x0003600d, 0x00000000, 0x00000000,
  0x00b801c0, 0xe00f801e, 0x3700d803, 0x01600ec0, 0x80120058, 0xd0034008, 0x00000000, 0x00000000,
  0x007803e0, 0x700f802e, 0x32006c01, 0x03300580, 0x803600c8, 0x10012005, 0x00000000, 0x00000000,
  0x00c80020, 0xe00b8034, 0x1f00d803, 0x03000cc0, 0x803200c4, 0xc802400d, 0x00000000, 0x00000000,
  0x00f003c0, 0x700fc03e, 0x3200e403, 0x00300c80, 0x80160058, 0x7003600c, 0x00000000, 0x00000000,
  0x00f801e0, 0xe005803e, 0x3700d802, 0x03600dc0, 0x003200c8, 0x90014005, 0x00000000, 0x00000000,
  0x007803e0, 0x600f801e, 0x32007c01, 0x03200480, 0x803600d8, 0xd803600d, 0x00000000, 0x00000000,
  0x00f80040, 0x900fc03a, 0x1f00c803, 0x01300cc0, 0x8010000c, 0x4001400c, 0x00000000, 0x00000000,
  0x00b803a0, 0x600f803e, 0x3000dc03, 0x03200d80, 0x803600d8, 0x90036001, 0x00000000, 0x00000000,
  0x00f801e0, 0xf00f803f, 0x3300e803, 0x037004c0, 0x803200c8, 0x5002400d, 0x00000000, 0x00000000,
  0x00780340, 0x6007002e, 0x1e009c01, 0x01200c80, 0x80160048, 0xc801200c, 0x00000000, 0x00000000,
  0x00d801e0, 0xe00fc03e, 0x23006803, 0x03200c40, 0x003200dc, 0x90034005, 0x00000000, 0x00000000,
  0x00e802a0, 0x700b8016, 0x3600dc03, 0x03300580, 0x802600c8, 0x5003600d, 0x00000000, 0x00000000,
  0x00f801e0, 0xe00f803e, 0x3300f803, 0x03600cc0, 0x80320058, 0xd8014004, 0x00000000, 0x00000000,
  0x00780340, 0x700e803e, 0x1e00c401, 0x01300880, 0x801600c8, 0x0003600d, 0x00000000, 0x00000000,
  0x00f801e0, 0xa005c03e, 0x33005802, 0x03200dc0, 0x803200dc, 0xd000600d, 0x00000000, 0x00000000,
  0x00b802a0, 0x700f803e, 0x3600ec03, 0x03300680, 0x80360048, 0x10034000, 0x00000000, 0x00000000,
  0x00f801c0, 0xe00f801e, 0x1b00d803, 0x01600cc0, 0x801300d8, 0xc803600d, 0x00000000, 0x00000000,
  0x00780360, 0x400fc03a, 0x3600ec03, 0x03200d80, 0x003000c8, 0xd001000d, 0x00000000, 0x00000000,
  0x00f801e0, 0xf00f802e, 0x31005801, 0x033004c0, 0x80360048, 0x10036004, 0x00000000, 0x00000000,
  0x00d802c0, 0x6007803d, 0x3200fc03, 0x01400c80, 0x801200d4, 0xd802400d, 0x00000000, 0x00000000,
  0x00e80120, 0xf00b8036, 0x1f00c803, 0x03300cc0, 0x803600c8, 0x4001600d, 0x00000000, 0x00000000,
  0x007003e0, 0x200f401e, 0x32009c03, 0x02200d80, 0x803200d8, 0xb0034004, 0x00000000, 0x00000000,
  0x00b801c0, 0xf00f803e, 0x37006001, 0x013004c0, 0x80160048, 0x50036009, 0x00000000, 0x00000000,
  0x00f803e0, 0x600f803e, 0x0200dc03, 0x03600c00, 0x003200dc, 0xc8014005, 0x00000000, 0x00000000,
  0x00f80020, 0xe005803e, 0x3f00e802, 0x03200dc0, 0x803600c8, 0x9003600c, 0x00000000, 0x00000000,
  0x007803c0, 0x700fc03e, 0x3200dc03, 0x01300480, 0x80020048, 0x5000000d, 0x00000000, 0x00000000,
  0x00f801e0, 0xe00f800e, 0x37007801, 0x03200cc0, 0x803600d8, 0xd8036005, 0x00000000, 0x00000000,
  0x00d80360, 0x500e803a, 0x1a00c803, 0x03700980, 0x8030008c, 0x0003600c, 0x00000000, 0x00000000,
  0x00f800c0, 0xa00fc03e, 0x3700dc03, 0x012004c0, 0x80160058, 0xd001400d, 0x00000000, 0x00000000,
  0x006803a0, 0x60038036, 0x3000e803, 0x03200c80, 0x003200c8, 0xd8036005, 0x00000000, 0x00000000,
  0x00b801e0, 0xf00f803e, 0x1700dc01, 0x03300fc0, 0x803600d8, 0x00034008, 0x00000000, 0x00000000,
  0x00f80340, 0x600f803f, 0x3a006803, 0x01600c80, 0x8012004c, 0xd000600d, 0x00000000, 0x00000000,
  0x00f800e0, 0xf00fc01e, 0x3300d403, 0x033004c0, 0x803600d8, 0x10034005, 0x00000000, 0x00000000,
  0x007803a0, 0x600f003e, 0x3600b803, 0x03200c80, 0x803200c8, 0xd803200c, 0x00000000, 0x00000000,
  0x00f80140, 0xf005802e, 0x1b00cc00, 0x01300dc0, 0x80160048, 0x4001400d, 0x00000000, 0x00000000,
  0x00f803e0, 0x600f803e, 0x36005803, 0x03600480, 0x803200d8, 0x90036005, 0x00000000, 0x00000000,
  0x00d801e0, 0xa00fc03c, 0x2300ec03, 0x03000c40, 0x003600c4, 0xd801400c, 0x00000000, 0x00000000,
  0x002802a0, 0x700b8016, 0x1600d803, 0x03300d80, 0x80320058, 0x40026001, 0x00000000, 0x00000000,
  0x00f80140, 0xc00f803a, 0x3b00fc01, 0x012004c0, 0x800400c8, 0x9003400d, 0x00000000, 0x00000000,
  0x00f003e0, 0x7007c03e, 0x36004803, 0x02700c80, 0x803200d8, 0x7001600c, 0x00000000, 0x00000000,
  0x00f801e0, 0xe00f803e, 0x3100fc03, 0x03200dc0, 0x8036004c, 0xd8034005, 0x00000000, 0x00000000,
  0x00780240, 0x700e803e, 0x1e00c003, 0x01300880, 0x801200c8, 0x0003200d, 0x00000000, 0x00000000,
  0x00f801a0, 0xe00f800e, 0x3300dc01, 0x032004c0, 0x003600d8, 0xd001600c, 0x00000000, 0x00000000,
  0x00f803e0, 0x200fc03f, 0x32006803, 0x03600c80, 0x80320048, 0xd8024005, 0x00000000, 0x00000000,
  0x00d801c0, 0xf005803e, 0x1700dc02, 0x01300dc0, 0x801600dc, 0x0001600d, 0x00000000, 0x00000000,
  0x00380260, 0x600f003e, 0x3a00b803, 0x03200680, 0x803200c8, 0xd0034008, 0x00000000, 0x00000000,
  0x00e801a0, 0xf00b8036, 0x3700cc01, 0x03300cc0, 0x80360058, 0x10036005, 0x00000000, 0x00000000,
  0x00f803c0, 0x600fc01e, 0x32007803, 0x01600d80, 0x801200c8, 0xd801400d, 0x00000000, 0x00000000,
  0x00f801e0, 0xf00f803e, 0x1f00cc03, 0x03300cc0, 0x803700dc, 0xc003600c, 0x00000000, 0x00000000,
    },
    .expected_counts = {
  0, 63, 0, 0, 1, 0, 0, 0, 0, 0
    },
    .expected_class = 1u,
  },
  {
    .pixel_196 = {
  0x00, 0x00, 0x00, 0x02, 0x52, 0x8a, 0x7b, 0x80, 0x8f, 0x66, 0x12, 0x00, 0x00, 0x00, 0x00, 0x00,
  0x1a, 0xd8, 0xee, 0xe7, 0xec, 0xec, 0xe8, 0xec, 0xe6, 0x2d, 0x00, 0x00, 0x00, 0x00, 0x78, 0xec,
  0xde, 0xc6, 0xeb, 0xec, 0xe8, 0xec, 0xe6, 0x8d, 0x00, 0x00, 0x00, 0x00, 0x81, 0xed, 0xb0, 0x80,
  0xab, 0x3e, 0x91, 0x36, 0xf5, 0xc2, 0x00, 0x00, 0x00, 0x00, 0x95, 0xf2, 0xeb, 0x80, 0x1a, 0x87,
  0x50, 0x78, 0xf3, 0xe5, 0x00, 0x00, 0x00, 0x00, 0xad, 0xf4, 0xf6, 0x44, 0xa5, 0x68, 0xc6, 0x52,
  0xf7, 0xf6, 0x00, 0x00, 0x00, 0x00, 0xc4, 0xf2, 0xe2, 0xf0, 0xea, 0xec, 0xec, 0xf2, 0xf0, 0xf6,
  0x0a, 0x00, 0x00, 0x00, 0xd5, 0xe6, 0xa6, 0xe8, 0xeb, 0xea, 0xea, 0xee, 0xb0, 0xf3, 0x1c, 0x00,
  0x00, 0x00, 0xde, 0xd4, 0xbf, 0xe5, 0xea, 0xea, 0xeb, 0xf5, 0x9c, 0xf3, 0x2c, 0x00, 0x00, 0x00,
  0xdd, 0xb6, 0xdf, 0xe8, 0xec, 0xec, 0xed, 0xf1, 0x7e, 0xf8, 0x3a, 0x00, 0x00, 0x00, 0xdb, 0xc2,
  0xec, 0xea, 0xec, 0xec, 0xec, 0xf3, 0x95, 0xf8, 0x46, 0x00, 0x00, 0x00, 0xd6, 0xb8, 0xf0, 0xec,
  0xeb, 0xeb, 0xec, 0xf1, 0x91, 0xf8, 0x4d, 0x00, 0x00, 0x00, 0xc9, 0x90, 0x76, 0x6e, 0x6f, 0x70,
  0x70, 0x76, 0x37, 0xf4, 0x51, 0x00, 0x00, 0x00, 0x92, 0x78, 0x01, 0x01, 0x01, 0x01, 0x01, 0x01,
  0x0a, 0xd9, 0x30, 0x00,
    },
    .encoded_stream = {
  0x00000000, 0x00000000, 0x00000000, 0x00000000, 0x00000000, 0x00000000, 0x00000000, 0x00000000,
  0x81fe01a0, 0xbc35f0ff, 0xffc3570c, 0x0ffc3ff0, 0xf0ffc2ff, 0x01080c3f, 0x00000002, 0x00000000,
  0xc1fe0240, 0x1831607f, 0xffc3670e, 0x0bfc3fb0, 0xf0bfc3ff, 0x020bf42f, 0x00000002, 0x00000000,
  0x81fe01b0, 0xbc34b0ff, 0xffc3de0d, 0x0fec2ff0, 0xd1ffc2fd, 0x01180c7f, 0x00000002, 0x00000000,
  0xc1fe0040, 0x181b607d, 0xff83370e, 0x0ffc3ff0, 0xf0bf47ff, 0x020ff02f, 0x00000002, 0x00000000,
  0x83fe03a0, 0xbc35f0ff, 0xffc3470c, 0x1bf43fa0, 0xf0ffc2ff, 0x01080c3f, 0x00000006, 0x00000000,
  0xc1fc0050, 0x1c30207f, 0xffc3d60f, 0x0ffc2ff0, 0xe0ff83fd, 0x021bf46f, 0x00000000, 0x00000000,
  0x81fe03a0, 0xb835f0fe, 0xffc37f0c, 0x0be83ff0, 0xd1bfc2fa, 0x01080c3f, 0x00000002, 0x00000000,
  0xc1fe0140, 0x1c17607d, 0xfe83070e, 0x0ffc3fb0, 0xf0ff47ff, 0x030a1c3f, 0x00000002, 0x00000000,
  0x80ff00b0, 0xf838b0bf, 0xffc3f605, 0x0fdc6fd0, 0xf0bfc2ff, 0x001de06f, 0x00000002, 0x00000000,
  0xc1b60340, 0x1c3560ef, 0xffc3570e, 0x0bfc3f70, 0xd1ffc3f5, 0x030a1c3f, 0x00000006, 0x00000000,
  0x83fe00a0, 0xb831f07f, 0xfbc34f0c, 0x1f2439a0, 0xf0bdc2ff, 0x0009e42f, 0x00000002, 0x00000000,
  0x414c0370, 0x0c1620d3, 0xe783f60f, 0x0afc2ef0, 0x60e243cf, 0x03180c38, 0x00000002, 0x00000000,
  0x81fe0080, 0xbc31d07d, 0xffc3170c, 0x0ffc3ff0, 0xf0ff86bd, 0x000ff06f, 0x00000000, 0x00000000,
  0xc1fa0560, 0x183d60ff, 0xffc3670e, 0x0ffc37b0, 0xd1bfc3fe, 0x03080c3f, 0x00000002, 0x00000000,
  0x81fe0290, 0xbc34f07e, 0xffc3de0d, 0x0be83ff0, 0xf0ffc2fb, 0x011b9c3f, 0x00000006, 0x00000000,
  0x81fe0160, 0x181320ff, 0xbdc3470c, 0x0ffc2ff0, 0xb0bf43ff, 0x0008646f, 0x00000002, 0x00000000,
  0xc3fe0380, 0xbc35f07d, 0xfe83370e, 0x1bf43fa0, 0xd0ffc67d, 0x030a1c37, 0x00000002, 0x00000000,
  0x81fe0070, 0x943860ff, 0xdf43de04, 0x0fdc7ff0, 0xe1ffc3ff, 0x001de02f, 0x00000002, 0x00000000,
  0xc0fd0180, 0x7835b0bf, 0xffc3670b, 0x07ec0f90, 0xf09fc2ff, 0x030a1c7f, 0x00000000, 0x00000000,
  0x81f60260, 0x9c13607f, 0xffc3570c, 0x0bfc3ff0, 0xf0ff03fd, 0x0009e42f, 0x00000002, 0x00000000,
  0xc1be0190, 0x3834f0ef, 0xff83d40e, 0x0ffc3f70, 0xd1bfc2f6, 0x03021c3f, 0x00000006, 0x00000000,
  0x83fe0260, 0x9c35207c, 0xffc32f0d, 0x0ff82fb0, 0xf0ffc7ff, 0x0119843f, 0x00000002, 0x00000000,
  0xc1fe0180, 0x3829f0ff, 0xfbc3570e, 0x192439e0, 0xf0bdc2fb, 0x020e786f, 0x00000002, 0x00000000,
  0x81fe0070, 0x8c16607b, 0xffc3f60c, 0x0efc3ef0, 0xc0ff43fd, 0x01080c3c, 0x00000002, 0x00000000,
  0x414c03a0, 0x3c31b0d7, 0x6681430f, 0x0bfc2fb1, 0x71e2c2cf, 0x0219e42b, 0x00000003, 0x00000000,
  0x81fe0100, 0x9835407d, 0xffc31f0c, 0x0ffc3ff0, 0xf0bfc7bf, 0x010a1c7f, 0x00000004, 0x00000000,
  0xc1fe02e0, 0x3c30f0ff, 0xffc3760e, 0x0fec7ff0, 0xf0ff82fd, 0x020de02f, 0x00000002, 0x00000000,
  0x83fa0510, 0x981f207f, 0xffc2c705, 0x0bdc27b0, 0xd0bf43ff, 0x011a1c3f, 0x00000002, 0x00000000,
  0xc0ff00e0, 0x7c31f0bf, 0xff83770e, 0x1ff43fc0, 0xf1ffc2fe, 0x0309c46f, 0x00000002, 0x00000000,
  0x81f60300, 0x9c3460fc, 0xffc30e0c, 0x0bf83ff0, 0xe0ffc7ff, 0x000a3c3f, 0x00000002, 0x00000000,
  0xc1fe00f0, 0x3835f07f, 0xffc3f70f, 0x0fec3fb0, 0xf0bfc2f9, 0x03198c3f, 0x00000006, 0x00000000,
  0x81bc0300, 0x9c3120ef, 0xbdc3570c, 0x0ffc2f70, 0x917fc1f7, 0x000e700f, 0x00000000, 0x00000000,
  0x81fe00e0, 0x381ef07f, 0xffc34e0c, 0x0bfc3ff0, 0xf0bf42ff, 0x01080c7f, 0x00000002, 0x00000000,
  0xc3fe0110, 0x9c3160ff, 0xfa83f70e, 0x1f3439b0, 0xf0fd837d, 0x021bf427, 0x00000002, 0x00000000,
  0x81fe03e0, 0x3835b07d, 0xffc3170d, 0x0bec2fe0, 0xd0bfc6ff, 0x01080c3f, 0x00000002, 0x00000000,
  0xc1fe0000, 0x843060fb, 0xdf43670e, 0x0efc7eb0, 0xe1ffc3fe, 0x030bd46c, 0x00000002, 0x00000000,
  0x81fe03f0, 0xbc1ff07e, 0xffc3de04, 0x0fd83ff0, 0xf0ff42ff, 0x001c283f, 0x00000006, 0x00000000,
  0x414c0020, 0x183520d7, 0xe783570f, 0x0bfc2ff0, 0x70a2c3c9, 0x0309843b, 0x00000002, 0x00000000,
  0x82ff01c0, 0xfc30f0bd, 0xffc32708, 0x07ec1f90, 0xd0dfc6ff, 0x000a7c6f, 0x00000000, 0x00000000,
  0xc1f60230, 0x1835407f, 0xffc3d60e, 0x1bf43ff0, 0xf1bfc3bf, 0x03080c3f, 0x00000002, 0x00000000,
  0x81fe01c0, 0xbc13b0ff, 0xffc37f0d, 0x0ffc2fe0, 0xf0ff02fd, 0x001ff02f, 0x00000002, 0x00000000,
  0xc1ba0720, 0x1c3c606f, 0xfe83450e, 0x0ffc3730, 0xc0ffc3f7, 0x03000c3f, 0x00000006, 0x00000000,
  0x81fe00d0, 0xb831f0ff, 0xffc3d60c, 0x0bec3ff0, 0xf1bfc2fe, 0x010bd46f, 0x00000002, 0x00000000,
  0xc1fc0120, 0x1c35207d, 0xffc3370f, 0x0ffc2ff0, 0xf0ffc7fd, 0x02182c3f, 0x00000002, 0x00000000,
  0x83fe02c0, 0xb816f0fe, 0xffc34f0c, 0x0ff87fb0, 0xf0bf42ff, 0x010b943f, 0x00000000, 0x00000000,
  0xc1fe0130, 0x1c21607f, 0xfb83f60e, 0x193439f0, 0xd0fdc3fb, 0x020c686f, 0x00000002, 0x00000000,
  0x81fe02c0, 0xb83df0ff, 0xffc34705, 0x0fcc3fe0, 0xf1bfc2ff, 0x011b9c3f, 0x00000006, 0x00000000,
  0x81fe0120, 0x0c302079, 0xbdc31f0c, 0x0afc2eb0, 0xa0ff87fd, 0x0008642c, 0x00000002, 0x00000000,
  0xc0ff00d0, 0xfc17f0bf, 0xffc3f60e, 0x0ffc3fd0, 0xd0ff42ff, 0x030a1c7f, 0x00000002, 0x00000000,
  0x81fe0320, 0x183160ff, 0xffc3470c, 0x0ffc3ff0, 0xf0bfc3ff, 0x0119c42f, 0x00000002, 0x00000000,
  0x434401a0, 0xbc34b057, 0x6681730f, 0x0bec2fb1, 0x71e2c24c, 0x020c2833, 0x00000003, 0x00000000,
  0x81fe0240, 0x183d60fc, 0xffc31e0c, 0x1ff03ff0, 0xf0bfc7ff, 0x010b943f, 0x00000000, 0x00000000,
  0xc1be01b0, 0xbc13d06f, 0xffc3c70e, 0x0bfc3f60, 0xd0ff42b7, 0x02186c6f, 0x00000006, 0x00000000,
  0x81fe0040, 0x943420ff, 0xdf43770d, 0x0ffc6fb0, 0xe1ffc3fb, 0x010b943f, 0x00000002, 0x00000000,
  0xc1fe03a0, 0x3831f07f, 0xff83560e, 0x0fec3ff0, 0xf0bf82fd, 0x020c682f, 0x00000002, 0x00000000,
  0x83fa0450, 0x9c3d60ff, 0xffc2ef04, 0x0bdc37b0, 0xd0ffc3ff, 0x011a1c7f, 0x00000002, 0x00000000,
  0xc1fc03a0, 0x3812b07d, 0xffc3170f, 0x0ffc2ff0, 0xf0bf46ff, 0x0309c42f, 0x00000002, 0x00000000,
  0x81fe0040, 0x9c3560ff, 0xfbc3560c, 0x1b3439f0, 0xf1fdc3fc, 0x000a3c3f, 0x00000006, 0x00000000,
  0xc0ff01b0, 0x7831f0bf, 0xfe83e70a, 0x07ec1f80, 0xf09fc2ff, 0x0309c46f, 0x00000000, 0x00000000,
  0x81fe0340, 0x8c34207a, 0xffc35f0d, 0x0ef82ef0, 0xc0ffc3ff, 0x001e383c, 0x00000002, 0x00000000,
  0xc1f600a0, 0x3c1ff0fd, 0xffc3260e, 0x0bfc3ff0, 0xf0ff46ff, 0x0309843f, 0x00000002, 0x00000000,
  0x83fe0350, 0x9831607f, 0xffc3d70c, 0x0ffc3fb0, 0xf1bf83f9, 0x000a7c2f, 0x00000002, 0x00000000,
  0xc1fe00a0, 0x3c34f0ff, 0xffc37f0f, 0x1fec7ff0, 0xf0ffc2ff, 0x03198c7f, 0x00000006, 0x00000000,
    },
    .expected_counts = {
  0, 0, 61, 0, 1, 0, 0, 0, 0, 0
    },
    .expected_class = 2u,
  },
  {
    .pixel_196 = {
  0x00, 0x00, 0x00, 0x00, 0x00, 0x1c, 0x00, 0x01, 0x1d, 0x00, 0x00, 0x00, 0x00, 0x00, 0x00, 0x00,
  0x00, 0x00, 0x00, 0x62, 0x6d, 0x44, 0xa0, 0x00, 0x00, 0x00, 0x00, 0x00, 0x00, 0x00, 0x00, 0x00,
  0x00, 0x62, 0xd2, 0xd3, 0xa9, 0x00, 0x00, 0x00, 0x00, 0x00, 0x00, 0x00, 0x00, 0x00, 0x00, 0x48,
  0xdb, 0xca, 0xa1, 0x00, 0x00, 0x00, 0x00, 0x00, 0x00, 0x00, 0x00, 0x00, 0x00, 0x68, 0xd4, 0xcd,
  0xb3, 0x00, 0x00, 0x00, 0x00, 0x00, 0x00, 0x00, 0x00, 0x00, 0x00, 0x8e, 0xcc, 0xc6, 0xcf, 0x00,
  0x00, 0x00, 0x00, 0x00, 0x00, 0x00, 0x00, 0x00, 0x00, 0xc0, 0xce, 0xc8, 0xca, 0x17, 0x00, 0x00,
  0x00, 0x00, 0x00, 0x00, 0x00, 0x00, 0x00, 0xdd, 0xd2, 0xc6, 0xce, 0x39, 0x00, 0x00, 0x00, 0x00,
  0x00, 0x00, 0x00, 0x00, 0x09, 0xe4, 0xd6, 0xc6, 0xcd, 0x58, 0x00, 0x00, 0x00, 0x00, 0x00, 0x00,
  0x00, 0x00, 0x2c, 0xe0, 0xd9, 0xc7, 0xcb, 0x70, 0x00, 0x00, 0x00, 0x00, 0x00, 0x00, 0x00, 0x00,
  0x40, 0xe0, 0xdd, 0xc8, 0xcb, 0x78, 0x00, 0x00, 0x00, 0x00, 0x00, 0x00, 0x00, 0x00, 0x50, 0xdb,
  0xdd, 0xc7, 0xc8, 0x8a, 0x00, 0x00, 0x00, 0x00, 0x00, 0x00, 0x00, 0x00, 0x66, 0xd5, 0xdb, 0xc5,
  0xc5, 0x8e, 0x00, 0x00, 0x00, 0x00, 0x00, 0x00, 0x00, 0x00, 0x20, 0xac, 0xb5, 0x90, 0x93, 0x4b,
  0x00, 0x00, 0x00, 0x00,
    },
    .encoded_stream = {
  0x00000000, 0x00000000, 0x00000000, 0x00000000, 0x00000000, 0x00000000, 0x00000000, 0x00000000,
  0x00400000, 0xc007001c, 0x1e007801, 0x01e00780, 0x801e0078, 0x7803e00f, 0x00000000, 0x00000000,
  0x00180000, 0xe003000e, 0x1e007001, 0x03e00780, 0x803e00f8, 0x1801f007, 0x00000000, 0x00000000,
  0x00600000, 0xc007801c, 0x1e007800, 0x01e00780, 0xc01f0078, 0xe003e00f, 0x00000000, 0x00000000,
  0x00500000, 0xe005001c, 0x04004001, 0x01600d80, 0x80260098, 0x18006001, 0x00000000, 0x00000000,
  0x00080000, 0x00030002, 0x1a003801, 0x02e00280, 0x801e007c, 0x7803d00f, 0x00000000, 0x00000000,
  0x00400000, 0xc006001c, 0x1e007000, 0x01a00780, 0x403e00e8, 0xc001a007, 0x00000000, 0x00000000,
  0x00780000, 0xe007801e, 0x1e007801, 0x01e00700, 0x801b0078, 0x3c03f00e, 0x00000000, 0x00000000,
  0x00000100, 0xc003000c, 0x1c005001, 0x03600d80, 0x803c0050, 0x78006005, 0x00000000, 0x00000000,
  0x00500020, 0xe005001c, 0x06006800, 0x01c00780, 0xc00600b8, 0x1003e00b, 0x00000000, 0x00000000,
  0x00080000, 0x4003801e, 0x1a003801, 0x00e00380, 0x803e0078, 0xe803f007, 0x00000000, 0x00000000,
  0x00700000, 0x80070000, 0x3e007001, 0x03e00680, 0x801f00fc, 0x1801c00f, 0x00000000, 0x00000000,
  0x00400000, 0xe007001c, 0x1c007801, 0x01a00780, 0xc03e0078, 0x7003f00f, 0x00000000, 0x00000000,
  0x00080000, 0xc002001e, 0x16005000, 0x01600d80, 0x001600c8, 0xc8002001, 0x00000000, 0x00000000,
  0x00500000, 0xe005800c, 0x0e006801, 0x03e00700, 0x802a0038, 0x3803e00e, 0x00000000, 0x00000000,
  0x00680000, 0x4007001e, 0x1a003001, 0x00e00380, 0xc01f00f8, 0x7401f007, 0x00000000, 0x00000000,
  0x00100000, 0xc0030018, 0x1c007800, 0x01e00680, 0x801c0070, 0x1803e00f, 0x00000000, 0x00000000,
  0x00400100, 0xa0078004, 0x1e005001, 0x03600d80, 0x803e005c, 0xe8005005, 0x00000000, 0x00000000,
  0x00380020, 0xc001001e, 0x06007801, 0x01800780, 0x801600f8, 0x1003e00b, 0x00000000, 0x00000000,
  0x00400000, 0xe007001c, 0x1e006800, 0x01e00780, 0xc02f0028, 0x7803e007, 0x00000000, 0x00000000,
  0x00480000, 0x4006000e, 0x18003001, 0x02e00380, 0x001e00f8, 0xc801b00f, 0x00000000, 0x00000000,
  0x00100000, 0xc003801c, 0x1e007801, 0x01e00700, 0x803a0078, 0x30026006, 0x00000000, 0x00000000,
  0x00600000, 0xe0070010, 0x36005001, 0x01600c80, 0xc01600d8, 0x5801f009, 0x00000000, 0x00000000,
  0x00580000, 0x8005000e, 0x0e007800, 0x03e00780, 0x803f007c, 0xac03c007, 0x00000000, 0x00000000,
  0x00000000, 0xe003801c, 0x1c006001, 0x01a00780, 0x800c0030, 0x7001e00f, 0x00000000, 0x00000000,
  0x00500000, 0x4007001c, 0x1a007801, 0x00e00380, 0xc03e00f8, 0x1803f00f, 0x00000000, 0x00000000,
  0x00280100, 0xc003000e, 0x1e001000, 0x03600d80, 0x801e0048, 0x78006005, 0x00000000, 0x00000000,
  0x00400020, 0xe0060018, 0x16007801, 0x01c00680, 0x003700f8, 0xc003b00b, 0x00000000, 0x00000000,
  0x00580000, 0xc0058016, 0x0c007801, 0x01f00780, 0xc00e0038, 0x3803e007, 0x00000000, 0x00000000,
  0x00000000, 0xa003000c, 0x1e006000, 0x03e00700, 0x803a00fc, 0x5801c00e, 0x00000000, 0x00000000,
  0x00700000, 0x4007001c, 0x1a005801, 0x00200180, 0x801e0078, 0xa0027007, 0x00000000, 0x00000000,
  0x00480000, 0xe007801e, 0x1e003001, 0x03e00f80, 0xc03f00d8, 0x7c01e00d, 0x00000000, 0x00000000,
  0x00100000, 0xc003000c, 0x14007801, 0x01e00780, 0x80140060, 0x1803f003, 0x00000000, 0x00000000,
  0x00680000, 0xc005001a, 0x2e007000, 0x01e00680, 0x800e0038, 0x7001e00f, 0x00000000, 0x00000000,
  0x00000000, 0xa0060014, 0x1e006801, 0x03e00780, 0x003e00fc, 0xc8022007, 0x00000000, 0x00000000,
  0x00500100, 0x4003800c, 0x1a005001, 0x00600980, 0xc01f0058, 0x3801d00d, 0x00000000, 0x00000000,
  0x00480020, 0xe007001e, 0x14003800, 0x01800700, 0x803200f8, 0x5003e002, 0x00000000, 0x00000000,
  0x00300000, 0xc001001c, 0x0e007801, 0x03e00780, 0x801e0078, 0xa803f00f, 0x00000000, 0x00000000,
  0x00400000, 0xc0070008, 0x1e007001, 0x01e00680, 0xc02e00b8, 0x5801e00f, 0x00000000, 0x00000000,
  0x00580000, 0xe0078016, 0x1e004800, 0x01600580, 0x801f0068, 0x34026007, 0x00000000, 0x00000000,
  0x00000000, 0x0003001c, 0x18007001, 0x02e00b80, 0x803c0054, 0xe801f00d, 0x00000000, 0x00000000,
  0x00680000, 0xe006000e, 0x16003801, 0x01e00780, 0x401600f8, 0x58038003, 0x00000000, 0x00000000,
  0x00100000, 0xc005801c, 0x0e007001, 0x01a00780, 0x803e0078, 0x3001f00f, 0x00000000, 0x00000000,
  0x00400000, 0xc003001c, 0x1e007800, 0x03e00700, 0x800b00b8, 0x58026006, 0x00000000, 0x00000000,
  0x00580100, 0xe007000a, 0x3c004001, 0x01600c80, 0xc03e0058, 0xa801e00d, 0x00000000, 0x00000000,
  0x00200020, 0x40030014, 0x16007801, 0x00c00780, 0x801600e8, 0x5003f003, 0x00000000, 0x00000000,
  0x00500000, 0xa007801c, 0x1a007800, 0x03e00380, 0x803e007c, 0x3803e00f, 0x00000000, 0x00000000,
  0x00480000, 0xc005000e, 0x0e003001, 0x01e00780, 0xc01f00f8, 0xec005007, 0x00000000, 0x00000000,
  0x00200000, 0xc002001c, 0x1c005801, 0x01200580, 0x000c0030, 0x5003a00f, 0x00000000, 0x00000000,
  0x00580000, 0xe007801e, 0x1e006000, 0x03e00f80, 0x803e0058, 0x3801e005, 0x00000000, 0x00000000,
  0x00000000, 0x40070008, 0x16007801, 0x00e00680, 0x801600f8, 0x5803f00b, 0x00000000, 0x00000000,
  0x00500000, 0xe0030014, 0x1a007001, 0x01e00300, 0xc03b0078, 0xa001e00e, 0x00000000, 0x00000000,
  0x00680100, 0x8005000e, 0x0c001801, 0x03600580, 0x801e00ec, 0x58027007, 0x00000000, 0x00000000,
  0x00000000, 0xc003801c, 0x1e007000, 0x01e00f80, 0x802e0018, 0x7801c00d, 0x00000000, 0x00000000,
  0x00580020, 0xe007001e, 0x16006801, 0x01800780, 0xc01600f8, 0x8003e003, 0x00000000, 0x00000000,
  0x00400000, 0x40060008, 0x3e007801, 0x02e00680, 0x003f0078, 0x7c03b00f, 0x00000000, 0x00000000,
  0x00300000, 0xe0018014, 0x08007000, 0x01f00380, 0x801c0070, 0x38006007, 0x00000000, 0x00000000,
  0x00480000, 0xc007001e, 0x1e001801, 0x01600580, 0xc02e00b8, 0x5003f00f, 0x00000000, 0x00000000,
  0x00100000, 0x8007000c, 0x1e007001, 0x03e00f00, 0x801a005c, 0xa801e004, 0x00000000, 0x00000000,
  0x00400000, 0xe003001c, 0x16006800, 0x01e00780, 0x803700e8, 0x5803c00b, 0x00000000, 0x00000000,
  0x00680000, 0x4007801e, 0x1c007001, 0x00a00780, 0xc01e0078, 0x70007007, 0x00000000, 0x00000000,
  0x00100100, 0xe0010008, 0x0a005801, 0x03600080, 0x803e00f8, 0x8803e00f, 0x00000000, 0x00000000,
  0x00480000, 0xc0060016, 0x1e003001, 0x01e00f80, 0x000e0018, 0x7801b005, 0x00000000, 0x00000000,
  0x00700020, 0xe007801c, 0x1e007800, 0x03e00780, 0xc03f00fc, 0x3c03e00f, 0x00000000, 0x00000000,
    },
    .expected_counts = {
  0, 0, 0, 63, 0, 0, 0, 4, 0, 0
    },
    .expected_class = 3u,
  },
  {
    .pixel_196 = {
  0x00, 0x00, 0x00, 0x01, 0x00, 0x82, 0x86, 0x93, 0x6a, 0x00, 0x00, 0x00, 0x00, 0x00, 0x00, 0x00,
  0x00, 0x00, 0x2b, 0x62, 0xc4, 0xeb, 0x40, 0x01, 0x00, 0x00, 0x00, 0x00, 0x00, 0x00, 0x00, 0x37,
  0x48, 0x49, 0x5a, 0x3f, 0x18, 0x2d, 0x18, 0x00, 0x00, 0x00, 0x00, 0x00, 0x03, 0x43, 0x4b, 0x37,
  0x38, 0x30, 0x39, 0x20, 0x1e, 0x00, 0x00, 0x00, 0x00, 0x00, 0x12, 0x34, 0x68, 0x2b, 0x2e, 0x2b,
  0x1c, 0x19, 0x26, 0x07, 0x00, 0x00, 0x00, 0x00, 0x1c, 0x27, 0x7e, 0x28, 0x2f, 0x25, 0x1c, 0x1f,
  0x1c, 0x07, 0x00, 0x00, 0x00, 0x00, 0x23, 0x1d, 0x8a, 0x2b, 0x2d, 0x24, 0x18, 0x65, 0x1a, 0x0c,
  0x00, 0x00, 0x00, 0x00, 0x27, 0x19, 0x9e, 0x30, 0x2a, 0x22, 0x0e, 0x7a, 0x2c, 0x0e, 0x00, 0x00,
  0x00, 0x00, 0x2b, 0x2c, 0x9a, 0x2e, 0x2d, 0x22, 0x0f, 0x6b, 0x4f, 0x11, 0x00, 0x00, 0x00, 0x00,
  0x30, 0x40, 0x8e, 0x36, 0x2e, 0x24, 0x16, 0x5b, 0x60, 0x12, 0x00, 0x00, 0x00, 0x00, 0x32, 0x55,
  0x70, 0x3a, 0x32, 0x26, 0x1a, 0x40, 0x6d, 0x10, 0x00, 0x00, 0x00, 0x00, 0x36, 0x69, 0x5a, 0x43,
  0x36, 0x2a, 0x1c, 0x35, 0x7c, 0x10, 0x00, 0x00, 0x00, 0x00, 0x34, 0x7e, 0x22, 0x26, 0x1e, 0x15,
  0x14, 0x0f, 0x97, 0x0a, 0x00, 0x00, 0x00, 0x00, 0x45, 0x3c, 0x00, 0x00, 0x00, 0x00, 0x00, 0x00,
  0x42, 0x1a, 0x00, 0x00,
    },
    .encoded_stream = {
  0x00000000, 0x00000000, 0x00000000, 0x00000000, 0x00000000, 0x00000000, 0x00000000, 0x00000000,
  0x003000e0, 0x00000000, 0x01000000, 0x00100040, 0x00000004, 0x00040000, 0x00000000, 0x00000000,
  0x00380100, 0x10000004, 0x20000400, 0x02000800, 0x60410180, 0x00000810, 0x00000000, 0x00000000,
  0x007000e0, 0x00006003, 0x01000000, 0x04100040, 0x80208006, 0x01040000, 0x00000001, 0x00000000,
  0x80200100, 0x18058008, 0x00000400, 0x02100840, 0x30430008, 0x02000c19, 0x00000000, 0x00000000,
  0x003c00e0, 0xe0020024, 0x27001000, 0x006c1080, 0x40044195, 0x00040000, 0x00000000, 0x00000000,
  0x00300080, 0x00004000, 0x00002e04, 0x04100950, 0x00098000, 0x00042812, 0x00000000, 0x00000000,
  0x00780160, 0x10082003, 0x29400000, 0x02800200, 0xa0600126, 0x01001000, 0x00000001, 0x00000000,
  0x00200080, 0x0014000c, 0x00808400, 0x00100840, 0x40020080, 0x02044810, 0x00000000, 0x00000000,
  0x80300160, 0x18018000, 0x41014101, 0x06100040, 0x3051800c, 0x0000040d, 0x00000002, 0x00000000,
  0x00380080, 0x00024053, 0x30001402, 0x000008a0, 0x00044105, 0x00040810, 0x00000000, 0x00000000,
  0x00740060, 0xe0002024, 0x07000000, 0x027c1040, 0xc06100d2, 0x01040000, 0x00000001, 0x00000000,
  0x00000180, 0x10000008, 0x21000c00, 0x04000940, 0x20008004, 0x02018812, 0x00000000, 0x00000000,
  0x803800e0, 0x0005c000, 0x00002204, 0x00100010, 0x000b0100, 0x00042000, 0x00000000, 0x00000000,
  0x00300100, 0x1c000007, 0x09400400, 0x02100840, 0x704002ac, 0x01000c19, 0x00000000, 0x00000000,
  0x007800e0, 0x000a2000, 0x20000000, 0x08800280, 0x80a5c103, 0x00041020, 0x00000001, 0x00000000,
  0x00300100, 0x40000008, 0x01009400, 0x06300840, 0x00400094, 0x00040810, 0x00000000, 0x00000000,
  0x002400e0, 0xb0144027, 0x26800000, 0x014c1040, 0x60020000, 0x02024000, 0x00000000, 0x00000000,
  0x80380000, 0x00018000, 0x01014501, 0x00102d00, 0x1041810c, 0x01040817, 0x00000000, 0x00000000,
  0x007001e0, 0x18002004, 0x40000a00, 0x06100050, 0xe0300086, 0x00000408, 0x00000003, 0x00000000,
  0x00380080, 0x00004008, 0x21002406, 0x00000820, 0x000d4000, 0x00042810, 0x00000000, 0x00000000,
  0x00200160, 0x00020053, 0x98401000, 0x021000c0, 0x20408125, 0x02000000, 0x00000000, 0x00000000,
  0x003000c0, 0x50052024, 0x25000400, 0x04e00240, 0xc0030090, 0x01041810, 0x00000000, 0x00000000,
  0x807c0020, 0xa008c000, 0x02000000, 0x021c1800, 0x1060014e, 0x00040001, 0x00000001, 0x00000000,
  0x001001c0, 0x1800000b, 0x01008400, 0x00100140, 0x20008000, 0x00008c1a, 0x00000000, 0x00000000,
  0x00200020, 0x00100004, 0x21000800, 0x04000840, 0x40454084, 0x030d4000, 0x00000000, 0x00000000,
  0x003801c0, 0x00062000, 0x00800604, 0x02100090, 0xa00a0101, 0x00002810, 0x00000000, 0x00000000,
  0x807000a0, 0x5001c000, 0x21017101, 0x00200840, 0x00218016, 0x00040004, 0x00000001, 0x00000000,
  0x00380140, 0x0400002f, 0x0c000400, 0x02500000, 0x504002ac, 0x00040819, 0x00000000, 0x00000000,
  0x002400a0, 0xb8000000, 0x43400000, 0x041c1840, 0x20110100, 0x03000400, 0x00000002, 0x00000000,
  0x00300040, 0x00006000, 0x20000402, 0x08800360, 0x8046c084, 0x00041812, 0x00000000, 0x00000000,
  0x007801a0, 0x100f0057, 0x11000800, 0x02100880, 0x60a10103, 0x00000020, 0x00000001, 0x00000000,
  0x80300040, 0x00008008, 0x20001600, 0x04000050, 0x00400004, 0x00040800, 0x00000000, 0x00000000,
  0x003801a0, 0x40000000, 0x01008004, 0x02300800, 0x10088098, 0x01042019, 0x00000000, 0x00000000,
  0x002000c0, 0x18106024, 0x04002400, 0x01581040, 0xe0010144, 0x02024c00, 0x00000001, 0x00000000,
  0x00740020, 0xa0040003, 0x2b800000, 0x06040840, 0x00664022, 0x00040010, 0x00000000, 0x00000000,
  0x001801c0, 0x1001000c, 0x00434509, 0x00102500, 0x60018084, 0x00008806, 0x00000000, 0x00000000,
  0x80300020, 0x0002c000, 0x01000000, 0x00800ac0, 0x1040010d, 0x01041011, 0x00000000, 0x00000000,
  0x002001c0, 0x40002002, 0x21001c00, 0x06300040, 0x80010010, 0x02050808, 0x00000001, 0x00000000,
  0x00780020, 0x18080025, 0x44000200, 0x00500810, 0x60728186, 0x00000410, 0x00000002, 0x00000000,
  0x003000c0, 0x00044008, 0x21000406, 0x02081060, 0x000c4000, 0x01042800, 0x00000000, 0x00000000,
  0x803c01a0, 0xb0018000, 0x0200a000, 0x00140800, 0x20010004, 0x00000010, 0x00000000, 0x00000000,
  0x00200040, 0x04122057, 0x99000400, 0x040001c0, 0xd04083a9, 0x02044803, 0x00000001, 0x00000000,
  0x007001e0, 0x00000000, 0x20401000, 0x02100040, 0x20210006, 0x00000018, 0x00000000, 0x00000000,
  0x00380000, 0x58044008, 0x01800c00, 0x00300800, 0x00420010, 0x01040c00, 0x00000000, 0x00000000,
  0x003001e0, 0x00012026, 0x24014301, 0x0ec00250, 0xc0018184, 0x00041014, 0x00000000, 0x00000000,
  0x80200000, 0x10008001, 0x01000400, 0x00181840, 0x20444044, 0x02000800, 0x00000001, 0x00000000,
  0x007c00e0, 0xa00a4000, 0x02000004, 0x02040080, 0x10a9018b, 0x00042031, 0x00000000, 0x00000000,
  0x00100180, 0x0000000c, 0x21002400, 0x04100940, 0x60028004, 0x0100880a, 0x00000000, 0x00000000,
  0x00380060, 0x18042003, 0x48009000, 0x00100000, 0x80500020, 0x00040410, 0x00000002, 0x00000000,
  0x00300180, 0x40010000, 0x21000400, 0x02200840, 0x00010194, 0x00040800, 0x00000001, 0x00000000,
  0x80600060, 0x1010c024, 0x05400802, 0x05500060, 0x6064c002, 0x030b4010, 0x00000000, 0x00000000,
  0x00380080, 0x0000000a, 0x00800600, 0x02881a10, 0x1003000c, 0x00041801, 0x00000000, 0x00000000,
  0x003401e0, 0xa0062051, 0x33000004, 0x001400c0, 0xa0080181, 0x00002018, 0x00000000, 0x00000000,
  0x00380000, 0x18014004, 0x00015501, 0x00102d00, 0x40418004, 0x00040c06, 0x00000001, 0x00000000,
  0x806001e0, 0x40088000, 0x21002000, 0x06200040, 0x00200116, 0x03040010, 0x00000000, 0x00000000,
  0x00300000, 0x1400002f, 0x0c000400, 0x00500840, 0x704442a8, 0x00000801, 0x00000000, 0x00000000,
  0x003801e0, 0x00002000, 0x01008800, 0x02000000, 0x80038004, 0x00040018, 0x00000000, 0x00000000,
  0x00300000, 0x00064000, 0x20400400, 0x041818c0, 0x20400141, 0x00000800, 0x00000001, 0x00000000,
  0x006400e0, 0xb8110006, 0x43001200, 0x02140050, 0x40310086, 0x03044410, 0x00000002, 0x00000000,
  0x80180180, 0x00008009, 0x20000404, 0x08800b00, 0x20088000, 0x0000b802, 0x00000000, 0x00000000,
  0x00300060, 0x50006000, 0x01800002, 0x04300060, 0x9047419c, 0x00040011, 0x00000000, 0x00000000,
  0x00380180, 0x00040024, 0x04002400, 0x02400800, 0x40000000, 0x00040808, 0x00000001, 0x00000000,
  0x00700060, 0x180b0053, 0xb9014901, 0x001810c0, 0x20e18127, 0x03010434, 0x00000000, 0x00000000,
    },
    .expected_counts = {
  0, 0, 0, 0, 63, 0, 1, 0, 0, 0
    },
    .expected_class = 4u,
  },
  {
    .pixel_196 = {
  0x00, 0x00, 0x00, 0x00, 0x00, 0x00, 0x00, 0x00, 0x00, 0x00, 0x00, 0x00, 0x00, 0x00, 0x00, 0x00,
  0x00, 0x00, 0x00, 0x00, 0x00, 0x00, 0x00, 0x00, 0x00, 0x00, 0x00, 0x00, 0x00, 0x00, 0x00, 0x00,
  0x00, 0x00, 0x00, 0x00, 0x00, 0x00, 0x00, 0x00, 0x00, 0x00, 0x00, 0x00, 0x00, 0x00, 0x00, 0x00,
  0x00, 0x00, 0x00, 0x00, 0x00, 0x00, 0x00, 0x00, 0x00, 0x00, 0x00, 0x00, 0x00, 0x00, 0x00, 0x00,
  0x00, 0x00, 0x00, 0x00, 0x00, 0x00, 0x00, 0x00, 0x00, 0x05, 0x1d, 0x24, 0x34, 0x0c, 0x00, 0x00,
  0x00, 0x00, 0x00, 0x00, 0x02, 0x00, 0x0d, 0x8b, 0x8a, 0x7f, 0x9d, 0xc4, 0x78, 0x14, 0x02, 0x00,
  0x00, 0x00, 0x18, 0x1a, 0x6e, 0x19, 0x27, 0x2c, 0x4e, 0x72, 0x8a, 0x6d, 0x75, 0x76, 0x7b, 0x5f,
  0x16, 0x37, 0x37, 0x3e, 0x40, 0x33, 0x15, 0x00, 0x00, 0x00, 0x06, 0x07, 0x08, 0x04, 0x00, 0x00,
  0x00, 0x00, 0x00, 0x00, 0x00, 0x00, 0x00, 0x00, 0x00, 0x00, 0x00, 0x00, 0x00, 0x00, 0x00, 0x00,
  0x00, 0x00, 0x00, 0x00, 0x00, 0x00, 0x00, 0x00, 0x00, 0x00, 0x00, 0x00, 0x00, 0x00, 0x00, 0x00,
  0x00, 0x00, 0x00, 0x00, 0x00, 0x00, 0x00, 0x00, 0x00, 0x00, 0x00, 0x00, 0x00, 0x00, 0x00, 0x00,
  0x00, 0x00, 0x00, 0x00, 0x00, 0x00, 0x00, 0x00, 0x00, 0x00, 0x00, 0x00, 0x00, 0x00, 0x00, 0x00,
  0x00, 0x00, 0x00, 0x00,
    },
    .encoded_stream = {
  0x00000000, 0x00000000, 0x00000000, 0x00000000, 0x00000000, 0x00000000, 0x00000000, 0x00000000,
  0x00000000, 0x00000000, 0x0d800000, 0x00000400, 0x00000000, 0x00000000, 0x00000000, 0x00000000,
  0x00000000, 0x00000000, 0x1a000000, 0x0000fa10, 0x00000000, 0x00000000, 0x00000000, 0x00000000,
  0x00000000, 0x00000000, 0x0d800000, 0x00100500, 0x00000000, 0x00000000, 0x00000000, 0x00000000,
  0x00000000, 0x00000000, 0x16001000, 0x000e7a10, 0x00000000, 0x00000000, 0x00000000, 0x00000000,
  0x00000000, 0x00000000, 0x09800000, 0x00208480, 0x00000000, 0x00000000, 0x00000000, 0x00000000,
  0x00000000, 0x00000000, 0x1e000000, 0x00007350, 0x00000000, 0x00000000, 0x00000000, 0x00000000,
  0x00000000, 0x00000000, 0x09800800, 0x00100c00, 0x00000000, 0x00000000, 0x00000000, 0x00000000,
  0x00000000, 0x00000000, 0x16000400, 0x0008f200, 0x00000000, 0x00000000, 0x00000000, 0x00000000,
  0x00000000, 0x00000000, 0x0d801000, 0x00060d18, 0x00000000, 0x00000000, 0x00000000, 0x00000000,
  0x00000000, 0x00000000, 0x1a000000, 0x0020f024, 0x00000000, 0x00000000, 0x00000000, 0x00000000,
  0x00000000, 0x00000000, 0x0d800000, 0x00110e90, 0x00000000, 0x00000000, 0x00000000, 0x00000000,
  0x00000000, 0x00000000, 0x33800000, 0x00484400, 0x00000000, 0x00000000, 0x00000000, 0x00000000,
  0x00000000, 0x00000000, 0x0c000000, 0x0006b350, 0x00000000, 0x00000000, 0x00000000, 0x00000000,
  0x00000000, 0x00000000, 0x1f801800, 0x00004c00, 0x00000000, 0x00000000, 0x00000000, 0x00000000,
  0x00000000, 0x00000000, 0x08000000, 0x00303200, 0x00000000, 0x00000000, 0x00000000, 0x00000000,
  0x00000000, 0x00000000, 0x0f800000, 0x0008cd10, 0x00000000, 0x00000000, 0x00000000, 0x00000000,
  0x00000000, 0x00000000, 0x14000400, 0x00003280, 0x00000000, 0x00000000, 0x00000000, 0x00000000,
  0x00000000, 0x00000000, 0x0b800000, 0x0006cc10, 0x00000000, 0x00000000, 0x00000000, 0x00000000,
  0x00000000, 0x00000000, 0x1c401000, 0x00103148, 0x00000000, 0x00000000, 0x00000000, 0x00000000,
  0x00000000, 0x00000000, 0x0b800000, 0x00284630, 0x00000000, 0x00000000, 0x00000000, 0x00000000,
  0x00000000, 0x00000000, 0x14002800, 0x0000b804, 0x00000000, 0x00000000, 0x00000000, 0x00000000,
  0x00000000, 0x00000000, 0x0f800000, 0x00004700, 0x00000000, 0x00000000, 0x00000000, 0x00000000,
  0x00000000, 0x00000000, 0x18800000, 0x00172890, 0x00000000, 0x00000000, 0x00000000, 0x00000000,
  0x00000000, 0x00000000, 0x0f001000, 0x0048d600, 0x00000000, 0x00000000, 0x00000000, 0x00000000,
  0x00000000, 0x00000000, 0x31800000, 0x00200c10, 0x00000000, 0x00000000, 0x00000000, 0x00000000,
  0x00000000, 0x00000000, 0x0e000400, 0x0000b340, 0x00000000, 0x00000000, 0x00000000, 0x00000000,
  0x00000000, 0x00000000, 0x1d800000, 0x00164410, 0x00000000, 0x00000000, 0x00000000, 0x00000000,
  0x00000000, 0x00000000, 0x0a000800, 0x00083800, 0x00000000, 0x00000000, 0x00000000, 0x00000000,
  0x00000000, 0x00000000, 0x15801000, 0x0000c788, 0x00000000, 0x00000000, 0x00000000, 0x00000000,
  0x00000000, 0x00000000, 0x0e000000, 0x00203830, 0x00000000, 0x00000000, 0x00000000, 0x00000000,
  0x00000000, 0x00000000, 0x19800000, 0x10104604, 0x00000000, 0x00000000, 0x00000000, 0x00000000,
  0x00000000, 0x00000000, 0x0e000000, 0x0006b950, 0x00000000, 0x00000000, 0x00000000, 0x00000000,
  0x00000000, 0x00000000, 0x09800000, 0x00084600, 0x00000000, 0x00000000, 0x00000000, 0x00000000,
  0x00000000, 0x00000000, 0x16801000, 0x00012090, 0x00000000, 0x00000000, 0x00000000, 0x00000000,
  0x00000000, 0x00000000, 0x0d000c00, 0x0030de00, 0x00000000, 0x00000000, 0x00000000, 0x00000000,
  0x00000000, 0x00000000, 0x1a800000, 0x08402100, 0x00000000, 0x00000000, 0x00000000, 0x00000000,
  0x00000000, 0x00000000, 0x0d000000, 0x000edc10, 0x00000000, 0x00000000, 0x00000000, 0x00000000,
  0x00000000, 0x00000000, 0x33800000, 0x00000600, 0x00000000, 0x00000000, 0x00000000, 0x00000000,
  0x00000000, 0x00000000, 0x0c401000, 0x00107958, 0x00000000, 0x00000000, 0x00000000, 0x00000000,
  0x00000000, 0x00000000, 0x1f800000, 0x002086a0, 0x00000000, 0x00000000, 0x00000000, 0x00000000,
  0x00000000, 0x00000000, 0x08000000, 0x000e7010, 0x00000000, 0x00000000, 0x00000000, 0x00000000,
  0x00000000, 0x00000000, 0x17802800, 0x04000f04, 0x00000000, 0x00000000, 0x00000000, 0x00000000,
  0x00000000, 0x00000000, 0x08000000, 0x0010f000, 0x00000000, 0x00000000, 0x00000000, 0x00000000,
  0x00000000, 0x00000000, 0x1f801400, 0x00000e10, 0x00000000, 0x00000000, 0x00000000, 0x00000000,
  0x00000000, 0x00000000, 0x0c000000, 0x0028f140, 0x00000000, 0x00000000, 0x00000000, 0x00000000,
  0x00000000, 0x00000000, 0x13800000, 0x00070c90, 0x00000000, 0x00000000, 0x00000000, 0x00000000,
  0x00000000, 0x00000000, 0x0c800000, 0x00106200, 0x00000000, 0x00000000, 0x00000000, 0x00000000,
  0x00000000, 0x00000000, 0x0f000000, 0x00409410, 0x00000000, 0x00000000, 0x00000000, 0x00000000,
  0x00000000, 0x00000000, 0x18801800, 0x00086b08, 0x00000000, 0x00000000, 0x00000000, 0x00000000,
  0x00000000, 0x00000000, 0x0f000000, 0x00201400, 0x00000000, 0x00000000, 0x00000000, 0x00000000,
  0x00000000, 0x00000000, 0x31800200, 0x00168e30, 0x00000000, 0x00000000, 0x00000000, 0x00000000,
  0x00000000, 0x00000000, 0x0e000400, 0x000071c0, 0x00000000, 0x00000000, 0x00000000, 0x00000000,
  0x00000000, 0x00000000, 0x1d800000, 0x00088614, 0x00000000, 0x00000000, 0x00000000, 0x00000000,
  0x00000000, 0x00000000, 0x0a001000, 0x00007800, 0x00000000, 0x00000000, 0x00000000, 0x00000000,
  0x00000000, 0x00000000, 0x15800000, 0x00360510, 0x00000000, 0x00000000, 0x00000000, 0x00000000,
  0x00000000, 0x00000000, 0x0a000800, 0x0000fa00, 0x00000000, 0x00000000, 0x00000000, 0x00000000,
  0x00000000, 0x00000000, 0x1d800000, 0x00080400, 0x00000000, 0x00000000, 0x00000000, 0x00000000,
  0x00000000, 0x00000000, 0x0e800000, 0x00016a90, 0x00000000, 0x00000000, 0x00000000, 0x00000000,
  0x00000000, 0x00000000, 0x11401000, 0x00109548, 0x00000000, 0x00000000, 0x00000000, 0x00000000,
  0x00000000, 0x00000000, 0x0e800000, 0x00666210, 0x00000000, 0x00000000, 0x00000000, 0x00000000,
  0x00000000, 0x00000000, 0x1d000400, 0x00089c20, 0x00000000, 0x00000000, 0x00000000, 0x00000000,
  0x00000000, 0x00000000, 0x0a800000, 0x00006310, 0x00000000, 0x00000000, 0x00000000, 0x00000000,
  0x00000000, 0x00000000, 0x3d003800, 0x30101c84, 0x00000000, 0x00000000, 0x00000000, 0x00000000,
    },
    .expected_counts = {
  1, 1, 0, 0, 0, 63, 0, 63, 0, 0
    },
    .expected_class = 5u,
  },
  {
    .pixel_196 = {
  0x00, 0x01, 0x01, 0x00, 0x17, 0x60, 0x74, 0x81, 0x7c, 0x49, 0x08, 0x00, 0x00, 0x00, 0x00, 0x00,
  0x00, 0x53, 0x7b, 0x68, 0x95, 0x9b, 0x7b, 0x8c, 0x98, 0x2e, 0x00, 0x00, 0x00, 0x00, 0x18, 0x76,
  0x6c, 0x68, 0x64, 0xb6, 0x82, 0x78, 0x90, 0x8d, 0x00, 0x00, 0x00, 0x00, 0x3d, 0x77, 0x64, 0x62,
  0x65, 0x75, 0x69, 0x87, 0xa1, 0xad, 0x02, 0x00, 0x00, 0x00, 0x55, 0x8f, 0x5f, 0x65, 0x6c, 0x6f,
  0x68, 0x9c, 0xb1, 0xaa, 0x22, 0x00, 0x00, 0x00, 0x6b, 0x8d, 0x78, 0x64, 0x66, 0x6e, 0x71, 0x98,
  0xb4, 0x9b, 0x49, 0x00, 0x00, 0x00, 0x7a, 0x94, 0x56, 0x61, 0x6d, 0x71, 0x73, 0x91, 0x96, 0x8e,
  0x5d, 0x00, 0x00, 0x07, 0x7f, 0x91, 0x43, 0x66, 0x6f, 0x71, 0x6c, 0x92, 0x7b, 0x8e, 0x72, 0x00,
  0x00, 0x14, 0x78, 0x87, 0x40, 0x68, 0x6c, 0x78, 0x69, 0x9f, 0x61, 0x8e, 0x86, 0x00, 0x00, 0x2a,
  0x7e, 0x85, 0x57, 0x69, 0x6b, 0x74, 0x70, 0x9d, 0x59, 0x9a, 0x8c, 0x00, 0x00, 0x18, 0x51, 0x47,
  0x67, 0x71, 0x6c, 0x7b, 0x66, 0x92, 0x61, 0x70, 0x45, 0x00, 0x00, 0x00, 0x01, 0x16, 0x76, 0x69,
  0x7a, 0x7e, 0x6e, 0x84, 0x8e, 0x00, 0x00, 0x00, 0x00, 0x00, 0x01, 0x40, 0x79, 0x70, 0x68, 0x84,
  0x71, 0x78, 0xa6, 0x02, 0x01, 0x00, 0x00, 0x00, 0x00, 0x02, 0x4e, 0x75, 0x86, 0x87, 0x86, 0x74,
  0x38, 0x00, 0x00, 0x00,
    },
    .encoded_stream = {
  0x00000000, 0x00000000, 0x00000000, 0x00000000, 0x00000000, 0x00000000, 0x00000000, 0x00000000,
  0x01b00080, 0x083800d8, 0xe083820e, 0x1a082820, 0x00200682, 0x70048018, 0x00000000, 0x00000000,
  0x804c0160, 0xf027e02f, 0x1f417d05, 0x05e45791, 0xc0df017d, 0x88037007, 0x00000000, 0x00000000,
  0x01b20280, 0x0c1800d0, 0xe086820a, 0x1a182860, 0x0120c682, 0x74048818, 0x00000000, 0x00000000,
  0x806c0140, 0xc036302b, 0x1c43650f, 0x03e45710, 0xc08f02f9, 0x88077007, 0x00000001, 0x00000000,
  0x039000a0, 0x3829c0dc, 0xe3819a04, 0x1c0828a1, 0x00700506, 0x70008018, 0x00000000, 0x00000000,
  0x81760140, 0x84122020, 0x58c2e40a, 0x82845310, 0x408a42e1, 0x8c073007, 0x00000000, 0x00000000,
  0x008802a0, 0x683dc0df, 0xa6051b1d, 0x1d782ce0, 0x8175841a, 0x7004c818, 0x00000000, 0x00000000,
  0x81740140, 0x18223068, 0x71c38406, 0x02845831, 0x402803a5, 0x88021003, 0x00000000, 0x00000000,
  0x00aa0080, 0xc41c009b, 0x8c03630b, 0x1b682700, 0x808746da, 0x7405e01c, 0x00000001, 0x00000000,
  0xc1d40320, 0x3823e0e4, 0xe2c49e0c, 0x0c8438b0, 0x4078a401, 0x08061013, 0x00000000, 0x00000000,
  0x032000d0, 0xc0380019, 0x5d03e106, 0x12584741, 0x218603f6, 0xf001a80c, 0x00000000, 0x00000000,
  0x00de0100, 0x2c1570ee, 0xa0c11e09, 0x8ba638b0, 0x80394409, 0x00065013, 0x00000000, 0x00000000,
  0x813000e0, 0x902a8010, 0x5a82e00e, 0x14084301, 0x40c202e2, 0xfc05a00c, 0x00000001, 0x00000000,
  0x00ec0300, 0x483400eb, 0xa5470707, 0x0be43c30, 0x812d879d, 0x00025013, 0x00000000, 0x00000000,
  0x811200e0, 0x241be05c, 0x7a81d81c, 0x14184ae0, 0x40f24062, 0xf805a808, 0x00000000, 0x00000000,
  0x03e40100, 0xd8201089, 0x8442a30a, 0x0a403511, 0x000c0691, 0x04041017, 0x00000000, 0x00000000,
  0x801802c0, 0x283f6076, 0x71851c05, 0x13ac48a0, 0xc03101ae, 0xf802c008, 0x00000000, 0x00000000,
  0x01f60120, 0xd4088089, 0xce43e20e, 0x8c483710, 0x01cec641, 0x20052017, 0x00000001, 0x00000000,
  0x802800c0, 0x083620fa, 0xa083070b, 0x1bb42861, 0xc02102ba, 0xdc02d818, 0x00000000, 0x00000000,
  0x01d40100, 0xa039d004, 0x59c0f804, 0x02085390, 0x009a0545, 0x20052007, 0x00000000, 0x00000000,
  0xc1a202a0, 0x5c0620f9, 0xa607870e, 0x1dc42c20, 0xc064a69a, 0x58069018, 0x00000000, 0x00000000,
  0x025c0150, 0x2039000a, 0x7881501b, 0x12285af1, 0x01bb40e1, 0xf4016002, 0x00000001, 0x00000000,
  0x81a000a0, 0xc830e0fd, 0xc742af04, 0x0cd42500, 0x60440716, 0x0006981d, 0x00000000, 0x00000000,
  0x007e0340, 0x140e0042, 0x3887400f, 0x93285a31, 0x802b02a9, 0xf8054002, 0x00000000, 0x00000000,
  0x01900080, 0xa83170bc, 0xc4c1be08, 0x0a862180, 0x0190c542, 0x0002b01d, 0x00000000, 0x00000000,
  0x81200160, 0x582e8049, 0x33028106, 0x15484c70, 0xc06402bf, 0xfc040002, 0x00000000, 0x00000000,
  0x02de0080, 0xa41120b2, 0xc8c1760f, 0x0ab43381, 0x009b04c0, 0x0007f81d, 0x00000001, 0x00000000,
  0x81200340, 0x483ac04d, 0xb407890c, 0x1a482c30, 0x4024c333, 0xf8000012, 0x00000000, 0x00000000,
  0x00fc00a0, 0x902410ba, 0x4bc34603, 0x05a45b00, 0x81eb06cc, 0x0407f009, 0x00000000, 0x00000000,
  0x81120140, 0x6c1b60cd, 0xe400ba1c, 0x9a4824f1, 0x401400a3, 0xf8040016, 0x00000000, 0x00000000,
  0x41ec06a0, 0x00348072, 0x3ac7c50f, 0x05b45a20, 0x80ea6758, 0x0003f809, 0x00000001, 0x00000000,
  0x80900000, 0xb82b2088, 0xc5813202, 0x1a082190, 0x40118487, 0x7c04801e, 0x00000000, 0x00000000,
  0x036601d0, 0x4410d05d, 0x3842c90c, 0x02405e21, 0x012e0230, 0x80051001, 0x00000000, 0x00000000,
  0x80b80020, 0x883c20a2, 0xc283260f, 0x1dac2150, 0xe0c147cb, 0x7002e01e, 0x00000000, 0x00000000,
  0x014403c0, 0x7823405d, 0x75459900, 0x02505ca1, 0x003c00b4, 0x88041801, 0x00000000, 0x00000000,
  0x80b80000, 0x843ca0aa, 0x8a83460f, 0x9dac2b18, 0xc0e2864b, 0x7403e01a, 0x00000001, 0x00000000,
  0x017601e0, 0x580a1059, 0xf442b01e, 0x0a4834a0, 0x011d41a0, 0xa8040015, 0x00000000, 0x00000000,
  0x03800200, 0x203160a4, 0x2985cf00, 0x12864a71, 0x00a20657, 0x5007b00a, 0x00000000, 0x00000000,
  0x807c01e0, 0x8c3e80da, 0xc6c3220f, 0x0d383100, 0xc04982a8, 0xac004815, 0x00000000, 0x00000000,
  0x01820000, 0x7001606d, 0x7800dd0c, 0x12c44eb0, 0x01360593, 0x5007900a, 0x00000000, 0x00000000,
  0x807c01c0, 0x883e9092, 0x81c32207, 0x0b283101, 0xc088426c, 0xa8046015, 0x00000001, 0x00000000,
  0x41b00220, 0x4c300069, 0x7607940a, 0x94c44cf0, 0x00752483, 0x5402900a, 0x00000000, 0x00000000,
  0x81c60180, 0xb00f609c, 0x8880cb0c, 0x1b183b00, 0xc0aa8758, 0x78052810, 0x00000000, 0x00000000,
  0x02380050, 0x08308062, 0x77c32407, 0x04a44031, 0x014142a7, 0x8006d00f, 0x00000000, 0x00000000,
  0x81c403a0, 0x742b2099, 0xa805d31a, 0x1a483ee0, 0x40be04d0, 0x7c012010, 0x00000001, 0x00000000,
  0x003a0040, 0x8814506e, 0xd4c32c0d, 0x0ba42111, 0xa000832b, 0x8006d01f, 0x00000000, 0x00000000,
  0x81e401a0, 0x4038a0d9, 0x6b02d306, 0x14585ea0, 0x40ff44d4, 0x70052800, 0x00000000, 0x00000000,
  0x01100040, 0xbc274004, 0x90c1a808, 0x8b002110, 0x810003ab, 0x8800901f, 0x00000000, 0x00000000,
  0x80fe0380, 0x4018a0fb, 0x6c07460f, 0x12ec5e61, 0x402f0600, 0x74074000, 0x00000000, 0x00000000,
  0x03000060, 0xa8331088, 0x83c09306, 0x0c002990, 0x00f0c0f7, 0x8804b01b, 0x00000001, 0x00000000,
  0x00b80180, 0x1c2c6076, 0x74832c09, 0x13be4020, 0x8100070a, 0x70024804, 0x00000000, 0x00000000,
  0x81660240, 0x40128089, 0xea47d31e, 0x0c403eb1, 0x40ff00f5, 0x8c05b01b, 0x00000000, 0x00000000,
  0x419001a0, 0xb82d607c, 0x1180ac04, 0x138c4140, 0x8000668a, 0x70060004, 0x00000000, 0x00000000,
  0x80fc0000, 0x443a908b, 0xec43420f, 0x8a683e30, 0x40af8741, 0x2801e01b, 0x00000001, 0x00000000,
  0x030201f0, 0xa8112070, 0x9281b50a, 0x1c942181, 0x015000b6, 0xd4061814, 0x00000000, 0x00000000,
  0x80fc0200, 0x502e40cf, 0x6d474a05, 0x03685e30, 0xc02e4609, 0x2801c00b, 0x00000000, 0x00000000,
  0x012001c0, 0x8c308038, 0x9082950e, 0x1a8429c1, 0x00b181f2, 0xd0063010, 0x00000000, 0x00000000,
  0x81d60020, 0x201d70c4, 0x6ec1ea08, 0x05085230, 0xe04a068d, 0x2005800f, 0x00000000, 0x00000000,
  0x002803c0, 0xd82200bb, 0xc1070707, 0x1af42d00, 0x01a50272, 0xdc027810, 0x00000001, 0x00000000,
  0x81d40000, 0x2c3da048, 0x32c0b01e, 0x850850b1, 0xc0584589, 0x2004800f, 0x00000000, 0x00000000,
  0x023a01e0, 0x500240bf, 0xec034e09, 0x1ae42e60, 0x00a682e6, 0xd8077010, 0x00000000, 0x00000000,
  0x81e40000, 0x8838b040, 0x11c3b106, 0x02085190, 0x40190411, 0x2400800f, 0x00000000, 0x00000000,
  0x419807e0, 0x643740ff, 0xee85ce0f, 0x1df62e21, 0x81e667ea, 0xd807f818, 0x00000001, 0x00000000,
    },
    .expected_counts = {
  0, 0, 0, 0, 0, 11, 6, 0, 0, 0
    },
    .expected_class = 5u,
  },
  {
    .pixel_196 = {
  0x00, 0x00, 0x00, 0x00, 0x00, 0x00, 0x00, 0x00, 0x00, 0x00, 0x00, 0x00, 0x00, 0x00, 0x00, 0x00,
  0x00, 0x00, 0x00, 0x00, 0x00, 0x00, 0x00, 0x00, 0x00, 0x00, 0x00, 0x00, 0x00, 0x00, 0x00, 0x00,
  0x00, 0x00, 0x00, 0x00, 0x00, 0x00, 0x00, 0x00, 0x00, 0x00, 0x00, 0x00, 0x00, 0x00, 0x00, 0x00,
  0x00, 0x00, 0x00, 0x00, 0x00, 0x00, 0x00, 0x00, 0x00, 0x00, 0x00, 0x00, 0x00, 0x01, 0x00, 0x50,
  0x5a, 0x07, 0x00, 0x01, 0x1d, 0x38, 0x00, 0x00, 0x00, 0x00, 0x02, 0x42, 0x80, 0x70, 0x80, 0x97,
  0x26, 0x1f, 0xae, 0x74, 0x00, 0x00, 0x09, 0x42, 0x7e, 0x69, 0x68, 0x7b, 0x86, 0x7e, 0xa7, 0xc0,
  0x82, 0x78, 0x7b, 0x90, 0x94, 0x76, 0x6b, 0x82, 0x99, 0xb6, 0xc9, 0xcb, 0xaa, 0xb2, 0xaf, 0x83,
  0x38, 0x52, 0x61, 0x76, 0x91, 0x70, 0x62, 0x56, 0x2f, 0x47, 0x0c, 0x11, 0x12, 0x1b, 0x07, 0x24,
  0x32, 0x2e, 0x28, 0x2c, 0x32, 0x30, 0x32, 0x2f, 0x38, 0x2f, 0x32, 0x26, 0x00, 0x00, 0x00, 0x00,
  0x00, 0x00, 0x00, 0x00, 0x00, 0x00, 0x00, 0x00, 0x00, 0x00, 0x00, 0x00, 0x00, 0x00, 0x00, 0x00,
  0x00, 0x00, 0x00, 0x00, 0x00, 0x00, 0x00, 0x00, 0x00, 0x00, 0x00, 0x00, 0x00, 0x00, 0x00, 0x00,
  0x00, 0x00, 0x00, 0x00, 0x00, 0x00, 0x00, 0x00, 0x00, 0x00, 0x00, 0x00, 0x00, 0x00, 0x00, 0x00,
  0x00, 0x00, 0x00, 0x00,
    },
    .encoded_stream = {
  0x00000000, 0x00000000, 0x00000000, 0x00000000, 0x00000000, 0x00000000, 0x00000000, 0x00000000,
  0x00000000, 0x00000000, 0xd004d000, 0x0010ff99, 0x00000000, 0x00000000, 0x00000000, 0x00000000,
  0x00000000, 0x00000000, 0xaf0c2001, 0x00ec6e66, 0x00000000, 0x00000000, 0x00000000, 0x00000000,
  0x00000000, 0x80000000, 0xd080d800, 0x02129d99, 0x00000000, 0x00000000, 0x00000000, 0x00000000,
  0x00000000, 0x00000000, 0x6f0c2020, 0x00297266, 0x00000100, 0x00000000, 0x00000000, 0x00000000,
  0x00000000, 0x00000000, 0x9004d001, 0x01d4ef99, 0x000006fb, 0x00000000, 0x00000000, 0x00000000,
  0x00000000, 0x80000000, 0xe909a000, 0x002a1d36, 0x00000804, 0x00000000, 0x00000000, 0x00000000,
  0x00000000, 0x00000000, 0xd6845800, 0x8254fec9, 0x00000000, 0x00000000, 0x00000000, 0x00000000,
  0x00000000, 0x00000000, 0x290e8011, 0x00986f3e, 0x00000000, 0x00000000, 0x00000000, 0x00000000,
  0x00000000, 0x80000000, 0xd6007020, 0x202392c1, 0x00000100, 0x00000000, 0x00000000, 0x00000000,
  0x00000000, 0x00000000, 0xe9048000, 0x035c7d3e, 0x000006f1, 0x00000000, 0x00000000, 0x00000000,
  0x00000000, 0x00000000, 0x908cf801, 0x00a0efc1, 0x0000000a, 0x00000000, 0x00000000, 0x00000000,
  0x00000000, 0x80000000, 0x6f000000, 0x00123e1e, 0x00000004, 0x00000000, 0x00000000, 0x00000000,
  0x00000000, 0x00000000, 0xd00df020, 0x006dd9b1, 0x00000900, 0x00000000, 0x00000000, 0x00000000,
  0x00000000, 0x00000000, 0xaf040001, 0x9290664e, 0x00000000, 0x00000000, 0x00000000, 0x00000000,
  0x00000000, 0x80000000, 0xd088f800, 0x087ebfb9, 0x00000471, 0x00000000, 0x00000000, 0x00000000,
  0x00000000, 0x00000000, 0x69068000, 0x01005f44, 0x00000282, 0x00000000, 0x00000000, 0x00000000,
  0x00000000, 0x00000000, 0x960c5011, 0x0098ecbb, 0x00000008, 0x00000000, 0x00000000, 0x00000000,
  0x00000000, 0x00000000, 0xe900a020, 0x22673b04, 0x00000100, 0x00000000, 0x00000000, 0x00000000,
  0x00000000, 0x80000000, 0xd68c5801, 0x0018d6fb, 0x00000004, 0x00000000, 0x00000000, 0x00000000,
  0x00000000, 0x00000000, 0x2905a000, 0x00e06d14, 0x00000c51, 0x00000000, 0x00000000, 0x00000000,
  0x00000000, 0x00000000, 0xd2005000, 0x871effeb, 0x000002a0, 0x00000000, 0x00000000, 0x00000000,
  0x00000000, 0x80000000, 0xfd0ca021, 0x00311e14, 0x00000102, 0x00000000, 0x00000000, 0x00000000,
  0x00000000, 0x00000000, 0x8084d800, 0x00ccebeb, 0x00000008, 0x00000000, 0x00000000, 0x00000000,
  0x00000000, 0x00000000, 0x7f0a0000, 0x0012741c, 0x00000000, 0x00000000, 0x00000000, 0x00000000,
  0x00000000, 0x80000000, 0x8004f001, 0x0220bf93, 0x00000455, 0x00000000, 0x00000000, 0x00000000,
  0x00000000, 0x00000000, 0xf30d0010, 0x00dc4f68, 0x00000820, 0x00000000, 0x00000000, 0x00000000,
  0x00000000, 0x00000000, 0xcc84f820, 0x0121f897, 0x00000382, 0x00000000, 0x00000000, 0x00000000,
  0x00000000, 0x80000000, 0x31488001, 0xb25a3768, 0x00000000, 0x00000000, 0x00000000, 0x00000000,
  0x00000000, 0x00000000, 0xce047000, 0x00a4ce97, 0x00000008, 0x00000000, 0x00000000, 0x00000000,
  0x00000000, 0x00000000, 0xf10c8000, 0x08187f28, 0x00000451, 0x00000000, 0x00000000, 0x00000000,
  0x00000000, 0x80000000, 0x8e807821, 0x0077bddf, 0x00000124, 0x00000000, 0x00000000, 0x00000000,
  0x00000000, 0x00000000, 0x71048000, 0x03884a30, 0x00000280, 0x00000000, 0x00000000, 0x00000000,
  0x00000000, 0x00000000, 0xc80fd000, 0x0050f7cd, 0x00000802, 0x00000000, 0x00000000, 0x00000000,
  0x00000000, 0x00000000, 0xb7802801, 0x002e3c32, 0x00000008, 0x00000000, 0x00000000, 0x00000000,
  0x00000000, 0x80000000, 0xc80cd010, 0x8090efcd, 0x00000451, 0x00000000, 0x00000000, 0x00000000,
  0x00000000, 0x00000000, 0x77042023, 0x426d5f32, 0x00000100, 0x00000000, 0x00000000, 0x00000000,
  0x00000000, 0x00000000, 0x8808d000, 0x2012ba8d, 0x00000020, 0x00000000, 0x00000000, 0x00000000,
  0x00000000, 0x80000000, 0xf184a800, 0x01b06552, 0x00000286, 0x00000000, 0x00000000, 0x00000000,
  0x00000000, 0x00000000, 0xce0c5001, 0x024cdebd, 0x00000000, 0x00000000, 0x00000000, 0x00000000,
  0x00000000, 0x00000000, 0x31018000, 0x00127f4a, 0x00000c59, 0x00000000, 0x00000000, 0x00000000,
  0x00000000, 0x80000000, 0xce0e7020, 0x00e9a9b5, 0x00000100, 0x00000000, 0x00000000, 0x00000000,
  0x00000000, 0x00000000, 0xf1848801, 0x9414de0a, 0x00000020, 0x00000000, 0x00000000, 0x00000000,
  0x00000000, 0x00000000, 0x9a007000, 0x032a77f5, 0x00000280, 0x00000000, 0x00000000, 0x00000000,
  0x00000000, 0x80000000, 0x650c8010, 0x00d4ac1a, 0x00000006, 0x00000000, 0x00000000, 0x00000000,
  0x00000000, 0x00000000, 0xd804f021, 0x08395fe5, 0x00000100, 0x00000000, 0x00000000, 0x00000000,
  0x00000000, 0x00000000, 0xa7880800, 0x0202fb1a, 0x00000459, 0x00000000, 0x00000000, 0x00000000,
  0x00000000, 0x80000000, 0xd805f000, 0x20fc2eed, 0x00000820, 0x00000000, 0x00000000, 0x00000000,
  0x00000000, 0x00000000, 0x230c0001, 0x0000f510, 0x00000000, 0x00000000, 0x00000000, 0x00000000,
  0x00000000, 0x00000000, 0xdc02d000, 0x815a5eaf, 0x00000280, 0x00000000, 0x00000000, 0x00000000,
  0x00000000, 0x00000000, 0xe18ca820, 0x02a5af50, 0x00000102, 0x00000000, 0x00000000, 0x00000000,
  0x00000000, 0x80000000, 0x96045001, 0x0010799b, 0x00000455, 0x00000000, 0x00000000, 0x00000000,
  0x00000000, 0x00000000, 0x690ca010, 0x007cde64, 0x00000008, 0x00000000, 0x00000000, 0x00000000,
  0x00000000, 0x00000000, 0xd2015000, 0x0082279b, 0x00000820, 0x00000000, 0x00000000, 0x00000000,
  0x00000000, 0x80000000, 0xad84a821, 0x0379fe24, 0x00000380, 0x00000000, 0x00000000, 0x00000000,
  0x00000000, 0x00000000, 0xd00cd000, 0x000459db, 0x00000002, 0x00000000, 0x00000000, 0x00000000,
  0x00000000, 0x00000000, 0x6f400001, 0xb09aaf2c, 0x00000451, 0x00000000, 0x00000000, 0x00000000,
  0x00000000, 0x80000000, 0x900ef000, 0x026076d3, 0x00000004, 0x00000000, 0x00000000, 0x00000000,
  0x00000000, 0x00000000, 0xeb840800, 0x001cfd3c, 0x00000028, 0x00000000, 0x00000000, 0x00000000,
  0x00000000, 0x00000000, 0xd408f021, 0x01a34ec3, 0x00000380, 0x00000000, 0x00000000, 0x00000000,
  0x00000000, 0x80000000, 0x2b050000, 0x085cbb3c, 0x00000800, 0x00000000, 0x00000000, 0x00000000,
  0x00000000, 0x00000000, 0xd40cf010, 0x02307f83, 0x00000453, 0x00000000, 0x00000000, 0x00000000,
  0x00000000, 0x00000000, 0xe9808801, 0x00cac47c, 0x00000000, 0x00000000, 0x00000000, 0x00000000,
  0x00000000, 0x80000000, 0x960c7020, 0x84353f9b, 0x0000012c, 0x00000000, 0x00000000, 0x00000000,
    },
    .expected_counts = {
  0, 0, 0, 0, 0, 0, 0, 63, 0, 0
    },
    .expected_class = 7u,
  },
  {
    .pixel_196 = {
  0x00, 0x00, 0x00, 0x00, 0x00, 0x00, 0x00, 0x00, 0x00, 0x00, 0x00, 0x00, 0x00, 0x00, 0x00, 0x00,
  0x00, 0x00, 0x00, 0x00, 0x00, 0x00, 0x00, 0x00, 0x00, 0x00, 0x00, 0x00, 0x00, 0x00, 0x00, 0x1a,
  0x00, 0x00, 0x00, 0x00, 0x00, 0x00, 0x00, 0x00, 0x00, 0x00, 0x00, 0x00, 0x02, 0x7e, 0x71, 0x64,
  0x59, 0x5a, 0x5a, 0x58, 0x58, 0x56, 0x4a, 0x19, 0x00, 0x00, 0x50, 0xac, 0xac, 0xb0, 0xb5, 0xb8,
  0xba, 0xb8, 0xc0, 0xb4, 0xb6, 0x67, 0x02, 0x14, 0x51, 0xb9, 0xb5, 0xb3, 0xb6, 0xb6, 0xb4, 0xb4,
  0xb6, 0xb4, 0xb1, 0x88, 0x02, 0x2e, 0x43, 0xb8, 0xb4, 0xb0, 0xb4, 0xb3, 0xb1, 0xb1, 0xb8, 0xb5,
  0xac, 0x95, 0x02, 0x16, 0x4e, 0xb8, 0xb6, 0xb2, 0xb2, 0xb2, 0xb6, 0xb4, 0xb4, 0xb0, 0xad, 0x8a,
  0x00, 0x01, 0x65, 0xb8, 0xb5, 0xae, 0xad, 0xae, 0xb3, 0xb2, 0xb2, 0xb0, 0xac, 0x88, 0x01, 0x00,
  0x3e, 0xbb, 0xa8, 0xbc, 0xb9, 0xb8, 0xb8, 0xb8, 0xb6, 0xb6, 0xb5, 0x82, 0x06, 0x38, 0x9c, 0xc0,
  0xc7, 0xb4, 0xc8, 0xc6, 0xc1, 0xbf, 0xbe, 0xbe, 0xb6, 0x7b, 0x26, 0x08, 0x13, 0x38, 0x3b, 0x52,
  0x24, 0x07, 0x09, 0x0a, 0x0a, 0x0a, 0x0a, 0x08, 0x00, 0x00, 0x00, 0x00, 0x00, 0x00, 0x00, 0x00,
  0x00, 0x00, 0x00, 0x00, 0x00, 0x00, 0x00, 0x00, 0x00, 0x00, 0x00, 0x00, 0x00, 0x00, 0x00, 0x00,
  0x00, 0x00, 0x00, 0x00,
    },
    .encoded_stream = {
  0x00000000, 0x00000000, 0x00000000, 0x00000000, 0x00000000, 0x00000000, 0x00000000, 0x00000000,
  0x00000000, 0xf8000000, 0xff8ffe1f, 0x3ff8ffe3, 0x01ffcffe, 0x00000000, 0x00000000, 0x00000000,
  0x00000000, 0xf83fe000, 0xff87fe3f, 0x1ffc7fe1, 0x03ff87fa, 0x00000000, 0x00000000, 0x00000000,
  0x00000000, 0x04400000, 0x00480104, 0x20008012, 0x801dc804, 0x00000000, 0x00000000, 0x00000000,
  0x00000000, 0xf8006000, 0xff87fe3b, 0x1ff87fe1, 0x63e267ff, 0x00000000, 0x00000000, 0x00000000,
  0x00000000, 0xf83f8000, 0xffaffe1f, 0x3ffcffe3, 0x01ff8ffa, 0x00000000, 0x00000000, 0x00000000,
  0x00000000, 0x84406000, 0x40800307, 0x00080032, 0x86fdc0fe, 0x00000000, 0x00000000, 0x00000000,
  0x00000000, 0x78008000, 0xbf4ffc3c, 0x3ff4ffc1, 0x011f8f04, 0x00000001, 0x00000000, 0x00000000,
  0x00000000, 0xf83f2000, 0xff87fe1b, 0x1ff87fe3, 0x43e647fb, 0x00000000, 0x00000000, 0x00000000,
  0x80000000, 0xc4004000, 0xc58bf73f, 0x20189c70, 0xa1fbeffe, 0x00000000, 0x00000000, 0x00000000,
  0x00000000, 0x38c0a000, 0x3a040804, 0x1fe46383, 0x02fd800e, 0x00000000, 0x00000000, 0x00000000,
  0x00000000, 0xf83f4000, 0xffeffe1f, 0x3ff8ffe9, 0x011fcff0, 0x00000000, 0x00000000, 0x00000000,
  0x00000000, 0xc400a000, 0xcd83ffbb, 0x071c9fe2, 0x83ef07ff, 0x00000000, 0x00000000, 0x00000000,
  0x00000000, 0xb8404000, 0x728c0207, 0x38e86033, 0x74f0e8fe, 0x00000000, 0x00000000, 0x00000000,
  0x00000000, 0x783f2000, 0xbf07fc3c, 0x1ff0ffc1, 0x03ffc708, 0x00000001, 0x00000000, 0x00000000,
  0x00000000, 0xe400c000, 0xffcfff1f, 0x2f1c3fe2, 0x811f8ff6, 0x00000000, 0x00000000, 0x00000000,
  0x00000000, 0xd8002000, 0xc0a93613, 0x30f8c471, 0x03ed47ff, 0x00000000, 0x00000000, 0x00000000,
  0x00000000, 0x387f8000, 0x3f06ca2d, 0x1fe47b83, 0x40f6881a, 0x00000000, 0x00000000, 0x00000000,
  0x00000000, 0xe0006000, 0xff8ffd1e, 0x2f18bfe2, 0xa3fbe7e4, 0x00000000, 0x00000000, 0x00000000,
  0x80000000, 0xdc060000, 0xc5c3f63f, 0x10f85c71, 0x011fcffe, 0x00000000, 0x00000000, 0x00000000,
  0x00000000, 0xb8f9e000, 0x7a8c0a03, 0x3fece3a3, 0x06ed00fb, 0x00000000, 0x00000000, 0x00000000,
  0x00000000, 0x60000000, 0xbf07fc1c, 0x0f103fc0, 0xc1ffcf0e, 0x00000001, 0x00000000, 0x00000000,
  0x00000000, 0xdc066000, 0xcdebff3f, 0x31fcdc73, 0x23f2e7f4, 0x00000000, 0x00000000, 0x00000000,
  0x00000000, 0xb8398000, 0x72853217, 0x1ee867e9, 0x011d8bfa, 0x00000000, 0x00000000, 0x00000000,
  0x00000000, 0x60406000, 0xbf0ece29, 0x2f10bb82, 0x82ef441f, 0x00000000, 0x00000000, 0x00000000,
  0x00000000, 0xdc078000, 0xcd83fd9e, 0x17fcdfe3, 0x01ff8fec, 0x00000078, 0x00000000, 0x00000000,
  0x00000000, 0xf8382000, 0xf2cd3617, 0x38f86471, 0x55f4c7f2, 0x00000000, 0x00000000, 0x00000000,
  0x00000000, 0xa0404000, 0x7fa6ca2f, 0x0facbba2, 0x221be8fe, 0x00000000, 0x00000000, 0x00000000,
  0x00000000, 0x5c07a000, 0xbd0ffd19, 0x37505fc1, 0x81ef070f, 0x00000005, 0x00000000, 0x00000000,
  0x80000000, 0xf8384000, 0xc783f63e, 0x18f8fc73, 0x03ffcff8, 0x00000000, 0x00000000, 0x00000000,
  0x00000000, 0xa080a000, 0x7acd3a17, 0x2fac27e2, 0x41f583f6, 0x00000000, 0x00000000, 0x00000000,
  0x00000000, 0xfc5f4000, 0xff8ecf0f, 0x3f58fba1, 0xaa1eecfe, 0x00000080, 0x00000000, 0x00000000,
  0x00000000, 0x58202000, 0x8d03fc38, 0x11f45c53, 0x01eb470a, 0x00000000, 0x00000000, 0x00000000,
  0x00000000, 0xe000c000, 0xf2ad3617, 0x2eb8a7e0, 0x07fd8ff5, 0x00000000, 0x00000000, 0x00000000,
  0x00000000, 0xb85f2000, 0x7fc6cb2f, 0x1f487bab, 0xc03fc0fa, 0x00000000, 0x00000000, 0x00000000,
  0x00000000, 0x5c208000, 0x8d0bfe1d, 0x37f4dfc1, 0x03d68f1e, 0x00000001, 0x00000000, 0x00000000,
  0x00000000, 0xe0066000, 0xf787f41a, 0x08f87c72, 0x21eb67ee, 0x00000002, 0x00000000, 0x00000000,
  0x00000000, 0xb8190000, 0x7a8d3b37, 0x3f08a7e3, 0x83fdcbf1, 0x00000000, 0x00000000, 0x00000000,
  0x00000000, 0xdc60e000, 0xcde2ce8f, 0x17fcdba1, 0x003f84fe, 0x00000000, 0x00000000, 0x00000000,
  0x80000000, 0x60060000, 0xb70ff43d, 0x28f07c52, 0x43d7cf0e, 0x00000000, 0x00000000, 0x00000000,
  0x00000000, 0xb899e000, 0x7a853a12, 0x1f0ca7e1, 0x95ec03f8, 0x00000000, 0x00000000, 0x00000000,
  0x00000000, 0xdc600000, 0xfd8ecf0f, 0x37f85ba3, 0x22fbecf7, 0x00000000, 0x00000000, 0x00000000,
  0x00000000, 0x60062000, 0x8f43fe3d, 0x09f0fc52, 0x013fd71e, 0x00000001, 0x00000000, 0x00000000,
  0x00000000, 0xf819c000, 0xf28d3416, 0x3e1c27e1, 0xc3dd8fea, 0x00000000, 0x00000000, 0x00000000,
  0x00000000, 0x9c602000, 0x7da6cb2b, 0x17e8dba3, 0x00e640fc, 0x00000000, 0x00000000, 0x00000000,
  0x00000000, 0xe0064000, 0xcfcbfe1f, 0x29fc7c70, 0x23fbeff7, 0x00000000, 0x00000000, 0x00000000,
  0x00000000, 0x7819a000, 0xb707f41d, 0x1e10bfcb, 0x813f870a, 0x00000000, 0x00000000, 0x00000000,
  0x00000000, 0xbc204000, 0x7a8d3b36, 0x3fe867e1, 0x47ddcbfe, 0x00000000, 0x00000000, 0x00000000,
  0x00000000, 0xc047a000, 0xcd8ace0b, 0x27fcdba2, 0x00e704f4, 0x00000000, 0x00000000, 0x00000000,
  0x80000000, 0x78184000, 0xb747f63d, 0x18103c53, 0x83fecf1b, 0x00000001, 0x00000000, 0x00000000,
  0x00000000, 0xf8202000, 0xfaad3d17, 0x3ffce7e1, 0x2139e7ee, 0x00000000, 0x00000000, 0x00000000,
  0x00000000, 0x84c78000, 0x4d82ca8e, 0x07e8dba2, 0x00df88fc, 0x00000078, 0x00000000, 0x00000000,
  0x00000000, 0xf8186000, 0xff8ffe3b, 0x39b83c71, 0x43e747f2, 0x00000000, 0x00000000, 0x00000000,
  0x00000000, 0x78208000, 0xb2453715, 0x1e54e7c3, 0x95fc8f1f, 0x00000000, 0x00000000, 0x00000000,
  0x00000000, 0x84076000, 0x7d8ff83e, 0x27e85fe2, 0x233be3ee, 0x00000000, 0x00000000, 0x00000000,
  0x00000000, 0xf8580000, 0xcfa2ce0f, 0x19bcb831, 0x00dfccf8, 0x00000000, 0x00000000, 0x00000000,
  0x00000000, 0x7826e000, 0xb70ff719, 0x3e507fc3, 0xc3ef0716, 0x00000005, 0x00000000, 0x00000000,
  0x00000000, 0xc4010000, 0xf8c53c37, 0x07f8c7e0, 0x01f5cfef, 0x00000000, 0x00000000, 0x00000000,
  0x00000000, 0xb858e000, 0x4f8aca0e, 0x3fac3bab, 0x023e80fa, 0x00000000, 0x00000000, 0x00000000,
  0x80000000, 0xf8260000, 0xf787f63f, 0x1858fc71, 0xa1dbeffc, 0x00000000, 0x00000000, 0x00000000,
  0x00000000, 0x44012000, 0xb80d3f11, 0x27f447c2, 0x47ed4716, 0x00000000, 0x00000000, 0x00000000,
  0x00000000, 0xb898c000, 0x4fe3f81f, 0x1fa8bfe3, 0x01f78beb, 0x00000000, 0x00000000, 0x00000000,
  0x00000000, 0xf8662000, 0xff8ece2e, 0x39587831, 0x823ec4fe, 0x00000000, 0x00000000, 0x00000000,
  0x00000000, 0xfc19c000, 0xf78ff79f, 0x3efcffe3, 0x29dfeffc, 0x00000081, 0x00000000, 0x00000000,
    },
    .expected_counts = {
  0, 0, 0, 0, 0, 6, 0, 0, 63, 0
    },
    .expected_class = 8u,
  },
  {
    .pixel_196 = {
  0x00, 0x00, 0x00, 0x00, 0x00, 0x00, 0x00, 0x00, 0x00, 0x00, 0x00, 0x00, 0x00, 0x00, 0x00, 0x00,
  0x00, 0x00, 0x00, 0x00, 0x00, 0x00, 0x00, 0x00, 0x00, 0x00, 0x00, 0x00, 0x00, 0x00, 0x00, 0x00,
  0x00, 0x00, 0x00, 0x00, 0x00, 0x00, 0x00, 0x00, 0x00, 0x00, 0x00, 0x00, 0x00, 0x00, 0x00, 0x00,
  0x00, 0x00, 0x00, 0x01, 0x00, 0x02, 0x09, 0x00, 0x00, 0x00, 0x00, 0x00, 0x00, 0x00, 0x00, 0x00,
  0x56, 0x1e, 0x00, 0x06, 0x50, 0x00, 0x00, 0x00, 0x00, 0x00, 0x00, 0x00, 0x02, 0x32, 0x7f, 0xa4,
  0xa2, 0x9a, 0x97, 0x00, 0x00, 0x00, 0x00, 0x00, 0x01, 0x02, 0x16, 0x72, 0x7a, 0x96, 0xa0, 0x9c,
  0xa1, 0x0f, 0x00, 0x01, 0x01, 0x02, 0x00, 0x22, 0x70, 0x70, 0x8d, 0x8e, 0x9a, 0x99, 0x9e, 0x4a,
  0x01, 0x13, 0x23, 0x38, 0x63, 0x71, 0x74, 0x84, 0x8e, 0x9f, 0x9b, 0x95, 0x9b, 0x73, 0x4d, 0x68,
  0x6a, 0x68, 0x6e, 0x79, 0x7f, 0x8b, 0x9b, 0xa3, 0xb4, 0xa7, 0xaf, 0x76, 0x24, 0x5d, 0x88, 0xa8,
  0xa6, 0xa8, 0xb6, 0x9f, 0x76, 0x60, 0xdd, 0xd8, 0xc5, 0x68, 0x00, 0x00, 0x00, 0x00, 0x00, 0x00,
  0x00, 0x00, 0x00, 0x00, 0x00, 0x00, 0x00, 0x00, 0x00, 0x00, 0x00, 0x00, 0x00, 0x00, 0x00, 0x00,
  0x00, 0x00, 0x00, 0x00, 0x00, 0x00, 0x00, 0x00, 0x00, 0x00, 0x00, 0x00, 0x00, 0x00, 0x00, 0x00,
  0x00, 0x00, 0x00, 0x00,
    },
    .encoded_stream = {
  0x00000000, 0x00000000, 0x00000000, 0x00000000, 0x00000000, 0x00000000, 0x00000000, 0x00000000,
  0x00000000, 0x00000000, 0xe0078000, 0x1f807c01, 0x01cfc7e0, 0x00000000, 0x00000000, 0x00000000,
  0x00000000, 0x00000000, 0x18004001, 0xa0700300, 0x03f42d1f, 0x00000000, 0x00000000, 0x00000000,
  0x00000000, 0x00000000, 0xe0078010, 0x5f80fc01, 0x01cbc2e0, 0x00000000, 0x00000000, 0x00000000,
  0x00000000, 0x00000000, 0xd803c000, 0xb6685301, 0x02df8fdf, 0x00000000, 0x00000000, 0x00000000,
  0x00000000, 0x00000000, 0x20042001, 0x09902c00, 0x01e46520, 0x00000000, 0x00000000, 0x00000000,
  0x00000000, 0x00000000, 0xf807c010, 0x7e60f301, 0x015b8adc, 0x00000000, 0x00000000, 0x00000000,
  0x00000000, 0x00000000, 0x40018000, 0x81940c81, 0x03a7d7a3, 0x00000000, 0x00000000, 0x00000000,
  0x00000000, 0x00000000, 0xb8064003, 0x3e407000, 0x00dc2d58, 0x00000000, 0x00000000, 0x00000000,
  0x00000000, 0x00000000, 0xc0038010, 0xd7a85f01, 0x03cfc3e7, 0x00000000, 0x00000000, 0x00000000,
  0x00000000, 0x00000000, 0x3004e000, 0x0910ac00, 0x01f38e98, 0x00000000, 0x00000000, 0x00000000,
  0x00000000, 0x00000000, 0xec070001, 0x36e07301, 0x01cc6564, 0x00000000, 0x00000000, 0x00000000,
  0x00000000, 0x00000000, 0x5001c010, 0x8b104c01, 0x034f83bb, 0x00000000, 0x00000000, 0x00000000,
  0x00000000, 0x00000000, 0xa8060000, 0x7ceab300, 0x00f3ee44, 0x00000000, 0x00000000, 0x00000000,
  0x00000000, 0x00000000, 0xd003c001, 0x97045c01, 0x038c15fb, 0x00000000, 0x00000000, 0x00000000,
  0x00000000, 0x00000000, 0x6805a010, 0x28f02381, 0x01f7cb80, 0x00000000, 0x00000000, 0x00000000,
  0x00000000, 0x00000000, 0x90064000, 0x57007c00, 0x01cfe67d, 0x00000000, 0x00000000, 0x00000000,
  0x00000000, 0x00000000, 0x68018003, 0xaac0c003, 0x02d80d82, 0x00000000, 0x00000000, 0x00000000,
  0x00000000, 0x00000000, 0xb007c000, 0x1d383f00, 0x01e7c3f4, 0x00000000, 0x00000000, 0x00000000,
  0x00000000, 0x00000000, 0xc0020010, 0xd7c05c01, 0x035eaf4b, 0x00000000, 0x00000000, 0x00000000,
  0x00000000, 0x00000000, 0x7805e001, 0x2a30a301, 0x01c944b4, 0x00000000, 0x00000000, 0x00000000,
  0x00000000, 0x00000000, 0x80028000, 0x15847c00, 0x00b79fc9, 0x00000000, 0x00000000, 0x00000000,
  0x00000000, 0x00000000, 0xe8054010, 0xaa684381, 0x03cee332, 0x00000000, 0x00000000, 0x00000000,
  0x00000000, 0x00000000, 0x74078001, 0x55903c01, 0x01f50cec, 0x00000000, 0x00000000, 0x00000000,
  0x00000000, 0x00000000, 0x8802c000, 0xbe60d000, 0x03cbe753, 0x00000000, 0x00000000, 0x00000000,
  0x00000000, 0x00000000, 0x70052012, 0x0b906f01, 0x014e81ac, 0x00000000, 0x00000000, 0x00000000,
  0x00000000, 0x00000000, 0x8803c001, 0x74423000, 0x00f54ed1, 0x00000000, 0x00000000, 0x00000000,
  0x00000000, 0x00000000, 0xf0040000, 0x8ba8cf01, 0x03cba72e, 0x00000000, 0x00000000, 0x00000000,
  0x00000000, 0x00400000, 0x4007c010, 0x37503801, 0x01ded9d1, 0x00000000, 0x00000000, 0x00000000,
  0x00000000, 0x00000000, 0xb8028001, 0xdca45700, 0x03a507ea, 0x00000000, 0x00000000, 0x00000000,
  0x00000000, 0x00000000, 0x60056000, 0x0b406c81, 0x00dfee14, 0x00000000, 0x00000000, 0x00000000,
  0x00000000, 0x00000000, 0xd8038010, 0xb4b8b301, 0x03e2c1eb, 0x00000000, 0x00000000, 0x00000000,
  0x00000000, 0x00000000, 0xa004c001, 0x0b804c00, 0x015d0f94, 0x00000000, 0x00000000, 0x00000000,
  0x00000000, 0x00000000, 0x58070000, 0x76703001, 0x01cfe669, 0x00000000, 0x00000000, 0x00000000,
  0x00000000, 0x00000000, 0xa403c002, 0x9d80df03, 0x02f009f6, 0x00000000, 0x00000000, 0x00000000,
  0x00000000, 0x00000000, 0x7804a011, 0x22406000, 0x01cff708, 0x00000000, 0x00000000, 0x00000000,
  0x00000000, 0x00000000, 0xc0034000, 0xddbc3f01, 0x03968ff3, 0x00000000, 0x00000000, 0x00000000,
  0x00000000, 0x00000000, 0xb0058000, 0x3f404880, 0x01ed40c4, 0x00000000, 0x00000000, 0x00000000,
  0x00000000, 0x00000000, 0x48064011, 0x02b0f701, 0x014ba739, 0x00000000, 0x00000000, 0x00000000,
  0x00000000, 0x00000000, 0xf0038000, 0xdd401c01, 0x02f6cfc6, 0x00000000, 0x00000000, 0x00000000,
  0x00000000, 0x00000000, 0x2804e000, 0x22a26000, 0x01cd04b8, 0x00000000, 0x00000000, 0x00000000,
  0x00000000, 0x00000000, 0xd0030011, 0x9f58bf01, 0x03dbeb47, 0x00000000, 0x00000000, 0x00000000,
  0x00000000, 0x00000000, 0xa805c00a, 0x3c804001, 0x01e697f8, 0x00000000, 0x00000000, 0x00000000,
  0x00000000, 0x00000000, 0x40028000, 0x43347f00, 0x009d4c81, 0x00000000, 0x00000000, 0x00000000,
  0x00000000, 0x00000000, 0xf8074011, 0xbcc09001, 0x0343a37e, 0x00000000, 0x00000000, 0x00000000,
  0x00000000, 0x00000000, 0x80058000, 0x03286f80, 0x01fecf81, 0x00000000, 0x00000000, 0x00000000,
  0x00000000, 0x00000000, 0x7402e000, 0xffd07801, 0x03cd257e, 0x00000000, 0x00000000, 0x00000000,
  0x00000000, 0x00000000, 0xe8050011, 0x14200701, 0x00f7cae0, 0x00000000, 0x00000000, 0x00000000,
  0x00000000, 0x00000000, 0x1003c000, 0x2bc0f800, 0x01cac59d, 0x00000000, 0x00000000, 0x00000000,
  0x00000000, 0x00000000, 0xe8068000, 0xde301401, 0x03dd3f62, 0x00000000, 0x00000000, 0x00000000,
  0x00000000, 0x00000000, 0x90054001, 0x01c86f01, 0x01e7c299, 0x00000000, 0x00000000, 0x00000000,
  0x00000000, 0x00000000, 0x6802a012, 0xbe14f002, 0x030a85e6, 0x00000000, 0x00000000, 0x00000000,
  0x00000000, 0x00000000, 0xf0054000, 0x15e00f81, 0x00d56f58, 0x00000000, 0x00000000, 0x00000000,
  0x00000000, 0x00000000, 0x08038001, 0x6a027000, 0x01ef82a5, 0x00000000, 0x00000000, 0x00000000,
  0x00000000, 0x00000000, 0xf006c010, 0x9fb81f01, 0x03decdd2, 0x00000000, 0x00000000, 0x00000000,
  0x00000000, 0x00000000, 0xc0050000, 0x2140e801, 0x01e1272d, 0x00000000, 0x00000000, 0x00000000,
  0x00000000, 0x00400000, 0x3803e001, 0xdeb07400, 0x02dedbd2, 0x00000000, 0x00000000, 0x00000000,
  0x00000000, 0x00000000, 0xc0048010, 0x37400b01, 0x014fa469, 0x00000000, 0x00000000, 0x00000000,
  0x00000000, 0x00000000, 0x3c034000, 0x08a4f401, 0x01b14fb4, 0x00000000, 0x00000000, 0x00000000,
  0x00000000, 0x00000000, 0xe0068003, 0xd7585f00, 0x03ce87ca, 0x00000000, 0x00000000, 0x00000000,
  0x00000000, 0x00000000, 0xd801c010, 0x28802081, 0x00d7e835, 0x00000000, 0x00000000, 0x00000000,
  0x00000000, 0x00000000, 0x20072000, 0x9f607f00, 0x03ed07ca, 0x00000000, 0x00000000, 0x00000000,
  0x00000000, 0x00000000, 0xd804c001, 0x36908001, 0x01dacff5, 0x00000000, 0x00000000, 0x00000000,
  0x00000000, 0x00000000, 0xe0038010, 0xc9e87f01, 0x03e7f10a, 0x00000000, 0x00000000, 0x00000000,
    },
    .expected_counts = {
  0, 0, 0, 0, 0, 63, 0, 0, 62, 7
    },
    .expected_class = 5u,
  },
};
