#! /c/Source/iverilog-install/bin/vvp
:ivl_version "12.0 (devel)" "(s20150603-1539-g2693dd32b)";
:ivl_delay_selection "TYPICAL";
:vpi_time_precision - 12;
:vpi_module "C:\iverilog\lib\ivl\system.vpi";
:vpi_module "C:\iverilog\lib\ivl\vhdl_sys.vpi";
:vpi_module "C:\iverilog\lib\ivl\vhdl_textio.vpi";
:vpi_module "C:\iverilog\lib\ivl\v2005_math.vpi";
:vpi_module "C:\iverilog\lib\ivl\va_math.vpi";
:vpi_module "C:\iverilog\lib\ivl\v2009.vpi";
S_000002d643a11120 .scope package, "$unit" "$unit" 2 1;
 .timescale 0 0;
S_000002d6439ec8d0 .scope package, "snn_soc_pkg" "snn_soc_pkg" 3 34;
 .timescale -9 -12;
P_000002d643a130e0 .param/l "ADC_BITS" 0 3 66, +C4<00000000000000000000000000001000>;
P_000002d643a13118 .param/l "ADC_CHANNELS" 0 3 59, +C4<00000000000000000000000000010100>;
P_000002d643a13150 .param/l "ADC_MUX_SETTLE_CYCLES" 0 3 113, +C4<00000000000000000000000000000010>;
P_000002d643a13188 .param/l "ADC_SAMPLE_CYCLES" 0 3 114, +C4<00000000000000000000000000000011>;
P_000002d643a131c0 .param/l "ADDR_DATA_BASE" 1 3 143, C4<00000000000000010000000000000000>;
P_000002d643a131f8 .param/l "ADDR_DATA_END" 1 3 144, C4<00000000000000010011111111111111>;
P_000002d643a13230 .param/l "ADDR_DMA_BASE" 1 3 157, C4<01000000000000000000000100000000>;
P_000002d643a13268 .param/l "ADDR_DMA_END" 1 3 158, C4<01000000000000000000000111111111>;
P_000002d643a132a0 .param/l "ADDR_FIFO_BASE" 1 3 169, C4<01000000000000000000010000000000>;
P_000002d643a132d8 .param/l "ADDR_FIFO_END" 1 3 170, C4<01000000000000000000010011111111>;
P_000002d643a13310 .param/l "ADDR_INSTR_BASE" 1 3 138, C4<00000000000000000000000000000000>;
P_000002d643a13348 .param/l "ADDR_INSTR_END" 1 3 139, C4<00000000000000000011111111111111>;
P_000002d643a13380 .param/l "ADDR_REG_BASE" 1 3 153, C4<01000000000000000000000000000000>;
P_000002d643a133b8 .param/l "ADDR_REG_END" 1 3 154, C4<01000000000000000000000011111111>;
P_000002d643a133f0 .param/l "ADDR_SPI_BASE" 1 3 165, C4<01000000000000000000001100000000>;
P_000002d643a13428 .param/l "ADDR_SPI_END" 1 3 166, C4<01000000000000000000001111111111>;
P_000002d643a13460 .param/l "ADDR_UART_BASE" 1 3 161, C4<01000000000000000000001000000000>;
P_000002d643a13498 .param/l "ADDR_UART_END" 1 3 162, C4<01000000000000000000001011111111>;
P_000002d643a134d0 .param/l "ADDR_WEIGHT_BASE" 1 3 148, C4<00000000000000110000000000000000>;
P_000002d643a13508 .param/l "ADDR_WEIGHT_END" 1 3 149, C4<00000000000000110011111111111111>;
P_000002d643a13540 .param/l "CIM_LATENCY_CYCLES" 0 3 111, +C4<00000000000000000000000000001010>;
P_000002d643a13578 .param/l "DAC_LATENCY_CYCLES" 0 3 110, +C4<00000000000000000000000000000101>;
P_000002d643a135b0 .param/l "DATA_SRAM_BYTES" 1 3 134, C4<00000000000000000100000000000000>;
P_000002d643a135e8 .param/l "INPUT_FIFO_DEPTH" 0 3 104, +C4<00000000000000000000000100000000>;
P_000002d643a13620 .param/l "INSTR_SRAM_BYTES" 1 3 133, C4<00000000000000000100000000000000>;
P_000002d643a13658 .param/l "LIF_MEM_WIDTH" 0 3 78, +C4<00000000000000000000000000100000>;
P_000002d643a13690 .param/l "NEURON_DATA_WIDTH" 0 3 71, +C4<00000000000000000000000000001001>;
P_000002d643a136c8 .param/l "NUM_INPUTS" 0 3 42, +C4<00000000000000000000000001000000>;
P_000002d643a13700 .param/l "NUM_OUTPUTS" 0 3 45, +C4<00000000000000000000000000001010>;
P_000002d643a13738 .param/l "OUTPUT_FIFO_DEPTH" 0 3 105, +C4<00000000000000000000000100000000>;
P_000002d643a13770 .param/l "PIXEL_BITS" 0 3 62, +C4<00000000000000000000000000001000>;
P_000002d643a137a8 .param/l "THRESHOLD_DEFAULT" 0 3 95, +C4<00000000000000000000101111110100>;
P_000002d643a137e0 .param/l "THRESHOLD_RATIO_DEFAULT" 0 3 86, +C4<00000000000000000000000000000100>;
P_000002d643a13818 .param/l "TIMESTEPS_DEFAULT" 0 3 90, +C4<00000000000000000000000000000011>;
P_000002d643a13850 .param/l "WEIGHT_SRAM_BYTES" 1 3 135, C4<00000000000000000100000000000000>;
P_000002d643a13888 .param/l "WL_GROUP_COUNT" 0 3 53, +C4<00000000000000000000000000001000>;
P_000002d643a138c0 .param/l "WL_GROUP_WIDTH" 0 3 52, +C4<00000000000000000000000000001000>;
S_000002d64397d400 .scope module, "top_tb_icarus_light" "top_tb_icarus_light" 4 3;
 .timescale -9 -12;
P_000002d64397c170 .param/l "DMA_CTRL" 1 4 14, C4<01000000000000000000000100001000>;
P_000002d64397c1a8 .param/l "DMA_LEN_WORDS" 1 4 13, C4<01000000000000000000000100000100>;
P_000002d64397c1e0 .param/l "DMA_SRC_ADDR" 1 4 12, C4<01000000000000000000000100000000>;
P_000002d64397c218 .param/l "REG_CIM_CTRL" 1 4 8, C4<01000000000000000000000000010100>;
P_000002d64397c250 .param/l "REG_CIM_TEST" 1 4 10, C4<01000000000000000000000000101100>;
P_000002d64397c288 .param/l "REG_OUT_COUNT" 1 4 9, C4<01000000000000000000000000100000>;
P_000002d64397c2c0 .param/l "REG_THRESHOLD" 1 4 6, C4<01000000000000000000000000000000>;
P_000002d64397c2f8 .param/l "REG_TIMESTEPS" 1 4 7, C4<01000000000000000000000000000100>;
L_000002d643a91c58 .functor BUFT 1, C4<1>, C4<0>, C4<0>, C4<0>;
L_000002d643a91ce8 .functor BUFT 1, C4<1>, C4<0>, C4<0>, C4<0>;
L_000002d6438e0cc0 .functor XOR 1, L_000002d643a91c58, L_000002d643a91ce8, C4<0>, C4<0>;
L_000002d643a91d30 .functor BUFT 1, C4<0>, C4<0>, C4<0>, C4<0>;
L_000002d6438dfa60 .functor XOR 1, L_000002d6438e0cc0, L_000002d643a91d30, C4<0>, C4<0>;
L_000002d643a91d78 .functor BUFT 1, C4<0>, C4<0>, C4<0>, C4<0>;
L_000002d6438df590 .functor XOR 1, L_000002d6438dfa60, L_000002d643a91d78, C4<0>, C4<0>;
L_000002d643a91dc0 .functor BUFT 1, C4<0>, C4<0>, C4<0>, C4<0>;
L_000002d6438df910 .functor XOR 1, L_000002d6438df590, L_000002d643a91dc0, C4<0>, C4<0>;
v000002d643a84e00_0 .net *"_ivl_0", 0 0, L_000002d6438e0cc0;  1 drivers
v000002d643a833c0_0 .net *"_ivl_2", 0 0, L_000002d6438dfa60;  1 drivers
v000002d643a854e0_0 .net *"_ivl_4", 0 0, L_000002d6438df590;  1 drivers
v000002d643a842c0_0 .net "_unused_tb", 0 0, L_000002d6438df910;  1 drivers
v000002d643a84ea0_0 .var "cim_done_seen", 0 0;
v000002d643a84b80_0 .var "clk", 0 0;
v000002d643a84400_0 .var "dma_done_seen", 0 0;
v000002d643a83280_0 .var/i "error_count", 31 0;
v000002d643a84fe0_0 .var/i "f", 31 0;
v000002d643a85440_0 .var/i "i", 31 0;
v000002d643a840e0_0 .var "jtag_tck", 0 0;
v000002d643a83d20_0 .var "jtag_tdi", 0 0;
v000002d643a851c0_0 .net "jtag_tdo", 0 0, L_000002d643a91dc0;  1 drivers
v000002d643a83460_0 .var "jtag_tms", 0 0;
v000002d643a83dc0_0 .var "rd", 31 0;
v000002d643a83e60_0 .var "rst_n", 0 0;
v000002d643a83f00_0 .net "spi_cs_n", 0 0, L_000002d643a91ce8;  1 drivers
v000002d643a84680_0 .var "spi_miso", 0 0;
v000002d643a84360_0 .net "spi_mosi", 0 0, L_000002d643a91d78;  1 drivers
v000002d643a84220_0 .net "spi_sck", 0 0, L_000002d643a91d30;  1 drivers
v000002d643a85260_0 .var "uart_rx", 0 0;
v000002d643a849a0_0 .net "uart_tx", 0 0, L_000002d643a91c58;  1 drivers
E_000002d6439e0490 .event anyedge, v000002d6439b6820_0;
S_000002d64348df90 .scope autotask, "bus_read" "bus_read" 4 79, 4 79 0, S_000002d64397d400;
 .timescale -9 -12;
v000002d6439f6680_0 .var "addr", 31 0;
v000002d6439f5a00_0 .var "data", 31 0;
E_000002d6439df610 .event negedge, v000002d6439f5fa0_0;
TD_top_tb_icarus_light.bus_read ;
    %wait E_000002d6439df610;
    %pushi/vec4 1, 0, 1;
    %store/vec4 v000002d6439f6180_0, 0, 1;
    %pushi/vec4 0, 0, 1;
    %store/vec4 v000002d6439f50a0_0, 0, 1;
    %load/vec4 v000002d6439f6680_0;
    %store/vec4 v000002d6439f6c20_0, 0, 32;
    %pushi/vec4 0, 0, 32;
    %store/vec4 v000002d6439f6220_0, 0, 32;
    %pushi/vec4 0, 0, 4;
    %store/vec4 v000002d6439f62c0_0, 0, 4;
    %wait E_000002d6439e2250;
    %wait E_000002d6439e2250;
    %load/vec4 v000002d6439f6a40_0;
    %store/vec4 v000002d6439f5a00_0, 0, 32;
    %load/vec4 v000002d6439f4ec0_0;
    %cmpi/ne 1, 0, 1;
    %jmp/0xz  T_0.0, 6;
    %vpi_call/w 4 94 "$display", "[ERR] bus_read timeout addr=0x%08h t=%0t", v000002d6439f6680_0, $time {0 0 0};
    %load/vec4 v000002d643a83280_0;
    %addi 1, 0, 32;
    %store/vec4 v000002d643a83280_0, 0, 32;
T_0.0 ;
    %wait E_000002d6439df610;
    %pushi/vec4 0, 0, 1;
    %store/vec4 v000002d6439f6180_0, 0, 1;
    %pushi/vec4 0, 0, 1;
    %store/vec4 v000002d6439f50a0_0, 0, 1;
    %pushi/vec4 0, 0, 32;
    %store/vec4 v000002d6439f6c20_0, 0, 32;
    %pushi/vec4 0, 0, 32;
    %store/vec4 v000002d6439f6220_0, 0, 32;
    %pushi/vec4 0, 0, 4;
    %store/vec4 v000002d6439f62c0_0, 0, 4;
    %end;
S_000002d643a0f000 .scope autotask, "bus_write" "bus_write" 4 52, 4 52 0, S_000002d64397d400;
 .timescale -9 -12;
v000002d6439f6b80_0 .var "addr", 31 0;
v000002d6439f5460_0 .var "data", 31 0;
E_000002d6439e1b90 .event negedge, v000002d6439f5fa0_0;
TD_top_tb_icarus_light.bus_write ;
    %wait E_000002d6439e1b90;
    %pushi/vec4 1, 0, 1;
    %store/vec4 v000002d6439f6180_0, 0, 1;
    %pushi/vec4 1, 0, 1;
    %store/vec4 v000002d6439f50a0_0, 0, 1;
    %load/vec4 v000002d6439f6b80_0;
    %store/vec4 v000002d6439f6c20_0, 0, 32;
    %load/vec4 v000002d6439f5460_0;
    %store/vec4 v000002d6439f6220_0, 0, 32;
    %pushi/vec4 15, 0, 4;
    %store/vec4 v000002d6439f62c0_0, 0, 4;
    %wait E_000002d6439e2250;
    %wait E_000002d6439e2250;
    %load/vec4 v000002d6439f4d80_0;
    %cmpi/ne 1, 0, 1;
    %jmp/0xz  T_1.2, 6;
    %vpi_call/w 4 66 "$display", "[ERR] bus_write timeout addr=0x%08h data=0x%08h t=%0t", v000002d6439f6b80_0, v000002d6439f5460_0, $time {0 0 0};
    %load/vec4 v000002d643a83280_0;
    %addi 1, 0, 32;
    %store/vec4 v000002d643a83280_0, 0, 32;
T_1.2 ;
    %wait E_000002d6439e1b90;
    %pushi/vec4 0, 0, 1;
    %store/vec4 v000002d6439f6180_0, 0, 1;
    %pushi/vec4 0, 0, 1;
    %store/vec4 v000002d6439f50a0_0, 0, 1;
    %pushi/vec4 0, 0, 32;
    %store/vec4 v000002d6439f6c20_0, 0, 32;
    %pushi/vec4 0, 0, 32;
    %store/vec4 v000002d6439f6220_0, 0, 32;
    %pushi/vec4 0, 0, 4;
    %store/vec4 v000002d6439f62c0_0, 0, 4;
    %end;
S_000002d643a0fa00 .scope begin, "cim_poll" "cim_poll" 4 185, 4 185 0, S_000002d64397d400;
 .timescale -9 -12;
S_000002d643a118f0 .scope begin, "dma_poll" "dma_poll" 4 163, 4 163 0, S_000002d64397d400;
 .timescale -9 -12;
S_000002d643a11a80 .scope module, "dut" "snn_soc_top" 4 37, 5 56 0, S_000002d64397d400;
 .timescale -9 -12;
    .port_info 0 /INPUT 1 "clk";
    .port_info 1 /INPUT 1 "rst_n";
    .port_info 2 /INPUT 1 "uart_rx";
    .port_info 3 /OUTPUT 1 "uart_tx";
    .port_info 4 /OUTPUT 1 "spi_cs_n";
    .port_info 5 /OUTPUT 1 "spi_sck";
    .port_info 6 /OUTPUT 1 "spi_mosi";
    .port_info 7 /INPUT 1 "spi_miso";
    .port_info 8 /INPUT 1 "jtag_tck";
    .port_info 9 /INPUT 1 "jtag_tms";
    .port_info 10 /INPUT 1 "jtag_tdi";
    .port_info 11 /OUTPUT 1 "jtag_tdo";
L_000002d6439864a0 .functor XOR 1, L_000002d6439873f0, L_000002d643a853a0, C4<0>, C4<0>;
L_000002d643985be0 .functor XOR 1, L_000002d6439864a0, v000002d643a685c0_0, C4<0>, C4<0>;
L_000002d643987380 .functor XOR 1, L_000002d643985be0, v000002d643a680c0_0, C4<0>, C4<0>;
L_000002d6439860b0 .functor XOR 1, L_000002d643987380, v000002d643a6a5e0_0, C4<0>, C4<0>;
L_000002d643986c10 .functor XOR 1, L_000002d6439860b0, v000002d643a6d1a0_0, C4<0>, C4<0>;
L_000002d643986350 .functor XOR 1, L_000002d643a84720, L_000002d643a84ae0, C4<0>, C4<0>;
L_000002d6439874d0 .functor XOR 1, L_000002d643986350, L_000002d643adbd40, C4<0>, C4<0>;
L_000002d643986b30 .functor XOR 1, L_000002d6439874d0, v000002d643a82bf0_0, C4<0>, C4<0>;
v000002d643a82dd0_0 .net *"_ivl_1", 0 0, L_000002d643a853a0;  1 drivers
v000002d643a821f0_0 .net *"_ivl_13", 0 0, L_000002d643a84720;  1 drivers
v000002d643a81ed0_0 .net *"_ivl_15", 0 0, L_000002d643a84ae0;  1 drivers
v000002d643a82010_0 .net *"_ivl_16", 0 0, L_000002d643986350;  1 drivers
v000002d643a823d0_0 .net *"_ivl_18", 0 0, L_000002d6439874d0;  1 drivers
v000002d643a82290_0 .net *"_ivl_2", 0 0, L_000002d6439864a0;  1 drivers
L_000002d643a91bc8 .functor BUFT 1, C4<01010>, C4<0>, C4<0>, C4<0>;
v000002d643a82330_0 .net/2u *"_ivl_26", 4 0, L_000002d643a91bc8;  1 drivers
v000002d643a82470_0 .net *"_ivl_28", 0 0, L_000002d643adbf20;  1 drivers
v000002d643a803f0_0 .net *"_ivl_30", 7 0, L_000002d643adb980;  1 drivers
v000002d643a80cb0_0 .net *"_ivl_4", 0 0, L_000002d643985be0;  1 drivers
v000002d643a7fd10_0 .net *"_ivl_6", 0 0, L_000002d643987380;  1 drivers
v000002d643a80c10_0 .net *"_ivl_8", 0 0, L_000002d6439860b0;  1 drivers
v000002d643a816b0_0 .net "_unused_top", 0 0, L_000002d643986c10;  1 drivers
v000002d643a80e90_0 .net "_unused_wl_mux", 0 0, L_000002d643986b30;  1 drivers
v000002d643a80210_0 .net "adc_done", 0 0, L_000002d643adcec0;  1 drivers
v000002d643a80850_0 .net "adc_done_hw", 0 0, v000002d643a6a220_0;  1 drivers
v000002d643a80710_0 .var "adc_done_test", 0 0;
v000002d643a7fdb0_0 .net "adc_kick_pulse", 0 0, v000002d643a62c70_0;  1 drivers
v000002d643a7f770_0 .net "adc_sat_high", 15 0, v000002d6439b6d20_0;  1 drivers
v000002d643a802b0_0 .net "adc_sat_low", 15 0, v000002d6439b7720_0;  1 drivers
v000002d643a80ad0_0 .net "adc_start", 0 0, v000002d6439b6b40_0;  1 drivers
v000002d643a814d0_0 .net "bitplane_shift", 2 0, v000002d643a632b0_0;  1 drivers
v000002d643a80fd0_0 .net "bl_data", 7 0, L_000002d643adc240;  1 drivers
v000002d643a80f30_0 .net "bl_data_hw", 7 0, v000002d643a6a4a0_0;  1 drivers
v000002d643a7f810_0 .net "bl_sel", 4 0, v000002d6439b7a40_0;  1 drivers
v000002d643a7f630_0 .net "cim_done", 0 0, L_000002d643adc1a0;  1 drivers
v000002d643a81750_0 .net "cim_done_hw", 0 0, v000002d643a6ab80_0;  1 drivers
v000002d643a80d50_0 .var "cim_done_test", 0 0;
v000002d643a7f950_0 .net "cim_start_pulse", 0 0, v000002d643a62270_0;  1 drivers
v000002d643a7fa90_0 .net "cim_test_data_neg", 7 0, v000002d643a6d380_0;  1 drivers
v000002d643a81390_0 .net "cim_test_data_pos", 7 0, v000002d643a6c480_0;  1 drivers
v000002d643a7f8b0_0 .net "cim_test_mode", 0 0, v000002d643a6c840_0;  1 drivers
v000002d643a80170_0 .net "clk", 0 0, v000002d643a84b80_0;  1 drivers
v000002d643a7f9f0_0 .net "dac_done_pulse", 0 0, v000002d643a63d80_0;  1 drivers
v000002d643a80df0_0 .net "dac_valid", 0 0, v000002d643a64aa0_0;  1 drivers
v000002d643a80490_0 .net "data_rdata", 31 0, L_000002d643985e80;  1 drivers
v000002d643a80530_0 .net "data_req_addr", 31 0, L_000002d643adb7a0;  1 drivers
v000002d643a817f0_0 .net "data_req_valid", 0 0, L_000002d643987310;  1 drivers
v000002d643a7fb30_0 .net "data_req_wdata", 31 0, L_000002d643986cf0;  1 drivers
v000002d643a81570_0 .net "data_req_write", 0 0, L_000002d6439863c0;  1 drivers
v000002d643a7f4f0_0 .net "data_req_wstrb", 3 0, L_000002d643985cc0;  1 drivers
v000002d643a7fc70_0 .var "dbg_cim_cycle_cnt", 15 0;
v000002d643a80670_0 .var "dbg_dma_frame_cnt", 15 0;
v000002d643a81070_0 .var "dbg_spike_cnt", 15 0;
v000002d643a7f6d0_0 .var "dbg_wl_stall_cnt", 15 0;
v000002d643a81110_0 .net "dma_rd_addr", 31 0, v000002d643a674b0_0;  1 drivers
v000002d643a7fbd0_0 .net "dma_rd_data", 31 0, L_000002d643adb2a0;  1 drivers
v000002d643a7f310_0 .net "dma_rd_en", 0 0, v000002d643a65c50_0;  1 drivers
v000002d643a7fe50_0 .net "dma_rdata", 31 0, v000002d643a66dd0_0;  1 drivers
v000002d643a81610_0 .net "dma_req_addr", 31 0, L_000002d643ad9e00;  1 drivers
v000002d643a805d0_0 .net "dma_req_valid", 0 0, L_000002d643986c80;  1 drivers
v000002d643a7f1d0_0 .net "dma_req_wdata", 31 0, L_000002d6439875b0;  1 drivers
v000002d643a7fef0_0 .net "dma_req_write", 0 0, L_000002d643987230;  1 drivers
v000002d643a80a30_0 .net "dma_req_wstrb", 3 0, L_000002d6439869e0;  1 drivers
v000002d643a811b0_0 .net "fifo_rdata", 31 0, v000002d643a677d0_0;  1 drivers
v000002d643a7ff90_0 .net "fifo_req_addr", 31 0, L_000002d643ad97c0;  1 drivers
v000002d643a81250_0 .net "fifo_req_valid", 0 0, L_000002d643985c50;  1 drivers
v000002d643a807b0_0 .net "fifo_req_wdata", 31 0, L_000002d6439872a0;  1 drivers
v000002d643a808f0_0 .net "fifo_req_write", 0 0, L_000002d643986f90;  1 drivers
v000002d643a812f0_0 .net "fifo_req_wstrb", 3 0, L_000002d643986040;  1 drivers
v000002d643a80350_0 .net "in_fifo_count", 8 0, v000002d643a67da0_0;  1 drivers
v000002d643a80030_0 .net "in_fifo_empty", 0 0, L_000002d643adada0;  1 drivers
v000002d643a81890_0 .net "in_fifo_full", 0 0, L_000002d643ada120;  1 drivers
v000002d643a800d0_0 .net "in_fifo_overflow", 0 0, v000002d643a685c0_0;  1 drivers
v000002d643a80990_0 .net "in_fifo_pop", 0 0, v000002d643a62770_0;  1 drivers
v000002d643a80b70_0 .net "in_fifo_push", 0 0, v000002d643a67370_0;  1 drivers
v000002d643a81430_0 .net "in_fifo_rdata", 63 0, L_000002d643988340;  1 drivers
v000002d643a7f130_0 .net "in_fifo_underflow", 0 0, v000002d643a680c0_0;  1 drivers
v000002d643a7f270_0 .net "in_fifo_wdata", 63 0, v000002d643a65a70_0;  1 drivers
v000002d643a7f3b0_0 .net "instr_rdata", 31 0, L_000002d643985e10;  1 drivers
v000002d643a7f590_0 .net "instr_req_addr", 31 0, L_000002d643ad9c20;  1 drivers
v000002d643a7f450_0 .net "instr_req_valid", 0 0, L_000002d643986510;  1 drivers
v000002d643a86200_0 .net "instr_req_wdata", 31 0, L_000002d643986430;  1 drivers
v000002d643a85a80_0 .net "instr_req_write", 0 0, L_000002d643986820;  1 drivers
v000002d643a86d40_0 .net "instr_req_wstrb", 3 0, L_000002d6439866d0;  1 drivers
v000002d643a86520_0 .net "jtag_tck", 0 0, v000002d643a840e0_0;  1 drivers
v000002d643a86700_0 .net "jtag_tdi", 0 0, v000002d643a83d20_0;  1 drivers
v000002d643a863e0_0 .net "jtag_tdo", 0 0, L_000002d643a91dc0;  alias, 1 drivers
v000002d643a86840_0 .net "jtag_tms", 0 0, v000002d643a83460_0;  1 drivers
v000002d643a86ca0_0 .net "neuron_in_data", 89 0, v000002d6439b7cc0_0;  1 drivers
v000002d643a868e0_0 .net "neuron_in_valid", 0 0, v000002d6439b6a00_0;  1 drivers
v000002d643a86980_0 .net "neuron_threshold", 31 0, v000002d643a6c5c0_0;  1 drivers
v000002d643a865c0_0 .net "out_fifo_count", 8 0, v000002d643a69f00_0;  1 drivers
v000002d643a86a20_0 .net "out_fifo_empty", 0 0, L_000002d643adb700;  1 drivers
v000002d643a867a0_0 .net "out_fifo_full", 0 0, L_000002d643ada800;  1 drivers
v000002d643a86e80_0 .net "out_fifo_overflow", 0 0, v000002d643a6a5e0_0;  1 drivers
v000002d643a86ac0_0 .net "out_fifo_pop", 0 0, v000002d643a6c8e0_0;  1 drivers
v000002d643a86340_0 .net "out_fifo_push", 0 0, v000002d643a6a9a0_0;  1 drivers
v000002d643a86660_0 .net "out_fifo_rdata", 3 0, L_000002d6439878c0;  1 drivers
v000002d643a85ee0_0 .net "out_fifo_underflow", 0 0, v000002d643a6d1a0_0;  1 drivers
v000002d643a86020_0 .net "out_fifo_wdata", 3 0, v000002d643a6b260_0;  1 drivers
v000002d643a86480_0 .net "reg_rdata", 31 0, v000002d643a6ca20_0;  1 drivers
v000002d643a860c0_0 .net "reg_req_addr", 31 0, L_000002d643adb340;  1 drivers
v000002d643a86b60_0 .net "reg_req_valid", 0 0, L_000002d643985fd0;  1 drivers
v000002d643a86c00_0 .net "reg_req_wdata", 31 0, L_000002d6439865f0;  1 drivers
v000002d643a859e0_0 .net "reg_req_write", 0 0, L_000002d643986890;  1 drivers
v000002d643a86de0_0 .net "reg_req_wstrb", 3 0, L_000002d643987620;  1 drivers
v000002d643a85d00_0 .net "reg_resp_addr", 31 0, L_000002d643986740;  1 drivers
v000002d643a85bc0_0 .net "reg_resp_read_pulse", 0 0, L_000002d6439873f0;  1 drivers
v000002d643a86f20_0 .net "reset_mode", 0 0, v000002d643a6d880_0;  1 drivers
v000002d643a86fc0_0 .net "rst_n", 0 0, v000002d643a83e60_0;  1 drivers
v000002d643a85940_0 .net "snn_busy", 0 0, v000002d643a63490_0;  1 drivers
v000002d643a85b20_0 .net "snn_done_pulse", 0 0, v000002d643a62590_0;  1 drivers
v000002d643a85c60_0 .net "snn_soft_reset_pulse", 0 0, v000002d643a7c8c0_0;  1 drivers
v000002d643a85da0_0 .net "snn_start_pulse", 0 0, v000002d643a7c000_0;  1 drivers
v000002d643a85e40_0 .net "spi_cs_n", 0 0, L_000002d643a91ce8;  alias, 1 drivers
v000002d643a85f80_0 .net "spi_miso", 0 0, v000002d643a84680_0;  1 drivers
v000002d643a86160_0 .net "spi_mosi", 0 0, L_000002d643a91d78;  alias, 1 drivers
v000002d643a862a0_0 .net "spi_rdata", 31 0, v000002d643a7cc80_0;  1 drivers
v000002d643a844a0_0 .net "spi_req_addr", 31 0, L_000002d643ada4e0;  1 drivers
v000002d643a84540_0 .net "spi_req_valid", 0 0, L_000002d643987000;  1 drivers
v000002d643a83a00_0 .net "spi_req_wdata", 31 0, L_000002d643986660;  1 drivers
v000002d643a83820_0 .net "spi_req_write", 0 0, L_000002d643987700;  1 drivers
v000002d643a85080_0 .net "spi_req_wstrb", 3 0, L_000002d643986ac0;  1 drivers
v000002d643a85620_0 .net "spi_sck", 0 0, L_000002d643a91d30;  alias, 1 drivers
v000002d643a83c80_0 .var "test_adc_busy", 0 0;
v000002d643a85300_0 .var "test_adc_cnt", 3 0;
v000002d643a856c0_0 .var "test_cim_busy", 0 0;
v000002d643a831e0_0 .var "test_cim_cnt", 3 0;
v000002d643a84d60_0 .net "timestep_counter", 7 0, v000002d643a64320_0;  1 drivers
v000002d643a84f40_0 .net "timesteps", 7 0, v000002d643a7c5a0_0;  1 drivers
v000002d643a847c0_0 .net "uart_rdata", 31 0, v000002d643a7bec0_0;  1 drivers
v000002d643a83fa0_0 .net "uart_req_addr", 31 0, L_000002d643adb160;  1 drivers
v000002d643a85760_0 .net "uart_req_valid", 0 0, L_000002d6439862e0;  1 drivers
v000002d643a858a0_0 .net "uart_req_wdata", 31 0, L_000002d643987070;  1 drivers
v000002d643a836e0_0 .net "uart_req_write", 0 0, L_000002d643986120;  1 drivers
v000002d643a835a0_0 .net "uart_req_wstrb", 3 0, L_000002d643985da0;  1 drivers
v000002d643a84a40_0 .net "uart_rx", 0 0, v000002d643a85260_0;  1 drivers
v000002d643a85120_0 .net "uart_tx", 0 0, L_000002d643a91c58;  alias, 1 drivers
v000002d643a83aa0_0 .net "weight_rdata", 31 0, L_000002d643985f60;  1 drivers
v000002d643a83780_0 .net "weight_req_addr", 31 0, L_000002d643adaa80;  1 drivers
v000002d643a84c20_0 .net "weight_req_valid", 0 0, L_000002d6439871c0;  1 drivers
v000002d643a838c0_0 .net "weight_req_wdata", 31 0, L_000002d643986580;  1 drivers
v000002d643a83140_0 .net "weight_req_write", 0 0, L_000002d643986a50;  1 drivers
v000002d643a85800_0 .net "weight_req_wstrb", 3 0, L_000002d643986970;  1 drivers
v000002d643a84900_0 .net "wl_bitmap", 63 0, L_000002d643987af0;  1 drivers
v000002d643a83960_0 .net "wl_bitmap_wrapped", 63 0, L_000002d643989610;  1 drivers
v000002d643a83b40_0 .net "wl_data", 7 0, v000002d643a81b10_0;  1 drivers
v000002d643a845e0_0 .net "wl_group_sel", 2 0, v000002d643a82b50_0;  1 drivers
v000002d643a84040_0 .net "wl_latch", 0 0, L_000002d643adbd40;  1 drivers
v000002d643a84cc0_0 .net "wl_mux_busy", 0 0, v000002d643a82bf0_0;  1 drivers
v000002d643a83320_0 .net "wl_spike", 63 0, L_000002d643989920;  1 drivers
v000002d643a84180_0 .net "wl_valid_pulse", 0 0, v000002d643a63ec0_0;  1 drivers
v000002d643a83be0_0 .net "wl_valid_pulse_wrapped", 0 0, v000002d643a82f10_0;  1 drivers
L_000002d643a853a0 .reduce/and L_000002d643986740;
L_000002d643a84720 .reduce/xor v000002d643a81b10_0;
L_000002d643a84ae0 .reduce/xor v000002d643a82b50_0;
L_000002d643adc1a0 .functor MUXZ 1, v000002d643a6ab80_0, v000002d643a80d50_0, v000002d643a6c840_0, C4<>;
L_000002d643adcec0 .functor MUXZ 1, v000002d643a6a220_0, v000002d643a80710_0, v000002d643a6c840_0, C4<>;
L_000002d643adbf20 .cmp/gt 5, L_000002d643a91bc8, v000002d6439b7a40_0;
L_000002d643adb980 .functor MUXZ 8, v000002d643a6d380_0, v000002d643a6c480_0, L_000002d643adbf20, C4<>;
L_000002d643adc240 .functor MUXZ 8, v000002d643a6a4a0_0, L_000002d643adb980, v000002d643a6c840_0, C4<>;
S_000002d64388f5a0 .scope module, "bus_if" "bus_simple_if" 5 94, 6 47 0, S_000002d643a11a80;
 .timescale -9 -12;
    .port_info 0 /INPUT 1 "clk";
L_000002d6439870e0 .functor BUFZ 1, v000002d643a84b80_0, C4<0>, C4<0>, C4<0>;
v000002d6439f6860_0 .net "_unused_clk", 0 0, L_000002d6439870e0;  1 drivers
v000002d6439f5fa0_0 .net "clk", 0 0, v000002d643a84b80_0;  alias, 1 drivers
v000002d6439f6c20_0 .var "m_addr", 31 0;
v000002d6439f6a40_0 .net "m_rdata", 31 0, L_000002d643986200;  1 drivers
v000002d6439f4d80_0 .net "m_ready", 0 0, L_000002d643986d60;  1 drivers
v000002d6439f4ec0_0 .net "m_rvalid", 0 0, L_000002d643986190;  1 drivers
v000002d6439f6180_0 .var "m_valid", 0 0;
v000002d6439f6220_0 .var "m_wdata", 31 0;
v000002d6439f50a0_0 .var "m_write", 0 0;
v000002d6439f62c0_0 .var "m_wstrb", 3 0;
S_000002d64388f730 .scope module, "u_adc" "adc_ctrl" 5 740, 7 40 0, S_000002d643a11a80;
 .timescale -9 -12;
    .port_info 0 /INPUT 1 "clk";
    .port_info 1 /INPUT 1 "rst_n";
    .port_info 2 /INPUT 1 "adc_kick_pulse";
    .port_info 3 /OUTPUT 1 "adc_start";
    .port_info 4 /INPUT 1 "adc_done";
    .port_info 5 /INPUT 8 "bl_data";
    .port_info 6 /OUTPUT 5 "bl_sel";
    .port_info 7 /OUTPUT 1 "neuron_in_valid";
    .port_info 8 /OUTPUT 90 "neuron_in_data";
    .port_info 9 /OUTPUT 16 "adc_sat_high";
    .port_info 10 /OUTPUT 16 "adc_sat_low";
P_000002d6438d0090 .param/l "BL_SEL_MAX" 1 7 66, C4<10011>;
P_000002d6438d00c8 .param/l "BL_SEL_WIDTH" 1 7 61, +C4<00000000000000000000000000000101>;
P_000002d6438d0100 .param/l "SETTLE_CNT_W" 1 7 87, +C4<00000000000000000000000000000010>;
enum000002d64342be50 .enum4 (2)
   "ST_IDLE" 2'b00,
   "ST_SEL" 2'b01,
   "ST_WAIT" 2'b10,
   "ST_DONE" 2'b11
 ;
v000002d6439f51e0_0 .net "adc_done", 0 0, L_000002d643adcec0;  alias, 1 drivers
v000002d6439f5280_0 .net "adc_kick_pulse", 0 0, v000002d643a62c70_0;  alias, 1 drivers
v000002d6439b6d20_0 .var "adc_sat_high", 15 0;
v000002d6439b7720_0 .var "adc_sat_low", 15 0;
v000002d6439b6b40_0 .var "adc_start", 0 0;
v000002d6439b8300_0 .net "bl_data", 7 0, L_000002d643adc240;  alias, 1 drivers
v000002d6439b7a40_0 .var "bl_sel", 4 0;
v000002d6439b6dc0_0 .net "clk", 0 0, v000002d643a84b80_0;  alias, 1 drivers
v000002d6439b7cc0_0 .var "neuron_in_data", 89 0;
v000002d6439b6a00_0 .var "neuron_in_valid", 0 0;
v000002d6439b65a0_0 .var "raw_data", 159 0;
v000002d6439b6820_0 .net "rst_n", 0 0, v000002d643a83e60_0;  alias, 1 drivers
v000002d6439b68c0_0 .var "sel_idx", 4 0;
v000002d6439b7b80_0 .var "settle_cnt", 1 0;
v000002d6439b6f00_0 .var "state", 1 0;
E_000002d6439e2250 .event posedge, v000002d6439f5fa0_0;
E_000002d6439e1dd0/0 .event negedge, v000002d6439b6820_0;
E_000002d6439e1dd0/1 .event posedge, v000002d6439f5fa0_0;
E_000002d6439e1dd0 .event/or E_000002d6439e1dd0/0, E_000002d6439e1dd0/1;
S_000002d6438b05d0 .scope begin, "$ivl_for_loop0" "$ivl_for_loop0" 7 227, 7 227 0, S_000002d64388f730;
 .timescale -9 -12;
v000002d6439f6400_0 .var/2s "i", 31 0;
S_000002d6438b0760 .scope module, "u_bus_interconnect" "bus_interconnect" 5 364, 8 72 0, S_000002d643a11a80;
 .timescale -9 -12;
    .port_info 0 /INPUT 1 "clk";
    .port_info 1 /INPUT 1 "rst_n";
    .port_info 2 /INPUT 1 "m_valid";
    .port_info 3 /INPUT 1 "m_write";
    .port_info 4 /INPUT 32 "m_addr";
    .port_info 5 /INPUT 32 "m_wdata";
    .port_info 6 /INPUT 4 "m_wstrb";
    .port_info 7 /OUTPUT 1 "m_ready";
    .port_info 8 /OUTPUT 32 "m_rdata";
    .port_info 9 /OUTPUT 1 "m_rvalid";
    .port_info 10 /OUTPUT 1 "instr_req_valid";
    .port_info 11 /OUTPUT 1 "instr_req_write";
    .port_info 12 /OUTPUT 32 "instr_req_addr";
    .port_info 13 /OUTPUT 32 "instr_req_wdata";
    .port_info 14 /OUTPUT 4 "instr_req_wstrb";
    .port_info 15 /INPUT 32 "instr_rdata";
    .port_info 16 /OUTPUT 1 "data_req_valid";
    .port_info 17 /OUTPUT 1 "data_req_write";
    .port_info 18 /OUTPUT 32 "data_req_addr";
    .port_info 19 /OUTPUT 32 "data_req_wdata";
    .port_info 20 /OUTPUT 4 "data_req_wstrb";
    .port_info 21 /INPUT 32 "data_rdata";
    .port_info 22 /OUTPUT 1 "weight_req_valid";
    .port_info 23 /OUTPUT 1 "weight_req_write";
    .port_info 24 /OUTPUT 32 "weight_req_addr";
    .port_info 25 /OUTPUT 32 "weight_req_wdata";
    .port_info 26 /OUTPUT 4 "weight_req_wstrb";
    .port_info 27 /INPUT 32 "weight_rdata";
    .port_info 28 /OUTPUT 1 "reg_req_valid";
    .port_info 29 /OUTPUT 1 "reg_req_write";
    .port_info 30 /OUTPUT 32 "reg_req_addr";
    .port_info 31 /OUTPUT 32 "reg_req_wdata";
    .port_info 32 /OUTPUT 4 "reg_req_wstrb";
    .port_info 33 /INPUT 32 "reg_rdata";
    .port_info 34 /OUTPUT 1 "reg_resp_read_pulse";
    .port_info 35 /OUTPUT 32 "reg_resp_addr";
    .port_info 36 /OUTPUT 1 "dma_req_valid";
    .port_info 37 /OUTPUT 1 "dma_req_write";
    .port_info 38 /OUTPUT 32 "dma_req_addr";
    .port_info 39 /OUTPUT 32 "dma_req_wdata";
    .port_info 40 /OUTPUT 4 "dma_req_wstrb";
    .port_info 41 /INPUT 32 "dma_rdata";
    .port_info 42 /OUTPUT 1 "uart_req_valid";
    .port_info 43 /OUTPUT 1 "uart_req_write";
    .port_info 44 /OUTPUT 32 "uart_req_addr";
    .port_info 45 /OUTPUT 32 "uart_req_wdata";
    .port_info 46 /OUTPUT 4 "uart_req_wstrb";
    .port_info 47 /INPUT 32 "uart_rdata";
    .port_info 48 /OUTPUT 1 "spi_req_valid";
    .port_info 49 /OUTPUT 1 "spi_req_write";
    .port_info 50 /OUTPUT 32 "spi_req_addr";
    .port_info 51 /OUTPUT 32 "spi_req_wdata";
    .port_info 52 /OUTPUT 4 "spi_req_wstrb";
    .port_info 53 /INPUT 32 "spi_rdata";
    .port_info 54 /OUTPUT 1 "fifo_req_valid";
    .port_info 55 /OUTPUT 1 "fifo_req_write";
    .port_info 56 /OUTPUT 32 "fifo_req_addr";
    .port_info 57 /OUTPUT 32 "fifo_req_wdata";
    .port_info 58 /OUTPUT 4 "fifo_req_wstrb";
    .port_info 59 /INPUT 32 "fifo_rdata";
P_000002d6434ae3b0 .param/l "SEL_DATA" 1 8 211, C4<0010>;
P_000002d6434ae3e8 .param/l "SEL_DMA" 1 8 214, C4<0101>;
P_000002d6434ae420 .param/l "SEL_FIFO" 1 8 217, C4<1000>;
P_000002d6434ae458 .param/l "SEL_INSTR" 1 8 210, C4<0001>;
P_000002d6434ae490 .param/l "SEL_NONE" 1 8 209, C4<0000>;
P_000002d6434ae4c8 .param/l "SEL_REG" 1 8 213, C4<0100>;
P_000002d6434ae500 .param/l "SEL_SPI" 1 8 216, C4<0111>;
P_000002d6434ae538 .param/l "SEL_UART" 1 8 215, C4<0110>;
P_000002d6434ae570 .param/l "SEL_WEIGHT" 1 8 212, C4<0011>;
L_000002d643986510 .functor AND 1, v000002d643a626d0_0, L_000002d643a84860, C4<1>, C4<1>;
L_000002d643987310 .functor AND 1, v000002d643a626d0_0, L_000002d643a85580, C4<1>, C4<1>;
L_000002d6439871c0 .functor AND 1, v000002d643a626d0_0, L_000002d643a83500, C4<1>, C4<1>;
L_000002d643985fd0 .functor AND 1, v000002d643a626d0_0, L_000002d643a83640, C4<1>, C4<1>;
L_000002d643986c80 .functor AND 1, v000002d643a626d0_0, L_000002d643adb480, C4<1>, C4<1>;
L_000002d6439862e0 .functor AND 1, v000002d643a626d0_0, L_000002d643adb660, C4<1>, C4<1>;
L_000002d643987000 .functor AND 1, v000002d643a626d0_0, L_000002d643ada1c0, C4<1>, C4<1>;
L_000002d643985c50 .functor AND 1, v000002d643a626d0_0, L_000002d643adb5c0, C4<1>, C4<1>;
L_000002d643986820 .functor BUFZ 1, v000002d643a629f0_0, C4<0>, C4<0>, C4<0>;
L_000002d6439863c0 .functor BUFZ 1, v000002d643a629f0_0, C4<0>, C4<0>, C4<0>;
L_000002d643986a50 .functor BUFZ 1, v000002d643a629f0_0, C4<0>, C4<0>, C4<0>;
L_000002d643986890 .functor BUFZ 1, v000002d643a629f0_0, C4<0>, C4<0>, C4<0>;
L_000002d643987230 .functor BUFZ 1, v000002d643a629f0_0, C4<0>, C4<0>, C4<0>;
L_000002d643986120 .functor BUFZ 1, v000002d643a629f0_0, C4<0>, C4<0>, C4<0>;
L_000002d643987700 .functor BUFZ 1, v000002d643a629f0_0, C4<0>, C4<0>, C4<0>;
L_000002d643986f90 .functor BUFZ 1, v000002d643a629f0_0, C4<0>, C4<0>, C4<0>;
L_000002d643986430 .functor BUFZ 32, v000002d643a63710_0, C4<00000000000000000000000000000000>, C4<00000000000000000000000000000000>, C4<00000000000000000000000000000000>;
L_000002d643986cf0 .functor BUFZ 32, v000002d643a63710_0, C4<00000000000000000000000000000000>, C4<00000000000000000000000000000000>, C4<00000000000000000000000000000000>;
L_000002d643986580 .functor BUFZ 32, v000002d643a63710_0, C4<00000000000000000000000000000000>, C4<00000000000000000000000000000000>, C4<00000000000000000000000000000000>;
L_000002d6439865f0 .functor BUFZ 32, v000002d643a63710_0, C4<00000000000000000000000000000000>, C4<00000000000000000000000000000000>, C4<00000000000000000000000000000000>;
L_000002d6439875b0 .functor BUFZ 32, v000002d643a63710_0, C4<00000000000000000000000000000000>, C4<00000000000000000000000000000000>, C4<00000000000000000000000000000000>;
L_000002d643987070 .functor BUFZ 32, v000002d643a63710_0, C4<00000000000000000000000000000000>, C4<00000000000000000000000000000000>, C4<00000000000000000000000000000000>;
L_000002d643986660 .functor BUFZ 32, v000002d643a63710_0, C4<00000000000000000000000000000000>, C4<00000000000000000000000000000000>, C4<00000000000000000000000000000000>;
L_000002d6439872a0 .functor BUFZ 32, v000002d643a63710_0, C4<00000000000000000000000000000000>, C4<00000000000000000000000000000000>, C4<00000000000000000000000000000000>;
L_000002d6439866d0 .functor BUFZ 4, v000002d643a62e50_0, C4<0000>, C4<0000>, C4<0000>;
L_000002d643985cc0 .functor BUFZ 4, v000002d643a62e50_0, C4<0000>, C4<0000>, C4<0000>;
L_000002d643986970 .functor BUFZ 4, v000002d643a62e50_0, C4<0000>, C4<0000>, C4<0000>;
L_000002d643987620 .functor BUFZ 4, v000002d643a62e50_0, C4<0000>, C4<0000>, C4<0000>;
L_000002d6439869e0 .functor BUFZ 4, v000002d643a62e50_0, C4<0000>, C4<0000>, C4<0000>;
L_000002d643985da0 .functor BUFZ 4, v000002d643a62e50_0, C4<0000>, C4<0000>, C4<0000>;
L_000002d643986ac0 .functor BUFZ 4, v000002d643a62e50_0, C4<0000>, C4<0000>, C4<0000>;
L_000002d643986040 .functor BUFZ 4, v000002d643a62e50_0, C4<0000>, C4<0000>, C4<0000>;
L_000002d643986d60 .functor AND 1, v000002d643a626d0_0, v000002d643a629f0_0, C4<1>, C4<1>;
L_000002d643986190 .functor AND 1, v000002d643a626d0_0, L_000002d643ada440, C4<1>, C4<1>;
L_000002d643986200 .functor BUFZ 32, v000002d643a619b0_0, C4<00000000000000000000000000000000>, C4<00000000000000000000000000000000>, C4<00000000000000000000000000000000>;
L_000002d643986dd0 .functor AND 1, v000002d643a626d0_0, L_000002d643adb020, C4<1>, C4<1>;
L_000002d6439873f0 .functor AND 1, L_000002d643986dd0, L_000002d643ad9cc0, C4<1>, C4<1>;
L_000002d643986740 .functor BUFZ 32, v000002d643a62950_0, C4<00000000000000000000000000000000>, C4<00000000000000000000000000000000>, C4<00000000000000000000000000000000>;
L_000002d643a91118 .functor BUFT 1, C4<0001>, C4<0>, C4<0>, C4<0>;
v000002d6439b7ae0_0 .net/2u *"_ivl_0", 3 0, L_000002d643a91118;  1 drivers
L_000002d643a911a8 .functor BUFT 1, C4<0011>, C4<0>, C4<0>, C4<0>;
v000002d6439b7fe0_0 .net/2u *"_ivl_12", 3 0, L_000002d643a911a8;  1 drivers
v000002d643990bd0_0 .net *"_ivl_131", 0 0, L_000002d643ada440;  1 drivers
v000002d6439910d0_0 .net *"_ivl_137", 0 0, L_000002d643adb020;  1 drivers
v000002d643990450_0 .net *"_ivl_139", 0 0, L_000002d643986dd0;  1 drivers
v000002d643990810_0 .net *"_ivl_14", 0 0, L_000002d643a83500;  1 drivers
L_000002d643a91598 .functor BUFT 1, C4<0100>, C4<0>, C4<0>, C4<0>;
v000002d6439908b0_0 .net/2u *"_ivl_140", 3 0, L_000002d643a91598;  1 drivers
v000002d6439915d0_0 .net *"_ivl_142", 0 0, L_000002d643ad9cc0;  1 drivers
L_000002d643a911f0 .functor BUFT 1, C4<0100>, C4<0>, C4<0>, C4<0>;
v000002d6439917b0_0 .net/2u *"_ivl_18", 3 0, L_000002d643a911f0;  1 drivers
v000002d643991850_0 .net *"_ivl_2", 0 0, L_000002d643a84860;  1 drivers
v000002d64398fc30_0 .net *"_ivl_20", 0 0, L_000002d643a83640;  1 drivers
L_000002d643a91238 .functor BUFT 1, C4<0101>, C4<0>, C4<0>, C4<0>;
v000002d643a60440_0 .net/2u *"_ivl_24", 3 0, L_000002d643a91238;  1 drivers
v000002d643a60300_0 .net *"_ivl_26", 0 0, L_000002d643adb480;  1 drivers
L_000002d643a91280 .functor BUFT 1, C4<0110>, C4<0>, C4<0>, C4<0>;
v000002d643a60120_0 .net/2u *"_ivl_30", 3 0, L_000002d643a91280;  1 drivers
v000002d643a60f80_0 .net *"_ivl_32", 0 0, L_000002d643adb660;  1 drivers
L_000002d643a912c8 .functor BUFT 1, C4<0111>, C4<0>, C4<0>, C4<0>;
v000002d643a60620_0 .net/2u *"_ivl_36", 3 0, L_000002d643a912c8;  1 drivers
v000002d643a5fb80_0 .net *"_ivl_38", 0 0, L_000002d643ada1c0;  1 drivers
L_000002d643a91310 .functor BUFT 1, C4<1000>, C4<0>, C4<0>, C4<0>;
v000002d643a60580_0 .net/2u *"_ivl_42", 3 0, L_000002d643a91310;  1 drivers
v000002d643a60a80_0 .net *"_ivl_44", 0 0, L_000002d643adb5c0;  1 drivers
L_000002d643a91160 .functor BUFT 1, C4<0010>, C4<0>, C4<0>, C4<0>;
v000002d643a617a0_0 .net/2u *"_ivl_6", 3 0, L_000002d643a91160;  1 drivers
L_000002d643a91358 .functor BUFT 1, C4<00000000000000000000000000000000>, C4<0>, C4<0>, C4<0>;
v000002d643a604e0_0 .net/2u *"_ivl_64", 31 0, L_000002d643a91358;  1 drivers
L_000002d643a913a0 .functor BUFT 1, C4<00000000000000010000000000000000>, C4<0>, C4<0>, C4<0>;
v000002d643a5fcc0_0 .net/2u *"_ivl_68", 31 0, L_000002d643a913a0;  1 drivers
L_000002d643a913e8 .functor BUFT 1, C4<00000000000000110000000000000000>, C4<0>, C4<0>, C4<0>;
v000002d643a5f9a0_0 .net/2u *"_ivl_72", 31 0, L_000002d643a913e8;  1 drivers
L_000002d643a91430 .functor BUFT 1, C4<01000000000000000000000000000000>, C4<0>, C4<0>, C4<0>;
v000002d643a603a0_0 .net/2u *"_ivl_76", 31 0, L_000002d643a91430;  1 drivers
v000002d643a60e40_0 .net *"_ivl_8", 0 0, L_000002d643a85580;  1 drivers
L_000002d643a91478 .functor BUFT 1, C4<01000000000000000000000100000000>, C4<0>, C4<0>, C4<0>;
v000002d643a61840_0 .net/2u *"_ivl_80", 31 0, L_000002d643a91478;  1 drivers
L_000002d643a914c0 .functor BUFT 1, C4<01000000000000000000001000000000>, C4<0>, C4<0>, C4<0>;
v000002d643a601c0_0 .net/2u *"_ivl_84", 31 0, L_000002d643a914c0;  1 drivers
L_000002d643a91508 .functor BUFT 1, C4<01000000000000000000001100000000>, C4<0>, C4<0>, C4<0>;
v000002d643a5fc20_0 .net/2u *"_ivl_88", 31 0, L_000002d643a91508;  1 drivers
L_000002d643a91550 .functor BUFT 1, C4<01000000000000000000010000000000>, C4<0>, C4<0>, C4<0>;
v000002d643a5ffe0_0 .net/2u *"_ivl_92", 31 0, L_000002d643a91550;  1 drivers
v000002d643a5fa40_0 .net "clk", 0 0, v000002d643a84b80_0;  alias, 1 drivers
v000002d643a5fae0_0 .net "data_rdata", 31 0, L_000002d643985e80;  alias, 1 drivers
v000002d643a5ff40_0 .net "data_req_addr", 31 0, L_000002d643adb7a0;  alias, 1 drivers
v000002d643a609e0_0 .net "data_req_valid", 0 0, L_000002d643987310;  alias, 1 drivers
v000002d643a5fd60_0 .net "data_req_wdata", 31 0, L_000002d643986cf0;  alias, 1 drivers
v000002d643a60b20_0 .net "data_req_write", 0 0, L_000002d6439863c0;  alias, 1 drivers
v000002d643a61020_0 .net "data_req_wstrb", 3 0, L_000002d643985cc0;  alias, 1 drivers
v000002d643a615c0_0 .net "dma_rdata", 31 0, v000002d643a66dd0_0;  alias, 1 drivers
v000002d643a613e0_0 .net "dma_req_addr", 31 0, L_000002d643ad9e00;  alias, 1 drivers
v000002d643a610c0_0 .net "dma_req_valid", 0 0, L_000002d643986c80;  alias, 1 drivers
v000002d643a606c0_0 .net "dma_req_wdata", 31 0, L_000002d6439875b0;  alias, 1 drivers
v000002d643a60260_0 .net "dma_req_write", 0 0, L_000002d643987230;  alias, 1 drivers
v000002d643a5fea0_0 .net "dma_req_wstrb", 3 0, L_000002d6439869e0;  alias, 1 drivers
v000002d643a5fe00_0 .net "fifo_rdata", 31 0, v000002d643a677d0_0;  alias, 1 drivers
v000002d643a61340_0 .net "fifo_req_addr", 31 0, L_000002d643ad97c0;  alias, 1 drivers
v000002d643a60760_0 .net "fifo_req_valid", 0 0, L_000002d643985c50;  alias, 1 drivers
v000002d643a60800_0 .net "fifo_req_wdata", 31 0, L_000002d6439872a0;  alias, 1 drivers
v000002d643a60c60_0 .net "fifo_req_write", 0 0, L_000002d643986f90;  alias, 1 drivers
v000002d643a61160_0 .net "fifo_req_wstrb", 3 0, L_000002d643986040;  alias, 1 drivers
v000002d643a60d00_0 .net "instr_rdata", 31 0, L_000002d643985e10;  alias, 1 drivers
v000002d643a608a0_0 .net "instr_req_addr", 31 0, L_000002d643ad9c20;  alias, 1 drivers
v000002d643a60da0_0 .net "instr_req_valid", 0 0, L_000002d643986510;  alias, 1 drivers
v000002d643a60940_0 .net "instr_req_wdata", 31 0, L_000002d643986430;  alias, 1 drivers
v000002d643a60bc0_0 .net "instr_req_write", 0 0, L_000002d643986820;  alias, 1 drivers
v000002d643a60080_0 .net "instr_req_wstrb", 3 0, L_000002d6439866d0;  alias, 1 drivers
v000002d643a60ee0_0 .net "m_addr", 31 0, v000002d6439f6c20_0;  1 drivers
v000002d643a61200_0 .net "m_rdata", 31 0, L_000002d643986200;  alias, 1 drivers
v000002d643a61480_0 .net "m_ready", 0 0, L_000002d643986d60;  alias, 1 drivers
v000002d643a612a0_0 .net "m_rvalid", 0 0, L_000002d643986190;  alias, 1 drivers
v000002d643a61520_0 .net "m_valid", 0 0, v000002d6439f6180_0;  1 drivers
v000002d643a61660_0 .net "m_wdata", 31 0, v000002d6439f6220_0;  1 drivers
v000002d643a61700_0 .net "m_write", 0 0, v000002d6439f50a0_0;  1 drivers
v000002d643a635d0_0 .net "m_wstrb", 3 0, v000002d6439f62c0_0;  1 drivers
v000002d643a628b0_0 .net "reg_rdata", 31 0, v000002d643a6ca20_0;  alias, 1 drivers
v000002d643a62ef0_0 .net "reg_req_addr", 31 0, L_000002d643adb340;  alias, 1 drivers
v000002d643a61eb0_0 .net "reg_req_valid", 0 0, L_000002d643985fd0;  alias, 1 drivers
v000002d643a62db0_0 .net "reg_req_wdata", 31 0, L_000002d6439865f0;  alias, 1 drivers
v000002d643a63670_0 .net "reg_req_write", 0 0, L_000002d643986890;  alias, 1 drivers
v000002d643a62130_0 .net "reg_req_wstrb", 3 0, L_000002d643987620;  alias, 1 drivers
v000002d643a61b90_0 .net "reg_resp_addr", 31 0, L_000002d643986740;  alias, 1 drivers
v000002d643a61f50_0 .net "reg_resp_read_pulse", 0 0, L_000002d6439873f0;  alias, 1 drivers
v000002d643a62950_0 .var "req_addr", 31 0;
v000002d643a619b0_0 .var "req_rdata", 31 0;
v000002d643a61c30_0 .var "req_sel", 3 0;
v000002d643a626d0_0 .var "req_valid", 0 0;
v000002d643a63710_0 .var "req_wdata", 31 0;
v000002d643a629f0_0 .var "req_write", 0 0;
v000002d643a62e50_0 .var "req_wstrb", 3 0;
v000002d643a61ff0_0 .net "rst_n", 0 0, v000002d643a83e60_0;  alias, 1 drivers
v000002d643a633f0_0 .net "spi_rdata", 31 0, v000002d643a7cc80_0;  alias, 1 drivers
v000002d643a63170_0 .net "spi_req_addr", 31 0, L_000002d643ada4e0;  alias, 1 drivers
v000002d643a63350_0 .net "spi_req_valid", 0 0, L_000002d643987000;  alias, 1 drivers
v000002d643a61d70_0 .net "spi_req_wdata", 31 0, L_000002d643986660;  alias, 1 drivers
v000002d643a63530_0 .net "spi_req_write", 0 0, L_000002d643987700;  alias, 1 drivers
v000002d643a62f90_0 .net "spi_req_wstrb", 3 0, L_000002d643986ac0;  alias, 1 drivers
v000002d643a62310_0 .net "uart_rdata", 31 0, v000002d643a7bec0_0;  alias, 1 drivers
v000002d643a637b0_0 .net "uart_req_addr", 31 0, L_000002d643adb160;  alias, 1 drivers
v000002d643a62a90_0 .net "uart_req_valid", 0 0, L_000002d6439862e0;  alias, 1 drivers
v000002d643a62d10_0 .net "uart_req_wdata", 31 0, L_000002d643987070;  alias, 1 drivers
v000002d643a62b30_0 .net "uart_req_write", 0 0, L_000002d643986120;  alias, 1 drivers
v000002d643a62bd0_0 .net "uart_req_wstrb", 3 0, L_000002d643985da0;  alias, 1 drivers
v000002d643a63030_0 .net "weight_rdata", 31 0, L_000002d643985f60;  alias, 1 drivers
v000002d643a61cd0_0 .net "weight_req_addr", 31 0, L_000002d643adaa80;  alias, 1 drivers
v000002d643a63850_0 .net "weight_req_valid", 0 0, L_000002d6439871c0;  alias, 1 drivers
v000002d643a630d0_0 .net "weight_req_wdata", 31 0, L_000002d643986580;  alias, 1 drivers
v000002d643a62090_0 .net "weight_req_write", 0 0, L_000002d643986a50;  alias, 1 drivers
v000002d643a63210_0 .net "weight_req_wstrb", 3 0, L_000002d643986970;  alias, 1 drivers
E_000002d6439e1c90/0 .event anyedge, v000002d643a61c30_0, v000002d643a60d00_0, v000002d643a5fae0_0, v000002d643a63030_0;
E_000002d6439e1c90/1 .event anyedge, v000002d643a628b0_0, v000002d643a615c0_0, v000002d643a62310_0, v000002d643a633f0_0;
E_000002d6439e1c90/2 .event anyedge, v000002d643a5fe00_0;
E_000002d6439e1c90 .event/or E_000002d6439e1c90/0, E_000002d6439e1c90/1, E_000002d6439e1c90/2;
E_000002d6439e2350 .event anyedge, v000002d643a62950_0;
L_000002d643a84860 .cmp/eq 4, v000002d643a61c30_0, L_000002d643a91118;
L_000002d643a85580 .cmp/eq 4, v000002d643a61c30_0, L_000002d643a91160;
L_000002d643a83500 .cmp/eq 4, v000002d643a61c30_0, L_000002d643a911a8;
L_000002d643a83640 .cmp/eq 4, v000002d643a61c30_0, L_000002d643a911f0;
L_000002d643adb480 .cmp/eq 4, v000002d643a61c30_0, L_000002d643a91238;
L_000002d643adb660 .cmp/eq 4, v000002d643a61c30_0, L_000002d643a91280;
L_000002d643ada1c0 .cmp/eq 4, v000002d643a61c30_0, L_000002d643a912c8;
L_000002d643adb5c0 .cmp/eq 4, v000002d643a61c30_0, L_000002d643a91310;
L_000002d643ad9c20 .arith/sub 32, v000002d643a62950_0, L_000002d643a91358;
L_000002d643adb7a0 .arith/sub 32, v000002d643a62950_0, L_000002d643a913a0;
L_000002d643adaa80 .arith/sub 32, v000002d643a62950_0, L_000002d643a913e8;
L_000002d643adb340 .arith/sub 32, v000002d643a62950_0, L_000002d643a91430;
L_000002d643ad9e00 .arith/sub 32, v000002d643a62950_0, L_000002d643a91478;
L_000002d643adb160 .arith/sub 32, v000002d643a62950_0, L_000002d643a914c0;
L_000002d643ada4e0 .arith/sub 32, v000002d643a62950_0, L_000002d643a91508;
L_000002d643ad97c0 .arith/sub 32, v000002d643a62950_0, L_000002d643a91550;
L_000002d643ada440 .reduce/nor v000002d643a629f0_0;
L_000002d643adb020 .reduce/nor v000002d643a629f0_0;
L_000002d643ad9cc0 .cmp/eq 4, v000002d643a61c30_0, L_000002d643a91598;
S_000002d6438bea80 .scope autofunction.vec4.s1, "in_range" "in_range" 8 252, 8 252 0, S_000002d6438b0760;
 .timescale -9 -12;
v000002d6439b7ea0_0 .var "addr", 31 0;
v000002d6439b7220_0 .var "base", 31 0;
; Variable in_range is vec4 return value of scope S_000002d6438bea80
v000002d6439b7540_0 .var "last", 31 0;
TD_top_tb_icarus_light.dut.u_bus_interconnect.in_range ;
    %load/vec4 v000002d6439b7220_0;
    %load/vec4 v000002d6439b7ea0_0;
    %cmp/u;
    %flag_or 5, 4;
    %flag_get/vec4 5;
    %jmp/0 T_2.4, 5;
    %load/vec4 v000002d6439b7ea0_0;
    %load/vec4 v000002d6439b7540_0;
    %cmp/u;
    %flag_get/vec4 4;
    %flag_get/vec4 5;
    %or;
    %and;
T_2.4;
    %ret/vec4 0, 0, 1;  Assign to in_range (store_vec4_to_lval)
    %end;
S_000002d6434ae5b0 .scope module, "u_cim_ctrl" "cim_array_ctrl" 5 656, 9 54 0, S_000002d643a11a80;
 .timescale -9 -12;
    .port_info 0 /INPUT 1 "clk";
    .port_info 1 /INPUT 1 "rst_n";
    .port_info 2 /INPUT 1 "soft_reset_pulse";
    .port_info 3 /INPUT 1 "start_pulse";
    .port_info 4 /INPUT 8 "timesteps";
    .port_info 5 /INPUT 64 "in_fifo_rdata";
    .port_info 6 /INPUT 1 "in_fifo_empty";
    .port_info 7 /OUTPUT 1 "in_fifo_pop";
    .port_info 8 /OUTPUT 64 "wl_bitmap";
    .port_info 9 /OUTPUT 1 "wl_valid_pulse";
    .port_info 10 /INPUT 1 "dac_done_pulse";
    .port_info 11 /OUTPUT 1 "cim_start_pulse";
    .port_info 12 /INPUT 1 "cim_done";
    .port_info 13 /OUTPUT 1 "adc_kick_pulse";
    .port_info 14 /INPUT 1 "neuron_in_valid";
    .port_info 15 /OUTPUT 1 "busy";
    .port_info 16 /OUTPUT 1 "done_pulse";
    .port_info 17 /OUTPUT 8 "timestep_counter";
    .port_info 18 /OUTPUT 3 "bitplane_shift";
P_000002d64392e360 .param/l "BITPLANE_MAX" 1 9 94, C4<111>;
P_000002d64392e398 .param/l "BITPLANE_W" 1 9 90, +C4<00000000000000000000000000000011>;
enum000002d64342bd10 .enum4 (3)
   "ST_IDLE" 3'b000,
   "ST_FETCH" 3'b001,
   "ST_DAC" 3'b010,
   "ST_CIM" 3'b011,
   "ST_ADC" 3'b100,
   "ST_INC" 3'b101,
   "ST_DONE" 3'b110
 ;
L_000002d643987af0 .functor BUFZ 64, v000002d643a64c80_0, C4<0000000000000000000000000000000000000000000000000000000000000000>, C4<0000000000000000000000000000000000000000000000000000000000000000>, C4<0000000000000000000000000000000000000000000000000000000000000000>;
v000002d643a62c70_0 .var "adc_kick_pulse", 0 0;
v000002d643a61af0_0 .var "adc_sent", 0 0;
v000002d643a632b0_0 .var "bitplane_shift", 2 0;
v000002d643a63490_0 .var "busy", 0 0;
v000002d643a61e10_0 .net "cim_done", 0 0, L_000002d643adc1a0;  alias, 1 drivers
v000002d643a621d0_0 .var "cim_sent", 0 0;
v000002d643a62270_0 .var "cim_start_pulse", 0 0;
v000002d643a623b0_0 .net "clk", 0 0, v000002d643a84b80_0;  alias, 1 drivers
v000002d643a62450_0 .net "dac_done_pulse", 0 0, v000002d643a63d80_0;  alias, 1 drivers
v000002d643a624f0_0 .var "dac_sent", 0 0;
v000002d643a62590_0 .var "done_pulse", 0 0;
v000002d643a62630_0 .net "in_fifo_empty", 0 0, L_000002d643adada0;  alias, 1 drivers
v000002d643a62770_0 .var "in_fifo_pop", 0 0;
v000002d643a62810_0 .net "in_fifo_rdata", 63 0, L_000002d643988340;  alias, 1 drivers
v000002d643a63a60_0 .net "neuron_in_valid", 0 0, v000002d6439b6a00_0;  alias, 1 drivers
v000002d643a65180_0 .net "rst_n", 0 0, v000002d643a83e60_0;  alias, 1 drivers
v000002d643a64dc0_0 .net "soft_reset_pulse", 0 0, v000002d643a7c8c0_0;  alias, 1 drivers
v000002d643a64140_0 .net "start_pulse", 0 0, v000002d643a7c000_0;  alias, 1 drivers
v000002d643a64b40_0 .var "state", 2 0;
v000002d643a64320_0 .var "timestep_counter", 7 0;
v000002d643a63b00_0 .net "timesteps", 7 0, v000002d643a7c5a0_0;  alias, 1 drivers
v000002d643a65720_0 .net "wl_bitmap", 63 0, L_000002d643987af0;  alias, 1 drivers
v000002d643a64c80_0 .var "wl_reg", 63 0;
v000002d643a63ec0_0 .var "wl_valid_pulse", 0 0;
S_000002d6438d0f20 .scope module, "u_dac" "dac_ctrl" 5 704, 10 58 0, S_000002d643a11a80;
 .timescale -9 -12;
    .port_info 0 /INPUT 1 "clk";
    .port_info 1 /INPUT 1 "rst_n";
    .port_info 2 /INPUT 64 "wl_bitmap";
    .port_info 3 /INPUT 1 "wl_valid_pulse";
    .port_info 4 /OUTPUT 64 "wl_spike";
    .port_info 5 /OUTPUT 1 "dac_valid";
    .port_info 6 /OUTPUT 1 "dac_done_pulse";
enum000002d643929ee0 .enum4 (1)
   "ST_IDLE" 1'b0,
   "ST_LAT" 1'b1
 ;
L_000002d643989920 .functor BUFZ 64, v000002d643a652c0_0, C4<0000000000000000000000000000000000000000000000000000000000000000>, C4<0000000000000000000000000000000000000000000000000000000000000000>, C4<0000000000000000000000000000000000000000000000000000000000000000>;
v000002d643a64fa0_0 .net "clk", 0 0, v000002d643a84b80_0;  alias, 1 drivers
v000002d643a63d80_0 .var "dac_done_pulse", 0 0;
v000002d643a64aa0_0 .var "dac_valid", 0 0;
v000002d643a64280_0 .var "lat_cnt", 7 0;
v000002d643a643c0_0 .net "rst_n", 0 0, v000002d643a83e60_0;  alias, 1 drivers
v000002d643a64460_0 .var "state", 0 0;
v000002d643a639c0_0 .net "wl_bitmap", 63 0, L_000002d643989610;  alias, 1 drivers
v000002d643a652c0_0 .var "wl_reg", 63 0;
v000002d643a63ba0_0 .net "wl_spike", 63 0, L_000002d643989920;  alias, 1 drivers
v000002d643a64500_0 .net "wl_valid_pulse", 0 0, v000002d643a82f10_0;  alias, 1 drivers
S_000002d6438d10b0 .scope module, "u_data_sram" "sram_simple_dp" 5 463, 11 56 0, S_000002d643a11a80;
 .timescale -9 -12;
    .port_info 0 /INPUT 1 "clk";
    .port_info 1 /INPUT 1 "rst_n";
    .port_info 2 /INPUT 1 "req_valid";
    .port_info 3 /INPUT 1 "req_write";
    .port_info 4 /INPUT 32 "req_addr";
    .port_info 5 /INPUT 32 "req_wdata";
    .port_info 6 /INPUT 4 "req_wstrb";
    .port_info 7 /OUTPUT 32 "rdata";
    .port_info 8 /INPUT 1 "dma_rd_en";
    .port_info 9 /INPUT 32 "dma_rd_addr";
    .port_info 10 /OUTPUT 32 "dma_rdata";
P_000002d6438d0770 .param/l "ADDR_BITS" 1 11 82, +C4<00000000000000000000000000001100>;
P_000002d6438d07a8 .param/l "MEM_BYTES" 0 11 57, +C4<00000000000000000100000000000000>;
P_000002d6438d07e0 .param/l "WORDS" 1 11 81, +C4<00000000000000000001000000000000>;
L_000002d643985e80 .functor BUFZ 32, L_000002d643ad9ae0, C4<00000000000000000000000000000000>, C4<00000000000000000000000000000000>, C4<00000000000000000000000000000000>;
v000002d643a655e0_0 .net *"_ivl_10", 31 0, L_000002d643ad9ae0;  1 drivers
v000002d643a65860_0 .net *"_ivl_12", 13 0, L_000002d643ad9ea0;  1 drivers
L_000002d643a916b8 .functor BUFT 1, C4<00>, C4<0>, C4<0>, C4<0>;
v000002d643a65540_0 .net *"_ivl_15", 1 0, L_000002d643a916b8;  1 drivers
v000002d643a645a0_0 .net *"_ivl_18", 31 0, L_000002d643ada9e0;  1 drivers
v000002d643a64be0_0 .net *"_ivl_20", 13 0, L_000002d643ada080;  1 drivers
L_000002d643a91700 .functor BUFT 1, C4<00>, C4<0>, C4<0>, C4<0>;
v000002d643a64e60_0 .net *"_ivl_23", 1 0, L_000002d643a91700;  1 drivers
L_000002d643a91748 .functor BUFT 1, C4<00000000000000000000000000000000>, C4<0>, C4<0>, C4<0>;
v000002d643a63f60_0 .net/2u *"_ivl_24", 31 0, L_000002d643a91748;  1 drivers
L_000002d643a91670 .functor BUFT 1, C4<0>, C4<0>, C4<0>, C4<0>;
v000002d643a657c0_0 .net/2u *"_ivl_4", 0 0, L_000002d643a91670;  1 drivers
v000002d643a63c40_0 .net *"_ivl_6", 65 0, L_000002d643adac60;  1 drivers
v000002d643a654a0_0 .net "_unused", 0 0, L_000002d643adb0c0;  1 drivers
v000002d643a63e20_0 .net "bus_word_addr", 11 0, L_000002d643ad9180;  1 drivers
v000002d643a64d20_0 .net "clk", 0 0, v000002d643a84b80_0;  alias, 1 drivers
v000002d643a65040_0 .net "dma_rd_addr", 31 0, v000002d643a674b0_0;  alias, 1 drivers
v000002d643a64f00_0 .net "dma_rd_en", 0 0, v000002d643a65c50_0;  alias, 1 drivers
v000002d643a650e0_0 .net "dma_rdata", 31 0, L_000002d643adb2a0;  alias, 1 drivers
v000002d643a65360_0 .net "dma_word_addr", 11 0, L_000002d643ad9400;  1 drivers
v000002d643a64000 .array "mem", 4095 0, 31 0;
v000002d643a63ce0_0 .net "rdata", 31 0, L_000002d643985e80;  alias, 1 drivers
v000002d643a65220_0 .net "req_addr", 31 0, L_000002d643adb7a0;  alias, 1 drivers
v000002d643a640a0_0 .net "req_valid", 0 0, L_000002d643987310;  alias, 1 drivers
v000002d643a65400_0 .net "req_wdata", 31 0, L_000002d643986cf0;  alias, 1 drivers
v000002d643a65680_0 .net "req_write", 0 0, L_000002d6439863c0;  alias, 1 drivers
v000002d643a64640_0 .net "req_wstrb", 3 0, L_000002d643985cc0;  alias, 1 drivers
v000002d643a646e0_0 .net "rst_n", 0 0, v000002d643a83e60_0;  alias, 1 drivers
L_000002d643ad9180 .part L_000002d643adb7a0, 2, 12;
L_000002d643ad9400 .part v000002d643a674b0_0, 2, 12;
L_000002d643adac60 .concat [ 32 32 1 1], v000002d643a674b0_0, L_000002d643adb7a0, v000002d643a83e60_0, L_000002d643a91670;
L_000002d643adb0c0 .reduce/and L_000002d643adac60;
L_000002d643ad9ae0 .array/port v000002d643a64000, L_000002d643ad9ea0;
L_000002d643ad9ea0 .concat [ 12 2 0 0], L_000002d643ad9180, L_000002d643a916b8;
L_000002d643ada9e0 .array/port v000002d643a64000, L_000002d643ada080;
L_000002d643ada080 .concat [ 12 2 0 0], L_000002d643ad9400, L_000002d643a91700;
L_000002d643adb2a0 .functor MUXZ 32, L_000002d643a91748, L_000002d643ada9e0, v000002d643a65c50_0, C4<>;
S_000002d6434b9d20 .scope module, "u_dma" "dma_engine" 5 503, 12 64 0, S_000002d643a11a80;
 .timescale -9 -12;
    .port_info 0 /INPUT 1 "clk";
    .port_info 1 /INPUT 1 "rst_n";
    .port_info 2 /INPUT 1 "req_valid";
    .port_info 3 /INPUT 1 "req_write";
    .port_info 4 /INPUT 32 "req_addr";
    .port_info 5 /INPUT 32 "req_wdata";
    .port_info 6 /INPUT 4 "req_wstrb";
    .port_info 7 /OUTPUT 32 "rdata";
    .port_info 8 /OUTPUT 1 "dma_rd_en";
    .port_info 9 /OUTPUT 32 "dma_rd_addr";
    .port_info 10 /INPUT 32 "dma_rd_data";
    .port_info 11 /OUTPUT 1 "in_fifo_push";
    .port_info 12 /OUTPUT 64 "in_fifo_wdata";
    .port_info 13 /INPUT 1 "in_fifo_full";
P_000002d6438d0ae0 .param/l "REG_DMA_CTRL" 1 12 99, C4<00001000>;
P_000002d6438d0b18 .param/l "REG_LEN_WORDS" 1 12 98, C4<00000100>;
P_000002d6438d0b50 .param/l "REG_SRC_ADDR" 1 12 97, C4<00000000>;
enum000002d643926e20 .enum4 (3)
   "ST_IDLE" 3'b000,
   "ST_SETUP" 3'b001,
   "ST_RD0" 3'b010,
   "ST_RD1" 3'b011,
   "ST_PUSH" 3'b100
 ;
L_000002d643987850 .functor AND 1, L_000002d643986c80, L_000002d643987230, C4<1>, C4<1>;
v000002d643a64780_0 .net *"_ivl_14", 29 0, L_000002d643adb8e0;  1 drivers
L_000002d643a91868 .functor BUFT 1, C4<00>, C4<0>, C4<0>, C4<0>;
v000002d643a64820_0 .net *"_ivl_16", 1 0, L_000002d643a91868;  1 drivers
v000002d643a648c0_0 .net *"_ivl_18", 31 0, L_000002d643ad9220;  1 drivers
L_000002d643a918b0 .functor BUFT 1, C4<00000000000000000000000000000001>, C4<0>, C4<0>, C4<0>;
v000002d643a64960_0 .net/2u *"_ivl_20", 31 0, L_000002d643a918b0;  1 drivers
v000002d643a64a00_0 .net *"_ivl_25", 1 0, L_000002d643adabc0;  1 drivers
L_000002d643a918f8 .functor BUFT 1, C4<00>, C4<0>, C4<0>, C4<0>;
v000002d643a61a50_0 .net/2u *"_ivl_26", 1 0, L_000002d643a918f8;  1 drivers
L_000002d643a91820 .functor BUFT 1, C4<0>, C4<0>, C4<0>, C4<0>;
v000002d643a67410_0 .net/2u *"_ivl_4", 0 0, L_000002d643a91820;  1 drivers
v000002d643a67690_0 .net *"_ivl_7", 23 0, L_000002d643adab20;  1 drivers
v000002d643a65cf0_0 .net *"_ivl_8", 24 0, L_000002d643ada6c0;  1 drivers
v000002d643a66b50_0 .net "_unused", 0 0, L_000002d643ada300;  1 drivers
v000002d643a66a10_0 .net "addr_align_ok", 0 0, L_000002d643adb520;  1 drivers
v000002d643a66bf0_0 .net "addr_offset", 7 0, L_000002d643ad9fe0;  1 drivers
v000002d643a67730_0 .var "addr_ptr", 31 0;
v000002d643a65d90_0 .net "clk", 0 0, v000002d643a84b80_0;  alias, 1 drivers
v000002d643a674b0_0 .var "dma_rd_addr", 31 0;
v000002d643a66c90_0 .net "dma_rd_data", 31 0, L_000002d643adb2a0;  alias, 1 drivers
v000002d643a65c50_0 .var "dma_rd_en", 0 0;
v000002d643a66e70_0 .var "done_sticky", 0 0;
v000002d643a66790_0 .net "end_addr", 31 0, L_000002d643adb840;  1 drivers
v000002d643a67190_0 .net "end_overflow", 0 0, L_000002d643adad00;  1 drivers
v000002d643a66d30_0 .var "err_sticky", 0 0;
v000002d643a65ed0_0 .net "in_fifo_full", 0 0, L_000002d643ada120;  alias, 1 drivers
v000002d643a67370_0 .var "in_fifo_push", 0 0;
v000002d643a65a70_0 .var "in_fifo_wdata", 63 0;
v000002d643a66010_0 .net "len_bytes", 31 0, L_000002d643ad95e0;  1 drivers
v000002d643a65e30_0 .var "len_words_reg", 31 0;
v000002d643a66dd0_0 .var "rdata", 31 0;
v000002d643a66330_0 .net "req_addr", 31 0, L_000002d643ad9e00;  alias, 1 drivers
v000002d643a65b10_0 .net "req_valid", 0 0, L_000002d643986c80;  alias, 1 drivers
v000002d643a672d0_0 .net "req_wdata", 31 0, L_000002d6439875b0;  alias, 1 drivers
v000002d643a65f70_0 .net "req_write", 0 0, L_000002d643987230;  alias, 1 drivers
v000002d643a668d0_0 .net "req_wstrb", 3 0, L_000002d6439869e0;  alias, 1 drivers
v000002d643a660b0_0 .net "rst_n", 0 0, v000002d643a83e60_0;  alias, 1 drivers
v000002d643a66150_0 .var "src_addr_reg", 31 0;
v000002d643a665b0_0 .var "state", 2 0;
v000002d643a661f0_0 .var "word0_reg", 31 0;
v000002d643a66f10_0 .var "word1_reg", 31 0;
v000002d643a66fb0_0 .var "words_rem", 31 0;
v000002d643a67550_0 .net "write_en", 0 0, L_000002d643987850;  1 drivers
E_000002d6439e1e50/0 .event anyedge, v000002d643a66bf0_0, v000002d643a66150_0, v000002d643a65e30_0, v000002d643a66e70_0;
E_000002d6439e1e50/1 .event anyedge, v000002d643a66d30_0, v000002d643a665b0_0;
E_000002d6439e1e50 .event/or E_000002d6439e1e50/0, E_000002d6439e1e50/1;
E_000002d6439e15d0 .event anyedge, v000002d643a665b0_0, v000002d643a65ed0_0, v000002d643a66f10_0, v000002d643a661f0_0;
E_000002d6439e1610 .event anyedge, v000002d643a67730_0, v000002d643a665b0_0;
L_000002d643ad9fe0 .part L_000002d643ad9e00, 0, 8;
L_000002d643adab20 .part L_000002d643ad9e00, 8, 24;
L_000002d643ada6c0 .concat [ 24 1 0 0], L_000002d643adab20, L_000002d643a91820;
L_000002d643ada300 .reduce/and L_000002d643ada6c0;
L_000002d643adb8e0 .part v000002d643a65e30_0, 0, 30;
L_000002d643ad95e0 .concat [ 2 30 0 0], L_000002d643a91868, L_000002d643adb8e0;
L_000002d643ad9220 .arith/sum 32, v000002d643a66150_0, L_000002d643ad95e0;
L_000002d643adb840 .arith/sub 32, L_000002d643ad9220, L_000002d643a918b0;
L_000002d643adabc0 .part v000002d643a66150_0, 0, 2;
L_000002d643adb520 .cmp/eq 2, L_000002d643adabc0, L_000002d643a918f8;
L_000002d643adad00 .cmp/gt 32, v000002d643a66150_0, L_000002d643adb840;
S_000002d643a78590 .scope module, "u_fifo_regs" "fifo_regs" 5 620, 13 39 0, S_000002d643a11a80;
 .timescale -9 -12;
    .port_info 0 /INPUT 1 "req_valid";
    .port_info 1 /INPUT 1 "req_write";
    .port_info 2 /INPUT 32 "req_addr";
    .port_info 3 /INPUT 32 "req_wdata";
    .port_info 4 /INPUT 4 "req_wstrb";
    .port_info 5 /OUTPUT 32 "rdata";
    .port_info 6 /INPUT 9 "in_fifo_count";
    .port_info 7 /INPUT 9 "out_fifo_count";
    .port_info 8 /INPUT 1 "in_fifo_empty";
    .port_info 9 /INPUT 1 "in_fifo_full";
    .port_info 10 /INPUT 1 "out_fifo_empty";
    .port_info 11 /INPUT 1 "out_fifo_full";
P_000002d6438d0400 .param/l "REG_IN_COUNT" 1 13 61, C4<00000000>;
P_000002d6438d0438 .param/l "REG_OUT_COUNT" 1 13 62, C4<00000100>;
P_000002d6438d0470 .param/l "REG_STATUS" 1 13 63, C4<00001000>;
L_000002d643a91b38 .functor BUFT 1, C4<0>, C4<0>, C4<0>, C4<0>;
v000002d643a66830_0 .net/2u *"_ivl_2", 0 0, L_000002d643a91b38;  1 drivers
v000002d643a67050_0 .net *"_ivl_5", 23 0, L_000002d643add000;  1 drivers
v000002d643a659d0_0 .net *"_ivl_6", 62 0, L_000002d643adbca0;  1 drivers
v000002d643a66290_0 .net "_unused", 0 0, L_000002d643adcce0;  1 drivers
v000002d643a66ab0_0 .net "addr_offset", 7 0, L_000002d643ad9b80;  1 drivers
v000002d643a65bb0_0 .net "in_fifo_count", 8 0, v000002d643a67da0_0;  alias, 1 drivers
v000002d643a663d0_0 .net "in_fifo_empty", 0 0, L_000002d643adada0;  alias, 1 drivers
v000002d643a66650_0 .net "in_fifo_full", 0 0, L_000002d643ada120;  alias, 1 drivers
v000002d643a66970_0 .net "out_fifo_count", 8 0, v000002d643a69f00_0;  alias, 1 drivers
v000002d643a670f0_0 .net "out_fifo_empty", 0 0, L_000002d643adb700;  alias, 1 drivers
v000002d643a675f0_0 .net "out_fifo_full", 0 0, L_000002d643ada800;  alias, 1 drivers
v000002d643a677d0_0 .var "rdata", 31 0;
v000002d643a67230_0 .net "req_addr", 31 0, L_000002d643ad97c0;  alias, 1 drivers
v000002d643a67870_0 .net "req_valid", 0 0, L_000002d643985c50;  alias, 1 drivers
v000002d643a66470_0 .net "req_wdata", 31 0, L_000002d6439872a0;  alias, 1 drivers
v000002d643a66510_0 .net "req_write", 0 0, L_000002d643986f90;  alias, 1 drivers
v000002d643a666f0_0 .net "req_wstrb", 3 0, L_000002d643986040;  alias, 1 drivers
E_000002d6439e1650/0 .event anyedge, v000002d643a66ab0_0, v000002d643a65bb0_0, v000002d643a66970_0, v000002d643a62630_0;
E_000002d6439e1650/1 .event anyedge, v000002d643a65ed0_0, v000002d643a670f0_0, v000002d643a675f0_0;
E_000002d6439e1650 .event/or E_000002d6439e1650/0, E_000002d6439e1650/1;
L_000002d643ad9b80 .part L_000002d643ad97c0, 0, 8;
L_000002d643add000 .part L_000002d643ad97c0, 8, 24;
LS_000002d643adbca0_0_0 .concat [ 4 32 24 1], L_000002d643986040, L_000002d6439872a0, L_000002d643add000, L_000002d643986f90;
LS_000002d643adbca0_0_4 .concat [ 1 1 0 0], L_000002d643985c50, L_000002d643a91b38;
L_000002d643adbca0 .concat [ 61 2 0 0], LS_000002d643adbca0_0_0, LS_000002d643adbca0_0_4;
L_000002d643adcce0 .reduce/and L_000002d643adbca0;
S_000002d643a78bd0 .scope module, "u_input_fifo" "fifo_sync" 5 531, 14 86 0, S_000002d643a11a80;
 .timescale -9 -12;
    .port_info 0 /INPUT 1 "clk";
    .port_info 1 /INPUT 1 "rst_n";
    .port_info 2 /INPUT 1 "push";
    .port_info 3 /INPUT 64 "push_data";
    .port_info 4 /INPUT 1 "pop";
    .port_info 5 /OUTPUT 64 "rd_data";
    .port_info 6 /OUTPUT 1 "empty";
    .port_info 7 /OUTPUT 1 "full";
    .port_info 8 /OUTPUT 9 "count";
    .port_info 9 /OUTPUT 1 "overflow";
    .port_info 10 /OUTPUT 1 "underflow";
P_000002d6438d1240 .param/l "ADDR_BITS" 1 14 112, +C4<00000000000000000000000000001000>;
P_000002d6438d1278 .param/l "COUNT_W" 1 14 113, +C4<00000000000000000000000000001001>;
P_000002d6438d12b0 .param/l "DEPTH" 0 14 88, +C4<00000000000000000000000100000000>;
P_000002d6438d12e8 .param/l "DEPTH_IS_POW2" 1 14 115, C4<1>;
P_000002d6438d1320 .param/l "DEPTH_VAL" 1 14 114, C4<100000000>;
P_000002d6438d1358 .param/l "WIDTH" 0 14 87, +C4<00000000000000000000000001000000>;
L_000002d643988730 .functor OR 1, L_000002d643ada3a0, v000002d643a62770_0, C4<0>, C4<0>;
L_000002d643987930 .functor AND 1, v000002d643a67370_0, L_000002d643988730, C4<1>, C4<1>;
L_000002d643988dc0 .functor AND 1, v000002d643a62770_0, L_000002d643ada760, C4<1>, C4<1>;
L_000002d643988340 .functor BUFZ 64, L_000002d643adae40, C4<0000000000000000000000000000000000000000000000000000000000000000>, C4<0000000000000000000000000000000000000000000000000000000000000000>, C4<0000000000000000000000000000000000000000000000000000000000000000>;
v000002d643a68c00_0 .net *"_ivl_1", 0 0, L_000002d643ada3a0;  1 drivers
L_000002d643a91940 .functor BUFT 1, C4<000000000>, C4<0>, C4<0>, C4<0>;
v000002d643a68160_0 .net/2u *"_ivl_10", 8 0, L_000002d643a91940;  1 drivers
L_000002d643a91988 .functor BUFT 1, C4<100000000>, C4<0>, C4<0>, C4<0>;
v000002d643a67ee0_0 .net/2u *"_ivl_14", 8 0, L_000002d643a91988;  1 drivers
v000002d643a68340_0 .net *"_ivl_18", 63 0, L_000002d643adae40;  1 drivers
v000002d643a69060_0 .net *"_ivl_20", 9 0, L_000002d643adaee0;  1 drivers
L_000002d643a919d0 .functor BUFT 1, C4<00>, C4<0>, C4<0>, C4<0>;
v000002d643a691a0_0 .net *"_ivl_23", 1 0, L_000002d643a919d0;  1 drivers
v000002d643a69100_0 .net *"_ivl_3", 0 0, L_000002d643988730;  1 drivers
v000002d643a68d40_0 .net *"_ivl_7", 0 0, L_000002d643ada760;  1 drivers
v000002d643a67d00_0 .net "clk", 0 0, v000002d643a84b80_0;  alias, 1 drivers
v000002d643a67da0_0 .var "count", 8 0;
v000002d643a67a80_0 .net "empty", 0 0, L_000002d643adada0;  alias, 1 drivers
v000002d643a679e0_0 .net "full", 0 0, L_000002d643ada120;  alias, 1 drivers
v000002d643a69380 .array "mem", 255 0, 63 0;
v000002d643a685c0_0 .var "overflow", 0 0;
v000002d643a69600_0 .net "pop", 0 0, v000002d643a62770_0;  alias, 1 drivers
v000002d643a68de0_0 .net "pop_fire", 0 0, L_000002d643988dc0;  1 drivers
v000002d643a67e40_0 .net "push", 0 0, v000002d643a67370_0;  alias, 1 drivers
v000002d643a68660_0 .net "push_data", 63 0, v000002d643a65a70_0;  alias, 1 drivers
v000002d643a68a20_0 .net "push_fire", 0 0, L_000002d643987930;  1 drivers
v000002d643a68e80_0 .net "rd_data", 63 0, L_000002d643988340;  alias, 1 drivers
v000002d643a68200_0 .var "rd_ptr", 7 0;
v000002d643a68020_0 .net "rst_n", 0 0, v000002d643a83e60_0;  alias, 1 drivers
v000002d643a680c0_0 .var "underflow", 0 0;
v000002d643a696a0_0 .var "wr_ptr", 7 0;
L_000002d643ada3a0 .reduce/nor L_000002d643ada120;
L_000002d643ada760 .reduce/nor L_000002d643adada0;
L_000002d643adada0 .cmp/eq 9, v000002d643a67da0_0, L_000002d643a91940;
L_000002d643ada120 .cmp/eq 9, v000002d643a67da0_0, L_000002d643a91988;
L_000002d643adae40 .array/port v000002d643a69380, L_000002d643adaee0;
L_000002d643adaee0 .concat [ 8 2 0 0], v000002d643a68200_0, L_000002d643a919d0;
S_000002d643a780e0 .scope module, "u_instr_sram" "sram_simple" 5 448, 15 55 0, S_000002d643a11a80;
 .timescale -9 -12;
    .port_info 0 /INPUT 1 "clk";
    .port_info 1 /INPUT 1 "rst_n";
    .port_info 2 /INPUT 1 "req_valid";
    .port_info 3 /INPUT 1 "req_write";
    .port_info 4 /INPUT 32 "req_addr";
    .port_info 5 /INPUT 32 "req_wdata";
    .port_info 6 /INPUT 4 "req_wstrb";
    .port_info 7 /OUTPUT 32 "rdata";
P_000002d6438d0c40 .param/l "ADDR_BITS" 1 15 73, +C4<00000000000000000000000000001100>;
P_000002d6438d0c78 .param/l "MEM_BYTES" 0 15 58, +C4<00000000000000000100000000000000>;
P_000002d6438d0cb0 .param/l "WORDS" 1 15 72, +C4<00000000000000000001000000000000>;
L_000002d643985e10 .functor BUFZ 32, L_000002d643ad9d60, C4<00000000000000000000000000000000>, C4<00000000000000000000000000000000>, C4<00000000000000000000000000000000>;
v000002d643a68ac0_0 .net *"_ivl_10", 13 0, L_000002d643ad9360;  1 drivers
L_000002d643a91628 .functor BUFT 1, C4<00>, C4<0>, C4<0>, C4<0>;
v000002d643a69560_0 .net *"_ivl_13", 1 0, L_000002d643a91628;  1 drivers
L_000002d643a915e0 .functor BUFT 1, C4<0>, C4<0>, C4<0>, C4<0>;
v000002d643a69240_0 .net/2u *"_ivl_2", 0 0, L_000002d643a915e0;  1 drivers
v000002d643a69740_0 .net *"_ivl_4", 69 0, L_000002d643ada940;  1 drivers
v000002d643a68700_0 .net *"_ivl_8", 31 0, L_000002d643ad9d60;  1 drivers
v000002d643a692e0_0 .net "_unused", 0 0, L_000002d643ada620;  1 drivers
v000002d643a67f80_0 .net "clk", 0 0, v000002d643a84b80_0;  alias, 1 drivers
v000002d643a682a0 .array "mem", 4095 0, 31 0;
v000002d643a683e0_0 .net "rdata", 31 0, L_000002d643985e10;  alias, 1 drivers
v000002d643a68480_0 .net "req_addr", 31 0, L_000002d643ad9c20;  alias, 1 drivers
v000002d643a68840_0 .net "req_valid", 0 0, L_000002d643986510;  alias, 1 drivers
v000002d643a68520_0 .net "req_wdata", 31 0, L_000002d643986430;  alias, 1 drivers
v000002d643a697e0_0 .net "req_write", 0 0, L_000002d643986820;  alias, 1 drivers
v000002d643a68980_0 .net "req_wstrb", 3 0, L_000002d6439866d0;  alias, 1 drivers
v000002d643a687a0_0 .net "rst_n", 0 0, v000002d643a83e60_0;  alias, 1 drivers
v000002d643a69420_0 .net "word_addr", 11 0, L_000002d643adb200;  1 drivers
L_000002d643adb200 .part L_000002d643ad9c20, 2, 12;
LS_000002d643ada940_0_0 .concat [ 4 32 32 1], L_000002d6439866d0, L_000002d643986430, L_000002d643ad9c20, v000002d643a83e60_0;
LS_000002d643ada940_0_4 .concat [ 1 0 0 0], L_000002d643a915e0;
L_000002d643ada940 .concat [ 69 1 0 0], LS_000002d643ada940_0_0, LS_000002d643ada940_0_4;
L_000002d643ada620 .reduce/and L_000002d643ada940;
L_000002d643ad9d60 .array/port v000002d643a682a0, L_000002d643ad9360;
L_000002d643ad9360 .concat [ 12 2 0 0], L_000002d643adb200, L_000002d643a91628;
S_000002d643a78720 .scope module, "u_jtag" "jtag_stub" 5 946, 16 36 0, S_000002d643a11a80;
 .timescale -9 -12;
    .port_info 0 /INPUT 1 "jtag_tck";
    .port_info 1 /INPUT 1 "jtag_tms";
    .port_info 2 /INPUT 1 "jtag_tdi";
    .port_info 3 /OUTPUT 1 "jtag_tdo";
L_000002d6438e05c0 .functor XOR 1, v000002d643a840e0_0, v000002d643a83460_0, C4<0>, C4<0>;
L_000002d6438e08d0 .functor XOR 1, L_000002d6438e05c0, v000002d643a83d20_0, C4<0>, C4<0>;
v000002d643a688e0_0 .net *"_ivl_0", 0 0, L_000002d6438e05c0;  1 drivers
v000002d643a68b60_0 .net "_unused", 0 0, L_000002d6438e08d0;  1 drivers
v000002d643a68ca0_0 .net "jtag_tck", 0 0, v000002d643a840e0_0;  alias, 1 drivers
v000002d643a694c0_0 .net "jtag_tdi", 0 0, v000002d643a83d20_0;  alias, 1 drivers
v000002d643a69880_0 .net "jtag_tdo", 0 0, L_000002d643a91dc0;  alias, 1 drivers
v000002d643a67b20_0 .net "jtag_tms", 0 0, v000002d643a83460_0;  alias, 1 drivers
S_000002d643a78ef0 .scope module, "u_lif" "lif_neurons" 5 764, 17 59 0, S_000002d643a11a80;
 .timescale -9 -12;
    .port_info 0 /INPUT 1 "clk";
    .port_info 1 /INPUT 1 "rst_n";
    .port_info 2 /INPUT 1 "soft_reset_pulse";
    .port_info 3 /INPUT 1 "neuron_in_valid";
    .port_info 4 /INPUT 90 "neuron_in_data";
    .port_info 5 /INPUT 3 "bitplane_shift";
    .port_info 6 /INPUT 32 "threshold";
    .port_info 7 /INPUT 1 "reset_mode";
    .port_info 8 /OUTPUT 1 "out_fifo_push";
    .port_info 9 /OUTPUT 4 "out_fifo_wdata";
    .port_info 10 /INPUT 1 "out_fifo_full";
P_000002d6439c1780 .param/l "BITPLANE_MAX" 1 17 89, C4<111>;
P_000002d6439c17b8 .param/l "BITPLANE_W" 1 17 87, +C4<00000000000000000000000000000011>;
P_000002d6439c17f0 .param/l "MEM_W" 1 17 86, +C4<00000000000000000000000000100000>;
P_000002d6439c1828 .param/l "QADDR_BITS" 1 17 120, +C4<00000000000000000000000000000101>;
P_000002d6439c1860 .param/l "QDEPTH" 1 17 119, +C4<00000000000000000000000000100000>;
L_000002d643989840 .functor BUFZ 1, v000002d643a69fa0_0, C4<0>, C4<0>, C4<0>;
v000002d643a6b4e0_0 .net "_unused_queue_overflow", 0 0, L_000002d643989840;  1 drivers
v000002d643a6bbc0_0 .net "bitplane_shift", 2 0, v000002d643a632b0_0;  alias, 1 drivers
v000002d643a6bf80_0 .net "clk", 0 0, v000002d643a84b80_0;  alias, 1 drivers
v000002d643a6a040_0 .var/i "i", 31 0;
v000002d643a6a0e0 .array/s "membrane", 9 0, 31 0;
v000002d643a6a400_0 .net "neuron_in_data", 89 0, v000002d6439b7cc0_0;  alias, 1 drivers
v000002d643a6a900_0 .net "neuron_in_valid", 0 0, v000002d6439b6a00_0;  alias, 1 drivers
v000002d643a6ad60_0 .net "out_fifo_full", 0 0, L_000002d643ada800;  alias, 1 drivers
v000002d643a6a9a0_0 .var "out_fifo_push", 0 0;
v000002d643a6b260_0 .var "out_fifo_wdata", 3 0;
v000002d643a69aa0_0 .var "q_count", 5 0;
v000002d643a69fa0_0 .var "queue_overflow", 0 0;
v000002d643a6bee0_0 .var "rd_ptr", 4 0;
v000002d643a6c020_0 .net "reset_mode", 0 0, v000002d643a6d880_0;  alias, 1 drivers
v000002d643a6bd00_0 .net "rst_n", 0 0, v000002d643a83e60_0;  alias, 1 drivers
v000002d643a6b620_0 .net "soft_reset_pulse", 0 0, v000002d643a7c8c0_0;  alias, 1 drivers
v000002d643a6aa40 .array "spike_q", 31 0, 3 0;
v000002d643a69d20_0 .net "threshold", 31 0, v000002d643a6c5c0_0;  alias, 1 drivers
v000002d643a6a720_0 .net/s "threshold_ext", 31 0, L_000002d643adc4c0;  1 drivers
v000002d643a6be40_0 .var "wr_ptr", 4 0;
L_000002d643adc4c0 .concat [ 32 0 0 0], v000002d643a6c5c0_0;
S_000002d643a78a40 .scope begin, "lif_ff" "lif_ff" 17 139, 17 139 0, S_000002d643a78ef0;
 .timescale -9 -12;
v000002d643a68f20_0 .var/s "addend", 31 0;
v000002d643a68fc0_0 .var/s "new_mem", 31 0;
v000002d643a67bc0_0 .var/s "signed_in", 8 0;
v000002d643a67c60_0 .var "spike", 0 0;
v000002d643a6c160_0 .var/2s "temp_count", 31 0;
v000002d643a6b120_0 .var/2s "temp_rd_ptr", 31 0;
v000002d643a6ac20_0 .var/2s "temp_wr_ptr", 31 0;
S_000002d643a78400 .scope module, "u_macro" "cim_macro_blackbox" 5 720, 18 103 0, S_000002d643a11a80;
 .timescale -9 -12;
    .port_info 0 /INPUT 1 "clk";
    .port_info 1 /INPUT 1 "rst_n";
    .port_info 2 /INPUT 64 "wl_spike";
    .port_info 3 /INPUT 1 "dac_valid";
    .port_info 4 /INPUT 1 "cim_start";
    .port_info 5 /OUTPUT 1 "cim_done";
    .port_info 6 /INPUT 1 "adc_start";
    .port_info 7 /OUTPUT 1 "adc_done";
    .port_info 8 /INPUT 5 "bl_sel";
    .port_info 9 /OUTPUT 8 "bl_data";
P_000002d6434c9b40 .param/l "ADC_CH_MAX" 1 18 141, C4<10100>;
P_000002d6434c9b78 .param/l "BL_SEL_W" 1 18 135, +C4<00000000000000000000000000000101>;
P_000002d6434c9bb0 .param/l "P_ADC_CHANNELS" 0 18 105, +C4<00000000000000000000000000010100>;
P_000002d6434c9be8 .param/l "P_NUM_INPUTS" 0 18 104, +C4<00000000000000000000000001000000>;
v000002d643a6b300_0 .var "adc_busy", 0 0;
v000002d643a6a180_0 .var "adc_cnt", 7 0;
v000002d643a6a220_0 .var "adc_done", 0 0;
v000002d643a6b1c0_0 .net "adc_start", 0 0, v000002d6439b6b40_0;  alias, 1 drivers
v000002d643a6a4a0_0 .var "bl_data", 7 0;
v000002d643a6bc60_0 .var "bl_data_internal", 159 0;
v000002d643a6bda0_0 .net "bl_sel", 4 0, v000002d6439b7a40_0;  alias, 1 drivers
v000002d643a69c80_0 .var "cim_busy", 0 0;
v000002d643a69b40_0 .var "cim_cnt", 7 0;
v000002d643a6ab80_0 .var "cim_done", 0 0;
v000002d643a6b6c0_0 .net "cim_start", 0 0, v000002d643a62270_0;  alias, 1 drivers
v000002d643a6ae00_0 .net "clk", 0 0, v000002d643a84b80_0;  alias, 1 drivers
v000002d643a6b440_0 .net "dac_valid", 0 0, v000002d643a64aa0_0;  alias, 1 drivers
v000002d643a69be0_0 .var "pop_count", 7 0;
v000002d643a6b580_0 .net "rst_n", 0 0, v000002d643a83e60_0;  alias, 1 drivers
v000002d643a6b760_0 .var "wl_latched", 63 0;
v000002d643a6af40_0 .net "wl_spike", 63 0, L_000002d643989920;  alias, 1 drivers
E_000002d6439e3510 .event anyedge, v000002d6439b7a40_0, v000002d643a6bc60_0;
E_000002d6439e3090 .event anyedge, v000002d643a6b760_0;
S_000002d643a78270 .scope begin, "$ivl_for_loop1" "$ivl_for_loop1" 18 288, 18 288 0, S_000002d643a78400;
 .timescale -9 -12;
v000002d643a69a00_0 .var/2s "j", 31 0;
S_000002d643a788b0 .scope autofunction.vec4.s8, "popcount_fn" "popcount_fn" 18 172, 18 172 0, S_000002d643a78400;
 .timescale -9 -12;
v000002d643a6c0c0_0 .var/i "k", 31 0;
; Variable popcount_fn is vec4 return value of scope S_000002d643a788b0
v000002d643a6a7c0_0 .var "v", 63 0;
TD_top_tb_icarus_light.dut.u_macro.popcount_fn ;
    %pushi/vec4 0, 0, 8;
    %ret/vec4 0, 0, 8;  Assign to popcount_fn (store_vec4_to_lval)
    %pushi/vec4 0, 0, 32;
    %store/vec4 v000002d643a6c0c0_0, 0, 32;
T_3.5 ;
    %load/vec4 v000002d643a6c0c0_0;
    %cmpi/s 64, 0, 32;
    %jmp/0xz T_3.6, 5;
    %retload/vec4 0; Load popcount_fn (draw_signal_vec4)
    %load/vec4 v000002d643a6a7c0_0;
    %load/vec4 v000002d643a6c0c0_0;
    %part/s 1;
    %pad/u 8;
    %add;
    %ret/vec4 0, 0, 8;  Assign to popcount_fn (store_vec4_to_lval)
    %load/vec4 v000002d643a6c0c0_0;
    %addi 1, 0, 32;
    %store/vec4 v000002d643a6c0c0_0, 0, 32;
    %jmp T_3.5;
T_3.6 ;
    %end;
S_000002d643a78d60 .scope module, "u_output_fifo" "fifo_sync" 5 548, 14 86 0, S_000002d643a11a80;
 .timescale -9 -12;
    .port_info 0 /INPUT 1 "clk";
    .port_info 1 /INPUT 1 "rst_n";
    .port_info 2 /INPUT 1 "push";
    .port_info 3 /INPUT 4 "push_data";
    .port_info 4 /INPUT 1 "pop";
    .port_info 5 /OUTPUT 4 "rd_data";
    .port_info 6 /OUTPUT 1 "empty";
    .port_info 7 /OUTPUT 1 "full";
    .port_info 8 /OUTPUT 9 "count";
    .port_info 9 /OUTPUT 1 "overflow";
    .port_info 10 /OUTPUT 1 "underflow";
P_000002d64388f8c0 .param/l "ADDR_BITS" 1 14 112, +C4<00000000000000000000000000001000>;
P_000002d64388f8f8 .param/l "COUNT_W" 1 14 113, +C4<00000000000000000000000000001001>;
P_000002d64388f930 .param/l "DEPTH" 0 14 88, +C4<00000000000000000000000100000000>;
P_000002d64388f968 .param/l "DEPTH_IS_POW2" 1 14 115, C4<1>;
P_000002d64388f9a0 .param/l "DEPTH_VAL" 1 14 114, C4<100000000>;
P_000002d64388f9d8 .param/l "WIDTH" 0 14 87, +C4<00000000000000000000000000000100>;
L_000002d6439883b0 .functor OR 1, L_000002d643ad9860, v000002d643a6c8e0_0, C4<0>, C4<0>;
L_000002d643989060 .functor AND 1, v000002d643a6a9a0_0, L_000002d6439883b0, C4<1>, C4<1>;
L_000002d643987bd0 .functor AND 1, v000002d643a6c8e0_0, L_000002d643ada260, C4<1>, C4<1>;
L_000002d6439878c0 .functor BUFZ 4, L_000002d643ada8a0, C4<0000>, C4<0000>, C4<0000>;
v000002d643a69dc0_0 .net *"_ivl_1", 0 0, L_000002d643ad9860;  1 drivers
L_000002d643a91a18 .functor BUFT 1, C4<000000000>, C4<0>, C4<0>, C4<0>;
v000002d643a6bb20_0 .net/2u *"_ivl_10", 8 0, L_000002d643a91a18;  1 drivers
L_000002d643a91a60 .functor BUFT 1, C4<100000000>, C4<0>, C4<0>, C4<0>;
v000002d643a69e60_0 .net/2u *"_ivl_14", 8 0, L_000002d643a91a60;  1 drivers
v000002d643a6a860_0 .net *"_ivl_18", 3 0, L_000002d643ada8a0;  1 drivers
v000002d643a6acc0_0 .net *"_ivl_20", 9 0, L_000002d643ad92c0;  1 drivers
L_000002d643a91aa8 .functor BUFT 1, C4<00>, C4<0>, C4<0>, C4<0>;
v000002d643a6aae0_0 .net *"_ivl_23", 1 0, L_000002d643a91aa8;  1 drivers
v000002d643a6b800_0 .net *"_ivl_3", 0 0, L_000002d6439883b0;  1 drivers
v000002d643a6aea0_0 .net *"_ivl_7", 0 0, L_000002d643ada260;  1 drivers
v000002d643a6b3a0_0 .net "clk", 0 0, v000002d643a84b80_0;  alias, 1 drivers
v000002d643a69f00_0 .var "count", 8 0;
v000002d643a6a2c0_0 .net "empty", 0 0, L_000002d643adb700;  alias, 1 drivers
v000002d643a6a360_0 .net "full", 0 0, L_000002d643ada800;  alias, 1 drivers
v000002d643a6a540 .array "mem", 255 0, 3 0;
v000002d643a6a5e0_0 .var "overflow", 0 0;
v000002d643a6afe0_0 .net "pop", 0 0, v000002d643a6c8e0_0;  alias, 1 drivers
v000002d643a6a680_0 .net "pop_fire", 0 0, L_000002d643987bd0;  1 drivers
v000002d643a6b080_0 .net "push", 0 0, v000002d643a6a9a0_0;  alias, 1 drivers
v000002d643a6b8a0_0 .net "push_data", 3 0, v000002d643a6b260_0;  alias, 1 drivers
v000002d643a6b940_0 .net "push_fire", 0 0, L_000002d643989060;  1 drivers
v000002d643a6b9e0_0 .net "rd_data", 3 0, L_000002d6439878c0;  alias, 1 drivers
v000002d643a6cde0_0 .var "rd_ptr", 7 0;
v000002d643a6cc00_0 .net "rst_n", 0 0, v000002d643a83e60_0;  alias, 1 drivers
v000002d643a6d1a0_0 .var "underflow", 0 0;
v000002d643a6cca0_0 .var "wr_ptr", 7 0;
L_000002d643ad9860 .reduce/nor L_000002d643ada800;
L_000002d643ada260 .reduce/nor L_000002d643adb700;
L_000002d643adb700 .cmp/eq 9, v000002d643a69f00_0, L_000002d643a91a18;
L_000002d643ada800 .cmp/eq 9, v000002d643a69f00_0, L_000002d643a91a60;
L_000002d643ada8a0 .array/port v000002d643a6a540, L_000002d643ad92c0;
L_000002d643ad92c0 .concat [ 8 2 0 0], v000002d643a6cde0_0, L_000002d643a91aa8;
S_000002d643a79730 .scope module, "u_reg_bank" "reg_bank" 5 577, 19 96 0, S_000002d643a11a80;
 .timescale -9 -12;
    .port_info 0 /INPUT 1 "clk";
    .port_info 1 /INPUT 1 "rst_n";
    .port_info 2 /INPUT 1 "req_valid";
    .port_info 3 /INPUT 1 "req_write";
    .port_info 4 /INPUT 32 "req_addr";
    .port_info 5 /INPUT 32 "req_wdata";
    .port_info 6 /INPUT 4 "req_wstrb";
    .port_info 7 /OUTPUT 32 "rdata";
    .port_info 8 /INPUT 1 "snn_busy";
    .port_info 9 /INPUT 1 "snn_done_pulse";
    .port_info 10 /INPUT 8 "timestep_counter";
    .port_info 11 /INPUT 1 "in_fifo_empty";
    .port_info 12 /INPUT 1 "in_fifo_full";
    .port_info 13 /INPUT 1 "out_fifo_empty";
    .port_info 14 /INPUT 1 "out_fifo_full";
    .port_info 15 /INPUT 4 "out_fifo_rdata";
    .port_info 16 /INPUT 9 "out_fifo_count";
    .port_info 17 /INPUT 16 "adc_sat_high";
    .port_info 18 /INPUT 16 "adc_sat_low";
    .port_info 19 /INPUT 16 "dbg_dma_frame_cnt";
    .port_info 20 /INPUT 16 "dbg_cim_cycle_cnt";
    .port_info 21 /INPUT 16 "dbg_spike_cnt";
    .port_info 22 /INPUT 16 "dbg_wl_stall_cnt";
    .port_info 23 /OUTPUT 32 "neuron_threshold";
    .port_info 24 /OUTPUT 8 "timesteps";
    .port_info 25 /OUTPUT 1 "reset_mode";
    .port_info 26 /OUTPUT 1 "start_pulse";
    .port_info 27 /OUTPUT 1 "soft_reset_pulse";
    .port_info 28 /OUTPUT 1 "cim_test_mode";
    .port_info 29 /OUTPUT 8 "cim_test_data_pos";
    .port_info 30 /OUTPUT 8 "cim_test_data_neg";
    .port_info 31 /OUTPUT 1 "out_fifo_pop";
P_000002d6434e1640 .param/l "REG_ADC_SAT_COUNT" 1 19 176, C4<00101000>;
P_000002d6434e1678 .param/l "REG_CIM_CTRL" 1 19 165, C4<00010100>;
P_000002d6434e16b0 .param/l "REG_CIM_TEST" 1 19 178, C4<00101100>;
P_000002d6434e16e8 .param/l "REG_DBG_CNT_0" 1 19 180, C4<00110000>;
P_000002d6434e1720 .param/l "REG_DBG_CNT_1" 1 19 181, C4<00110100>;
P_000002d6434e1758 .param/l "REG_NUM_INPUTS" 1 19 162, C4<00001000>;
P_000002d6434e1790 .param/l "REG_NUM_OUTPUTS" 1 19 163, C4<00001100>;
P_000002d6434e17c8 .param/l "REG_OUT_COUNT" 1 19 168, C4<00100000>;
P_000002d6434e1800 .param/l "REG_OUT_DATA" 1 19 167, C4<00011100>;
P_000002d6434e1838 .param/l "REG_RESET_MODE" 1 19 164, C4<00010000>;
P_000002d6434e1870 .param/l "REG_STATUS" 1 19 166, C4<00011000>;
P_000002d6434e18a8 .param/l "REG_THRESHOLD" 1 19 160, C4<00000000>;
P_000002d6434e18e0 .param/l "REG_THRESHOLD_RATIO" 1 19 174, C4<00100100>;
P_000002d6434e1918 .param/l "REG_TIMESTEPS" 1 19 161, C4<00000100>;
L_000002d643987a10 .functor AND 1, L_000002d643985fd0, L_000002d643986890, C4<1>, C4<1>;
v000002d643a6ce80_0 .net *"_ivl_10", 25 0, L_000002d643ad9720;  1 drivers
L_000002d643a91af0 .functor BUFT 1, C4<0>, C4<0>, C4<0>, C4<0>;
v000002d643a6c340_0 .net/2u *"_ivl_4", 0 0, L_000002d643a91af0;  1 drivers
v000002d643a6c7a0_0 .net *"_ivl_7", 23 0, L_000002d643ad9540;  1 drivers
v000002d643a6c200_0 .net *"_ivl_9", 0 0, L_000002d643ad9680;  1 drivers
v000002d643a6c2a0_0 .net "_unused", 0 0, L_000002d643ad9900;  1 drivers
v000002d643a6d4c0_0 .net "adc_sat_high", 15 0, v000002d6439b6d20_0;  alias, 1 drivers
v000002d643a6c3e0_0 .net "adc_sat_low", 15 0, v000002d6439b7720_0;  alias, 1 drivers
v000002d643a6cac0_0 .net "addr_offset", 7 0, L_000002d643ad94a0;  1 drivers
v000002d643a6d380_0 .var "cim_test_data_neg", 7 0;
v000002d643a6c480_0 .var "cim_test_data_pos", 7 0;
v000002d643a6c840_0 .var "cim_test_mode", 0 0;
v000002d643a6d600_0 .net "clk", 0 0, v000002d643a84b80_0;  alias, 1 drivers
v000002d643a6cfc0_0 .net "dbg_cim_cycle_cnt", 15 0, v000002d643a7fc70_0;  1 drivers
v000002d643a6d100_0 .net "dbg_dma_frame_cnt", 15 0, v000002d643a80670_0;  1 drivers
v000002d643a6c520_0 .net "dbg_spike_cnt", 15 0, v000002d643a81070_0;  1 drivers
v000002d643a6c700_0 .net "dbg_wl_stall_cnt", 15 0, v000002d643a7f6d0_0;  1 drivers
v000002d643a6cf20_0 .var "done_sticky", 0 0;
v000002d643a6d6a0_0 .net "in_fifo_empty", 0 0, L_000002d643adada0;  alias, 1 drivers
v000002d643a6cd40_0 .net "in_fifo_full", 0 0, L_000002d643ada120;  alias, 1 drivers
v000002d643a6c5c0_0 .var "neuron_threshold", 31 0;
v000002d643a6d560_0 .net "out_fifo_count", 8 0, v000002d643a69f00_0;  alias, 1 drivers
v000002d643a6d060_0 .net "out_fifo_empty", 0 0, L_000002d643adb700;  alias, 1 drivers
v000002d643a6cb60_0 .net "out_fifo_full", 0 0, L_000002d643ada800;  alias, 1 drivers
v000002d643a6c8e0_0 .var "out_fifo_pop", 0 0;
v000002d643a6c660_0 .net "out_fifo_rdata", 3 0, L_000002d6439878c0;  alias, 1 drivers
v000002d643a6d7e0_0 .var "pop_pending", 0 0;
v000002d643a6ca20_0 .var "rdata", 31 0;
v000002d643a6d420_0 .net "req_addr", 31 0, L_000002d643adb340;  alias, 1 drivers
v000002d643a6d240_0 .net "req_valid", 0 0, L_000002d643985fd0;  alias, 1 drivers
v000002d643a6d740_0 .net "req_wdata", 31 0, L_000002d6439865f0;  alias, 1 drivers
v000002d643a6c980_0 .net "req_write", 0 0, L_000002d643986890;  alias, 1 drivers
v000002d643a6d2e0_0 .net "req_wstrb", 3 0, L_000002d643987620;  alias, 1 drivers
v000002d643a6d880_0 .var "reset_mode", 0 0;
v000002d643a7b2e0_0 .net "rst_n", 0 0, v000002d643a83e60_0;  alias, 1 drivers
v000002d643a7bf60_0 .net "snn_busy", 0 0, v000002d643a63490_0;  alias, 1 drivers
v000002d643a7caa0_0 .net "snn_done_pulse", 0 0, v000002d643a62590_0;  alias, 1 drivers
v000002d643a7c8c0_0 .var "soft_reset_pulse", 0 0;
v000002d643a7c000_0 .var "start_pulse", 0 0;
v000002d643a7ca00_0 .var "threshold_ratio", 7 0;
v000002d643a7c960_0 .net "timestep_counter", 7 0, v000002d643a64320_0;  alias, 1 drivers
v000002d643a7c5a0_0 .var "timesteps", 7 0;
v000002d643a7b7e0_0 .net "write_en", 0 0, L_000002d643987a10;  1 drivers
E_000002d6439e3010/0 .event anyedge, v000002d643a6cac0_0, v000002d643a69d20_0, v000002d643a63b00_0, v000002d643a6c020_0;
E_000002d6439e3010/1 .event anyedge, v000002d643a6cf20_0, v000002d643a63490_0, v000002d643a62630_0, v000002d643a65ed0_0;
E_000002d6439e3010/2 .event anyedge, v000002d643a670f0_0, v000002d643a675f0_0, v000002d643a64320_0, v000002d643a6b9e0_0;
E_000002d6439e3010/3 .event anyedge, v000002d643a66970_0, v000002d643a7ca00_0, v000002d6439b7720_0, v000002d6439b6d20_0;
E_000002d6439e3010/4 .event anyedge, v000002d643a6d380_0, v000002d643a6c480_0, v000002d643a6c840_0, v000002d643a6cfc0_0;
E_000002d6439e3010/5 .event anyedge, v000002d643a6d100_0, v000002d643a6c700_0, v000002d643a6c520_0;
E_000002d6439e3010 .event/or E_000002d6439e3010/0, E_000002d6439e3010/1, E_000002d6439e3010/2, E_000002d6439e3010/3, E_000002d6439e3010/4, E_000002d6439e3010/5;
L_000002d643ad94a0 .part L_000002d643adb340, 0, 8;
L_000002d643ad9540 .part L_000002d643adb340, 8, 24;
L_000002d643ad9680 .part L_000002d643987620, 3, 1;
L_000002d643ad9720 .concat [ 1 24 1 0], L_000002d643ad9680, L_000002d643ad9540, L_000002d643a91af0;
L_000002d643ad9900 .reduce/and L_000002d643ad9720;
S_000002d643a79d70 .scope module, "u_spi" "spi_stub" 5 928, 20 41 0, S_000002d643a11a80;
 .timescale -9 -12;
    .port_info 0 /INPUT 1 "clk";
    .port_info 1 /INPUT 1 "rst_n";
    .port_info 2 /INPUT 1 "req_valid";
    .port_info 3 /INPUT 1 "req_write";
    .port_info 4 /INPUT 32 "req_addr";
    .port_info 5 /INPUT 32 "req_wdata";
    .port_info 6 /INPUT 4 "req_wstrb";
    .port_info 7 /OUTPUT 32 "rdata";
    .port_info 8 /OUTPUT 1 "spi_cs_n";
    .port_info 9 /OUTPUT 1 "spi_sck";
    .port_info 10 /OUTPUT 1 "spi_mosi";
    .port_info 11 /INPUT 1 "spi_miso";
P_000002d6434e8190 .param/l "REG_CTRL" 1 20 61, C4<00000000>;
P_000002d6434e81c8 .param/l "REG_RXDATA" 1 20 64, C4<00001100>;
P_000002d6434e8200 .param/l "REG_STATUS" 1 20 62, C4<00000100>;
P_000002d6434e8238 .param/l "REG_TXDATA" 1 20 63, C4<00001000>;
L_000002d6438e04e0 .functor AND 1, L_000002d643987000, L_000002d643987700, C4<1>, C4<1>;
L_000002d643a91ca0 .functor BUFT 1, C4<0>, C4<0>, C4<0>, C4<0>;
v000002d643a7bc40_0 .net/2u *"_ivl_4", 0 0, L_000002d643a91ca0;  1 drivers
v000002d643a7cb40_0 .net *"_ivl_7", 23 0, L_000002d643adcb00;  1 drivers
v000002d643a7b880_0 .net *"_ivl_8", 29 0, L_000002d643adbfc0;  1 drivers
v000002d643a7bb00_0 .net "_unused", 0 0, L_000002d643adba20;  1 drivers
v000002d643a7b600_0 .net "addr_offset", 7 0, L_000002d643adc100;  1 drivers
v000002d643a7ba60_0 .net "clk", 0 0, v000002d643a84b80_0;  alias, 1 drivers
v000002d643a7b6a0_0 .var "ctrl_reg", 31 0;
v000002d643a7cc80_0 .var "rdata", 31 0;
v000002d643a7cbe0_0 .net "req_addr", 31 0, L_000002d643ada4e0;  alias, 1 drivers
v000002d643a7cd20_0 .net "req_valid", 0 0, L_000002d643987000;  alias, 1 drivers
v000002d643a7b740_0 .net "req_wdata", 31 0, L_000002d643986660;  alias, 1 drivers
v000002d643a7b4c0_0 .net "req_write", 0 0, L_000002d643987700;  alias, 1 drivers
v000002d643a7cf00_0 .net "req_wstrb", 3 0, L_000002d643986ac0;  alias, 1 drivers
v000002d643a7b100_0 .net "rst_n", 0 0, v000002d643a83e60_0;  alias, 1 drivers
v000002d643a7b920_0 .net "spi_cs_n", 0 0, L_000002d643a91ce8;  alias, 1 drivers
v000002d643a7b9c0_0 .net "spi_miso", 0 0, v000002d643a84680_0;  alias, 1 drivers
v000002d643a7be20_0 .net "spi_mosi", 0 0, L_000002d643a91d78;  alias, 1 drivers
v000002d643a7c3c0_0 .net "spi_sck", 0 0, L_000002d643a91d30;  alias, 1 drivers
v000002d643a7b420_0 .var "status_reg", 31 0;
v000002d643a7bce0_0 .var "txdata_reg", 31 0;
v000002d643a7c0a0_0 .net "write_en", 0 0, L_000002d6438e04e0;  1 drivers
E_000002d6439e3350 .event anyedge, v000002d643a7b600_0, v000002d643a7b6a0_0, v000002d643a7b420_0, v000002d643a7bce0_0;
L_000002d643adc100 .part L_000002d643ada4e0, 0, 8;
L_000002d643adcb00 .part L_000002d643ada4e0, 8, 24;
L_000002d643adbfc0 .concat [ 1 4 24 1], v000002d643a84680_0, L_000002d643986ac0, L_000002d643adcb00, L_000002d643a91ca0;
L_000002d643adba20 .reduce/and L_000002d643adbfc0;
S_000002d643a79f00 .scope module, "u_uart" "uart_stub" 5 913, 21 33 0, S_000002d643a11a80;
 .timescale -9 -12;
    .port_info 0 /INPUT 1 "clk";
    .port_info 1 /INPUT 1 "rst_n";
    .port_info 2 /INPUT 1 "req_valid";
    .port_info 3 /INPUT 1 "req_write";
    .port_info 4 /INPUT 32 "req_addr";
    .port_info 5 /INPUT 32 "req_wdata";
    .port_info 6 /INPUT 4 "req_wstrb";
    .port_info 7 /OUTPUT 32 "rdata";
    .port_info 8 /INPUT 1 "uart_rx";
    .port_info 9 /OUTPUT 1 "uart_tx";
P_000002d6435095d0 .param/l "REG_CTRL" 1 21 56, C4<00001100>;
P_000002d643509608 .param/l "REG_RXDATA" 1 21 54, C4<00000100>;
P_000002d643509640 .param/l "REG_STATUS" 1 21 55, C4<00001000>;
P_000002d643509678 .param/l "REG_TXDATA" 1 21 53, C4<00000000>;
L_000002d6439898b0 .functor AND 1, L_000002d6439862e0, L_000002d643986120, C4<1>, C4<1>;
L_000002d643a91c10 .functor BUFT 1, C4<0>, C4<0>, C4<0>, C4<0>;
v000002d643a7bd80_0 .net/2u *"_ivl_4", 0 0, L_000002d643a91c10;  1 drivers
v000002d643a7cdc0_0 .net *"_ivl_7", 23 0, L_000002d643adc560;  1 drivers
v000002d643a7bba0_0 .net *"_ivl_8", 29 0, L_000002d643adbe80;  1 drivers
v000002d643a7b240_0 .net "_unused", 0 0, L_000002d643adbde0;  1 drivers
v000002d643a7ce60_0 .net "addr_offset", 7 0, L_000002d643adc420;  1 drivers
v000002d643a7cfa0_0 .net "clk", 0 0, v000002d643a84b80_0;  alias, 1 drivers
v000002d643a7b1a0_0 .var "ctrl_reg", 31 0;
v000002d643a7bec0_0 .var "rdata", 31 0;
v000002d643a7c140_0 .net "req_addr", 31 0, L_000002d643adb160;  alias, 1 drivers
v000002d643a7b380_0 .net "req_valid", 0 0, L_000002d6439862e0;  alias, 1 drivers
v000002d643a7c500_0 .net "req_wdata", 31 0, L_000002d643987070;  alias, 1 drivers
v000002d643a7c460_0 .net "req_write", 0 0, L_000002d643986120;  alias, 1 drivers
v000002d643a7c1e0_0 .net "req_wstrb", 3 0, L_000002d643985da0;  alias, 1 drivers
v000002d643a7c280_0 .net "rst_n", 0 0, v000002d643a83e60_0;  alias, 1 drivers
v000002d643a7b560_0 .var "status_reg", 31 0;
v000002d643a7c320_0 .var "txdata_reg", 31 0;
v000002d643a7c640_0 .net "uart_rx", 0 0, v000002d643a85260_0;  alias, 1 drivers
v000002d643a7c820_0 .net "uart_tx", 0 0, L_000002d643a91c58;  alias, 1 drivers
v000002d643a7c6e0_0 .net "write_en", 0 0, L_000002d6439898b0;  1 drivers
E_000002d6439e2e50 .event anyedge, v000002d643a7ce60_0, v000002d643a7c320_0, v000002d643a7b560_0, v000002d643a7b1a0_0;
L_000002d643adc420 .part L_000002d643adb160, 0, 8;
L_000002d643adc560 .part L_000002d643adb160, 8, 24;
L_000002d643adbe80 .concat [ 1 4 24 1], v000002d643a85260_0, L_000002d643985da0, L_000002d643adc560, L_000002d643a91c10;
L_000002d643adbde0 .reduce/and L_000002d643adbe80;
S_000002d643a7a6d0 .scope module, "u_weight_sram" "sram_simple" 5 482, 15 55 0, S_000002d643a11a80;
 .timescale -9 -12;
    .port_info 0 /INPUT 1 "clk";
    .port_info 1 /INPUT 1 "rst_n";
    .port_info 2 /INPUT 1 "req_valid";
    .port_info 3 /INPUT 1 "req_write";
    .port_info 4 /INPUT 32 "req_addr";
    .port_info 5 /INPUT 32 "req_wdata";
    .port_info 6 /INPUT 4 "req_wstrb";
    .port_info 7 /OUTPUT 32 "rdata";
P_000002d6438d01f0 .param/l "ADDR_BITS" 1 15 73, +C4<00000000000000000000000000001100>;
P_000002d6438d0228 .param/l "MEM_BYTES" 0 15 58, +C4<00000000000000000100000000000000>;
P_000002d6438d0260 .param/l "WORDS" 1 15 72, +C4<00000000000000000001000000000000>;
L_000002d643985f60 .functor BUFZ 32, L_000002d643adaf80, C4<00000000000000000000000000000000>, C4<00000000000000000000000000000000>, C4<00000000000000000000000000000000>;
v000002d643a7c780_0 .net *"_ivl_10", 13 0, L_000002d643ad9a40;  1 drivers
L_000002d643a917d8 .functor BUFT 1, C4<00>, C4<0>, C4<0>, C4<0>;
v000002d643a81bb0_0 .net *"_ivl_13", 1 0, L_000002d643a917d8;  1 drivers
L_000002d643a91790 .functor BUFT 1, C4<0>, C4<0>, C4<0>, C4<0>;
v000002d643a82e70_0 .net/2u *"_ivl_2", 0 0, L_000002d643a91790;  1 drivers
v000002d643a82c90_0 .net *"_ivl_4", 69 0, L_000002d643adb3e0;  1 drivers
v000002d643a825b0_0 .net *"_ivl_8", 31 0, L_000002d643adaf80;  1 drivers
v000002d643a81c50_0 .net "_unused", 0 0, L_000002d643ad9f40;  1 drivers
v000002d643a819d0_0 .net "clk", 0 0, v000002d643a84b80_0;  alias, 1 drivers
v000002d643a81930 .array "mem", 4095 0, 31 0;
v000002d643a81a70_0 .net "rdata", 31 0, L_000002d643985f60;  alias, 1 drivers
v000002d643a82650_0 .net "req_addr", 31 0, L_000002d643adaa80;  alias, 1 drivers
v000002d643a81cf0_0 .net "req_valid", 0 0, L_000002d6439871c0;  alias, 1 drivers
v000002d643a81e30_0 .net "req_wdata", 31 0, L_000002d643986580;  alias, 1 drivers
v000002d643a826f0_0 .net "req_write", 0 0, L_000002d643986a50;  alias, 1 drivers
v000002d643a820b0_0 .net "req_wstrb", 3 0, L_000002d643986970;  alias, 1 drivers
v000002d643a82ab0_0 .net "rst_n", 0 0, v000002d643a83e60_0;  alias, 1 drivers
v000002d643a828d0_0 .net "word_addr", 11 0, L_000002d643ad99a0;  1 drivers
L_000002d643ad99a0 .part L_000002d643adaa80, 2, 12;
LS_000002d643adb3e0_0_0 .concat [ 4 32 32 1], L_000002d643986970, L_000002d643986580, L_000002d643adaa80, v000002d643a83e60_0;
LS_000002d643adb3e0_0_4 .concat [ 1 0 0 0], L_000002d643a91790;
L_000002d643adb3e0 .concat [ 69 1 0 0], LS_000002d643adb3e0_0_0, LS_000002d643adb3e0_0_4;
L_000002d643ad9f40 .reduce/and L_000002d643adb3e0;
L_000002d643adaf80 .array/port v000002d643a81930, L_000002d643ad9a40;
L_000002d643ad9a40 .concat [ 12 2 0 0], L_000002d643ad99a0, L_000002d643a917d8;
S_000002d643a798c0 .scope module, "u_wl_mux_wrapper" "wl_mux_wrapper" 5 686, 22 103 0, S_000002d643a11a80;
 .timescale -9 -12;
    .port_info 0 /INPUT 1 "clk";
    .port_info 1 /INPUT 1 "rst_n";
    .port_info 2 /INPUT 64 "wl_bitmap_in";
    .port_info 3 /INPUT 1 "wl_valid_pulse_in";
    .port_info 4 /OUTPUT 64 "wl_bitmap_out";
    .port_info 5 /OUTPUT 1 "wl_valid_pulse_out";
    .port_info 6 /OUTPUT 8 "wl_data";
    .port_info 7 /OUTPUT 3 "wl_group_sel";
    .port_info 8 /OUTPUT 1 "wl_latch";
    .port_info 9 /OUTPUT 1 "wl_busy";
P_000002d6438a5e70 .param/l "GROUPS" 1 22 137, +C4<00000000000000000000000000001000>;
P_000002d6438a5ea8 .param/l "GROUP_W_SEL" 1 22 138, +C4<00000000000000000000000000000011>;
P_000002d6438a5ee0 .param/l "P_GROUP_W" 0 22 105, +C4<00000000000000000000000000001000>;
P_000002d6438a5f18 .param/l "P_NUM_INPUTS" 0 22 104, +C4<00000000000000000000000001000000>;
enum000002d64342bdb0 .enum4 (2)
   "ST_IDLE" 2'b00,
   "ST_SEND" 2'b01,
   "ST_DONE" 2'b10
 ;
L_000002d643989610 .functor BUFZ 64, v000002d643a82830_0, C4<0000000000000000000000000000000000000000000000000000000000000000>, C4<0000000000000000000000000000000000000000000000000000000000000000>, C4<0000000000000000000000000000000000000000000000000000000000000000>;
L_000002d643a91b80 .functor BUFT 1, C4<01>, C4<0>, C4<0>, C4<0>;
v000002d643a82fb0_0 .net/2u *"_ivl_4", 1 0, L_000002d643a91b80;  1 drivers
v000002d643a82510_0 .net "clk", 0 0, v000002d643a84b80_0;  alias, 1 drivers
v000002d643a82b50_0 .var "grp_idx", 2 0;
v000002d643a82970_0 .net "rst_n", 0 0, v000002d643a83e60_0;  alias, 1 drivers
v000002d643a82a10_0 .var "state", 1 0;
v000002d643a82790_0 .net "wl_bitmap_in", 63 0, L_000002d643987af0;  alias, 1 drivers
v000002d643a81f70_0 .net "wl_bitmap_out", 63 0, L_000002d643989610;  alias, 1 drivers
v000002d643a82830_0 .var "wl_buf", 63 0;
v000002d643a82bf0_0 .var "wl_busy", 0 0;
v000002d643a81b10_0 .var "wl_data", 7 0;
v000002d643a82150_0 .net "wl_group_sel", 2 0, v000002d643a82b50_0;  alias, 1 drivers
v000002d643a81d90_0 .net "wl_latch", 0 0, L_000002d643adbd40;  alias, 1 drivers
v000002d643a82d30_0 .net "wl_valid_pulse_in", 0 0, v000002d643a63ec0_0;  alias, 1 drivers
v000002d643a82f10_0 .var "wl_valid_pulse_out", 0 0;
E_000002d6439e2550 .event anyedge, v000002d643a82b50_0, v000002d643a82830_0;
L_000002d643adbd40 .cmp/eq 2, v000002d643a82a10_0, L_000002d643a91b80;
    .scope S_000002d6438b0760;
T_4 ;
Ewait_0 .event/or E_000002d6439e2350, E_0x0;
    %wait Ewait_0;
    %pushi/vec4 0, 0, 4;
    %store/vec4 v000002d643a61c30_0, 0, 4;
    %alloc S_000002d6438bea80;
    %load/vec4 v000002d643a62950_0;
    %pushi/vec4 0, 0, 32;
    %pushi/vec4 16383, 0, 32;
    %store/vec4 v000002d6439b7540_0, 0, 32;
    %store/vec4 v000002d6439b7220_0, 0, 32;
    %store/vec4 v000002d6439b7ea0_0, 0, 32;
    %callf/vec4 TD_top_tb_icarus_light.dut.u_bus_interconnect.in_range, S_000002d6438bea80;
    %free S_000002d6438bea80;
    %flag_set/vec4 8;
    %jmp/0xz  T_4.0, 8;
    %pushi/vec4 1, 0, 4;
    %store/vec4 v000002d643a61c30_0, 0, 4;
    %jmp T_4.1;
T_4.0 ;
    %alloc S_000002d6438bea80;
    %load/vec4 v000002d643a62950_0;
    %pushi/vec4 65536, 0, 32;
    %pushi/vec4 81919, 0, 32;
    %store/vec4 v000002d6439b7540_0, 0, 32;
    %store/vec4 v000002d6439b7220_0, 0, 32;
    %store/vec4 v000002d6439b7ea0_0, 0, 32;
    %callf/vec4 TD_top_tb_icarus_light.dut.u_bus_interconnect.in_range, S_000002d6438bea80;
    %free S_000002d6438bea80;
    %flag_set/vec4 8;
    %jmp/0xz  T_4.2, 8;
    %pushi/vec4 2, 0, 4;
    %store/vec4 v000002d643a61c30_0, 0, 4;
    %jmp T_4.3;
T_4.2 ;
    %alloc S_000002d6438bea80;
    %load/vec4 v000002d643a62950_0;
    %pushi/vec4 196608, 0, 32;
    %pushi/vec4 212991, 0, 32;
    %store/vec4 v000002d6439b7540_0, 0, 32;
    %store/vec4 v000002d6439b7220_0, 0, 32;
    %store/vec4 v000002d6439b7ea0_0, 0, 32;
    %callf/vec4 TD_top_tb_icarus_light.dut.u_bus_interconnect.in_range, S_000002d6438bea80;
    %free S_000002d6438bea80;
    %flag_set/vec4 8;
    %jmp/0xz  T_4.4, 8;
    %pushi/vec4 3, 0, 4;
    %store/vec4 v000002d643a61c30_0, 0, 4;
    %jmp T_4.5;
T_4.4 ;
    %alloc S_000002d6438bea80;
    %load/vec4 v000002d643a62950_0;
    %pushi/vec4 1073741824, 0, 32;
    %pushi/vec4 1073742079, 0, 32;
    %store/vec4 v000002d6439b7540_0, 0, 32;
    %store/vec4 v000002d6439b7220_0, 0, 32;
    %store/vec4 v000002d6439b7ea0_0, 0, 32;
    %callf/vec4 TD_top_tb_icarus_light.dut.u_bus_interconnect.in_range, S_000002d6438bea80;
    %free S_000002d6438bea80;
    %flag_set/vec4 8;
    %jmp/0xz  T_4.6, 8;
    %pushi/vec4 4, 0, 4;
    %store/vec4 v000002d643a61c30_0, 0, 4;
    %jmp T_4.7;
T_4.6 ;
    %alloc S_000002d6438bea80;
    %load/vec4 v000002d643a62950_0;
    %pushi/vec4 1073742080, 0, 32;
    %pushi/vec4 1073742335, 0, 32;
    %store/vec4 v000002d6439b7540_0, 0, 32;
    %store/vec4 v000002d6439b7220_0, 0, 32;
    %store/vec4 v000002d6439b7ea0_0, 0, 32;
    %callf/vec4 TD_top_tb_icarus_light.dut.u_bus_interconnect.in_range, S_000002d6438bea80;
    %free S_000002d6438bea80;
    %flag_set/vec4 8;
    %jmp/0xz  T_4.8, 8;
    %pushi/vec4 5, 0, 4;
    %store/vec4 v000002d643a61c30_0, 0, 4;
    %jmp T_4.9;
T_4.8 ;
    %alloc S_000002d6438bea80;
    %load/vec4 v000002d643a62950_0;
    %pushi/vec4 1073742336, 0, 32;
    %pushi/vec4 1073742591, 0, 32;
    %store/vec4 v000002d6439b7540_0, 0, 32;
    %store/vec4 v000002d6439b7220_0, 0, 32;
    %store/vec4 v000002d6439b7ea0_0, 0, 32;
    %callf/vec4 TD_top_tb_icarus_light.dut.u_bus_interconnect.in_range, S_000002d6438bea80;
    %free S_000002d6438bea80;
    %flag_set/vec4 8;
    %jmp/0xz  T_4.10, 8;
    %pushi/vec4 6, 0, 4;
    %store/vec4 v000002d643a61c30_0, 0, 4;
    %jmp T_4.11;
T_4.10 ;
    %alloc S_000002d6438bea80;
    %load/vec4 v000002d643a62950_0;
    %pushi/vec4 1073742592, 0, 32;
    %pushi/vec4 1073742847, 0, 32;
    %store/vec4 v000002d6439b7540_0, 0, 32;
    %store/vec4 v000002d6439b7220_0, 0, 32;
    %store/vec4 v000002d6439b7ea0_0, 0, 32;
    %callf/vec4 TD_top_tb_icarus_light.dut.u_bus_interconnect.in_range, S_000002d6438bea80;
    %free S_000002d6438bea80;
    %flag_set/vec4 8;
    %jmp/0xz  T_4.12, 8;
    %pushi/vec4 7, 0, 4;
    %store/vec4 v000002d643a61c30_0, 0, 4;
    %jmp T_4.13;
T_4.12 ;
    %alloc S_000002d6438bea80;
    %load/vec4 v000002d643a62950_0;
    %pushi/vec4 1073742848, 0, 32;
    %pushi/vec4 1073743103, 0, 32;
    %store/vec4 v000002d6439b7540_0, 0, 32;
    %store/vec4 v000002d6439b7220_0, 0, 32;
    %store/vec4 v000002d6439b7ea0_0, 0, 32;
    %callf/vec4 TD_top_tb_icarus_light.dut.u_bus_interconnect.in_range, S_000002d6438bea80;
    %free S_000002d6438bea80;
    %flag_set/vec4 8;
    %jmp/0xz  T_4.14, 8;
    %pushi/vec4 8, 0, 4;
    %store/vec4 v000002d643a61c30_0, 0, 4;
T_4.14 ;
T_4.13 ;
T_4.11 ;
T_4.9 ;
T_4.7 ;
T_4.5 ;
T_4.3 ;
T_4.1 ;
    %jmp T_4;
    .thread T_4, $push;
    .scope S_000002d6438b0760;
T_5 ;
    %wait E_000002d6439e1dd0;
    %load/vec4 v000002d643a61ff0_0;
    %nor/r;
    %flag_set/vec4 8;
    %jmp/0xz  T_5.0, 8;
    %pushi/vec4 0, 0, 1;
    %assign/vec4 v000002d643a626d0_0, 0;
    %pushi/vec4 0, 0, 1;
    %assign/vec4 v000002d643a629f0_0, 0;
    %pushi/vec4 0, 0, 32;
    %assign/vec4 v000002d643a62950_0, 0;
    %pushi/vec4 0, 0, 32;
    %assign/vec4 v000002d643a63710_0, 0;
    %pushi/vec4 0, 0, 4;
    %assign/vec4 v000002d643a62e50_0, 0;
    %jmp T_5.1;
T_5.0 ;
    %load/vec4 v000002d643a61520_0;
    %assign/vec4 v000002d643a626d0_0, 0;
    %load/vec4 v000002d643a61520_0;
    %flag_set/vec4 8;
    %jmp/0xz  T_5.2, 8;
    %load/vec4 v000002d643a61700_0;
    %assign/vec4 v000002d643a629f0_0, 0;
    %load/vec4 v000002d643a60ee0_0;
    %assign/vec4 v000002d643a62950_0, 0;
    %load/vec4 v000002d643a61660_0;
    %assign/vec4 v000002d643a63710_0, 0;
    %load/vec4 v000002d643a635d0_0;
    %assign/vec4 v000002d643a62e50_0, 0;
T_5.2 ;
T_5.1 ;
    %jmp T_5;
    .thread T_5;
    .scope S_000002d6438b0760;
T_6 ;
Ewait_1 .event/or E_000002d6439e1c90, E_0x0;
    %wait Ewait_1;
    %pushi/vec4 0, 0, 32;
    %store/vec4 v000002d643a619b0_0, 0, 32;
    %load/vec4 v000002d643a61c30_0;
    %dup/vec4;
    %pushi/vec4 1, 0, 4;
    %cmp/u;
    %jmp/1 T_6.0, 6;
    %dup/vec4;
    %pushi/vec4 2, 0, 4;
    %cmp/u;
    %jmp/1 T_6.1, 6;
    %dup/vec4;
    %pushi/vec4 3, 0, 4;
    %cmp/u;
    %jmp/1 T_6.2, 6;
    %dup/vec4;
    %pushi/vec4 4, 0, 4;
    %cmp/u;
    %jmp/1 T_6.3, 6;
    %dup/vec4;
    %pushi/vec4 5, 0, 4;
    %cmp/u;
    %jmp/1 T_6.4, 6;
    %dup/vec4;
    %pushi/vec4 6, 0, 4;
    %cmp/u;
    %jmp/1 T_6.5, 6;
    %dup/vec4;
    %pushi/vec4 7, 0, 4;
    %cmp/u;
    %jmp/1 T_6.6, 6;
    %dup/vec4;
    %pushi/vec4 8, 0, 4;
    %cmp/u;
    %jmp/1 T_6.7, 6;
    %pushi/vec4 0, 0, 32;
    %store/vec4 v000002d643a619b0_0, 0, 32;
    %jmp T_6.9;
T_6.0 ;
    %load/vec4 v000002d643a60d00_0;
    %store/vec4 v000002d643a619b0_0, 0, 32;
    %jmp T_6.9;
T_6.1 ;
    %load/vec4 v000002d643a5fae0_0;
    %store/vec4 v000002d643a619b0_0, 0, 32;
    %jmp T_6.9;
T_6.2 ;
    %load/vec4 v000002d643a63030_0;
    %store/vec4 v000002d643a619b0_0, 0, 32;
    %jmp T_6.9;
T_6.3 ;
    %load/vec4 v000002d643a628b0_0;
    %store/vec4 v000002d643a619b0_0, 0, 32;
    %jmp T_6.9;
T_6.4 ;
    %load/vec4 v000002d643a615c0_0;
    %store/vec4 v000002d643a619b0_0, 0, 32;
    %jmp T_6.9;
T_6.5 ;
    %load/vec4 v000002d643a62310_0;
    %store/vec4 v000002d643a619b0_0, 0, 32;
    %jmp T_6.9;
T_6.6 ;
    %load/vec4 v000002d643a633f0_0;
    %store/vec4 v000002d643a619b0_0, 0, 32;
    %jmp T_6.9;
T_6.7 ;
    %load/vec4 v000002d643a5fe00_0;
    %store/vec4 v000002d643a619b0_0, 0, 32;
    %jmp T_6.9;
T_6.9 ;
    %pop/vec4 1;
    %jmp T_6;
    .thread T_6, $push;
    .scope S_000002d643a780e0;
T_7 ;
    %wait E_000002d6439e2250;
    %load/vec4 v000002d643a68840_0;
    %flag_set/vec4 9;
    %flag_get/vec4 9;
    %jmp/0 T_7.2, 9;
    %load/vec4 v000002d643a697e0_0;
    %and;
T_7.2;
    %flag_set/vec4 8;
    %jmp/0xz  T_7.0, 8;
    %load/vec4 v000002d643a68980_0;
    %parti/s 1, 0, 2;
    %flag_set/vec4 8;
    %jmp/0xz  T_7.3, 8;
    %load/vec4 v000002d643a68520_0;
    %parti/s 8, 0, 2;
    %load/vec4 v000002d643a69420_0;
    %pad/u 14;
    %ix/vec4 3;
    %ix/load 4, 0, 0; Constant delay
    %assign/vec4/a/d v000002d643a682a0, 0, 4;
T_7.3 ;
    %load/vec4 v000002d643a68980_0;
    %parti/s 1, 1, 2;
    %flag_set/vec4 8;
    %jmp/0xz  T_7.5, 8;
    %load/vec4 v000002d643a68520_0;
    %parti/s 8, 8, 5;
    %load/vec4 v000002d643a69420_0;
    %pad/u 14;
    %ix/vec4 3;
    %ix/load 4, 8, 0; part off
    %ix/load 5, 0, 0; Constant delay
    %assign/vec4/a/d v000002d643a682a0, 4, 5;
T_7.5 ;
    %load/vec4 v000002d643a68980_0;
    %parti/s 1, 2, 3;
    %flag_set/vec4 8;
    %jmp/0xz  T_7.7, 8;
    %load/vec4 v000002d643a68520_0;
    %parti/s 8, 16, 6;
    %load/vec4 v000002d643a69420_0;
    %pad/u 14;
    %ix/vec4 3;
    %ix/load 4, 16, 0; part off
    %ix/load 5, 0, 0; Constant delay
    %assign/vec4/a/d v000002d643a682a0, 4, 5;
T_7.7 ;
    %load/vec4 v000002d643a68980_0;
    %parti/s 1, 3, 3;
    %flag_set/vec4 8;
    %jmp/0xz  T_7.9, 8;
    %load/vec4 v000002d643a68520_0;
    %parti/s 8, 24, 6;
    %load/vec4 v000002d643a69420_0;
    %pad/u 14;
    %ix/vec4 3;
    %ix/load 4, 24, 0; part off
    %ix/load 5, 0, 0; Constant delay
    %assign/vec4/a/d v000002d643a682a0, 4, 5;
T_7.9 ;
T_7.0 ;
    %jmp T_7;
    .thread T_7;
    .scope S_000002d6438d10b0;
T_8 ;
    %wait E_000002d6439e2250;
    %load/vec4 v000002d643a640a0_0;
    %flag_set/vec4 9;
    %flag_get/vec4 9;
    %jmp/0 T_8.2, 9;
    %load/vec4 v000002d643a65680_0;
    %and;
T_8.2;
    %flag_set/vec4 8;
    %jmp/0xz  T_8.0, 8;
    %load/vec4 v000002d643a64640_0;
    %parti/s 1, 0, 2;
    %flag_set/vec4 8;
    %jmp/0xz  T_8.3, 8;
    %load/vec4 v000002d643a65400_0;
    %parti/s 8, 0, 2;
    %load/vec4 v000002d643a63e20_0;
    %pad/u 14;
    %ix/vec4 3;
    %ix/load 4, 0, 0; Constant delay
    %assign/vec4/a/d v000002d643a64000, 0, 4;
T_8.3 ;
    %load/vec4 v000002d643a64640_0;
    %parti/s 1, 1, 2;
    %flag_set/vec4 8;
    %jmp/0xz  T_8.5, 8;
    %load/vec4 v000002d643a65400_0;
    %parti/s 8, 8, 5;
    %load/vec4 v000002d643a63e20_0;
    %pad/u 14;
    %ix/vec4 3;
    %ix/load 4, 8, 0; part off
    %ix/load 5, 0, 0; Constant delay
    %assign/vec4/a/d v000002d643a64000, 4, 5;
T_8.5 ;
    %load/vec4 v000002d643a64640_0;
    %parti/s 1, 2, 3;
    %flag_set/vec4 8;
    %jmp/0xz  T_8.7, 8;
    %load/vec4 v000002d643a65400_0;
    %parti/s 8, 16, 6;
    %load/vec4 v000002d643a63e20_0;
    %pad/u 14;
    %ix/vec4 3;
    %ix/load 4, 16, 0; part off
    %ix/load 5, 0, 0; Constant delay
    %assign/vec4/a/d v000002d643a64000, 4, 5;
T_8.7 ;
    %load/vec4 v000002d643a64640_0;
    %parti/s 1, 3, 3;
    %flag_set/vec4 8;
    %jmp/0xz  T_8.9, 8;
    %load/vec4 v000002d643a65400_0;
    %parti/s 8, 24, 6;
    %load/vec4 v000002d643a63e20_0;
    %pad/u 14;
    %ix/vec4 3;
    %ix/load 4, 24, 0; part off
    %ix/load 5, 0, 0; Constant delay
    %assign/vec4/a/d v000002d643a64000, 4, 5;
T_8.9 ;
T_8.0 ;
    %jmp T_8;
    .thread T_8;
    .scope S_000002d643a7a6d0;
T_9 ;
    %wait E_000002d6439e2250;
    %load/vec4 v000002d643a81cf0_0;
    %flag_set/vec4 9;
    %flag_get/vec4 9;
    %jmp/0 T_9.2, 9;
    %load/vec4 v000002d643a826f0_0;
    %and;
T_9.2;
    %flag_set/vec4 8;
    %jmp/0xz  T_9.0, 8;
    %load/vec4 v000002d643a820b0_0;
    %parti/s 1, 0, 2;
    %flag_set/vec4 8;
    %jmp/0xz  T_9.3, 8;
    %load/vec4 v000002d643a81e30_0;
    %parti/s 8, 0, 2;
    %load/vec4 v000002d643a828d0_0;
    %pad/u 14;
    %ix/vec4 3;
    %ix/load 4, 0, 0; Constant delay
    %assign/vec4/a/d v000002d643a81930, 0, 4;
T_9.3 ;
    %load/vec4 v000002d643a820b0_0;
    %parti/s 1, 1, 2;
    %flag_set/vec4 8;
    %jmp/0xz  T_9.5, 8;
    %load/vec4 v000002d643a81e30_0;
    %parti/s 8, 8, 5;
    %load/vec4 v000002d643a828d0_0;
    %pad/u 14;
    %ix/vec4 3;
    %ix/load 4, 8, 0; part off
    %ix/load 5, 0, 0; Constant delay
    %assign/vec4/a/d v000002d643a81930, 4, 5;
T_9.5 ;
    %load/vec4 v000002d643a820b0_0;
    %parti/s 1, 2, 3;
    %flag_set/vec4 8;
    %jmp/0xz  T_9.7, 8;
    %load/vec4 v000002d643a81e30_0;
    %parti/s 8, 16, 6;
    %load/vec4 v000002d643a828d0_0;
    %pad/u 14;
    %ix/vec4 3;
    %ix/load 4, 16, 0; part off
    %ix/load 5, 0, 0; Constant delay
    %assign/vec4/a/d v000002d643a81930, 4, 5;
T_9.7 ;
    %load/vec4 v000002d643a820b0_0;
    %parti/s 1, 3, 3;
    %flag_set/vec4 8;
    %jmp/0xz  T_9.9, 8;
    %load/vec4 v000002d643a81e30_0;
    %parti/s 8, 24, 6;
    %load/vec4 v000002d643a828d0_0;
    %pad/u 14;
    %ix/vec4 3;
    %ix/load 4, 24, 0; part off
    %ix/load 5, 0, 0; Constant delay
    %assign/vec4/a/d v000002d643a81930, 4, 5;
T_9.9 ;
T_9.0 ;
    %jmp T_9;
    .thread T_9;
    .scope S_000002d6434b9d20;
T_10 ;
    %wait E_000002d6439e1dd0;
    %load/vec4 v000002d643a660b0_0;
    %nor/r;
    %flag_set/vec4 8;
    %jmp/0xz  T_10.0, 8;
    %pushi/vec4 0, 0, 32;
    %assign/vec4 v000002d643a66150_0, 0;
    %pushi/vec4 0, 0, 32;
    %assign/vec4 v000002d643a65e30_0, 0;
    %jmp T_10.1;
T_10.0 ;
    %load/vec4 v000002d643a67550_0;
    %flag_set/vec4 8;
    %jmp/0xz  T_10.2, 8;
    %load/vec4 v000002d643a66bf0_0;
    %dup/vec4;
    %pushi/vec4 0, 0, 8;
    %cmp/u;
    %jmp/1 T_10.4, 6;
    %dup/vec4;
    %pushi/vec4 4, 0, 8;
    %cmp/u;
    %jmp/1 T_10.5, 6;
    %jmp T_10.7;
T_10.4 ;
    %load/vec4 v000002d643a668d0_0;
    %parti/s 1, 0, 2;
    %flag_set/vec4 8;
    %jmp/0xz  T_10.8, 8;
    %load/vec4 v000002d643a672d0_0;
    %parti/s 8, 0, 2;
    %ix/load 4, 0, 0;
    %ix/load 5, 0, 0;
    %flag_set/imm 4, 0;
    %assign/vec4/off/d v000002d643a66150_0, 4, 5;
T_10.8 ;
    %load/vec4 v000002d643a668d0_0;
    %parti/s 1, 1, 2;
    %flag_set/vec4 8;
    %jmp/0xz  T_10.10, 8;
    %load/vec4 v000002d643a672d0_0;
    %parti/s 8, 8, 5;
    %ix/load 4, 8, 0;
    %ix/load 5, 0, 0;
    %flag_set/imm 4, 0;
    %assign/vec4/off/d v000002d643a66150_0, 4, 5;
T_10.10 ;
    %load/vec4 v000002d643a668d0_0;
    %parti/s 1, 2, 3;
    %flag_set/vec4 8;
    %jmp/0xz  T_10.12, 8;
    %load/vec4 v000002d643a672d0_0;
    %parti/s 8, 16, 6;
    %ix/load 4, 16, 0;
    %ix/load 5, 0, 0;
    %flag_set/imm 4, 0;
    %assign/vec4/off/d v000002d643a66150_0, 4, 5;
T_10.12 ;
    %load/vec4 v000002d643a668d0_0;
    %parti/s 1, 3, 3;
    %flag_set/vec4 8;
    %jmp/0xz  T_10.14, 8;
    %load/vec4 v000002d643a672d0_0;
    %parti/s 8, 24, 6;
    %ix/load 4, 24, 0;
    %ix/load 5, 0, 0;
    %flag_set/imm 4, 0;
    %assign/vec4/off/d v000002d643a66150_0, 4, 5;
T_10.14 ;
    %jmp T_10.7;
T_10.5 ;
    %load/vec4 v000002d643a668d0_0;
    %parti/s 1, 0, 2;
    %flag_set/vec4 8;
    %jmp/0xz  T_10.16, 8;
    %load/vec4 v000002d643a672d0_0;
    %parti/s 8, 0, 2;
    %ix/load 4, 0, 0;
    %ix/load 5, 0, 0;
    %flag_set/imm 4, 0;
    %assign/vec4/off/d v000002d643a65e30_0, 4, 5;
T_10.16 ;
    %load/vec4 v000002d643a668d0_0;
    %parti/s 1, 1, 2;
    %flag_set/vec4 8;
    %jmp/0xz  T_10.18, 8;
    %load/vec4 v000002d643a672d0_0;
    %parti/s 8, 8, 5;
    %ix/load 4, 8, 0;
    %ix/load 5, 0, 0;
    %flag_set/imm 4, 0;
    %assign/vec4/off/d v000002d643a65e30_0, 4, 5;
T_10.18 ;
    %load/vec4 v000002d643a668d0_0;
    %parti/s 1, 2, 3;
    %flag_set/vec4 8;
    %jmp/0xz  T_10.20, 8;
    %load/vec4 v000002d643a672d0_0;
    %parti/s 8, 16, 6;
    %ix/load 4, 16, 0;
    %ix/load 5, 0, 0;
    %flag_set/imm 4, 0;
    %assign/vec4/off/d v000002d643a65e30_0, 4, 5;
T_10.20 ;
    %load/vec4 v000002d643a668d0_0;
    %parti/s 1, 3, 3;
    %flag_set/vec4 8;
    %jmp/0xz  T_10.22, 8;
    %load/vec4 v000002d643a672d0_0;
    %parti/s 8, 24, 6;
    %ix/load 4, 24, 0;
    %ix/load 5, 0, 0;
    %flag_set/imm 4, 0;
    %assign/vec4/off/d v000002d643a65e30_0, 4, 5;
T_10.22 ;
    %jmp T_10.7;
T_10.7 ;
    %pop/vec4 1;
T_10.2 ;
T_10.1 ;
    %jmp T_10;
    .thread T_10;
    .scope S_000002d6434b9d20;
T_11 ;
    %wait E_000002d6439e1dd0;
    %load/vec4 v000002d643a660b0_0;
    %nor/r;
    %flag_set/vec4 8;
    %jmp/0xz  T_11.0, 8;
    %pushi/vec4 0, 0, 3;
    %assign/vec4 v000002d643a665b0_0, 0;
    %pushi/vec4 0, 0, 32;
    %assign/vec4 v000002d643a67730_0, 0;
    %pushi/vec4 0, 0, 32;
    %assign/vec4 v000002d643a66fb0_0, 0;
    %pushi/vec4 0, 0, 32;
    %assign/vec4 v000002d643a661f0_0, 0;
    %pushi/vec4 0, 0, 32;
    %assign/vec4 v000002d643a66f10_0, 0;
    %pushi/vec4 0, 0, 1;
    %assign/vec4 v000002d643a66e70_0, 0;
    %pushi/vec4 0, 0, 1;
    %assign/vec4 v000002d643a66d30_0, 0;
    %jmp T_11.1;
T_11.0 ;
    %load/vec4 v000002d643a67550_0;
    %flag_set/vec4 9;
    %flag_get/vec4 9;
    %jmp/0 T_11.4, 9;
    %load/vec4 v000002d643a66bf0_0;
    %pushi/vec4 8, 0, 8;
    %cmp/e;
    %flag_get/vec4 4;
    %and;
T_11.4;
    %flag_set/vec4 8;
    %jmp/0xz  T_11.2, 8;
    %load/vec4 v000002d643a672d0_0;
    %parti/s 1, 1, 2;
    %flag_set/vec4 8;
    %jmp/0xz  T_11.5, 8;
    %pushi/vec4 0, 0, 1;
    %assign/vec4 v000002d643a66e70_0, 0;
T_11.5 ;
    %load/vec4 v000002d643a672d0_0;
    %parti/s 1, 2, 3;
    %flag_set/vec4 8;
    %jmp/0xz  T_11.7, 8;
    %pushi/vec4 0, 0, 1;
    %assign/vec4 v000002d643a66d30_0, 0;
T_11.7 ;
T_11.2 ;
    %load/vec4 v000002d643a665b0_0;
    %dup/vec4;
    %pushi/vec4 0, 0, 3;
    %cmp/u;
    %jmp/1 T_11.9, 6;
    %dup/vec4;
    %pushi/vec4 1, 0, 3;
    %cmp/u;
    %jmp/1 T_11.10, 6;
    %dup/vec4;
    %pushi/vec4 2, 0, 3;
    %cmp/u;
    %jmp/1 T_11.11, 6;
    %dup/vec4;
    %pushi/vec4 3, 0, 3;
    %cmp/u;
    %jmp/1 T_11.12, 6;
    %dup/vec4;
    %pushi/vec4 4, 0, 3;
    %cmp/u;
    %jmp/1 T_11.13, 6;
    %pushi/vec4 0, 0, 3;
    %assign/vec4 v000002d643a665b0_0, 0;
    %jmp T_11.15;
T_11.9 ;
    %load/vec4 v000002d643a67550_0;
    %flag_set/vec4 10;
    %flag_get/vec4 10;
    %jmp/0 T_11.19, 10;
    %load/vec4 v000002d643a66bf0_0;
    %pushi/vec4 8, 0, 8;
    %cmp/e;
    %flag_get/vec4 4;
    %and;
T_11.19;
    %flag_set/vec4 9;
    %flag_get/vec4 9;
    %jmp/0 T_11.18, 9;
    %load/vec4 v000002d643a672d0_0;
    %parti/s 1, 0, 2;
    %and;
T_11.18;
    %flag_set/vec4 8;
    %jmp/0xz  T_11.16, 8;
    %load/vec4 v000002d643a65e30_0;
    %parti/s 1, 0, 2;
    %flag_set/vec4 8;
    %jmp/0xz  T_11.20, 8;
    %pushi/vec4 1, 0, 1;
    %assign/vec4 v000002d643a66d30_0, 0;
    %pushi/vec4 1, 0, 1;
    %assign/vec4 v000002d643a66e70_0, 0;
    %pushi/vec4 0, 0, 3;
    %assign/vec4 v000002d643a665b0_0, 0;
    %jmp T_11.21;
T_11.20 ;
    %load/vec4 v000002d643a65e30_0;
    %cmpi/e 0, 0, 32;
    %jmp/0xz  T_11.22, 4;
    %pushi/vec4 1, 0, 1;
    %assign/vec4 v000002d643a66e70_0, 0;
    %pushi/vec4 0, 0, 3;
    %assign/vec4 v000002d643a665b0_0, 0;
    %jmp T_11.23;
T_11.22 ;
    %load/vec4 v000002d643a66a10_0;
    %nor/r;
    %flag_set/vec4 8;
    %jmp/0xz  T_11.24, 8;
    %pushi/vec4 1, 0, 1;
    %assign/vec4 v000002d643a66d30_0, 0;
    %pushi/vec4 1, 0, 1;
    %assign/vec4 v000002d643a66e70_0, 0;
    %pushi/vec4 0, 0, 3;
    %assign/vec4 v000002d643a665b0_0, 0;
    %jmp T_11.25;
T_11.24 ;
    %load/vec4 v000002d643a66150_0;
    %cmpi/u 65536, 0, 32;
    %jmp/1 T_11.29, 5;
    %flag_mov 8, 5;
    %load/vec4 v000002d643a67190_0;
    %flag_set/vec4 9;
    %flag_or 9, 8;
    %flag_mov 5, 9;
T_11.29;
    %jmp/1 T_11.28, 5;
    %flag_mov 8, 5;
    %load/vec4 v000002d643a66790_0;
    %cmpi/u 81919, 0, 32;
    %flag_or 5, 4; GT is !LE
    %flag_inv 5;
    %flag_or 5, 8;
T_11.28;
    %jmp/0xz  T_11.26, 5;
    %pushi/vec4 1, 0, 1;
    %assign/vec4 v000002d643a66d30_0, 0;
    %pushi/vec4 1, 0, 1;
    %assign/vec4 v000002d643a66e70_0, 0;
    %pushi/vec4 0, 0, 3;
    %assign/vec4 v000002d643a665b0_0, 0;
    %jmp T_11.27;
T_11.26 ;
    %pushi/vec4 0, 0, 1;
    %assign/vec4 v000002d643a66e70_0, 0;
    %pushi/vec4 0, 0, 1;
    %assign/vec4 v000002d643a66d30_0, 0;
    %load/vec4 v000002d643a66150_0;
    %subi 65536, 0, 32;
    %assign/vec4 v000002d643a67730_0, 0;
    %load/vec4 v000002d643a65e30_0;
    %assign/vec4 v000002d643a66fb0_0, 0;
    %pushi/vec4 1, 0, 3;
    %assign/vec4 v000002d643a665b0_0, 0;
T_11.27 ;
T_11.25 ;
T_11.23 ;
T_11.21 ;
T_11.16 ;
    %jmp T_11.15;
T_11.10 ;
    %pushi/vec4 2, 0, 3;
    %assign/vec4 v000002d643a665b0_0, 0;
    %jmp T_11.15;
T_11.11 ;
    %load/vec4 v000002d643a66c90_0;
    %assign/vec4 v000002d643a661f0_0, 0;
    %load/vec4 v000002d643a67730_0;
    %addi 4, 0, 32;
    %assign/vec4 v000002d643a67730_0, 0;
    %pushi/vec4 3, 0, 3;
    %assign/vec4 v000002d643a665b0_0, 0;
    %jmp T_11.15;
T_11.12 ;
    %load/vec4 v000002d643a66c90_0;
    %assign/vec4 v000002d643a66f10_0, 0;
    %load/vec4 v000002d643a67730_0;
    %addi 4, 0, 32;
    %assign/vec4 v000002d643a67730_0, 0;
    %pushi/vec4 4, 0, 3;
    %assign/vec4 v000002d643a665b0_0, 0;
    %jmp T_11.15;
T_11.13 ;
    %load/vec4 v000002d643a65ed0_0;
    %nor/r;
    %flag_set/vec4 8;
    %jmp/0xz  T_11.30, 8;
    %load/vec4 v000002d643a66fb0_0;
    %subi 2, 0, 32;
    %assign/vec4 v000002d643a66fb0_0, 0;
    %load/vec4 v000002d643a66fb0_0;
    %cmpi/e 2, 0, 32;
    %jmp/0xz  T_11.32, 4;
    %pushi/vec4 1, 0, 1;
    %assign/vec4 v000002d643a66e70_0, 0;
    %pushi/vec4 0, 0, 3;
    %assign/vec4 v000002d643a665b0_0, 0;
    %jmp T_11.33;
T_11.32 ;
    %pushi/vec4 2, 0, 3;
    %assign/vec4 v000002d643a665b0_0, 0;
T_11.33 ;
T_11.30 ;
    %jmp T_11.15;
T_11.15 ;
    %pop/vec4 1;
T_11.1 ;
    %jmp T_11;
    .thread T_11;
    .scope S_000002d6434b9d20;
T_12 ;
Ewait_2 .event/or E_000002d6439e1610, E_0x0;
    %wait Ewait_2;
    %pushi/vec4 0, 0, 1;
    %store/vec4 v000002d643a65c50_0, 0, 1;
    %load/vec4 v000002d643a67730_0;
    %store/vec4 v000002d643a674b0_0, 0, 32;
    %load/vec4 v000002d643a665b0_0;
    %dup/vec4;
    %pushi/vec4 2, 0, 3;
    %cmp/u;
    %jmp/1 T_12.0, 6;
    %dup/vec4;
    %pushi/vec4 3, 0, 3;
    %cmp/u;
    %jmp/1 T_12.1, 6;
    %pushi/vec4 0, 0, 1;
    %store/vec4 v000002d643a65c50_0, 0, 1;
    %jmp T_12.3;
T_12.0 ;
    %pushi/vec4 1, 0, 1;
    %store/vec4 v000002d643a65c50_0, 0, 1;
    %load/vec4 v000002d643a67730_0;
    %store/vec4 v000002d643a674b0_0, 0, 32;
    %jmp T_12.3;
T_12.1 ;
    %pushi/vec4 1, 0, 1;
    %store/vec4 v000002d643a65c50_0, 0, 1;
    %load/vec4 v000002d643a67730_0;
    %store/vec4 v000002d643a674b0_0, 0, 32;
    %jmp T_12.3;
T_12.3 ;
    %pop/vec4 1;
    %jmp T_12;
    .thread T_12, $push;
    .scope S_000002d6434b9d20;
T_13 ;
Ewait_3 .event/or E_000002d6439e15d0, E_0x0;
    %wait Ewait_3;
    %pushi/vec4 0, 0, 1;
    %store/vec4 v000002d643a67370_0, 0, 1;
    %pushi/vec4 0, 0, 64;
    %store/vec4 v000002d643a65a70_0, 0, 64;
    %load/vec4 v000002d643a665b0_0;
    %cmpi/e 4, 0, 3;
    %flag_get/vec4 4;
    %jmp/0 T_13.2, 4;
    %load/vec4 v000002d643a65ed0_0;
    %nor/r;
    %and;
T_13.2;
    %flag_set/vec4 8;
    %jmp/0xz  T_13.0, 8;
    %pushi/vec4 1, 0, 1;
    %store/vec4 v000002d643a67370_0, 0, 1;
    %load/vec4 v000002d643a66f10_0;
    %load/vec4 v000002d643a661f0_0;
    %concat/vec4; draw_concat_vec4
    %store/vec4 v000002d643a65a70_0, 0, 64;
T_13.0 ;
    %jmp T_13;
    .thread T_13, $push;
    .scope S_000002d6434b9d20;
T_14 ;
Ewait_4 .event/or E_000002d6439e1e50, E_0x0;
    %wait Ewait_4;
    %pushi/vec4 0, 0, 32;
    %store/vec4 v000002d643a66dd0_0, 0, 32;
    %load/vec4 v000002d643a66bf0_0;
    %dup/vec4;
    %pushi/vec4 0, 0, 8;
    %cmp/u;
    %jmp/1 T_14.0, 6;
    %dup/vec4;
    %pushi/vec4 4, 0, 8;
    %cmp/u;
    %jmp/1 T_14.1, 6;
    %dup/vec4;
    %pushi/vec4 8, 0, 8;
    %cmp/u;
    %jmp/1 T_14.2, 6;
    %pushi/vec4 0, 0, 32;
    %store/vec4 v000002d643a66dd0_0, 0, 32;
    %jmp T_14.4;
T_14.0 ;
    %load/vec4 v000002d643a66150_0;
    %store/vec4 v000002d643a66dd0_0, 0, 32;
    %jmp T_14.4;
T_14.1 ;
    %load/vec4 v000002d643a65e30_0;
    %store/vec4 v000002d643a66dd0_0, 0, 32;
    %jmp T_14.4;
T_14.2 ;
    %load/vec4 v000002d643a66e70_0;
    %ix/load 4, 1, 0;
    %flag_set/imm 4, 0;
    %store/vec4 v000002d643a66dd0_0, 4, 1;
    %load/vec4 v000002d643a66d30_0;
    %ix/load 4, 2, 0;
    %flag_set/imm 4, 0;
    %store/vec4 v000002d643a66dd0_0, 4, 1;
    %load/vec4 v000002d643a665b0_0;
    %pushi/vec4 0, 0, 3;
    %cmp/ne;
    %flag_get/vec4 4;
    %ix/load 4, 3, 0;
    %flag_set/imm 4, 0;
    %store/vec4 v000002d643a66dd0_0, 4, 1;
    %jmp T_14.4;
T_14.4 ;
    %pop/vec4 1;
    %jmp T_14;
    .thread T_14, $push;
    .scope S_000002d643a78bd0;
T_15 ;
    %wait E_000002d6439e1dd0;
    %load/vec4 v000002d643a68020_0;
    %nor/r;
    %flag_set/vec4 8;
    %jmp/0xz  T_15.0, 8;
    %pushi/vec4 0, 0, 8;
    %assign/vec4 v000002d643a68200_0, 0;
    %pushi/vec4 0, 0, 8;
    %assign/vec4 v000002d643a696a0_0, 0;
    %pushi/vec4 0, 0, 9;
    %assign/vec4 v000002d643a67da0_0, 0;
    %pushi/vec4 0, 0, 1;
    %assign/vec4 v000002d643a685c0_0, 0;
    %pushi/vec4 0, 0, 1;
    %assign/vec4 v000002d643a680c0_0, 0;
    %jmp T_15.1;
T_15.0 ;
    %load/vec4 v000002d643a67e40_0;
    %flag_set/vec4 9;
    %flag_get/vec4 9;
    %jmp/0 T_15.3, 9;
    %load/vec4 v000002d643a679e0_0;
    %and;
T_15.3;
    %flag_set/vec4 8;
    %flag_get/vec4 8;
    %jmp/0 T_15.2, 8;
    %load/vec4 v000002d643a69600_0;
    %nor/r;
    %and;
T_15.2;
    %assign/vec4 v000002d643a685c0_0, 0;
    %load/vec4 v000002d643a69600_0;
    %flag_set/vec4 9;
    %flag_get/vec4 9;
    %jmp/0 T_15.5, 9;
    %load/vec4 v000002d643a67a80_0;
    %and;
T_15.5;
    %flag_set/vec4 8;
    %flag_get/vec4 8;
    %jmp/0 T_15.4, 8;
    %load/vec4 v000002d643a67e40_0;
    %nor/r;
    %and;
T_15.4;
    %assign/vec4 v000002d643a680c0_0, 0;
    %load/vec4 v000002d643a68a20_0;
    %flag_set/vec4 8;
    %jmp/0xz  T_15.6, 8;
    %load/vec4 v000002d643a68660_0;
    %load/vec4 v000002d643a696a0_0;
    %pad/u 10;
    %ix/vec4 3;
    %ix/load 4, 0, 0; Constant delay
    %assign/vec4/a/d v000002d643a69380, 0, 4;
    %load/vec4 v000002d643a696a0_0;
    %addi 1, 0, 8;
    %assign/vec4 v000002d643a696a0_0, 0;
T_15.6 ;
    %load/vec4 v000002d643a68de0_0;
    %flag_set/vec4 8;
    %jmp/0xz  T_15.8, 8;
    %load/vec4 v000002d643a68200_0;
    %addi 1, 0, 8;
    %assign/vec4 v000002d643a68200_0, 0;
T_15.8 ;
    %load/vec4 v000002d643a68a20_0;
    %load/vec4 v000002d643a68de0_0;
    %concat/vec4; draw_concat_vec4
    %dup/vec4;
    %pushi/vec4 2, 0, 2;
    %cmp/u;
    %jmp/1 T_15.10, 6;
    %dup/vec4;
    %pushi/vec4 1, 0, 2;
    %cmp/u;
    %jmp/1 T_15.11, 6;
    %load/vec4 v000002d643a67da0_0;
    %assign/vec4 v000002d643a67da0_0, 0;
    %jmp T_15.13;
T_15.10 ;
    %load/vec4 v000002d643a67da0_0;
    %addi 1, 0, 9;
    %assign/vec4 v000002d643a67da0_0, 0;
    %jmp T_15.13;
T_15.11 ;
    %load/vec4 v000002d643a67da0_0;
    %subi 1, 0, 9;
    %assign/vec4 v000002d643a67da0_0, 0;
    %jmp T_15.13;
T_15.13 ;
    %pop/vec4 1;
T_15.1 ;
    %jmp T_15;
    .thread T_15;
    .scope S_000002d643a78d60;
T_16 ;
    %wait E_000002d6439e1dd0;
    %load/vec4 v000002d643a6cc00_0;
    %nor/r;
    %flag_set/vec4 8;
    %jmp/0xz  T_16.0, 8;
    %pushi/vec4 0, 0, 8;
    %assign/vec4 v000002d643a6cde0_0, 0;
    %pushi/vec4 0, 0, 8;
    %assign/vec4 v000002d643a6cca0_0, 0;
    %pushi/vec4 0, 0, 9;
    %assign/vec4 v000002d643a69f00_0, 0;
    %pushi/vec4 0, 0, 1;
    %assign/vec4 v000002d643a6a5e0_0, 0;
    %pushi/vec4 0, 0, 1;
    %assign/vec4 v000002d643a6d1a0_0, 0;
    %jmp T_16.1;
T_16.0 ;
    %load/vec4 v000002d643a6b080_0;
    %flag_set/vec4 9;
    %flag_get/vec4 9;
    %jmp/0 T_16.3, 9;
    %load/vec4 v000002d643a6a360_0;
    %and;
T_16.3;
    %flag_set/vec4 8;
    %flag_get/vec4 8;
    %jmp/0 T_16.2, 8;
    %load/vec4 v000002d643a6afe0_0;
    %nor/r;
    %and;
T_16.2;
    %assign/vec4 v000002d643a6a5e0_0, 0;
    %load/vec4 v000002d643a6afe0_0;
    %flag_set/vec4 9;
    %flag_get/vec4 9;
    %jmp/0 T_16.5, 9;
    %load/vec4 v000002d643a6a2c0_0;
    %and;
T_16.5;
    %flag_set/vec4 8;
    %flag_get/vec4 8;
    %jmp/0 T_16.4, 8;
    %load/vec4 v000002d643a6b080_0;
    %nor/r;
    %and;
T_16.4;
    %assign/vec4 v000002d643a6d1a0_0, 0;
    %load/vec4 v000002d643a6b940_0;
    %flag_set/vec4 8;
    %jmp/0xz  T_16.6, 8;
    %load/vec4 v000002d643a6b8a0_0;
    %load/vec4 v000002d643a6cca0_0;
    %pad/u 10;
    %ix/vec4 3;
    %ix/load 4, 0, 0; Constant delay
    %assign/vec4/a/d v000002d643a6a540, 0, 4;
    %load/vec4 v000002d643a6cca0_0;
    %addi 1, 0, 8;
    %assign/vec4 v000002d643a6cca0_0, 0;
T_16.6 ;
    %load/vec4 v000002d643a6a680_0;
    %flag_set/vec4 8;
    %jmp/0xz  T_16.8, 8;
    %load/vec4 v000002d643a6cde0_0;
    %addi 1, 0, 8;
    %assign/vec4 v000002d643a6cde0_0, 0;
T_16.8 ;
    %load/vec4 v000002d643a6b940_0;
    %load/vec4 v000002d643a6a680_0;
    %concat/vec4; draw_concat_vec4
    %dup/vec4;
    %pushi/vec4 2, 0, 2;
    %cmp/u;
    %jmp/1 T_16.10, 6;
    %dup/vec4;
    %pushi/vec4 1, 0, 2;
    %cmp/u;
    %jmp/1 T_16.11, 6;
    %load/vec4 v000002d643a69f00_0;
    %assign/vec4 v000002d643a69f00_0, 0;
    %jmp T_16.13;
T_16.10 ;
    %load/vec4 v000002d643a69f00_0;
    %addi 1, 0, 9;
    %assign/vec4 v000002d643a69f00_0, 0;
    %jmp T_16.13;
T_16.11 ;
    %load/vec4 v000002d643a69f00_0;
    %subi 1, 0, 9;
    %assign/vec4 v000002d643a69f00_0, 0;
    %jmp T_16.13;
T_16.13 ;
    %pop/vec4 1;
T_16.1 ;
    %jmp T_16;
    .thread T_16;
    .scope S_000002d643a79730;
T_17 ;
    %wait E_000002d6439e1dd0;
    %load/vec4 v000002d643a7b2e0_0;
    %nor/r;
    %flag_set/vec4 8;
    %jmp/0xz  T_17.0, 8;
    %pushi/vec4 3060, 0, 32;
    %assign/vec4 v000002d643a6c5c0_0, 0;
    %pushi/vec4 3, 0, 8;
    %assign/vec4 v000002d643a7c5a0_0, 0;
    %pushi/vec4 4, 0, 8;
    %assign/vec4 v000002d643a7ca00_0, 0;
    %pushi/vec4 0, 0, 1;
    %assign/vec4 v000002d643a6d880_0, 0;
    %pushi/vec4 0, 0, 1;
    %assign/vec4 v000002d643a7c000_0, 0;
    %pushi/vec4 0, 0, 1;
    %assign/vec4 v000002d643a7c8c0_0, 0;
    %pushi/vec4 0, 0, 1;
    %assign/vec4 v000002d643a6cf20_0, 0;
    %pushi/vec4 0, 0, 1;
    %assign/vec4 v000002d643a6c840_0, 0;
    %pushi/vec4 0, 0, 8;
    %assign/vec4 v000002d643a6c480_0, 0;
    %pushi/vec4 0, 0, 8;
    %assign/vec4 v000002d643a6d380_0, 0;
    %jmp T_17.1;
T_17.0 ;
    %pushi/vec4 0, 0, 1;
    %assign/vec4 v000002d643a7c000_0, 0;
    %pushi/vec4 0, 0, 1;
    %assign/vec4 v000002d643a7c8c0_0, 0;
    %load/vec4 v000002d643a7caa0_0;
    %flag_set/vec4 8;
    %jmp/0xz  T_17.2, 8;
    %pushi/vec4 1, 0, 1;
    %assign/vec4 v000002d643a6cf20_0, 0;
T_17.2 ;
    %load/vec4 v000002d643a7b7e0_0;
    %flag_set/vec4 8;
    %jmp/0xz  T_17.4, 8;
    %load/vec4 v000002d643a6cac0_0;
    %dup/vec4;
    %pushi/vec4 0, 0, 8;
    %cmp/u;
    %jmp/1 T_17.6, 6;
    %dup/vec4;
    %pushi/vec4 4, 0, 8;
    %cmp/u;
    %jmp/1 T_17.7, 6;
    %dup/vec4;
    %pushi/vec4 16, 0, 8;
    %cmp/u;
    %jmp/1 T_17.8, 6;
    %dup/vec4;
    %pushi/vec4 36, 0, 8;
    %cmp/u;
    %jmp/1 T_17.9, 6;
    %dup/vec4;
    %pushi/vec4 44, 0, 8;
    %cmp/u;
    %jmp/1 T_17.10, 6;
    %dup/vec4;
    %pushi/vec4 20, 0, 8;
    %cmp/u;
    %jmp/1 T_17.11, 6;
    %jmp T_17.13;
T_17.6 ;
    %load/vec4 v000002d643a6d2e0_0;
    %parti/s 1, 0, 2;
    %flag_set/vec4 8;
    %jmp/0xz  T_17.14, 8;
    %load/vec4 v000002d643a6d740_0;
    %parti/s 8, 0, 2;
    %ix/load 4, 0, 0;
    %ix/load 5, 0, 0;
    %flag_set/imm 4, 0;
    %assign/vec4/off/d v000002d643a6c5c0_0, 4, 5;
T_17.14 ;
    %load/vec4 v000002d643a6d2e0_0;
    %parti/s 1, 1, 2;
    %flag_set/vec4 8;
    %jmp/0xz  T_17.16, 8;
    %load/vec4 v000002d643a6d740_0;
    %parti/s 8, 8, 5;
    %ix/load 4, 8, 0;
    %ix/load 5, 0, 0;
    %flag_set/imm 4, 0;
    %assign/vec4/off/d v000002d643a6c5c0_0, 4, 5;
T_17.16 ;
    %load/vec4 v000002d643a6d2e0_0;
    %parti/s 1, 2, 3;
    %flag_set/vec4 8;
    %jmp/0xz  T_17.18, 8;
    %load/vec4 v000002d643a6d740_0;
    %parti/s 8, 16, 6;
    %ix/load 4, 16, 0;
    %ix/load 5, 0, 0;
    %flag_set/imm 4, 0;
    %assign/vec4/off/d v000002d643a6c5c0_0, 4, 5;
T_17.18 ;
    %load/vec4 v000002d643a6d2e0_0;
    %parti/s 1, 3, 3;
    %flag_set/vec4 8;
    %jmp/0xz  T_17.20, 8;
    %load/vec4 v000002d643a6d740_0;
    %parti/s 8, 24, 6;
    %ix/load 4, 24, 0;
    %ix/load 5, 0, 0;
    %flag_set/imm 4, 0;
    %assign/vec4/off/d v000002d643a6c5c0_0, 4, 5;
T_17.20 ;
    %jmp T_17.13;
T_17.7 ;
    %load/vec4 v000002d643a6d2e0_0;
    %parti/s 1, 0, 2;
    %flag_set/vec4 8;
    %jmp/0xz  T_17.22, 8;
    %load/vec4 v000002d643a6d740_0;
    %parti/s 8, 0, 2;
    %assign/vec4 v000002d643a7c5a0_0, 0;
T_17.22 ;
    %jmp T_17.13;
T_17.8 ;
    %load/vec4 v000002d643a6d2e0_0;
    %parti/s 1, 0, 2;
    %flag_set/vec4 8;
    %jmp/0xz  T_17.24, 8;
    %load/vec4 v000002d643a6d740_0;
    %parti/s 1, 0, 2;
    %assign/vec4 v000002d643a6d880_0, 0;
T_17.24 ;
    %jmp T_17.13;
T_17.9 ;
    %load/vec4 v000002d643a6d2e0_0;
    %parti/s 1, 0, 2;
    %flag_set/vec4 8;
    %jmp/0xz  T_17.26, 8;
    %load/vec4 v000002d643a6d740_0;
    %parti/s 8, 0, 2;
    %assign/vec4 v000002d643a7ca00_0, 0;
T_17.26 ;
    %jmp T_17.13;
T_17.10 ;
    %load/vec4 v000002d643a6d2e0_0;
    %parti/s 1, 0, 2;
    %flag_set/vec4 8;
    %jmp/0xz  T_17.28, 8;
    %load/vec4 v000002d643a6d740_0;
    %parti/s 1, 0, 2;
    %assign/vec4 v000002d643a6c840_0, 0;
T_17.28 ;
    %load/vec4 v000002d643a6d2e0_0;
    %parti/s 1, 1, 2;
    %flag_set/vec4 8;
    %jmp/0xz  T_17.30, 8;
    %load/vec4 v000002d643a6d740_0;
    %parti/s 8, 8, 5;
    %assign/vec4 v000002d643a6c480_0, 0;
T_17.30 ;
    %load/vec4 v000002d643a6d2e0_0;
    %parti/s 1, 2, 3;
    %flag_set/vec4 8;
    %jmp/0xz  T_17.32, 8;
    %load/vec4 v000002d643a6d740_0;
    %parti/s 8, 16, 6;
    %assign/vec4 v000002d643a6d380_0, 0;
T_17.32 ;
    %jmp T_17.13;
T_17.11 ;
    %load/vec4 v000002d643a6d740_0;
    %parti/s 1, 0, 2;
    %flag_set/vec4 8;
    %jmp/0xz  T_17.34, 8;
    %pushi/vec4 1, 0, 1;
    %assign/vec4 v000002d643a7c000_0, 0;
T_17.34 ;
    %load/vec4 v000002d643a6d740_0;
    %parti/s 1, 1, 2;
    %flag_set/vec4 8;
    %jmp/0xz  T_17.36, 8;
    %pushi/vec4 1, 0, 1;
    %assign/vec4 v000002d643a7c8c0_0, 0;
T_17.36 ;
    %load/vec4 v000002d643a6d740_0;
    %parti/s 1, 7, 4;
    %flag_set/vec4 8;
    %jmp/0xz  T_17.38, 8;
    %pushi/vec4 0, 0, 1;
    %assign/vec4 v000002d643a6cf20_0, 0;
T_17.38 ;
    %jmp T_17.13;
T_17.13 ;
    %pop/vec4 1;
T_17.4 ;
T_17.1 ;
    %jmp T_17;
    .thread T_17;
    .scope S_000002d643a79730;
T_18 ;
    %wait E_000002d6439e1dd0;
    %load/vec4 v000002d643a7b2e0_0;
    %nor/r;
    %flag_set/vec4 8;
    %jmp/0xz  T_18.0, 8;
    %pushi/vec4 0, 0, 1;
    %assign/vec4 v000002d643a6d7e0_0, 0;
    %pushi/vec4 0, 0, 1;
    %assign/vec4 v000002d643a6c8e0_0, 0;
    %jmp T_18.1;
T_18.0 ;
    %load/vec4 v000002d643a6d7e0_0;
    %assign/vec4 v000002d643a6c8e0_0, 0;
    %load/vec4 v000002d643a6d240_0;
    %flag_set/vec4 10;
    %flag_get/vec4 10;
    %jmp/0 T_18.4, 10;
    %load/vec4 v000002d643a6c980_0;
    %nor/r;
    %and;
T_18.4;
    %flag_set/vec4 9;
    %flag_get/vec4 9;
    %jmp/0 T_18.3, 9;
    %load/vec4 v000002d643a6cac0_0;
    %pushi/vec4 28, 0, 8;
    %cmp/e;
    %flag_get/vec4 4;
    %and;
T_18.3;
    %flag_set/vec4 8;
    %flag_get/vec4 8;
    %jmp/0 T_18.2, 8;
    %load/vec4 v000002d643a6d060_0;
    %nor/r;
    %and;
T_18.2;
    %assign/vec4 v000002d643a6d7e0_0, 0;
T_18.1 ;
    %jmp T_18;
    .thread T_18;
    .scope S_000002d643a79730;
T_19 ;
Ewait_5 .event/or E_000002d6439e3010, E_0x0;
    %wait Ewait_5;
    %pushi/vec4 0, 0, 32;
    %store/vec4 v000002d643a6ca20_0, 0, 32;
    %load/vec4 v000002d643a6cac0_0;
    %dup/vec4;
    %pushi/vec4 0, 0, 8;
    %cmp/u;
    %jmp/1 T_19.0, 6;
    %dup/vec4;
    %pushi/vec4 4, 0, 8;
    %cmp/u;
    %jmp/1 T_19.1, 6;
    %dup/vec4;
    %pushi/vec4 8, 0, 8;
    %cmp/u;
    %jmp/1 T_19.2, 6;
    %dup/vec4;
    %pushi/vec4 12, 0, 8;
    %cmp/u;
    %jmp/1 T_19.3, 6;
    %dup/vec4;
    %pushi/vec4 16, 0, 8;
    %cmp/u;
    %jmp/1 T_19.4, 6;
    %dup/vec4;
    %pushi/vec4 20, 0, 8;
    %cmp/u;
    %jmp/1 T_19.5, 6;
    %dup/vec4;
    %pushi/vec4 24, 0, 8;
    %cmp/u;
    %jmp/1 T_19.6, 6;
    %dup/vec4;
    %pushi/vec4 28, 0, 8;
    %cmp/u;
    %jmp/1 T_19.7, 6;
    %dup/vec4;
    %pushi/vec4 32, 0, 8;
    %cmp/u;
    %jmp/1 T_19.8, 6;
    %dup/vec4;
    %pushi/vec4 36, 0, 8;
    %cmp/u;
    %jmp/1 T_19.9, 6;
    %dup/vec4;
    %pushi/vec4 40, 0, 8;
    %cmp/u;
    %jmp/1 T_19.10, 6;
    %dup/vec4;
    %pushi/vec4 44, 0, 8;
    %cmp/u;
    %jmp/1 T_19.11, 6;
    %dup/vec4;
    %pushi/vec4 48, 0, 8;
    %cmp/u;
    %jmp/1 T_19.12, 6;
    %dup/vec4;
    %pushi/vec4 52, 0, 8;
    %cmp/u;
    %jmp/1 T_19.13, 6;
    %pushi/vec4 0, 0, 32;
    %store/vec4 v000002d643a6ca20_0, 0, 32;
    %jmp T_19.15;
T_19.0 ;
    %load/vec4 v000002d643a6c5c0_0;
    %store/vec4 v000002d643a6ca20_0, 0, 32;
    %jmp T_19.15;
T_19.1 ;
    %pushi/vec4 0, 0, 24;
    %load/vec4 v000002d643a7c5a0_0;
    %concat/vec4; draw_concat_vec4
    %store/vec4 v000002d643a6ca20_0, 0, 32;
    %jmp T_19.15;
T_19.2 ;
    %pushi/vec4 64, 0, 32;
    %store/vec4 v000002d643a6ca20_0, 0, 32;
    %jmp T_19.15;
T_19.3 ;
    %pushi/vec4 10, 0, 32;
    %store/vec4 v000002d643a6ca20_0, 0, 32;
    %jmp T_19.15;
T_19.4 ;
    %pushi/vec4 0, 0, 31;
    %load/vec4 v000002d643a6d880_0;
    %concat/vec4; draw_concat_vec4
    %store/vec4 v000002d643a6ca20_0, 0, 32;
    %jmp T_19.15;
T_19.5 ;
    %pushi/vec4 0, 0, 32;
    %store/vec4 v000002d643a6ca20_0, 0, 32;
    %load/vec4 v000002d643a6cf20_0;
    %ix/load 4, 7, 0;
    %flag_set/imm 4, 0;
    %store/vec4 v000002d643a6ca20_0, 4, 1;
    %jmp T_19.15;
T_19.6 ;
    %load/vec4 v000002d643a7bf60_0;
    %ix/load 4, 0, 0;
    %flag_set/imm 4, 0;
    %store/vec4 v000002d643a6ca20_0, 4, 1;
    %load/vec4 v000002d643a6d6a0_0;
    %ix/load 4, 1, 0;
    %flag_set/imm 4, 0;
    %store/vec4 v000002d643a6ca20_0, 4, 1;
    %load/vec4 v000002d643a6cd40_0;
    %ix/load 4, 2, 0;
    %flag_set/imm 4, 0;
    %store/vec4 v000002d643a6ca20_0, 4, 1;
    %load/vec4 v000002d643a6d060_0;
    %ix/load 4, 3, 0;
    %flag_set/imm 4, 0;
    %store/vec4 v000002d643a6ca20_0, 4, 1;
    %load/vec4 v000002d643a6cb60_0;
    %ix/load 4, 4, 0;
    %flag_set/imm 4, 0;
    %store/vec4 v000002d643a6ca20_0, 4, 1;
    %load/vec4 v000002d643a7c960_0;
    %ix/load 4, 8, 0;
    %flag_set/imm 4, 0;
    %store/vec4 v000002d643a6ca20_0, 4, 8;
    %jmp T_19.15;
T_19.7 ;
    %load/vec4 v000002d643a6d060_0;
    %flag_set/vec4 8;
    %jmp/0xz  T_19.16, 8;
    %pushi/vec4 0, 0, 32;
    %store/vec4 v000002d643a6ca20_0, 0, 32;
    %jmp T_19.17;
T_19.16 ;
    %pushi/vec4 0, 0, 28;
    %load/vec4 v000002d643a6c660_0;
    %concat/vec4; draw_concat_vec4
    %store/vec4 v000002d643a6ca20_0, 0, 32;
T_19.17 ;
    %jmp T_19.15;
T_19.8 ;
    %pushi/vec4 0, 0, 23;
    %load/vec4 v000002d643a6d560_0;
    %concat/vec4; draw_concat_vec4
    %store/vec4 v000002d643a6ca20_0, 0, 32;
    %jmp T_19.15;
T_19.9 ;
    %pushi/vec4 0, 0, 24;
    %load/vec4 v000002d643a7ca00_0;
    %concat/vec4; draw_concat_vec4
    %store/vec4 v000002d643a6ca20_0, 0, 32;
    %jmp T_19.15;
T_19.10 ;
    %load/vec4 v000002d643a6c3e0_0;
    %load/vec4 v000002d643a6d4c0_0;
    %concat/vec4; draw_concat_vec4
    %store/vec4 v000002d643a6ca20_0, 0, 32;
    %jmp T_19.15;
T_19.11 ;
    %pushi/vec4 0, 0, 8;
    %load/vec4 v000002d643a6d380_0;
    %concat/vec4; draw_concat_vec4
    %load/vec4 v000002d643a6c480_0;
    %concat/vec4; draw_concat_vec4
    %concati/vec4 0, 0, 7;
    %load/vec4 v000002d643a6c840_0;
    %concat/vec4; draw_concat_vec4
    %store/vec4 v000002d643a6ca20_0, 0, 32;
    %jmp T_19.15;
T_19.12 ;
    %load/vec4 v000002d643a6cfc0_0;
    %load/vec4 v000002d643a6d100_0;
    %concat/vec4; draw_concat_vec4
    %store/vec4 v000002d643a6ca20_0, 0, 32;
    %jmp T_19.15;
T_19.13 ;
    %load/vec4 v000002d643a6c700_0;
    %load/vec4 v000002d643a6c520_0;
    %concat/vec4; draw_concat_vec4
    %store/vec4 v000002d643a6ca20_0, 0, 32;
    %jmp T_19.15;
T_19.15 ;
    %pop/vec4 1;
    %jmp T_19;
    .thread T_19, $push;
    .scope S_000002d643a78590;
T_20 ;
Ewait_6 .event/or E_000002d6439e1650, E_0x0;
    %wait Ewait_6;
    %pushi/vec4 0, 0, 32;
    %store/vec4 v000002d643a677d0_0, 0, 32;
    %load/vec4 v000002d643a66ab0_0;
    %dup/vec4;
    %pushi/vec4 0, 0, 8;
    %cmp/u;
    %jmp/1 T_20.0, 6;
    %dup/vec4;
    %pushi/vec4 4, 0, 8;
    %cmp/u;
    %jmp/1 T_20.1, 6;
    %dup/vec4;
    %pushi/vec4 8, 0, 8;
    %cmp/u;
    %jmp/1 T_20.2, 6;
    %pushi/vec4 0, 0, 32;
    %store/vec4 v000002d643a677d0_0, 0, 32;
    %jmp T_20.4;
T_20.0 ;
    %pushi/vec4 0, 0, 23;
    %load/vec4 v000002d643a65bb0_0;
    %concat/vec4; draw_concat_vec4
    %store/vec4 v000002d643a677d0_0, 0, 32;
    %jmp T_20.4;
T_20.1 ;
    %pushi/vec4 0, 0, 23;
    %load/vec4 v000002d643a66970_0;
    %concat/vec4; draw_concat_vec4
    %store/vec4 v000002d643a677d0_0, 0, 32;
    %jmp T_20.4;
T_20.2 ;
    %load/vec4 v000002d643a663d0_0;
    %ix/load 4, 0, 0;
    %flag_set/imm 4, 0;
    %store/vec4 v000002d643a677d0_0, 4, 1;
    %load/vec4 v000002d643a66650_0;
    %ix/load 4, 1, 0;
    %flag_set/imm 4, 0;
    %store/vec4 v000002d643a677d0_0, 4, 1;
    %load/vec4 v000002d643a670f0_0;
    %ix/load 4, 2, 0;
    %flag_set/imm 4, 0;
    %store/vec4 v000002d643a677d0_0, 4, 1;
    %load/vec4 v000002d643a675f0_0;
    %ix/load 4, 3, 0;
    %flag_set/imm 4, 0;
    %store/vec4 v000002d643a677d0_0, 4, 1;
    %jmp T_20.4;
T_20.4 ;
    %pop/vec4 1;
    %jmp T_20;
    .thread T_20, $push;
    .scope S_000002d6434ae5b0;
T_21 ;
    %end;
    .thread T_21;
    .scope S_000002d6434ae5b0;
T_22 ;
    %wait E_000002d6439e2250;
    %load/vec4 v000002d643a65180_0;
    %flag_set/vec4 9;
    %flag_get/vec4 9;
    %jmp/0 T_22.2, 9;
    %load/vec4 v000002d643a63490_0;
    %and;
T_22.2;
    %flag_set/vec4 8;
    %jmp/0xz  T_22.0, 8;
T_22.0 ;
    %jmp T_22;
    .thread T_22;
    .scope S_000002d6434ae5b0;
T_23 ;
    %wait E_000002d6439e1dd0;
    %load/vec4 v000002d643a65180_0;
    %nor/r;
    %flag_set/vec4 8;
    %jmp/0xz  T_23.0, 8;
    %pushi/vec4 0, 0, 3;
    %assign/vec4 v000002d643a64b40_0, 0;
    %pushi/vec4 0, 0, 64;
    %assign/vec4 v000002d643a64c80_0, 0;
    %pushi/vec4 0, 0, 1;
    %assign/vec4 v000002d643a63ec0_0, 0;
    %pushi/vec4 0, 0, 1;
    %assign/vec4 v000002d643a62270_0, 0;
    %pushi/vec4 0, 0, 1;
    %assign/vec4 v000002d643a62c70_0, 0;
    %pushi/vec4 0, 0, 1;
    %assign/vec4 v000002d643a62770_0, 0;
    %pushi/vec4 0, 0, 1;
    %assign/vec4 v000002d643a63490_0, 0;
    %pushi/vec4 0, 0, 1;
    %assign/vec4 v000002d643a62590_0, 0;
    %pushi/vec4 0, 0, 8;
    %assign/vec4 v000002d643a64320_0, 0;
    %pushi/vec4 7, 0, 3;
    %assign/vec4 v000002d643a632b0_0, 0;
    %pushi/vec4 0, 0, 1;
    %assign/vec4 v000002d643a624f0_0, 0;
    %pushi/vec4 0, 0, 1;
    %assign/vec4 v000002d643a621d0_0, 0;
    %pushi/vec4 0, 0, 1;
    %assign/vec4 v000002d643a61af0_0, 0;
    %jmp T_23.1;
T_23.0 ;
    %pushi/vec4 0, 0, 1;
    %assign/vec4 v000002d643a63ec0_0, 0;
    %pushi/vec4 0, 0, 1;
    %assign/vec4 v000002d643a62270_0, 0;
    %pushi/vec4 0, 0, 1;
    %assign/vec4 v000002d643a62c70_0, 0;
    %pushi/vec4 0, 0, 1;
    %assign/vec4 v000002d643a62770_0, 0;
    %pushi/vec4 0, 0, 1;
    %assign/vec4 v000002d643a62590_0, 0;
    %load/vec4 v000002d643a64dc0_0;
    %flag_set/vec4 8;
    %jmp/0xz  T_23.2, 8;
    %pushi/vec4 0, 0, 3;
    %assign/vec4 v000002d643a64b40_0, 0;
    %pushi/vec4 0, 0, 1;
    %assign/vec4 v000002d643a63490_0, 0;
    %pushi/vec4 0, 0, 8;
    %assign/vec4 v000002d643a64320_0, 0;
    %pushi/vec4 7, 0, 3;
    %assign/vec4 v000002d643a632b0_0, 0;
    %pushi/vec4 0, 0, 1;
    %assign/vec4 v000002d643a624f0_0, 0;
    %pushi/vec4 0, 0, 1;
    %assign/vec4 v000002d643a621d0_0, 0;
    %pushi/vec4 0, 0, 1;
    %assign/vec4 v000002d643a61af0_0, 0;
    %jmp T_23.3;
T_23.2 ;
    %load/vec4 v000002d643a64b40_0;
    %dup/vec4;
    %pushi/vec4 0, 0, 3;
    %cmp/u;
    %jmp/1 T_23.4, 6;
    %dup/vec4;
    %pushi/vec4 1, 0, 3;
    %cmp/u;
    %jmp/1 T_23.5, 6;
    %dup/vec4;
    %pushi/vec4 2, 0, 3;
    %cmp/u;
    %jmp/1 T_23.6, 6;
    %dup/vec4;
    %pushi/vec4 3, 0, 3;
    %cmp/u;
    %jmp/1 T_23.7, 6;
    %dup/vec4;
    %pushi/vec4 4, 0, 3;
    %cmp/u;
    %jmp/1 T_23.8, 6;
    %dup/vec4;
    %pushi/vec4 5, 0, 3;
    %cmp/u;
    %jmp/1 T_23.9, 6;
    %dup/vec4;
    %pushi/vec4 6, 0, 3;
    %cmp/u;
    %jmp/1 T_23.10, 6;
    %pushi/vec4 0, 0, 3;
    %assign/vec4 v000002d643a64b40_0, 0;
    %jmp T_23.12;
T_23.4 ;
    %pushi/vec4 0, 0, 1;
    %assign/vec4 v000002d643a63490_0, 0;
    %load/vec4 v000002d643a64140_0;
    %flag_set/vec4 8;
    %jmp/0xz  T_23.13, 8;
    %load/vec4 v000002d643a63b00_0;
    %pad/u 32;
    %cmpi/e 0, 0, 32;
    %jmp/0xz  T_23.15, 4;
    %pushi/vec4 0, 0, 1;
    %assign/vec4 v000002d643a63490_0, 0;
    %pushi/vec4 0, 0, 8;
    %assign/vec4 v000002d643a64320_0, 0;
    %pushi/vec4 7, 0, 3;
    %assign/vec4 v000002d643a632b0_0, 0;
    %pushi/vec4 1, 0, 1;
    %assign/vec4 v000002d643a62590_0, 0;
    %pushi/vec4 0, 0, 3;
    %assign/vec4 v000002d643a64b40_0, 0;
    %jmp T_23.16;
T_23.15 ;
    %pushi/vec4 1, 0, 1;
    %assign/vec4 v000002d643a63490_0, 0;
    %pushi/vec4 0, 0, 8;
    %assign/vec4 v000002d643a64320_0, 0;
    %pushi/vec4 7, 0, 3;
    %assign/vec4 v000002d643a632b0_0, 0;
    %pushi/vec4 1, 0, 3;
    %assign/vec4 v000002d643a64b40_0, 0;
T_23.16 ;
T_23.13 ;
    %jmp T_23.12;
T_23.5 ;
    %load/vec4 v000002d643a62630_0;
    %nor/r;
    %flag_set/vec4 8;
    %jmp/0xz  T_23.17, 8;
    %load/vec4 v000002d643a62810_0;
    %assign/vec4 v000002d643a64c80_0, 0;
    %pushi/vec4 1, 0, 1;
    %assign/vec4 v000002d643a62770_0, 0;
    %jmp T_23.18;
T_23.17 ;
    %pushi/vec4 0, 0, 64;
    %assign/vec4 v000002d643a64c80_0, 0;
T_23.18 ;
    %pushi/vec4 0, 0, 1;
    %assign/vec4 v000002d643a624f0_0, 0;
    %pushi/vec4 2, 0, 3;
    %assign/vec4 v000002d643a64b40_0, 0;
    %jmp T_23.12;
T_23.6 ;
    %load/vec4 v000002d643a624f0_0;
    %nor/r;
    %flag_set/vec4 8;
    %jmp/0xz  T_23.19, 8;
    %pushi/vec4 1, 0, 1;
    %assign/vec4 v000002d643a63ec0_0, 0;
    %pushi/vec4 1, 0, 1;
    %assign/vec4 v000002d643a624f0_0, 0;
T_23.19 ;
    %load/vec4 v000002d643a62450_0;
    %flag_set/vec4 8;
    %jmp/0xz  T_23.21, 8;
    %pushi/vec4 0, 0, 1;
    %assign/vec4 v000002d643a621d0_0, 0;
    %pushi/vec4 3, 0, 3;
    %assign/vec4 v000002d643a64b40_0, 0;
T_23.21 ;
    %jmp T_23.12;
T_23.7 ;
    %load/vec4 v000002d643a621d0_0;
    %nor/r;
    %flag_set/vec4 8;
    %jmp/0xz  T_23.23, 8;
    %pushi/vec4 1, 0, 1;
    %assign/vec4 v000002d643a62270_0, 0;
    %pushi/vec4 1, 0, 1;
    %assign/vec4 v000002d643a621d0_0, 0;
T_23.23 ;
    %load/vec4 v000002d643a61e10_0;
    %flag_set/vec4 8;
    %jmp/0xz  T_23.25, 8;
    %pushi/vec4 0, 0, 1;
    %assign/vec4 v000002d643a61af0_0, 0;
    %pushi/vec4 4, 0, 3;
    %assign/vec4 v000002d643a64b40_0, 0;
T_23.25 ;
    %jmp T_23.12;
T_23.8 ;
    %load/vec4 v000002d643a61af0_0;
    %nor/r;
    %flag_set/vec4 8;
    %jmp/0xz  T_23.27, 8;
    %pushi/vec4 1, 0, 1;
    %assign/vec4 v000002d643a62c70_0, 0;
    %pushi/vec4 1, 0, 1;
    %assign/vec4 v000002d643a61af0_0, 0;
T_23.27 ;
    %load/vec4 v000002d643a63a60_0;
    %flag_set/vec4 8;
    %jmp/0xz  T_23.29, 8;
    %pushi/vec4 5, 0, 3;
    %assign/vec4 v000002d643a64b40_0, 0;
T_23.29 ;
    %jmp T_23.12;
T_23.9 ;
    %load/vec4 v000002d643a632b0_0;
    %pad/u 32;
    %cmpi/e 0, 0, 32;
    %jmp/0xz  T_23.31, 4;
    %load/vec4 v000002d643a63b00_0;
    %pad/u 32;
    %load/vec4 v000002d643a64320_0;
    %pad/u 32;
    %addi 1, 0, 32;
    %cmp/u;
    %flag_or 5, 4;
    %jmp/0xz  T_23.33, 5;
    %pushi/vec4 6, 0, 3;
    %assign/vec4 v000002d643a64b40_0, 0;
    %jmp T_23.34;
T_23.33 ;
    %load/vec4 v000002d643a64320_0;
    %addi 1, 0, 8;
    %assign/vec4 v000002d643a64320_0, 0;
    %pushi/vec4 7, 0, 3;
    %assign/vec4 v000002d643a632b0_0, 0;
    %pushi/vec4 1, 0, 3;
    %assign/vec4 v000002d643a64b40_0, 0;
T_23.34 ;
    %jmp T_23.32;
T_23.31 ;
    %load/vec4 v000002d643a632b0_0;
    %subi 1, 0, 3;
    %assign/vec4 v000002d643a632b0_0, 0;
    %pushi/vec4 1, 0, 3;
    %assign/vec4 v000002d643a64b40_0, 0;
T_23.32 ;
    %jmp T_23.12;
T_23.10 ;
    %pushi/vec4 0, 0, 1;
    %assign/vec4 v000002d643a63490_0, 0;
    %pushi/vec4 1, 0, 1;
    %assign/vec4 v000002d643a62590_0, 0;
    %pushi/vec4 0, 0, 3;
    %assign/vec4 v000002d643a64b40_0, 0;
    %jmp T_23.12;
T_23.12 ;
    %pop/vec4 1;
T_23.3 ;
T_23.1 ;
    %jmp T_23;
    .thread T_23;
    .scope S_000002d643a798c0;
T_24 ;
Ewait_7 .event/or E_000002d6439e2550, E_0x0;
    %wait Ewait_7;
    %pushi/vec4 0, 0, 8;
    %store/vec4 v000002d643a81b10_0, 0, 8;
    %load/vec4 v000002d643a82830_0;
    %load/vec4 v000002d643a82b50_0;
    %pad/u 32;
    %muli 8, 0, 32;
    %part/u 8;
    %store/vec4 v000002d643a81b10_0, 0, 8;
    %jmp T_24;
    .thread T_24, $push;
    .scope S_000002d643a798c0;
T_25 ;
    %wait E_000002d6439e1dd0;
    %load/vec4 v000002d643a82970_0;
    %nor/r;
    %flag_set/vec4 8;
    %jmp/0xz  T_25.0, 8;
    %pushi/vec4 0, 0, 2;
    %assign/vec4 v000002d643a82a10_0, 0;
    %pushi/vec4 0, 0, 64;
    %assign/vec4 v000002d643a82830_0, 0;
    %pushi/vec4 0, 0, 3;
    %assign/vec4 v000002d643a82b50_0, 0;
    %pushi/vec4 0, 0, 1;
    %assign/vec4 v000002d643a82f10_0, 0;
    %pushi/vec4 0, 0, 1;
    %assign/vec4 v000002d643a82bf0_0, 0;
    %jmp T_25.1;
T_25.0 ;
    %pushi/vec4 0, 0, 1;
    %assign/vec4 v000002d643a82f10_0, 0;
    %load/vec4 v000002d643a82a10_0;
    %dup/vec4;
    %pushi/vec4 0, 0, 2;
    %cmp/u;
    %jmp/1 T_25.2, 6;
    %dup/vec4;
    %pushi/vec4 1, 0, 2;
    %cmp/u;
    %jmp/1 T_25.3, 6;
    %dup/vec4;
    %pushi/vec4 2, 0, 2;
    %cmp/u;
    %jmp/1 T_25.4, 6;
    %pushi/vec4 0, 0, 2;
    %assign/vec4 v000002d643a82a10_0, 0;
    %jmp T_25.6;
T_25.2 ;
    %pushi/vec4 0, 0, 1;
    %assign/vec4 v000002d643a82bf0_0, 0;
    %load/vec4 v000002d643a82d30_0;
    %flag_set/vec4 8;
    %jmp/0xz  T_25.7, 8;
    %load/vec4 v000002d643a82790_0;
    %assign/vec4 v000002d643a82830_0, 0;
    %pushi/vec4 0, 0, 3;
    %assign/vec4 v000002d643a82b50_0, 0;
    %pushi/vec4 1, 0, 1;
    %assign/vec4 v000002d643a82bf0_0, 0;
    %pushi/vec4 1, 0, 2;
    %assign/vec4 v000002d643a82a10_0, 0;
T_25.7 ;
    %jmp T_25.6;
T_25.3 ;
    %pushi/vec4 1, 0, 1;
    %assign/vec4 v000002d643a82bf0_0, 0;
    %load/vec4 v000002d643a82b50_0;
    %cmpi/e 7, 0, 3;
    %jmp/0xz  T_25.9, 4;
    %pushi/vec4 2, 0, 2;
    %assign/vec4 v000002d643a82a10_0, 0;
    %jmp T_25.10;
T_25.9 ;
    %load/vec4 v000002d643a82b50_0;
    %addi 1, 0, 3;
    %assign/vec4 v000002d643a82b50_0, 0;
T_25.10 ;
    %jmp T_25.6;
T_25.4 ;
    %pushi/vec4 0, 0, 1;
    %assign/vec4 v000002d643a82bf0_0, 0;
    %pushi/vec4 1, 0, 1;
    %assign/vec4 v000002d643a82f10_0, 0;
    %pushi/vec4 0, 0, 2;
    %assign/vec4 v000002d643a82a10_0, 0;
    %jmp T_25.6;
T_25.6 ;
    %pop/vec4 1;
    %load/vec4 v000002d643a82d30_0;
    %flag_set/vec4 9;
    %flag_get/vec4 9;
    %jmp/0 T_25.13, 9;
    %load/vec4 v000002d643a82a10_0;
    %pushi/vec4 0, 0, 2;
    %cmp/ne;
    %flag_get/vec4 4;
    %and;
T_25.13;
    %flag_set/vec4 8;
    %jmp/0xz  T_25.11, 8;
    %vpi_call/w 22 248 "$warning", "[wl_mux_wrapper] \346\224\266\345\210\260\351\207\215\345\205\245 wl_valid_pulse_in\357\274\214\345\275\223\345\211\215\345\270\247\345\260\232\346\234\252\345\256\214\346\210\220\345\217\221\351\200\201" {0 0 0};
T_25.11 ;
T_25.1 ;
    %jmp T_25;
    .thread T_25;
    .scope S_000002d643a798c0;
T_26 ;
    %end;
    .thread T_26;
    .scope S_000002d6438d0f20;
T_27 ;
    %wait E_000002d6439e1dd0;
    %load/vec4 v000002d643a643c0_0;
    %nor/r;
    %flag_set/vec4 8;
    %jmp/0xz  T_27.0, 8;
    %pushi/vec4 0, 0, 1;
    %assign/vec4 v000002d643a64460_0, 0;
    %pushi/vec4 0, 0, 1;
    %assign/vec4 v000002d643a64aa0_0, 0;
    %pushi/vec4 0, 0, 1;
    %assign/vec4 v000002d643a63d80_0, 0;
    %pushi/vec4 0, 0, 8;
    %assign/vec4 v000002d643a64280_0, 0;
    %pushi/vec4 0, 0, 64;
    %assign/vec4 v000002d643a652c0_0, 0;
    %jmp T_27.1;
T_27.0 ;
    %pushi/vec4 0, 0, 1;
    %assign/vec4 v000002d643a63d80_0, 0;
    %pushi/vec4 0, 0, 1;
    %assign/vec4 v000002d643a64aa0_0, 0;
    %load/vec4 v000002d643a64460_0;
    %dup/vec4;
    %pushi/vec4 0, 0, 1;
    %cmp/u;
    %jmp/1 T_27.2, 6;
    %dup/vec4;
    %pushi/vec4 1, 0, 1;
    %cmp/u;
    %jmp/1 T_27.3, 6;
    %pushi/vec4 0, 0, 1;
    %assign/vec4 v000002d643a64460_0, 0;
    %jmp T_27.5;
T_27.2 ;
    %load/vec4 v000002d643a64500_0;
    %flag_set/vec4 8;
    %jmp/0xz  T_27.6, 8;
    %load/vec4 v000002d643a639c0_0;
    %assign/vec4 v000002d643a652c0_0, 0;
    %pushi/vec4 1, 0, 1;
    %assign/vec4 v000002d643a64aa0_0, 0;
    %pushi/vec4 4, 0, 8;
    %assign/vec4 v000002d643a64280_0, 0;
    %pushi/vec4 1, 0, 1;
    %assign/vec4 v000002d643a64460_0, 0;
T_27.6 ;
    %jmp T_27.5;
T_27.3 ;
    %load/vec4 v000002d643a64280_0;
    %pad/u 32;
    %cmpi/e 0, 0, 32;
    %jmp/0xz  T_27.8, 4;
    %pushi/vec4 1, 0, 1;
    %assign/vec4 v000002d643a63d80_0, 0;
    %pushi/vec4 0, 0, 1;
    %assign/vec4 v000002d643a64460_0, 0;
    %jmp T_27.9;
T_27.8 ;
    %load/vec4 v000002d643a64280_0;
    %subi 1, 0, 8;
    %assign/vec4 v000002d643a64280_0, 0;
T_27.9 ;
    %jmp T_27.5;
T_27.5 ;
    %pop/vec4 1;
T_27.1 ;
    %jmp T_27;
    .thread T_27;
    .scope S_000002d643a78400;
T_28 ;
Ewait_8 .event/or E_000002d6439e3090, E_0x0;
    %wait Ewait_8;
    %alloc S_000002d643a788b0;
    %load/vec4 v000002d643a6b760_0;
    %store/vec4 v000002d643a6a7c0_0, 0, 64;
    %callf/vec4 TD_top_tb_icarus_light.dut.u_macro.popcount_fn, S_000002d643a788b0;
    %free S_000002d643a788b0;
    %store/vec4 v000002d643a69be0_0, 0, 8;
    %jmp T_28;
    .thread T_28, $push;
    .scope S_000002d643a78400;
T_29 ;
Ewait_9 .event/or E_000002d6439e3510, E_0x0;
    %wait Ewait_9;
    %load/vec4 v000002d643a6bda0_0;
    %cmpi/u 20, 0, 5;
    %jmp/0xz  T_29.0, 5;
    %load/vec4 v000002d643a6bc60_0;
    %load/vec4 v000002d643a6bda0_0;
    %pad/u 8;
    %muli 8, 0, 8;
    %part/u 8;
    %store/vec4 v000002d643a6a4a0_0, 0, 8;
    %jmp T_29.1;
T_29.0 ;
    %pushi/vec4 0, 0, 8;
    %store/vec4 v000002d643a6a4a0_0, 0, 8;
T_29.1 ;
    %jmp T_29;
    .thread T_29, $push;
    .scope S_000002d643a78400;
T_30 ;
    %wait E_000002d6439e1dd0;
    %load/vec4 v000002d643a6b580_0;
    %nor/r;
    %flag_set/vec4 8;
    %jmp/0xz  T_30.0, 8;
    %pushi/vec4 0, 0, 64;
    %assign/vec4 v000002d643a6b760_0, 0;
    %pushi/vec4 0, 0, 1;
    %assign/vec4 v000002d643a6ab80_0, 0;
    %pushi/vec4 0, 0, 1;
    %assign/vec4 v000002d643a6a220_0, 0;
    %pushi/vec4 0, 0, 8;
    %assign/vec4 v000002d643a69b40_0, 0;
    %pushi/vec4 0, 0, 8;
    %assign/vec4 v000002d643a6a180_0, 0;
    %pushi/vec4 0, 0, 1;
    %assign/vec4 v000002d643a69c80_0, 0;
    %pushi/vec4 0, 0, 1;
    %assign/vec4 v000002d643a6b300_0, 0;
    %pushi/vec4 0, 0, 160;
    %assign/vec4 v000002d643a6bc60_0, 0;
    %jmp T_30.1;
T_30.0 ;
    %pushi/vec4 0, 0, 1;
    %assign/vec4 v000002d643a6ab80_0, 0;
    %pushi/vec4 0, 0, 1;
    %assign/vec4 v000002d643a6a220_0, 0;
    %load/vec4 v000002d643a6b440_0;
    %flag_set/vec4 8;
    %jmp/0xz  T_30.2, 8;
    %load/vec4 v000002d643a6af40_0;
    %assign/vec4 v000002d643a6b760_0, 0;
T_30.2 ;
    %load/vec4 v000002d643a6b6c0_0;
    %flag_set/vec4 9;
    %flag_get/vec4 9;
    %jmp/0 T_30.6, 9;
    %load/vec4 v000002d643a69c80_0;
    %nor/r;
    %and;
T_30.6;
    %flag_set/vec4 8;
    %jmp/0xz  T_30.4, 8;
    %pushi/vec4 1, 0, 1;
    %assign/vec4 v000002d643a69c80_0, 0;
    %pushi/vec4 9, 0, 8;
    %assign/vec4 v000002d643a69b40_0, 0;
T_30.4 ;
    %load/vec4 v000002d643a69c80_0;
    %flag_set/vec4 8;
    %jmp/0xz  T_30.7, 8;
    %load/vec4 v000002d643a69b40_0;
    %pad/u 32;
    %cmpi/e 0, 0, 32;
    %jmp/0xz  T_30.9, 4;
    %pushi/vec4 1, 0, 1;
    %assign/vec4 v000002d643a6ab80_0, 0;
    %pushi/vec4 0, 0, 1;
    %assign/vec4 v000002d643a69c80_0, 0;
    %jmp T_30.10;
T_30.9 ;
    %load/vec4 v000002d643a69b40_0;
    %subi 1, 0, 8;
    %assign/vec4 v000002d643a69b40_0, 0;
T_30.10 ;
T_30.7 ;
    %load/vec4 v000002d643a6b1c0_0;
    %flag_set/vec4 9;
    %flag_get/vec4 9;
    %jmp/0 T_30.13, 9;
    %load/vec4 v000002d643a6b300_0;
    %nor/r;
    %and;
T_30.13;
    %flag_set/vec4 8;
    %jmp/0xz  T_30.11, 8;
    %pushi/vec4 1, 0, 1;
    %assign/vec4 v000002d643a6b300_0, 0;
    %pushi/vec4 2, 0, 8;
    %assign/vec4 v000002d643a6a180_0, 0;
T_30.11 ;
    %load/vec4 v000002d643a6b300_0;
    %flag_set/vec4 8;
    %jmp/0xz  T_30.14, 8;
    %load/vec4 v000002d643a6a180_0;
    %pad/u 32;
    %cmpi/e 0, 0, 32;
    %jmp/0xz  T_30.16, 4;
    %pushi/vec4 1, 0, 1;
    %assign/vec4 v000002d643a6a220_0, 0;
    %pushi/vec4 0, 0, 1;
    %assign/vec4 v000002d643a6b300_0, 0;
    %fork t_1, S_000002d643a78270;
    %jmp t_0;
    .scope S_000002d643a78270;
t_1 ;
    %pushi/vec4 0, 0, 32;
    %store/vec4 v000002d643a69a00_0, 0, 32;
T_30.18 ;
    %load/vec4 v000002d643a69a00_0;
    %cmpi/s 20, 0, 32;
    %jmp/0xz T_30.19, 5;
    %load/vec4 v000002d643a69a00_0;
    %cmpi/s 10, 0, 32;
    %jmp/0xz  T_30.20, 5;
    %load/vec4 v000002d643a69be0_0;
    %pad/u 32;
    %muli 2, 0, 32;
    %load/vec4 v000002d643a69a00_0;
    %add;
    %pad/u 8;
    %ix/load 5, 0, 0;
    %load/vec4 v000002d643a69a00_0;
    %pad/s 35;
    %muli 8, 0, 35;
    %ix/vec4/s 4;
    %assign/vec4/off/d v000002d643a6bc60_0, 4, 5;
    %jmp T_30.21;
T_30.20 ;
    %pushi/vec4 0, 0, 24;
    %load/vec4 v000002d643a69be0_0;
    %concat/vec4; draw_concat_vec4
    %ix/load 4, 1, 0;
    %flag_set/imm 4, 0;
    %shiftr 4;
    %load/vec4 v000002d643a69a00_0;
    %subi 10, 0, 32;
    %add;
    %pad/u 8;
    %ix/load 5, 0, 0;
    %load/vec4 v000002d643a69a00_0;
    %pad/s 35;
    %muli 8, 0, 35;
    %ix/vec4/s 4;
    %assign/vec4/off/d v000002d643a6bc60_0, 4, 5;
T_30.21 ;
    %load/vec4 v000002d643a69a00_0;
    %addi 1, 0, 32;
    %cast2;
    %store/vec4 v000002d643a69a00_0, 0, 32;
    %jmp T_30.18;
T_30.19 ;
    %end;
    .scope S_000002d643a78400;
t_0 %join;
    %jmp T_30.17;
T_30.16 ;
    %load/vec4 v000002d643a6a180_0;
    %subi 1, 0, 8;
    %assign/vec4 v000002d643a6a180_0, 0;
T_30.17 ;
T_30.14 ;
T_30.1 ;
    %jmp T_30;
    .thread T_30;
    .scope S_000002d643a78400;
T_31 ;
    %wait E_000002d6439e2250;
    %vpi_func 18 318 "$isunknown" 1, v000002d643a6bda0_0 {0 0 0};
    %nor/r;
    %flag_set/vec4 8;
    %jmp/0xz  T_31.0, 8;
T_31.0 ;
    %jmp T_31;
    .thread T_31;
    .scope S_000002d64388f730;
T_32 ;
    %wait E_000002d6439e1dd0;
    %load/vec4 v000002d6439b6820_0;
    %nor/r;
    %flag_set/vec4 8;
    %jmp/0xz  T_32.0, 8;
    %pushi/vec4 0, 0, 2;
    %assign/vec4 v000002d6439b6f00_0, 0;
    %pushi/vec4 0, 0, 5;
    %assign/vec4 v000002d6439b68c0_0, 0;
    %pushi/vec4 0, 0, 5;
    %assign/vec4 v000002d6439b7a40_0, 0;
    %pushi/vec4 0, 0, 2;
    %assign/vec4 v000002d6439b7b80_0, 0;
    %pushi/vec4 0, 0, 160;
    %assign/vec4 v000002d6439b65a0_0, 0;
    %pushi/vec4 0, 0, 90;
    %assign/vec4 v000002d6439b7cc0_0, 0;
    %pushi/vec4 0, 0, 1;
    %assign/vec4 v000002d6439b6a00_0, 0;
    %pushi/vec4 0, 0, 1;
    %assign/vec4 v000002d6439b6b40_0, 0;
    %pushi/vec4 0, 0, 16;
    %assign/vec4 v000002d6439b6d20_0, 0;
    %pushi/vec4 0, 0, 16;
    %assign/vec4 v000002d6439b7720_0, 0;
    %jmp T_32.1;
T_32.0 ;
    %pushi/vec4 0, 0, 1;
    %assign/vec4 v000002d6439b6b40_0, 0;
    %pushi/vec4 0, 0, 1;
    %assign/vec4 v000002d6439b6a00_0, 0;
    %load/vec4 v000002d6439b68c0_0;
    %assign/vec4 v000002d6439b7a40_0, 0;
    %load/vec4 v000002d6439b6f00_0;
    %dup/vec4;
    %pushi/vec4 0, 0, 2;
    %cmp/u;
    %jmp/1 T_32.2, 6;
    %dup/vec4;
    %pushi/vec4 1, 0, 2;
    %cmp/u;
    %jmp/1 T_32.3, 6;
    %dup/vec4;
    %pushi/vec4 2, 0, 2;
    %cmp/u;
    %jmp/1 T_32.4, 6;
    %dup/vec4;
    %pushi/vec4 3, 0, 2;
    %cmp/u;
    %jmp/1 T_32.5, 6;
    %pushi/vec4 0, 0, 2;
    %assign/vec4 v000002d6439b6f00_0, 0;
    %jmp T_32.7;
T_32.2 ;
    %load/vec4 v000002d6439f5280_0;
    %flag_set/vec4 8;
    %jmp/0xz  T_32.8, 8;
    %pushi/vec4 0, 0, 5;
    %assign/vec4 v000002d6439b68c0_0, 0;
    %pushi/vec4 0, 0, 5;
    %assign/vec4 v000002d6439b7a40_0, 0;
    %pushi/vec4 0, 0, 160;
    %assign/vec4 v000002d6439b65a0_0, 0;
    %pushi/vec4 0, 0, 16;
    %assign/vec4 v000002d6439b6d20_0, 0;
    %pushi/vec4 0, 0, 16;
    %assign/vec4 v000002d6439b7720_0, 0;
    %pushi/vec4 1, 0, 2;
    %assign/vec4 v000002d6439b7b80_0, 0;
    %pushi/vec4 1, 0, 2;
    %assign/vec4 v000002d6439b6f00_0, 0;
T_32.8 ;
    %jmp T_32.7;
T_32.3 ;
    %load/vec4 v000002d6439b68c0_0;
    %assign/vec4 v000002d6439b7a40_0, 0;
    %load/vec4 v000002d6439b7b80_0;
    %pad/u 32;
    %cmpi/e 0, 0, 32;
    %jmp/0xz  T_32.10, 4;
    %pushi/vec4 1, 0, 1;
    %assign/vec4 v000002d6439b6b40_0, 0;
    %pushi/vec4 2, 0, 2;
    %assign/vec4 v000002d6439b6f00_0, 0;
    %jmp T_32.11;
T_32.10 ;
    %load/vec4 v000002d6439b7b80_0;
    %subi 1, 0, 2;
    %assign/vec4 v000002d6439b7b80_0, 0;
T_32.11 ;
    %jmp T_32.7;
T_32.4 ;
    %load/vec4 v000002d6439b68c0_0;
    %assign/vec4 v000002d6439b7a40_0, 0;
    %load/vec4 v000002d6439f51e0_0;
    %flag_set/vec4 8;
    %jmp/0xz  T_32.12, 8;
    %load/vec4 v000002d6439b8300_0;
    %ix/load 5, 0, 0;
    %load/vec4 v000002d6439b68c0_0;
    %pad/u 8;
    %muli 8, 0, 8;
    %ix/vec4 4;
    %assign/vec4/off/d v000002d6439b65a0_0, 4, 5;
    %load/vec4 v000002d6439b8300_0;
    %cmpi/e 255, 0, 8;
    %jmp/0xz  T_32.14, 4;
    %load/vec4 v000002d6439b6d20_0;
    %addi 1, 0, 16;
    %assign/vec4 v000002d6439b6d20_0, 0;
T_32.14 ;
    %load/vec4 v000002d6439b8300_0;
    %cmpi/e 0, 0, 8;
    %jmp/0xz  T_32.16, 4;
    %load/vec4 v000002d6439b7720_0;
    %addi 1, 0, 16;
    %assign/vec4 v000002d6439b7720_0, 0;
T_32.16 ;
    %load/vec4 v000002d6439b68c0_0;
    %cmpi/e 19, 0, 5;
    %jmp/0xz  T_32.18, 4;
    %pushi/vec4 3, 0, 2;
    %assign/vec4 v000002d6439b6f00_0, 0;
    %jmp T_32.19;
T_32.18 ;
    %load/vec4 v000002d6439b68c0_0;
    %addi 1, 0, 5;
    %assign/vec4 v000002d6439b68c0_0, 0;
    %pushi/vec4 1, 0, 2;
    %assign/vec4 v000002d6439b7b80_0, 0;
    %pushi/vec4 1, 0, 2;
    %assign/vec4 v000002d6439b6f00_0, 0;
T_32.19 ;
T_32.12 ;
    %jmp T_32.7;
T_32.5 ;
    %fork t_3, S_000002d6438b05d0;
    %jmp t_2;
    .scope S_000002d6438b05d0;
t_3 ;
    %pushi/vec4 0, 0, 32;
    %store/vec4 v000002d6439f6400_0, 0, 32;
T_32.20 ;
    %load/vec4 v000002d6439f6400_0;
    %cmpi/s 10, 0, 32;
    %jmp/0xz T_32.21, 5;
    %pushi/vec4 0, 0, 1;
    %load/vec4 v000002d6439b65a0_0;
    %load/vec4 v000002d6439f6400_0;
    %pad/s 35;
    %muli 8, 0, 35;
    %part/s 8;
    %concat/vec4; draw_concat_vec4
    %pushi/vec4 0, 0, 1;
    %load/vec4 v000002d6439b65a0_0;
    %load/vec4 v000002d6439f6400_0;
    %addi 10, 0, 32;
    %pad/s 35;
    %muli 8, 0, 35;
    %part/s 8;
    %concat/vec4; draw_concat_vec4
    %sub;
    %ix/load 5, 0, 0;
    %load/vec4 v000002d6439f6400_0;
    %pad/s 36;
    %muli 9, 0, 36;
    %ix/vec4/s 4;
    %assign/vec4/off/d v000002d6439b7cc0_0, 4, 5;
    %load/vec4 v000002d6439f6400_0;
    %addi 1, 0, 32;
    %cast2;
    %store/vec4 v000002d6439f6400_0, 0, 32;
    %jmp T_32.20;
T_32.21 ;
    %end;
    .scope S_000002d64388f730;
t_2 %join;
    %pushi/vec4 1, 0, 1;
    %assign/vec4 v000002d6439b6a00_0, 0;
    %pushi/vec4 0, 0, 2;
    %assign/vec4 v000002d6439b6f00_0, 0;
    %jmp T_32.7;
T_32.7 ;
    %pop/vec4 1;
T_32.1 ;
    %jmp T_32;
    .thread T_32;
    .scope S_000002d64388f730;
T_33 ;
    %wait E_000002d6439e2250;
    %vpi_func 7 252 "$isunknown" 1, v000002d6439b68c0_0 {0 0 0};
    %nor/r;
    %flag_set/vec4 8;
    %jmp/0xz  T_33.0, 8;
T_33.0 ;
    %vpi_func 7 259 "$isunknown" 1, v000002d6439b7a40_0 {0 0 0};
    %nor/r;
    %flag_set/vec4 8;
    %jmp/0xz  T_33.2, 8;
T_33.2 ;
    %load/vec4 v000002d6439b6a00_0;
    %flag_set/vec4 8;
    %jmp/0xz  T_33.4, 8;
T_33.4 ;
    %load/vec4 v000002d6439f51e0_0;
    %flag_set/vec4 8;
    %jmp/0xz  T_33.6, 8;
T_33.6 ;
    %jmp T_33;
    .thread T_33;
    .scope S_000002d643a78ef0;
T_34 ;
    %end;
    .thread T_34;
    .scope S_000002d643a78ef0;
T_35 ;
    %wait E_000002d6439e1dd0;
    %fork t_5, S_000002d643a78a40;
    %jmp t_4;
    .scope S_000002d643a78a40;
t_5 ;
    %load/vec4 v000002d643a6bd00_0;
    %nor/r;
    %flag_set/vec4 8;
    %jmp/0xz  T_35.0, 8;
    %pushi/vec4 0, 0, 32;
    %store/vec4 v000002d643a6a040_0, 0, 32;
T_35.2 ;
    %load/vec4 v000002d643a6a040_0;
    %cmpi/s 10, 0, 32;
    %jmp/0xz T_35.3, 5;
    %pushi/vec4 0, 0, 32;
    %ix/getv/s 3, v000002d643a6a040_0;
    %ix/load 4, 0, 0; Constant delay
    %assign/vec4/a/d v000002d643a6a0e0, 0, 4;
    %load/vec4 v000002d643a6a040_0;
    %addi 1, 0, 32;
    %store/vec4 v000002d643a6a040_0, 0, 32;
    %jmp T_35.2;
T_35.3 ;
    %pushi/vec4 0, 0, 5;
    %assign/vec4 v000002d643a6bee0_0, 0;
    %pushi/vec4 0, 0, 5;
    %assign/vec4 v000002d643a6be40_0, 0;
    %pushi/vec4 0, 0, 6;
    %assign/vec4 v000002d643a69aa0_0, 0;
    %pushi/vec4 0, 0, 1;
    %assign/vec4 v000002d643a6a9a0_0, 0;
    %pushi/vec4 0, 0, 4;
    %assign/vec4 v000002d643a6b260_0, 0;
    %pushi/vec4 0, 0, 1;
    %assign/vec4 v000002d643a69fa0_0, 0;
    %jmp T_35.1;
T_35.0 ;
    %pushi/vec4 0, 0, 1;
    %assign/vec4 v000002d643a6a9a0_0, 0;
    %pushi/vec4 0, 0, 1;
    %assign/vec4 v000002d643a69fa0_0, 0;
    %load/vec4 v000002d643a6b620_0;
    %flag_set/vec4 8;
    %jmp/0xz  T_35.4, 8;
    %pushi/vec4 0, 0, 32;
    %store/vec4 v000002d643a6a040_0, 0, 32;
T_35.6 ;
    %load/vec4 v000002d643a6a040_0;
    %cmpi/s 10, 0, 32;
    %jmp/0xz T_35.7, 5;
    %pushi/vec4 0, 0, 32;
    %ix/getv/s 3, v000002d643a6a040_0;
    %ix/load 4, 0, 0; Constant delay
    %assign/vec4/a/d v000002d643a6a0e0, 0, 4;
    %load/vec4 v000002d643a6a040_0;
    %addi 1, 0, 32;
    %store/vec4 v000002d643a6a040_0, 0, 32;
    %jmp T_35.6;
T_35.7 ;
    %pushi/vec4 0, 0, 5;
    %assign/vec4 v000002d643a6bee0_0, 0;
    %pushi/vec4 0, 0, 5;
    %assign/vec4 v000002d643a6be40_0, 0;
    %pushi/vec4 0, 0, 6;
    %assign/vec4 v000002d643a69aa0_0, 0;
    %jmp T_35.5;
T_35.4 ;
    %load/vec4 v000002d643a69aa0_0;
    %pad/u 32;
    %cast2;
    %store/vec4 v000002d643a6c160_0, 0, 32;
    %load/vec4 v000002d643a6bee0_0;
    %pad/u 32;
    %cast2;
    %store/vec4 v000002d643a6b120_0, 0, 32;
    %load/vec4 v000002d643a6be40_0;
    %pad/u 32;
    %cast2;
    %store/vec4 v000002d643a6ac20_0, 0, 32;
    %load/vec4 v000002d643a6c160_0;
    %cmpi/s 0, 0, 32;
    %flag_or 5, 4; GT is !LE
    %flag_inv 5;
    %flag_get/vec4 5;
    %jmp/0 T_35.10, 5;
    %load/vec4 v000002d643a6ad60_0;
    %nor/r;
    %and;
T_35.10;
    %flag_set/vec4 8;
    %jmp/0xz  T_35.8, 8;
    %pushi/vec4 1, 0, 1;
    %assign/vec4 v000002d643a6a9a0_0, 0;
    %ix/getv/s 4, v000002d643a6b120_0;
    %load/vec4a v000002d643a6aa40, 4;
    %assign/vec4 v000002d643a6b260_0, 0;
    %load/vec4 v000002d643a6b120_0;
    %cmpi/e 31, 0, 32;
    %flag_mov 8, 4;
    %jmp/0 T_35.11, 8;
    %pushi/vec4 0, 0, 32;
    %jmp/1 T_35.12, 8;
T_35.11 ; End of true expr.
    %load/vec4 v000002d643a6b120_0;
    %addi 1, 0, 32;
    %jmp/0 T_35.12, 8;
 ; End of false expr.
    %blend;
T_35.12;
    %cast2;
    %store/vec4 v000002d643a6b120_0, 0, 32;
    %load/vec4 v000002d643a6c160_0;
    %subi 1, 0, 32;
    %cast2;
    %store/vec4 v000002d643a6c160_0, 0, 32;
T_35.8 ;
    %load/vec4 v000002d643a6a900_0;
    %flag_set/vec4 8;
    %jmp/0xz  T_35.13, 8;
    %pushi/vec4 0, 0, 32;
    %store/vec4 v000002d643a6a040_0, 0, 32;
T_35.15 ;
    %load/vec4 v000002d643a6a040_0;
    %cmpi/s 10, 0, 32;
    %jmp/0xz T_35.16, 5;
    %load/vec4 v000002d643a6a400_0;
    %load/vec4 v000002d643a6a040_0;
    %pad/s 36;
    %muli 9, 0, 36;
    %part/s 9;
    %store/vec4 v000002d643a67bc0_0, 0, 9;
    %load/vec4 v000002d643a67bc0_0;
    %pad/s 32;
    %ix/getv 4, v000002d643a6bbc0_0;
    %shiftl 4;
    %store/vec4 v000002d643a68f20_0, 0, 32;
    %ix/getv/s 4, v000002d643a6a040_0;
    %load/vec4a v000002d643a6a0e0, 4;
    %load/vec4 v000002d643a68f20_0;
    %add;
    %store/vec4 v000002d643a68fc0_0, 0, 32;
    %load/vec4 v000002d643a6a720_0;
    %load/vec4 v000002d643a68fc0_0;
    %cmp/s;
    %flag_or 5, 4;
    %jmp/0xz  T_35.17, 5;
    %pushi/vec4 1, 0, 1;
    %store/vec4 v000002d643a67c60_0, 0, 1;
    %load/vec4 v000002d643a6c020_0;
    %flag_set/vec4 8;
    %jmp/0xz  T_35.19, 8;
    %pushi/vec4 0, 0, 32;
    %store/vec4 v000002d643a68fc0_0, 0, 32;
    %jmp T_35.20;
T_35.19 ;
    %load/vec4 v000002d643a68fc0_0;
    %load/vec4 v000002d643a6a720_0;
    %sub;
    %store/vec4 v000002d643a68fc0_0, 0, 32;
T_35.20 ;
    %jmp T_35.18;
T_35.17 ;
    %pushi/vec4 0, 0, 1;
    %store/vec4 v000002d643a67c60_0, 0, 1;
T_35.18 ;
    %load/vec4 v000002d643a68fc0_0;
    %ix/getv/s 3, v000002d643a6a040_0;
    %ix/load 4, 0, 0; Constant delay
    %assign/vec4/a/d v000002d643a6a0e0, 0, 4;
    %load/vec4 v000002d643a67c60_0;
    %flag_set/vec4 8;
    %jmp/0xz  T_35.21, 8;
    %load/vec4 v000002d643a6c160_0;
    %cmpi/s 32, 0, 32;
    %jmp/0xz  T_35.23, 5;
    %load/vec4 v000002d643a6a040_0;
    %parti/s 4, 0, 2;
    %ix/getv/s 3, v000002d643a6ac20_0;
    %ix/load 4, 0, 0; Constant delay
    %assign/vec4/a/d v000002d643a6aa40, 0, 4;
    %load/vec4 v000002d643a6ac20_0;
    %cmpi/e 31, 0, 32;
    %flag_mov 8, 4;
    %jmp/0 T_35.25, 8;
    %pushi/vec4 0, 0, 32;
    %jmp/1 T_35.26, 8;
T_35.25 ; End of true expr.
    %load/vec4 v000002d643a6ac20_0;
    %addi 1, 0, 32;
    %jmp/0 T_35.26, 8;
 ; End of false expr.
    %blend;
T_35.26;
    %cast2;
    %store/vec4 v000002d643a6ac20_0, 0, 32;
    %load/vec4 v000002d643a6c160_0;
    %addi 1, 0, 32;
    %cast2;
    %store/vec4 v000002d643a6c160_0, 0, 32;
    %jmp T_35.24;
T_35.23 ;
    %pushi/vec4 1, 0, 1;
    %assign/vec4 v000002d643a69fa0_0, 0;
T_35.24 ;
T_35.21 ;
    %load/vec4 v000002d643a6a040_0;
    %addi 1, 0, 32;
    %store/vec4 v000002d643a6a040_0, 0, 32;
    %jmp T_35.15;
T_35.16 ;
T_35.13 ;
    %load/vec4 v000002d643a6b120_0;
    %parti/s 5, 0, 2;
    %assign/vec4 v000002d643a6bee0_0, 0;
    %load/vec4 v000002d643a6ac20_0;
    %parti/s 5, 0, 2;
    %assign/vec4 v000002d643a6be40_0, 0;
    %load/vec4 v000002d643a6c160_0;
    %parti/s 6, 0, 2;
    %assign/vec4 v000002d643a69aa0_0, 0;
T_35.5 ;
T_35.1 ;
    %end;
    .scope S_000002d643a78ef0;
t_4 %join;
    %jmp T_35;
    .thread T_35;
    .scope S_000002d643a79f00;
T_36 ;
    %wait E_000002d6439e1dd0;
    %load/vec4 v000002d643a7c280_0;
    %nor/r;
    %flag_set/vec4 8;
    %jmp/0xz  T_36.0, 8;
    %pushi/vec4 0, 0, 32;
    %assign/vec4 v000002d643a7c320_0, 0;
    %pushi/vec4 0, 0, 32;
    %assign/vec4 v000002d643a7b1a0_0, 0;
    %pushi/vec4 0, 0, 32;
    %assign/vec4 v000002d643a7b560_0, 0;
    %jmp T_36.1;
T_36.0 ;
    %load/vec4 v000002d643a7c6e0_0;
    %flag_set/vec4 8;
    %jmp/0xz  T_36.2, 8;
    %load/vec4 v000002d643a7ce60_0;
    %dup/vec4;
    %pushi/vec4 0, 0, 8;
    %cmp/u;
    %jmp/1 T_36.4, 6;
    %dup/vec4;
    %pushi/vec4 12, 0, 8;
    %cmp/u;
    %jmp/1 T_36.5, 6;
    %jmp T_36.7;
T_36.4 ;
    %load/vec4 v000002d643a7c500_0;
    %assign/vec4 v000002d643a7c320_0, 0;
    %jmp T_36.7;
T_36.5 ;
    %load/vec4 v000002d643a7c500_0;
    %assign/vec4 v000002d643a7b1a0_0, 0;
    %jmp T_36.7;
T_36.7 ;
    %pop/vec4 1;
T_36.2 ;
T_36.1 ;
    %jmp T_36;
    .thread T_36;
    .scope S_000002d643a79f00;
T_37 ;
Ewait_10 .event/or E_000002d6439e2e50, E_0x0;
    %wait Ewait_10;
    %pushi/vec4 0, 0, 32;
    %store/vec4 v000002d643a7bec0_0, 0, 32;
    %load/vec4 v000002d643a7ce60_0;
    %dup/vec4;
    %pushi/vec4 0, 0, 8;
    %cmp/u;
    %jmp/1 T_37.0, 6;
    %dup/vec4;
    %pushi/vec4 4, 0, 8;
    %cmp/u;
    %jmp/1 T_37.1, 6;
    %dup/vec4;
    %pushi/vec4 8, 0, 8;
    %cmp/u;
    %jmp/1 T_37.2, 6;
    %dup/vec4;
    %pushi/vec4 12, 0, 8;
    %cmp/u;
    %jmp/1 T_37.3, 6;
    %pushi/vec4 0, 0, 32;
    %store/vec4 v000002d643a7bec0_0, 0, 32;
    %jmp T_37.5;
T_37.0 ;
    %load/vec4 v000002d643a7c320_0;
    %store/vec4 v000002d643a7bec0_0, 0, 32;
    %jmp T_37.5;
T_37.1 ;
    %pushi/vec4 0, 0, 32;
    %store/vec4 v000002d643a7bec0_0, 0, 32;
    %jmp T_37.5;
T_37.2 ;
    %load/vec4 v000002d643a7b560_0;
    %store/vec4 v000002d643a7bec0_0, 0, 32;
    %jmp T_37.5;
T_37.3 ;
    %load/vec4 v000002d643a7b1a0_0;
    %store/vec4 v000002d643a7bec0_0, 0, 32;
    %jmp T_37.5;
T_37.5 ;
    %pop/vec4 1;
    %jmp T_37;
    .thread T_37, $push;
    .scope S_000002d643a79d70;
T_38 ;
    %wait E_000002d6439e1dd0;
    %load/vec4 v000002d643a7b100_0;
    %nor/r;
    %flag_set/vec4 8;
    %jmp/0xz  T_38.0, 8;
    %pushi/vec4 0, 0, 32;
    %assign/vec4 v000002d643a7b6a0_0, 0;
    %pushi/vec4 0, 0, 32;
    %assign/vec4 v000002d643a7b420_0, 0;
    %pushi/vec4 0, 0, 32;
    %assign/vec4 v000002d643a7bce0_0, 0;
    %jmp T_38.1;
T_38.0 ;
    %load/vec4 v000002d643a7c0a0_0;
    %flag_set/vec4 8;
    %jmp/0xz  T_38.2, 8;
    %load/vec4 v000002d643a7b600_0;
    %dup/vec4;
    %pushi/vec4 0, 0, 8;
    %cmp/u;
    %jmp/1 T_38.4, 6;
    %dup/vec4;
    %pushi/vec4 8, 0, 8;
    %cmp/u;
    %jmp/1 T_38.5, 6;
    %jmp T_38.7;
T_38.4 ;
    %load/vec4 v000002d643a7b740_0;
    %assign/vec4 v000002d643a7b6a0_0, 0;
    %jmp T_38.7;
T_38.5 ;
    %load/vec4 v000002d643a7b740_0;
    %assign/vec4 v000002d643a7bce0_0, 0;
    %jmp T_38.7;
T_38.7 ;
    %pop/vec4 1;
T_38.2 ;
T_38.1 ;
    %jmp T_38;
    .thread T_38;
    .scope S_000002d643a79d70;
T_39 ;
Ewait_11 .event/or E_000002d6439e3350, E_0x0;
    %wait Ewait_11;
    %pushi/vec4 0, 0, 32;
    %store/vec4 v000002d643a7cc80_0, 0, 32;
    %load/vec4 v000002d643a7b600_0;
    %dup/vec4;
    %pushi/vec4 0, 0, 8;
    %cmp/u;
    %jmp/1 T_39.0, 6;
    %dup/vec4;
    %pushi/vec4 4, 0, 8;
    %cmp/u;
    %jmp/1 T_39.1, 6;
    %dup/vec4;
    %pushi/vec4 8, 0, 8;
    %cmp/u;
    %jmp/1 T_39.2, 6;
    %dup/vec4;
    %pushi/vec4 12, 0, 8;
    %cmp/u;
    %jmp/1 T_39.3, 6;
    %pushi/vec4 0, 0, 32;
    %store/vec4 v000002d643a7cc80_0, 0, 32;
    %jmp T_39.5;
T_39.0 ;
    %load/vec4 v000002d643a7b6a0_0;
    %store/vec4 v000002d643a7cc80_0, 0, 32;
    %jmp T_39.5;
T_39.1 ;
    %load/vec4 v000002d643a7b420_0;
    %store/vec4 v000002d643a7cc80_0, 0, 32;
    %jmp T_39.5;
T_39.2 ;
    %load/vec4 v000002d643a7bce0_0;
    %store/vec4 v000002d643a7cc80_0, 0, 32;
    %jmp T_39.5;
T_39.3 ;
    %pushi/vec4 0, 0, 32;
    %store/vec4 v000002d643a7cc80_0, 0, 32;
    %jmp T_39.5;
T_39.5 ;
    %pop/vec4 1;
    %jmp T_39;
    .thread T_39, $push;
    .scope S_000002d643a11a80;
T_40 ;
    %wait E_000002d6439e1dd0;
    %load/vec4 v000002d643a86fc0_0;
    %nor/r;
    %flag_set/vec4 8;
    %jmp/0xz  T_40.0, 8;
    %pushi/vec4 0, 0, 1;
    %assign/vec4 v000002d643a80d50_0, 0;
    %pushi/vec4 0, 0, 1;
    %assign/vec4 v000002d643a80710_0, 0;
    %pushi/vec4 0, 0, 4;
    %assign/vec4 v000002d643a831e0_0, 0;
    %pushi/vec4 0, 0, 1;
    %assign/vec4 v000002d643a856c0_0, 0;
    %pushi/vec4 0, 0, 4;
    %assign/vec4 v000002d643a85300_0, 0;
    %pushi/vec4 0, 0, 1;
    %assign/vec4 v000002d643a83c80_0, 0;
    %jmp T_40.1;
T_40.0 ;
    %pushi/vec4 0, 0, 1;
    %assign/vec4 v000002d643a80d50_0, 0;
    %pushi/vec4 0, 0, 1;
    %assign/vec4 v000002d643a80710_0, 0;
    %load/vec4 v000002d643a7f950_0;
    %flag_set/vec4 9;
    %flag_get/vec4 9;
    %jmp/0 T_40.4, 9;
    %load/vec4 v000002d643a856c0_0;
    %nor/r;
    %and;
T_40.4;
    %flag_set/vec4 8;
    %jmp/0xz  T_40.2, 8;
    %pushi/vec4 1, 0, 1;
    %assign/vec4 v000002d643a856c0_0, 0;
    %pushi/vec4 1, 0, 4;
    %assign/vec4 v000002d643a831e0_0, 0;
    %jmp T_40.3;
T_40.2 ;
    %load/vec4 v000002d643a856c0_0;
    %flag_set/vec4 8;
    %jmp/0xz  T_40.5, 8;
    %load/vec4 v000002d643a831e0_0;
    %cmpi/e 0, 0, 4;
    %jmp/0xz  T_40.7, 4;
    %pushi/vec4 1, 0, 1;
    %assign/vec4 v000002d643a80d50_0, 0;
    %pushi/vec4 0, 0, 1;
    %assign/vec4 v000002d643a856c0_0, 0;
    %jmp T_40.8;
T_40.7 ;
    %load/vec4 v000002d643a831e0_0;
    %subi 1, 0, 4;
    %assign/vec4 v000002d643a831e0_0, 0;
T_40.8 ;
T_40.5 ;
T_40.3 ;
    %load/vec4 v000002d643a80ad0_0;
    %flag_set/vec4 9;
    %flag_get/vec4 9;
    %jmp/0 T_40.11, 9;
    %load/vec4 v000002d643a83c80_0;
    %nor/r;
    %and;
T_40.11;
    %flag_set/vec4 8;
    %jmp/0xz  T_40.9, 8;
    %pushi/vec4 1, 0, 1;
    %assign/vec4 v000002d643a83c80_0, 0;
    %pushi/vec4 0, 0, 4;
    %assign/vec4 v000002d643a85300_0, 0;
    %jmp T_40.10;
T_40.9 ;
    %load/vec4 v000002d643a83c80_0;
    %flag_set/vec4 8;
    %jmp/0xz  T_40.12, 8;
    %load/vec4 v000002d643a85300_0;
    %cmpi/e 0, 0, 4;
    %jmp/0xz  T_40.14, 4;
    %pushi/vec4 1, 0, 1;
    %assign/vec4 v000002d643a80710_0, 0;
    %pushi/vec4 0, 0, 1;
    %assign/vec4 v000002d643a83c80_0, 0;
    %jmp T_40.15;
T_40.14 ;
    %load/vec4 v000002d643a85300_0;
    %subi 1, 0, 4;
    %assign/vec4 v000002d643a85300_0, 0;
T_40.15 ;
T_40.12 ;
T_40.10 ;
T_40.1 ;
    %jmp T_40;
    .thread T_40;
    .scope S_000002d643a11a80;
T_41 ;
    %wait E_000002d6439e1dd0;
    %load/vec4 v000002d643a86fc0_0;
    %nor/r;
    %flag_set/vec4 8;
    %jmp/0xz  T_41.0, 8;
    %pushi/vec4 0, 0, 16;
    %assign/vec4 v000002d643a80670_0, 0;
    %pushi/vec4 0, 0, 16;
    %assign/vec4 v000002d643a7fc70_0, 0;
    %pushi/vec4 0, 0, 16;
    %assign/vec4 v000002d643a81070_0, 0;
    %pushi/vec4 0, 0, 16;
    %assign/vec4 v000002d643a7f6d0_0, 0;
    %jmp T_41.1;
T_41.0 ;
    %load/vec4 v000002d643a80b70_0;
    %flag_set/vec4 9;
    %flag_get/vec4 9;
    %jmp/0 T_41.4, 9;
    %load/vec4 v000002d643a80670_0;
    %and/r;
    %nor/r;
    %and;
T_41.4;
    %flag_set/vec4 8;
    %jmp/0xz  T_41.2, 8;
    %load/vec4 v000002d643a80670_0;
    %addi 1, 0, 16;
    %assign/vec4 v000002d643a80670_0, 0;
T_41.2 ;
    %load/vec4 v000002d643a85940_0;
    %flag_set/vec4 9;
    %flag_get/vec4 9;
    %jmp/0 T_41.7, 9;
    %load/vec4 v000002d643a7fc70_0;
    %and/r;
    %nor/r;
    %and;
T_41.7;
    %flag_set/vec4 8;
    %jmp/0xz  T_41.5, 8;
    %load/vec4 v000002d643a7fc70_0;
    %addi 1, 0, 16;
    %assign/vec4 v000002d643a7fc70_0, 0;
T_41.5 ;
    %load/vec4 v000002d643a86340_0;
    %flag_set/vec4 9;
    %flag_get/vec4 9;
    %jmp/0 T_41.10, 9;
    %load/vec4 v000002d643a81070_0;
    %and/r;
    %nor/r;
    %and;
T_41.10;
    %flag_set/vec4 8;
    %jmp/0xz  T_41.8, 8;
    %load/vec4 v000002d643a81070_0;
    %addi 1, 0, 16;
    %assign/vec4 v000002d643a81070_0, 0;
T_41.8 ;
    %load/vec4 v000002d643a84180_0;
    %flag_set/vec4 10;
    %flag_get/vec4 10;
    %jmp/0 T_41.14, 10;
    %load/vec4 v000002d643a84cc0_0;
    %and;
T_41.14;
    %flag_set/vec4 9;
    %flag_get/vec4 9;
    %jmp/0 T_41.13, 9;
    %load/vec4 v000002d643a7f6d0_0;
    %and/r;
    %nor/r;
    %and;
T_41.13;
    %flag_set/vec4 8;
    %jmp/0xz  T_41.11, 8;
    %load/vec4 v000002d643a7f6d0_0;
    %addi 1, 0, 16;
    %assign/vec4 v000002d643a7f6d0_0, 0;
T_41.11 ;
T_41.1 ;
    %jmp T_41;
    .thread T_41;
    .scope S_000002d64397d400;
T_42 ;
    %pushi/vec4 0, 0, 1;
    %store/vec4 v000002d643a84b80_0, 0, 1;
T_42.0 ;
    %delay 10000, 0;
    %load/vec4 v000002d643a84b80_0;
    %inv;
    %store/vec4 v000002d643a84b80_0, 0, 1;
    %jmp T_42.0;
    %end;
    .thread T_42;
    .scope S_000002d64397d400;
T_43 ;
    %pushi/vec4 0, 0, 1;
    %store/vec4 v000002d643a83e60_0, 0, 1;
    %pushi/vec4 1, 0, 1;
    %store/vec4 v000002d643a85260_0, 0, 1;
    %pushi/vec4 0, 0, 1;
    %store/vec4 v000002d643a84680_0, 0, 1;
    %pushi/vec4 0, 0, 1;
    %store/vec4 v000002d643a840e0_0, 0, 1;
    %pushi/vec4 0, 0, 1;
    %store/vec4 v000002d643a83460_0, 0, 1;
    %pushi/vec4 0, 0, 1;
    %store/vec4 v000002d643a83d20_0, 0, 1;
    %pushi/vec4 0, 0, 1;
    %store/vec4 v000002d6439f6180_0, 0, 1;
    %pushi/vec4 0, 0, 1;
    %store/vec4 v000002d6439f50a0_0, 0, 1;
    %pushi/vec4 0, 0, 32;
    %store/vec4 v000002d6439f6c20_0, 0, 32;
    %pushi/vec4 0, 0, 32;
    %store/vec4 v000002d6439f6220_0, 0, 32;
    %pushi/vec4 0, 0, 4;
    %store/vec4 v000002d6439f62c0_0, 0, 4;
    %pushi/vec4 5, 0, 32;
T_43.0 %dup/vec4;
    %pushi/vec4 0, 0, 32;
    %cmp/s;
    %jmp/1xz T_43.1, 5;
    %jmp/1 T_43.1, 4;
    %pushi/vec4 1, 0, 32;
    %sub;
    %wait E_000002d6439e2250;
    %jmp T_43.0;
T_43.1 ;
    %pop/vec4 1;
    %pushi/vec4 1, 0, 1;
    %store/vec4 v000002d643a83e60_0, 0, 1;
    %end;
    .thread T_43;
    .scope S_000002d64397d400;
T_44 ;
    %vpi_call/w 4 131 "$dumpfile", "waves/icarus_light.vcd" {0 0 0};
    %vpi_call/w 4 132 "$dumpvars", 32'sb00000000000000000000000000000000, S_000002d64397d400 {0 0 0};
    %end;
    .thread T_44;
    .scope S_000002d64397d400;
T_45 ;
    %pushi/vec4 0, 0, 32;
    %store/vec4 v000002d643a83280_0, 0, 32;
    %pushi/vec4 0, 0, 1;
    %store/vec4 v000002d643a84400_0, 0, 1;
    %pushi/vec4 0, 0, 1;
    %store/vec4 v000002d643a84ea0_0, 0, 1;
    %pushi/vec4 0, 0, 32;
    %store/vec4 v000002d643a83dc0_0, 0, 32;
T_45.0 ;
    %load/vec4 v000002d643a83e60_0;
    %pushi/vec4 1, 0, 1;
    %cmp/e;
    %flag_get/vec4 6;
    %cmpi/ne 1, 0, 1;
    %jmp/0xz T_45.1, 6;
    %wait E_000002d6439e0490;
    %jmp T_45.0;
T_45.1 ;
    %pushi/vec4 2, 0, 32;
T_45.2 %dup/vec4;
    %pushi/vec4 0, 0, 32;
    %cmp/s;
    %jmp/1xz T_45.3, 5;
    %jmp/1 T_45.3, 4;
    %pushi/vec4 1, 0, 32;
    %sub;
    %wait E_000002d6439e2250;
    %jmp T_45.2;
T_45.3 ;
    %pop/vec4 1;
    %vpi_call/w 4 144 "$display", "[INFO] Icarus light smoke test start" {0 0 0};
    %alloc S_000002d643a0f000;
    %pushi/vec4 1073741828, 0, 32;
    %store/vec4 v000002d6439f6b80_0, 0, 32;
    %pushi/vec4 3, 0, 32;
    %store/vec4 v000002d6439f5460_0, 0, 32;
    %fork TD_top_tb_icarus_light.bus_write, S_000002d643a0f000;
    %join;
    %free S_000002d643a0f000;
    %alloc S_000002d643a0f000;
    %pushi/vec4 1073741824, 0, 32;
    %store/vec4 v000002d6439f6b80_0, 0, 32;
    %pushi/vec4 3060, 0, 32;
    %store/vec4 v000002d6439f5460_0, 0, 32;
    %fork TD_top_tb_icarus_light.bus_write, S_000002d643a0f000;
    %join;
    %free S_000002d643a0f000;
    %alloc S_000002d643a0f000;
    %pushi/vec4 1073741868, 0, 32;
    %store/vec4 v000002d6439f6b80_0, 0, 32;
    %pushi/vec4 0, 0, 32;
    %store/vec4 v000002d6439f5460_0, 0, 32;
    %fork TD_top_tb_icarus_light.bus_write, S_000002d643a0f000;
    %join;
    %free S_000002d643a0f000;
    %pushi/vec4 0, 0, 32;
    %store/vec4 v000002d643a84fe0_0, 0, 32;
T_45.4 ;
    %load/vec4 v000002d643a84fe0_0;
    %cmpi/s 3, 0, 32;
    %jmp/0xz T_45.5, 5;
    %pushi/vec4 0, 0, 32;
    %store/vec4 v000002d643a85440_0, 0, 32;
T_45.6 ;
    %load/vec4 v000002d643a85440_0;
    %cmpi/s 8, 0, 32;
    %jmp/0xz T_45.7, 5;
    %alloc S_000002d643a0f000;
    %pushi/vec4 65536, 0, 32;
    %load/vec4 v000002d643a84fe0_0;
    %muli 8, 0, 32;
    %muli 8, 0, 32;
    %add;
    %load/vec4 v000002d643a85440_0;
    %muli 8, 0, 32;
    %add;
    %addi 0, 0, 32;
    %store/vec4 v000002d6439f6b80_0, 0, 32;
    %pushi/vec4 255, 0, 32;
    %load/vec4 v000002d643a85440_0;
    %ix/vec4 4;
    %shiftr 4;
    %store/vec4 v000002d6439f5460_0, 0, 32;
    %fork TD_top_tb_icarus_light.bus_write, S_000002d643a0f000;
    %join;
    %free S_000002d643a0f000;
    %alloc S_000002d643a0f000;
    %pushi/vec4 65536, 0, 32;
    %load/vec4 v000002d643a84fe0_0;
    %muli 8, 0, 32;
    %muli 8, 0, 32;
    %add;
    %load/vec4 v000002d643a85440_0;
    %muli 8, 0, 32;
    %add;
    %addi 4, 0, 32;
    %store/vec4 v000002d6439f6b80_0, 0, 32;
    %pushi/vec4 0, 0, 32;
    %store/vec4 v000002d6439f5460_0, 0, 32;
    %fork TD_top_tb_icarus_light.bus_write, S_000002d643a0f000;
    %join;
    %free S_000002d643a0f000;
    %load/vec4 v000002d643a85440_0;
    %addi 1, 0, 32;
    %store/vec4 v000002d643a85440_0, 0, 32;
    %jmp T_45.6;
T_45.7 ;
    %load/vec4 v000002d643a84fe0_0;
    %addi 1, 0, 32;
    %store/vec4 v000002d643a84fe0_0, 0, 32;
    %jmp T_45.4;
T_45.5 ;
    %alloc S_000002d643a0f000;
    %pushi/vec4 1073742080, 0, 32;
    %store/vec4 v000002d6439f6b80_0, 0, 32;
    %pushi/vec4 65536, 0, 32;
    %store/vec4 v000002d6439f5460_0, 0, 32;
    %fork TD_top_tb_icarus_light.bus_write, S_000002d643a0f000;
    %join;
    %free S_000002d643a0f000;
    %alloc S_000002d643a0f000;
    %pushi/vec4 1073742084, 0, 32;
    %store/vec4 v000002d6439f6b80_0, 0, 32;
    %pushi/vec4 48, 0, 32;
    %store/vec4 v000002d6439f5460_0, 0, 32;
    %fork TD_top_tb_icarus_light.bus_write, S_000002d643a0f000;
    %join;
    %free S_000002d643a0f000;
    %alloc S_000002d643a0f000;
    %pushi/vec4 1073742088, 0, 32;
    %store/vec4 v000002d6439f6b80_0, 0, 32;
    %pushi/vec4 1, 0, 32;
    %store/vec4 v000002d6439f5460_0, 0, 32;
    %fork TD_top_tb_icarus_light.bus_write, S_000002d643a0f000;
    %join;
    %free S_000002d643a0f000;
    %fork t_7, S_000002d643a118f0;
    %jmp t_6;
    .scope S_000002d643a118f0;
t_7 ;
    %pushi/vec4 0, 0, 32;
    %store/vec4 v000002d643a85440_0, 0, 32;
T_45.8 ;
    %load/vec4 v000002d643a85440_0;
    %cmpi/s 1200, 0, 32;
    %jmp/0xz T_45.9, 5;
    %alloc S_000002d64348df90;
    %pushi/vec4 1073742088, 0, 32;
    %store/vec4 v000002d6439f6680_0, 0, 32;
    %fork TD_top_tb_icarus_light.bus_read, S_000002d64348df90;
    %join;
    %load/vec4 v000002d6439f5a00_0;
    %store/vec4 v000002d643a83dc0_0, 0, 32;
    %free S_000002d64348df90;
    %load/vec4 v000002d643a83dc0_0;
    %parti/s 1, 1, 2;
    %flag_set/vec4 8;
    %jmp/0xz  T_45.10, 8;
    %pushi/vec4 1, 0, 1;
    %store/vec4 v000002d643a84400_0, 0, 1;
    %load/vec4 v000002d643a85440_0;
    %addi 1, 0, 32;
    %vpi_call/w 4 168 "$display", "[INFO] DMA done after %0d polls, DMA_CTRL=0x%08h", S<0,vec4,s32>, v000002d643a83dc0_0 {1 0 0};
    %disable S_000002d643a118f0;
T_45.10 ;
    %load/vec4 v000002d643a85440_0;
    %addi 1, 0, 32;
    %store/vec4 v000002d643a85440_0, 0, 32;
    %jmp T_45.8;
T_45.9 ;
    %end;
    .scope S_000002d64397d400;
t_6 %join;
    %load/vec4 v000002d643a84400_0;
    %nor/r;
    %flag_set/vec4 8;
    %jmp/0xz  T_45.12, 8;
    %vpi_call/w 4 175 "$display", "[ERR] DMA done not observed" {0 0 0};
    %load/vec4 v000002d643a83280_0;
    %addi 1, 0, 32;
    %store/vec4 v000002d643a83280_0, 0, 32;
T_45.12 ;
    %load/vec4 v000002d643a83dc0_0;
    %parti/s 1, 2, 3;
    %flag_set/vec4 8;
    %jmp/0xz  T_45.14, 8;
    %vpi_call/w 4 179 "$display", "[ERR] DMA error bit set, DMA_CTRL=0x%08h", v000002d643a83dc0_0 {0 0 0};
    %load/vec4 v000002d643a83280_0;
    %addi 1, 0, 32;
    %store/vec4 v000002d643a83280_0, 0, 32;
T_45.14 ;
    %alloc S_000002d643a0f000;
    %pushi/vec4 1073741844, 0, 32;
    %store/vec4 v000002d6439f6b80_0, 0, 32;
    %pushi/vec4 1, 0, 32;
    %store/vec4 v000002d6439f5460_0, 0, 32;
    %fork TD_top_tb_icarus_light.bus_write, S_000002d643a0f000;
    %join;
    %free S_000002d643a0f000;
    %fork t_9, S_000002d643a0fa00;
    %jmp t_8;
    .scope S_000002d643a0fa00;
t_9 ;
    %pushi/vec4 0, 0, 32;
    %store/vec4 v000002d643a85440_0, 0, 32;
T_45.16 ;
    %load/vec4 v000002d643a85440_0;
    %cmpi/s 60000, 0, 32;
    %jmp/0xz T_45.17, 5;
    %alloc S_000002d64348df90;
    %pushi/vec4 1073741844, 0, 32;
    %store/vec4 v000002d6439f6680_0, 0, 32;
    %fork TD_top_tb_icarus_light.bus_read, S_000002d64348df90;
    %join;
    %load/vec4 v000002d6439f5a00_0;
    %store/vec4 v000002d643a83dc0_0, 0, 32;
    %free S_000002d64348df90;
    %load/vec4 v000002d643a83dc0_0;
    %parti/s 1, 7, 4;
    %flag_set/vec4 8;
    %jmp/0xz  T_45.18, 8;
    %pushi/vec4 1, 0, 1;
    %store/vec4 v000002d643a84ea0_0, 0, 1;
    %load/vec4 v000002d643a85440_0;
    %addi 1, 0, 32;
    %vpi_call/w 4 190 "$display", "[INFO] CIM done after %0d polls, CIM_CTRL=0x%08h", S<0,vec4,s32>, v000002d643a83dc0_0 {1 0 0};
    %disable S_000002d643a0fa00;
T_45.18 ;
    %load/vec4 v000002d643a85440_0;
    %addi 1, 0, 32;
    %store/vec4 v000002d643a85440_0, 0, 32;
    %jmp T_45.16;
T_45.17 ;
    %end;
    .scope S_000002d64397d400;
t_8 %join;
    %load/vec4 v000002d643a84ea0_0;
    %nor/r;
    %flag_set/vec4 8;
    %jmp/0xz  T_45.20, 8;
    %vpi_call/w 4 197 "$display", "[ERR] CIM done not observed" {0 0 0};
    %load/vec4 v000002d643a83280_0;
    %addi 1, 0, 32;
    %store/vec4 v000002d643a83280_0, 0, 32;
T_45.20 ;
    %alloc S_000002d64348df90;
    %pushi/vec4 1073741856, 0, 32;
    %store/vec4 v000002d6439f6680_0, 0, 32;
    %fork TD_top_tb_icarus_light.bus_read, S_000002d64348df90;
    %join;
    %load/vec4 v000002d6439f5a00_0;
    %store/vec4 v000002d643a83dc0_0, 0, 32;
    %free S_000002d64348df90;
    %vpi_call/w 4 202 "$display", "[INFO] OUT_FIFO_COUNT=0x%08h (%0d)", v000002d643a83dc0_0, v000002d643a83dc0_0 {0 0 0};
    %load/vec4 v000002d643a83280_0;
    %cmpi/e 0, 0, 32;
    %jmp/0xz  T_45.22, 4;
    %vpi_call/w 4 205 "$display", "LIGHT_SMOKETEST_PASS" {0 0 0};
    %jmp T_45.23;
T_45.22 ;
    %vpi_call/w 4 207 "$display", "LIGHT_SMOKETEST_FAIL errors=%0d", v000002d643a83280_0 {0 0 0};
T_45.23 ;
    %pushi/vec4 10, 0, 32;
T_45.24 %dup/vec4;
    %pushi/vec4 0, 0, 32;
    %cmp/s;
    %jmp/1xz T_45.25, 5;
    %jmp/1 T_45.25, 4;
    %pushi/vec4 1, 0, 32;
    %sub;
    %wait E_000002d6439e2250;
    %jmp T_45.24;
T_45.25 ;
    %pop/vec4 1;
    %vpi_call/w 4 211 "$finish" {0 0 0};
    %end;
    .thread T_45;
# The file index is used to find the file name in the following table.
:file_names 23;
    "N/A";
    "<interactive>";
    "-";
    "../rtl/top/snn_soc_pkg.sv";
    "../tb/top_tb_icarus_light.sv";
    "../rtl/top/snn_soc_top.sv";
    "../rtl/bus/bus_simple_if.sv";
    "../rtl/snn/adc_ctrl.sv";
    "../rtl/bus/bus_interconnect.sv";
    "../rtl/snn/cim_array_ctrl.sv";
    "../rtl/snn/dac_ctrl.sv";
    "../rtl/mem/sram_simple_dp.sv";
    "../rtl/dma/dma_engine.sv";
    "../rtl/reg/fifo_regs.sv";
    "../rtl/mem/fifo_sync.sv";
    "../rtl/mem/sram_simple.sv";
    "../rtl/periph/jtag_stub.sv";
    "../rtl/snn/lif_neurons.sv";
    "../rtl/snn/cim_macro_blackbox.sv";
    "../rtl/reg/reg_bank.sv";
    "../rtl/periph/spi_stub.sv";
    "../rtl/periph/uart_stub.sv";
    "../rtl/snn/wl_mux_wrapper.sv";
