00012117
efc10113
0000f297
72c28293
00010317
ff030313
00010397
fe838393
00737c63
0002ae03
01c32023
00428293
00430313
fedff06f
00010297
fc828293
00011317
bc030313
0062f863
0002a023
00428293
ff5ff06f
399000ef
0000006f
000207b7
1b200713
00e7a623
00008067
000206b7
0086a783
00868693
0017f793
02078a63
000f4637
00000713
24060613
0080006f
02c70663
0006a783
00170713
0017f793
fe0798e3
000f47b7
24078793
00f70663
000207b7
00a7a023
00008067
00008067
00054783
06078263
000206b7
000f4637
00a00593
00868693
00020837
00d00893
24060613
04b78463
0006a783
0017f793
02078263
00000713
0080006f
02c70063
0006a783
00170713
0017f793
fe0798e3
00c70663
00054783
00f82023
00154783
00150513
fc0790e3
00008067
0006a783
0017f793
02078263
00000713
0080006f
fac704e3
0006a783
00170713
0017f793
fe0798e3
f8c70ae3
01182023
f8dff06f
0a050063
00020637
000f4837
00001897
dfc88893
00001e17
e1ce0e13
00000313
00860613
00020eb7
24080813
0008a703
00000793
02e56263
00178693
40e50533
00078593
0ff6f793
fee578e3
03158593
0ff5f593
00079663
02030e63
03000593
00062783
0017f793
02078263
00000713
0080006f
01070e63
00062783
00170713
0017f793
fe0798e3
01070463
00bea023
00100313
00488893
f9c89ae3
00008067
00020737
00872783
00870713
0017f793
02078863
000f46b7
24068693
0080006f
02d50863
00072783
00150513
0017f793
fe0798e3
000f47b7
24078793
fcf500e3
000207b7
03000713
00e7a023
00008067
00008067
08050663
ff010113
00812423
00912223
01212023
00112623
00050413
00001497
ef448493
00001917
f1490913
00000593
0004a703
00000793
02e46263
00178693
40e40433
00078613
0ff6f793
fee478e3
03160613
0ff67513
00079663
00058863
03000513
db5ff0ef
00100593
00448493
fc9910e3
00c12083
00812403
00412483
00012903
01010113
00008067
03000513
d89ff06f
00700793
00a7ec63
00851513
a00007b7
00156513
06a7a423
00008067
ff010113
00112623
a00007b7
00001517
c8050513
0607a423
da5ff0ef
00c12083
00a00513
01010113
d41ff06f
a00007b7
0607a423
00008067
a00007b7
00200713
06e7a423
00008067
fc010113
02912a23
a0000737
00050493
a00007b7
00001517
c5450513
02812c23
03212823
03312623
03412423
02112e23
06c72a03
00058413
0687a983
00060913
d35ff0ef
1c048e63
00048513
d29ff0ef
00001517
c3450513
d1dff0ef
1a040c63
00040513
d11ff0ef
00001517
c2450513
d05ff0ef
00090513
e91ff0ef
00a00513
ca1ff0ef
00f99793
1407cc63
00e99793
1607c663
00000993
100a0463
03512223
03612023
01712e23
01812c23
a0000ab7
a0000c37
a0000bb7
a0000b37
01a12823
01b12623
01912a23
06ca8a93
070c0c13
074b8b93
078b0b13
00001d97
c14d8d93
00001d17
c18d0d13
00001917
d5890913
000aa783
08f9f863
013c2023
000ba483
000b2403
000d8513
c6dff0ef
00845513
00757513
df5ff0ef
000d0513
c59ff0ef
0ff47513
de5ff0ef
00001517
bd450513
c45ff0ef
00b45513
00157513
04150513
be1ff0ef
00001517
bc050513
c29ff0ef
01c00c93
ffc00413
0194d7b3
00f7f793
00f907b3
0007c503
ffcc8c93
bb5ff0ef
fe8c94e3
00a00513
00198993
ba5ff0ef
f73a18e3
02412a83
02012b03
01c12b83
01812c03
01412c83
01012d03
00c12d83
00001517
b3450513
bcdff0ef
000a0513
d59ff0ef
00a00513
b69ff0ef
03c12083
03812403
03412483
03012903
02c12983
000a0513
02812a03
04010113
00008067
00001517
ab850513
b8dff0ef
00a00513
b31ff0ef
00e99793
e807dee3
00001517
ab850513
b71ff0ef
00a00513
b15ff0ef
e85ff06f
00001417
a5040413
e45ff06f
00001497
a4448493
e21ff06f
00050893
02850713
00050793
0007a023
00478793
fee79ce3
a0001837
a0001337
80080813
00100513
00a00593
90030313
00082603
00088693
00000793
00f51733
00c77733
00178793
00070863
0006a703
00170713
00e6a023
00468693
feb790e3
00480813
fc6816e3
00008067
fb010113
00010817
a1480813
03412c23
03512a23
03612823
03712623
a0000b37
a0000bb7
a0000ab7
a0000a37
04912223
05212023
03312e23
03812423
03912223
03a12023
01b12e23
00058c13
04112623
04812423
00050913
00000593
00010d17
5bcd0d13
00010c97
5d4c8c93
00080d93
00080893
00100993
00100493
020b8b93
024b0b13
028a8a93
02ca0a13
00859793
31000413
40f40433
10000793
0087f463
10000413
00241713
00e80733
00010797
96c78793
00088813
0007a023
00478793
fee79ce3
00010e17
d54e0e13
000e0793
0007a023
00478793
ffa79ce3
00010317
d5c30313
00010517
d3450513
0ff00e93
00050793
0007a023
00478793
fe679ce3
000d8f13
00000793
00f906b3
000f2283
0006c683
0057d713
00271713
005686b3
00df2023
00f99fb3
00e50733
00178793
f0068293
00deda63
00072683
005f2023
01f6e6b3
00d72023
004f0f13
faf41ee3
02030313
02050513
f9931ce3
a0000fb7
a0000f37
a0000eb7
a0000337
a0000537
a00006b7
00000793
030f8f93
034f0f13
038e8e93
03c30313
04050513
04468693
04000293
00fba023
000e2703
020e0e13
00178793
00eb2023
fe4e2703
00eaa023
fe8e2703
00ea2023
fece2703
00efa023
ff0e2703
00ef2023
ff4e2703
00eea023
ff8e2703
00e32023
ffce2703
00e52023
0096a023
fa5798e3
a0000f37
a0000eb7
a0000e37
00e59293
00000313
050f0f13
054e8e93
058e0e13
00004fb7
005c06b3
00000793
0006c703
0067e533
00af2023
00eea023
009e2023
10078793
00168693
fff792e3
00130313
04028293
fc6418e3
00300793
0e060a63
10f58c63
00001737
00010e37
f0070713
00000313
100e0e13
004006b7
00d46433
a0000537
00852423
a00007b7
01000e93
01d7a623
a00006b7
00e6a823
a00007b7
01c7aa23
a0000737
04000e93
01d72e23
a0000e37
08000713
00ee2023
001e8737
013e2023
48070713
0080006f
08070e63
0006a783
fff70713
0807f793
fe0788e3
a00007b7
0047a403
08000713
00e6a023
01045413
0ff47413
0a031e63
06041a63
00158593
00400793
10090913
d8f59ce3
00000513
04c12083
04812403
04412483
04012903
03c12983
03812a03
03412a83
03012b03
02c12b83
02812c03
02412c83
02012d03
01c12d83
05010113
00008067
f0f59ae3
00030e37
00000313
0f000713
100e0e13
f15ff06f
00030463
9f9ff0ef
fff00513
fa1ff06f
00000513
01012623
00c12423
00b12223
995ff0ef
00812603
00030e37
00412583
00c12803
00060313
0f000713
100e0e13
0000f897
68888893
ec9ff06f
01012623
00c12423
00b12223
9a5ff0ef
00c12803
00812603
00412583
0000f897
66088893
f25ff06f
fd010113
02812423
02912223
03212023
01312e23
01412c23
a00007b7
00e00813
02112623
0707a023
00012623
00c12803
000027b7
00050413
00058913
00060a13
00068493
00070993
00f87e63
00002737
00c12783
00178793
00f12623
00c12783
fee7e8e3
0ff0000f
92dff0ef
00090593
00040513
00100613
bc5ff0ef
00050913
00000413
00000513
16091c63
a0000737
a0000eb7
a0000e37
00001337
01512a23
05070713
a0000ab7
054e8e93
058e0e13
00100693
a0030313
04000613
00aa0833
00000793
00084583
0087e8b3
01172023
00bea023
00de2023
10078793
00180813
fe6792e3
00140413
00a50513
fcc418e3
00100513
84dff0ef
000a06b7
a00007b7
04068693
00d7a423
a0000737
00800693
00d72623
a00007b7
000206b7
3c000613
00c7a823
a0000737
20168693
00d72a23
a00007b7
0087ae23
08000713
00eaa023
00100793
001e8737
00faa023
48070713
a00006b7
0080006f
0c070263
0006a783
fff70713
0807f793
fe0788e3
a00007b7
0047a403
08000713
00e6a023
80dff0ef
01045793
0ff7f793
08079c63
00048513
a41ff0ef
0004a683
00100793
00448493
00a00613
0004a703
00448493
00e6d663
00078913
00070693
00178793
fec794e3
00098613
00000597
4e858593
00000517
4e850513
fd0ff0ef
01412a83
02c12083
02812403
02412483
01c12983
01812a03
00090513
02012903
03010113
00008067
00098613
00000597
4a858593
00000517
4a850513
f90ff0ef
fc5ff06f
f6cff0ef
00098613
00000597
48858593
00000517
48850513
f70ff0ef
ffe00913
01412a83
f9dff06f
f9010113
06112623
06812423
06912223
07212023
05312e23
05412c23
05512a23
05612823
05712623
05812423
05912223
05a12023
03b12e23
c38ff0ef
00000793
00a00693
00279713
00010617
15860613
00e60733
00072023
00178793
fed794e3
00000793
00010417
fac40413
06400693
00279713
00e40733
00072023
00178793
fed798e3
000126b7
f086a623
00012737
00010697
11068693
f0d72823
000127b7
b00705b7
00012637
00158593
f007aa23
f0b62023
00000517
3d050513
c18ff0ef
00000997
4f498993
00000a93
00000b13
00000d13
00000c17
3fcc0c13
00000b97
3fcb8b93
000b0713
00810693
00002617
3d860613
00002597
65058593
00098513
00012423
00012623
00012823
00012a23
00012c23
00012e23
02012023
02012223
02012423
02012623
c95ff0ef
00050493
1a054e63
00810a13
000a0c93
00000d93
0400006f
000d0513
c2cff0ef
00000517
3c050513
b80ff0ef
00090513
c18ff0ef
00000517
37450513
b6cff0ef
00100d13
001d8d93
00a00793
004c8c93
08fd8063
000ca603
015d87b3
00279793
00f407b3
00c7a023
01b985b3
fc04cce3
3105c903
000b8513
fd2606e3
b2cff0ef
00000517
31850513
b20ff0ef
000b0513
bb8ff0ef
00000517
33c50513
b0cff0ef
000d8513
ba4ff0ef
00000517
33050513
af8ff0ef
000cad03
000c0513
f40d5ee3
ae8ff0ef
41a00533
b80ff0ef
f55ff06f
00010717
fa470713
002b1793
00f707b3
00100713
00e7a023
0204da63
001b0b13
00a00793
31b98993
00aa8a93
eafb1ee3
120d0463
00000517
30050513
a9cff0ef
00000013
00000013
ff9ff06f
00000517
2cc50513
a84ff0ef
00000517
27050513
a78ff0ef
000b0513
b10ff0ef
00000517
2b450513
a64ff0ef
00812903
0c094263
00090513
af4ff0ef
00c10a13
00100493
01c0006f
00090513
ae0ff0ef
00148493
00a00793
004a0a13
02f48c63
00000517
28050513
a24ff0ef
000a2903
fc095ce3
000c0513
a14ff0ef
41200533
aacff0ef
00148493
00a00793
004a0a13
fcf498e3
00000517
25050513
9f0ff0ef
f31ff06f
00000517
1b850513
9e0ff0ef
00000517
1cc50513
9d4ff0ef
000b0513
a6cff0ef
00000517
1bc50513
9c0ff0ef
000c0513
9b8ff0ef
40900533
a50ff0ef
00000517
1ac50513
9a4ff0ef
00100d13
dfdff06f
000c0513
994ff0ef
41200533
00000493
a28ff0ef
f7dff06f
1f4ed737
000127b7
00170713
f0e7a223
00000517
1f050513
968ff0ef
00000013
00000013
ff9ff06f
3b9aca00
05f5e100
00989680
000f4240
000186a0
00002710
000003e8
00000064
0000000a
00000001
43415254
41485f45
455f4853
4c205252
52455941
5f44495f
474e4152
00000045
0000003f
43415254
41485f45
425f4853
4e494745
6e6f6320
3d676966
00000000
736f6820
00003d74
6d617320
3d656c70
00000000
43415254
41485f45
575f4853
204e5241
5245564f
574f4c46
00000000
43415254
41485f45
575f4853
204e5241
4559414c
44495f52
5541465f
0000544c
43415254
41485f45
455f4853
6320444e
746e756f
0000003d
48534148
79616c20
003d7265
003d7420
66756220
0000003d
00783020
33303265
00000000
5f623276
665f6366
69687361
38326e6f
004c325f
41475046
5f32565f
33303245
4f4f425f
41555f54
505f5452
0a535341
00000000
41475046
5f32565f
33303245
4154535f
455f4547
73205252
6c706d61
00003d65
00000030
3d637220
00000000
0000002d
0000000a
41475046
5f32565f
33303245
554f435f
4d5f544e
414d5349
20484354
706d6173
003d656c
616c6320
003d7373
746f6720
0000003d
70786520
0000003d
706d6173
0020656c
756f6320
3d73746e
0000005b
00000020
00000a5d
41475046
5f32565f
33303245
5341465f
4e4f4948
495f3832
5245464e
4941465f
00000a4c
41475046
5f32565f
33303245
5341465f
4e4f4948
495f3832
5245464e
5341505f
00000a53
3b9aca00
05f5e100
00989680
000f4240
000186a0
00002710
000003e8
00000064
0000000a
00000001
33323130
37363534
42413938
46454443
00000000
00000000
00000000
73c03400
1f01011b
0020b38f
00000000
00000000
00000000
71050000
e5bed8b9
f2d9dced
a7debfc9
00000057
00000000
00000000
c2af3200
bbb9babd
c1b8bcc7
bbb7bcb9
000fd2c1
00000000
00000000
b5c2c700
bcbdbebc
c3c5c7c0
b8bcbfc0
00b2bdb1
00000000
00000000
bdbdc230
bcbdbdc1
bebfbfbc
babcbec1
2abdb8c2
00000000
00000000
bec4e4c2
b1b1bfbd
b8babbb5
c0bcb5b4
7ebfbbbc
00000000
00000000
becdeedb
dcc0b3be
dce7e0d1
bdb8cee3
bebac4bc
00000000
42000000
bccae1eb
bdd6ddbe
b0bfa9a1
bfefc2cf
b2b8c4b9
0000002f
83000000
bbc6d9f3
a5abb3e5
9eafada1
efb377af
c4bec0b5
00000073
00000000
bcffe16b
df7baed3
d9f0e4dd
d6dc96d3
47d1d7b9
00000000
00000000
db630000
e2ebe2ba
c4babec6
b8e6e0d3
000073d1
00000000
01000000
db000002
b8ccc1c7
bcc3c0be
d9e3e7d4
030000c3
00000000
00000000
de000002
c5c3c4c6
b7c6c1c2
d8e3f4e4
000000c3
00000000
00000000
d9000001
c5c7c4c5
c2c3c5c3
d1e3e8c9
010000b7
00000000
00000000
d9000002
c6c7c5c5
cac4c7c6
c5c3c1bf
000000b8
00000000
00000000
d7000002
c7c7c6c6
c9c6c9c9
c6b9c1c5
010000b7
00000000
00000000
d4000002
c9c6c6c7
c7c5caca
c7bec6c6
010000b7
00000000
00000000
d6000002
c9c7c7c9
c9c7caca
c6bfc5c6
010000b9
00000000
00000000
d8000002
cac9c7cb
c9c7cacc
c4c1c5c6
010000bf
00000000
00000000
d9000002
cacbc5ca
cacbccca
c3c3c6c9
010000c9
00000000
00000000
d9000003
cbcdc5c7
cacacccb
c3c3c7ca
010000cc
00000000
00000000
dd000002
caccc6c6
c7c9cbca
c4c3c7c9
010000c6
00000000
00000000
e0000002
c7c9c9c6
c7c9cac7
c4c3c7c7
010000c2
00000000
00000000
bf0b0002
c7c9cbc2
c6c7c6c5
c6c7c6c6
010000c3
00000000
00000000
c10b0002
c4c4c9c4
c6c5c4c4
c6c6c5c6
010000cc
00000000
00000000
bf0a0002
c2c1c1c4
c5c3c3c5
c5c2c4c5
010000c7
00000000
00000000
c60b0003
c5c9cdcc
c3bfc1c6
cecbcac6
010000de
00000000
00000000
af000002
cac1a8b4
cac3c2ca
adbbc3ce
01000094
00000000
3f00003f
00003f00
00000000
00000000
01000000
81b14300
92817599
0000af8d
00000000
00000000
00000000
02000000
ffffc400
fffbf1ff
004cfff5
00000000
00000000
00000000
00000000
d9edf300
dadee7e4
0074ffdb
00000000
00000000
00000000
00000000
e7ebff00
e5e1e2e9
0091ffde
00000000
00000000
00000000
00000000
e5e6ff17
e3e1e5e9
00a7f1dd
00000000
00000000
00000000
00000000
eae1ff43
e4e3e2e7
00bbeae0
00000000
00000000
00000000
00000000
ebd9f972
e3e3f5ee
00b0f1e1
00000000
00000000
00000000
00000000
e7e3f7a7
e7f8c8fa
0093fbe0
00000000
00000000
00000000
00000000
f3e1f2d0
e9ff00e1
0081ffe2
00000000
00000000
00000000
00000000
ffdfeedf
ecff00a1
0087ffdf
00000000
00000000
00000000
00000000
ffdeebf5
fef80048
0091ffd9
00000000
00000000
00000000
00000000
ffe2e9ff
f8bf0007
007effdc
00000000
00000000
00000000
00000000
fbe7e9ff
fb9f0000
006fffdd
00000000
00000000
00000000
00000000
d8ece8ff
fd830000
006fffdc
00000000
00000000
00000000
00000000
acf3e4ff
f9390000
006fffde
00000000
00000000
00000000
00000000
8bf4e6ff
ff0a0000
0064ffe3
00000000
00000000
00000000
00000000
71f2ede3
ff060000
0059ffe6
00000000
00000000
00000000
00000000
97f5efcc
ff000000
0063ffe3
00000000
00000000
00000000
00000000
c6eef597
ff000000
005cffea
00000000
00000000
00000000
00000000
f8e9f859
fc000000
005affed
00000000
00000000
00000000
00000000
e2e5f01f
ef000000
005cffee
00000000
00000000
00000000
00000000
ede9e200
ea000022
005fffee
00000000
00000000
00000000
00000000
f4ece900
d1000044
0062edf1
00000000
00000000
00000000
01000000
f5f29800
c6000080
0051eef1
00000000
00000000
00000000
02000000
f1f64900
ca0000d3
004aedf0
00000000
00000000
00000000
04000000
ece50000
9e0000d1
0063eef7
00000000
00000000
00000000
01000000
ffc70000
a1003af7
0077fcff
00000000
00000000
00000000
00000000
9f620000
44000047
003aa4b0
00000000
00000000
0039003f
00000000
00000100
00000000
00000000
0000430d
26320000
00000000
00000000
00000000
00000000
d1780800
ffedf7e2
eef7ffff
0048aceb
00000000
00000000
00000000
f3fcef89
f4eee5ea
e8e6f0f6
c2fbf8ef
00000000
00000000
66000000
e3e4e7ff
e6e6e9e4
e8e8e4e5
fce0e3e7
000000b3
00000000
e9000000
ffe7e5f1
e3e7eeff
e6e4f6ee
e5ebeae3
000014f1
00000000
f8000000
95ffe7f1
ffe4fc2f
e8eed8f2
eadce4ff
000036fa
00000000
ff000000
0fffe8f0
bfedff00
ffd60000
eaff7b0d
000072fc
00000000
ff060000
b1ffefee
00ffff00
412f7482
ecff252b
0000a2f9
00000000
ff200000
ccfff5ec
0054ff00
001f1c25
ecff0d19
0000c7f9
00000000
ff350000
e7fafaec
0015ff02
36ecffdd
eef3c6f5
0000dff5
00000000
ff500000
fff0faed
9d270000
5ed70000
edff7e14
0000faef
00000000
ff650000
f3f4fdeb
ffd08a85
e6ffd6c9
f0ffae07
0000ffee
00000000
ff7e0000
e9f8ffe9
e8f0ffff
fbe7f3f3
f3feffff
0003ffee
00000000
ff930000
f3b5f9e9
eae6e0e3
e4ebe6e6
ffcfdeeb
0023ffec
00000000
ffa30000
ff56ddf5
ecebe9e9
e8eaeaea
ff7de7f2
0037ffec
00000000
feb50000
ff45c8ff
ebeae8e4
ebe9eaea
ff46edf1
0039f6eb
00000000
f7c50000
ff6ebcff
eaeae9e0
eaeaeaea
ff45fdf0
004df8ec
00000000
f6c80000
ff9195ff
ebeaebdf
edeaebeb
ff2fffe9
0062f9ef
00000000
f3cc0000
ffad6fff
ecebebe3
efebebeb
e313ffe5
006ef9f6
00000000
f0c40000
fad56dff
ecebebe5
edecedeb
cb37ffe2
0078f5fb
00000000
f3c00000
f0e872ff
ecebebe8
ebecedea
ab86ffe5
0089f4fc
00000000
fbbd0000
e9ee9aff
ecebeaec
ebeceeeb
7da6ffe8
008ef3ff
00000000
fcb70000
e8f7abff
e9e9eaea
eae9eae8
80dff0e9
0097f2ff
00000000
f3b20000
f1ee39ff
edeeeeee
f0ededec
34b0feed
009defff
00000000
f0bc0000
ffda3efa
dedededc
dee0dfdf
209affda
00bcecff
00000000
f5820000
000018f2
00000000
00000000
22000000
0087f4f2
00000000
ff4c0000
000016f9
00000000
00000000
27000000
007bfff9
00000000
cd310000
04000bc5
02020201
02020202
03000302
0043bdae
00000000
0000093f
00000000
00000002
00000000
03000000
00000023
012d0003
00000000
00000000
00000000
00000000
08000000
01000040
00470000
00000000
00000000
00000000
00000000
00000000
000030a4
00bd4f00
00000000
00000000
00000000
00000000
05000000
4aabd9e1
00a4d0c8
00000000
00000000
00000000
00000000
00000000
dfd3ccc9
008fc5d7
00000000
00000000
00000000
00000000
00000000
cfcddbc0
0084cdc8
00000000
00000000
00000000
00000000
00000000
d5d5e395
0069d5ca
00000001
00000000
00000000
00000000
00010000
d5d6df8b
006adcb3
00000001
00000000
00000000
00000000
00000000
dcd7dcaf
0089cac0
00000000
00000000
00000000
00000000
00000000
d9ccd2f0
00b1c9c0
00000000
00000000
00000000
00000000
25000000
cacbcbdb
00cac8bf
00000000
00000000
00000000
00000000
57000000
cacfcae1
00e4c5c7
00000000
00000000
00000000
00000000
8d000000
c8d0ccde
24cbc5c8
00000000
00000000
00000000
00000000
b9000000
c7d3c7dc
37d0c6cb
00000000
00000000
00000000
00000000
d9000000
c3d6cbd6
5cd4c7cc
00000000
00000000
00000000
00000000
f6000000
c2d6d0d0
89d2c9c9
00000000
00000000
00000000
00000000
ff030000
c4d6d4cd
a1cecec8
00000000
00000000
00000000
00000000
ff220000
c5d4d9c4
bfc8d0c9
00000000
00000000
00000000
00000000
ff4a0000
c4d3ddc2
dac4d1c9
00000000
00000000
00000000
00000000
fe650000
c5d3e2c2
e6c3d5ca
00000000
00000000
00000000
00000000
fb720000
c8d6e4c6
ebc1d5c9
00000000
00000000
00000000
00000000
f58c0000
c8d5e6c9
f2c3d4c7
00000005
00000000
00000000
00000000
ef9b0000
c9d3e7ca
f2c1d2c6
00000017
00000000
00000000
00000000
eaa70000
cad4e7ca
f6c1ccc4
00000027
00000000
00000000
00000000
dfaf0000
cdd5eacc
d5c6cac3
0000002f
00000000
00000000
00000000
dcea0000
c6cce1cc
ddc3c2bd
00000056
00000000
00000000
00000000
fb820000
e8faf0e3
e8dae6ec
00000045
00000000
00000000
00000000
55000000
3262887f
0059323b
00000000
00000000
00000000
0032003e
03000000
00000000
00000000
11000001
34372300
0000002d
00000000
00000000
00000000
03000000
fffa0100
f4eefef5
00008aef
00000000
00000000
00000000
00000000
aa7c5800
ffbb8afe
000420bb
00000001
00000000
00000000
00000000
00625400
fff3d2b6
00000025
00000000
00000000
00000000
38060001
2b855b48
00daf000
142e2700
00000219
00000000
00000000
6d300000
472c3646
140f4038
393a1c1d
00001433
00000000
00000000
49410000
343a3152
19455420
1b2e3f32
00001d19
00000000
00000000
354e0c00
34392583
144e5a14
11243e35
0000271b
00000000
00000000
1d551c00
2b2f3a9a
15474c0c
13151322
00072b21
00000000
00000000
0d4f2b00
2a294189
0d43540a
29121c1d
00151d2d
00000000
00000000
0a493500
2a2b5592
103f5409
210e181f
000d1d1d
00000000
00000000
02463d00
2f1c66a9
0a3c500f
4d001a1d
000e1b1c
00000000
00000000
033c4300
2e2c4eb7
093e4b0d
a1001c18
00150d27
00000000
00000000
04324a00
2e2546de
07414b10
f200101a
0019072e
00000000
00000000
0b244900
362c39ff
043f4a0b
da01061a
001b0049
00000000
00000000
191d4b08
322e43ff
083f4f06
f41b0019
001d0065
00000000
00000000
350f4b0b
31273aff
06414c12
dc00041b
031c008a
00000000
00000000
67054a0b
2e3031fe
0241490d
d1000519
071e00b1
00000000
00000000
79044b10
342f24ff
02454310
be000e16
081c00b5
00000000
00000000
82004e16
3a3b15fe
01484a1c
af00181b
0a1800cc
00000000
00000000
9b004d17
353914da
02494618
8600161b
0c1400d6
00000000
00000000
b9004b18
3b4015be
04484821
7a001f1a
101103da
00000000
00000000
c2005118
3839129d
044d471e
6f001a17
130d0de3
00000000
00000000
e2004e20
49523388
08504b27
6600211c
130c10f2
00000000
00000000
ea034624
4b4b3454
13424039
34082729
11062dda
00000000
00000000
f01d4523
00000000
00000000
00000000
11006fe5
00000000
00000000
732d5442
00000000
00000000
00000000
1a184e77
00000000
00000000
331f4736
00010000
00000000
00000000
1b1b1e24
00000000
00000000
003f003f
00040000
00000000
00000000
00000000
00000000
00000000
00000000
00000000
00000000
00000000
00000000
00000000
00000000
00000000
00000000
00000000
00000000
00000000
00000000
00000000
00000000
00000000
00000000
00000000
00000000
00000000
00000000
00000000
00000000
00000000
00000000
00000000
00000000
00000000
00000000
00000000
00000000
00000000
00000000
00000000
00000000
00000000
00000000
00000000
00000000
00000000
00000000
00000000
00000000
00000000
00000000
00000000
00000000
00000000
00000000
00000000
00000000
00000000
00000000
00000000
00000000
00000000
00000000
00000000
00000000
00000000
00000000
00000000
00000000
00000000
00000000
00000000
00000000
00000000
00000000
00000000
00000000
00000000
00000000
35130000
96315d3f
0011203a
00000200
00000100
01000000
03000001
d1ae4200
cab3d5db
38e9a558
06000000
00000000
01000000
00010103
588ab132
975f1525
e5d2afbb
00004ec4
00000000
00000000
00000000
000012fe
00000000
cb9b2100
566fc6d1
6e6b6968
1c32746f
2d2f3842
4a3a198e
8f5a5752
587599a7
92671733
86828084
103f9888
7a7c604a
827c7c62
3a5b727d
00000019
0e000000
0f0e0e0a
00001010
00000000
00000000
00000000
00000000
00000000
00000000
00000000
00000000
00000000
00000000
00000000
00000000
00000000
00000000
00000000
00000000
00000000
00000000
00000000
00000000
00000000
00000000
00000000
00000000
00000000
00000000
00000000
00000000
00000000
00000000
00000000
00000000
00000000
00000000
00000000
00000000
00000000
00000000
00000000
00000000
00000000
00000000
00000000
00000000
00000000
00000000
00000000
00000000
00000000
00000000
00000000
00000000
00000000
00000000
00000000
00000000
00000000
00000000
00000000
00000000
00000000
00000000
00000000
00000000
00000000
00000000
00000000
00000000
00000000
00000000
00000000
00000000
00000000
00000000
00000000
00000000
00000000
00000032
0101001f
00000100
01000200
00000001
49433900
3e534c4c
00000000
00000000
00000000
01010100
4f0d0000
a1a2c980
b5acc0ad
001e6cb8
00000000
00000000
00010000
8e8b6600
9aa27367
818b99a5
a1ab8a96
0000001a
00000000
00000100
676c7c6a
b4645d6a
558a939c
9a7c729d
0000009d
00000000
1d000200
6c716586
92517461
926fa4b7
91847a83
01005da9
00000000
41000000
6c656983
4a616864
9673aece
9892776c
00008da2
00000000
6c000000
626a707b
486f6564
73708488
a0968e6d
0000c3a2
00000000
87000000
5370777a
736a615d
6d536d5b
c18ca57d
0006b0a0
00000000
87170000
4e689584
6c676160
7254736c
d1939e95
0034b2a0
00000000
7c390000
6067a083
6f6d6d65
716a726c
c49ca39c
0055aea7
00000000
74560000
6684a07e
626b6860
70747b5d
bab5a095
007ba2a2
00000000
72700000
6492a770
606b6564
78677e64
bba79e8d
00aa9493
00000000
767c0000
6559c565
676c6064
7f6b7a6c
c477968b
00b38e91
00000000
73830000
6c2fc661
776a6060
7b677866
ce51968c
00c28792
00000000
76880400
6d15c162
81666a60
76667764
d82d998d
0ccd8b94
00000000
75891800
7119bb65
785e705c
73617f69
d513968e
24cc8394
00000000
6d8d2800
7c0c9e75
7560745a
6f5e8871
bf1fa393
3ace8692
00000000
66812700
78007793
7465775a
72667f6a
9214b492
46cc819f
00000000
6f7e3a00
841565a2
6a6c7b59
746f7e66
7032b28d
54a48aa9
00000000
86866c00
7b4954b9
666f7a57
6d72806a
6261ae86
87af93a0
00000000
a98e6100
6b5425c6
6d707a61
60667e70
3380ac83
6fa4a8fe
00000000
0c000000
6677022e
74607b6d
6a6a847a
1ab89781
00000814
00000000
00000000
65890d00
866a6472
6f688187
4ac2977b
00000000
00000000
03010000
65844900
6c8c6668
776a836c
87a78e71
00000100
00000000
00000000
6b767000
616d8b68
7f6b8a7b
9fa18878
00010000
00000000
03000000
70948e00
7d536569
73688f7b
b2a87e64
00020007
00000000
02000000
b87e0900
aba3a7c8
ae9ca796
3da2b6c5
00000000
00000000
00000000
00000000
6d5f481e
656a6f6f
00000c47
00000000
003c0000
30003900
0000003f
00000006
00000000
00000000
00000000
00000000
00000000
00000000
00000000
00000000
00000000
00000000
00000000
00000000
00000000
00000000
00000000
00000000
00000000
00000000
00000000
00000000
00000000
00000000
00000000
00000000
00000000
00000000
00000000
00000000
00000000
00000000
00000000
00000000
00000000
00000000
00000000
00000000
00000000
00000000
00000000
00000000
00000000
00000000
00000000
00000000
00000000
00000000
00000000
00000000
00000000
00000000
00000000
00000000
00000000
00000000
00000000
00000000
00000000
01000000
00000002
003e0000
00000000
0b000000
00000000
00000000
00000000
92000000
1db673b0
04000000
ca750000
0000000c
00000000
00000102
93ec2200
b0a3707e
00000000
d9cc5d00
00000034
00010001
1e060000
48767dec
be7a7368
202575ee
aac8c75b
00000019
00000000
a3bd3d3d
7e6e5250
7388877e
cad6ddaf
bd87c0dd
00000027
34240000
4c41bd95
76736f64
7a888079
ab88615a
dd5a69ac
677d2521
6f817c6f
75776155
88726b67
bcb5aca0
6f93bac5
cbaa705e
b5bc8e4c
96a3b2b5
8c6b687e
d5ccbca1
dae1e1dd
ffc792d1
ced1d2fc
997c3a28
aebcb7aa
d3c8a7b6
c3bdcccf
ba685595
0d000000
060c1717
021b0f12
2f0d0502
19478e45
00000006
1b000000
14171948
25170c0b
451d002f
08344449
06002239
3027271a
1b363a39
2c275641
42362b29
0000002f
2d2d2400
50493749
303b3d42
332d2b27
2d293b2c
242d3a3a
00000001
00000000
00000000
00000000
00000000
00000000
00000000
00000000
00000000
00000000
00000000
00000000
00000000
00000000
00000000
00000000
00000000
00000000
00000000
00000000
00000000
00000000
00000000
00000000
00000000
00000000
00000000
00000000
00000000
00000000
00000000
00000000
00000000
00000000
00000000
00000000
00000000
00000000
00000000
00000000
00000000
00000000
00000000
00000000
00000000
00000000
00000000
00000000
00000000
00000000
00000000
00000000
00000000
00000000
00000000
00000000
00000000
00010000
07000038
00000000
00000000
00000000
00000000
00000000
00000000
00000000
00000000
00000000
00000000
00000000
00000000
00000000
00000000
00000000
00000000
00000000
00000000
00000000
00000000
00000000
00000000
00000000
00000000
00000000
00000000
00000000
00000000
00000000
00000000
00000000
00000000
00000000
00000000
00000000
00000000
6a000000
00000000
00000000
00000000
00000000
00000001
00000000
7b410004
07193e41
00000000
00000000
00000000
00000000
02000000
9e9f0200
beb49ca8
b4b3b2b2
aeb2b3b3
9db9b8aa
00639592
00000000
a6b6a300
b3aeaaa7
bcbabab9
bbbbbdbd
b9afc3c1
00b0b6bd
00010100
a2b37e20
b0b1b4ab
b6b6b1b0
b5b5b7b6
adb9bebd
3db0aeb9
0d000200
acc36740
b3b5b2b3
b7bab7b3
b2b4b6b5
b1bbb5b7
4ab8b4b9
43000400
b0c47f1f
b1b2b6ba
b3b5b5b8
b4b7b5b1
b0b2b4b7
4ed1a3b3
5c000500
b2c08400
aeafb5b2
b2b3b2b4
b1b2b2b0
b4b5b9b9
50d7a2b2
5c000400
b0c08800
b1b3b6b4
b2b5b4b4
b1b1b3b0
b3b7b6b7
4de0abb3
4b000400
abc67205
b1b0afb8
b5b2b3b3
b7b7b7b8
afb8b6b7
46d1a7b1
0d000201
acc5655a
b3b4b6bb
b3afb1b3
b1b0b4b7
aaafb1b0
42cda8b3
00030000
b0b6d732
a5a7acac
a9a4a4a5
acacaeaf
a2acacac
3fc69aa3
00000001
bac18b00
b6b7b7c4
b6b3b5b6
b8b8b6b8
b7bdb8b8
3cdfb7bc
00000000
90ce7400
b4b8ccb1
b8b6b6bc
b9b9b9ba
b7b8b7b8
48dbb4ba
00000300
c3ca7013
c3c2948d
b8bab9b8
b6b9b7b6
b5b3b3b5
29bbb3b3
18000000
c6b3a4ff
be9eb0df
b5b9bdcb
b0b1b0b2
b2b0afaf
23b9b2b2
67611900
bfcaab22
b1c3c9c3
d5d7d5c2
ceced0d2
cbcbcece
2de3adc8
00206831
76684b00
99ae8665
1209127e
13131211
15141313
00211712
00000000
00000000
00000000
00000000
00000000
00000000
00000000
00000000
00000000
00000000
00000000
00000000
00000000
00000000
00000000
00000000
00000000
00000000
00000000
00000000
00000000
00000000
00000000
00000000
00000000
00000000
00000000
00000000
00000000
00000000
00000000
00000000
00000000
00000000
00000000
00000000
00000000
0008003f
00000000
00000000
00000000
00000000
00000000
00000000
00000000
00000000
00000000
00000000
00000000
00000000
00000000
00000000
00000000
00000000
00000000
00000000
00000000
00000000
00000000
00000000
00000000
00000000
00000000
00000000
00000000
00000000
00000000
00000000
00000000
00000000
00000000
00000000
00000000
00000000
00000000
00000000
00000000
00000000
00000000
00000000
00000000
00000000
00000000
00000000
00000000
00000000
00000000
00000000
00000000
00000000
00000000
01030000
00070000
00000025
00000000
00000000
00000000
1b000201
00000b54
00000000
00000077
00000000
00000000
00000000
58000001
00006e8f
5d160000
0000006a
00000000
00000000
00000000
81350004
9daf9378
a89a87a6
0000008c
00000000
00000000
02000000
82890b00
9fb0a080
9795b2a7
00000090
00000000
02000100
00030001
6a727300
9c99a889
9d8fa7a5
00000b9e
01000000
00000000
00000300
5e5a8b59
97839599
9f8faca9
000030a9
00000000
01040200
62000000
6e6d6e88
959087a2
9e90a79f
000077a9
01020200
00000002
756c1a00
88756f63
9a9a869c
938da09c
0300b29c
00000000
35150000
676f755c
8f868173
9aaaa59a
8a8f9a97
002ba596
41361700
8076554c
76716f7b
858b7d7f
9b8ca088
ac9b90a1
003ebda1
6f5a5e44
73726f72
8f88877f
9a977f7e
a27d948f
998a90a2
463ac4a2
626881a9
62615e64
776a6c66
9c958178
c4bebea7
c5bbc6c6
1024b8bd
bcbcab7e
8799abb8
927f7e78
d0d1c3b9
f5b1d1ff
f7fbfbfc
0031cedc
430c0000
c7b9a46a
d0d2d3d2
085296be
b2000000
a2afbcd0
000b979e
00000000
00000000
00000000
00000000
00000000
00000000
00000000
00000000
00000000
00000000
00000000
00000000
00000000
00000000
00000000
00000000
00000000
00000000
00000000
00000000
00000000
00000000
00000000
00000000
00000000
00000000
00000000
00000000
00000000
00000000
00000000
00000000
00000000
00000000
00000000
00000000
00000000
00000000
00000000
00000000
00000000
00000000
35000000
00000000
00000400
0c0f0be0
0ef0c00c
0a0cd0c0
0c90800c
0d0cf0d0
0f0f0cd0
e0f0d00f
e00be0f0
b00ec0c0
f0d0f00f
f00cd00e
e0e0b0b0
b00f090c
0c0e0d06
e00de0d0
07f00f0b
e00b0de0
e0d0a0d0
c00fc0e0
0f0cb0f0
0c09d00f
0a0e0b0c
f00ee00b
f0e00e0f
f090f00f
0d0e50b0
0e0c800e
0c08a00a
a0e0f0f0
c00ff00e
a00d0ad0
c00cb00c
a0e0a005
0ff0e0f0
0ef00bf0
f0f0b00f
0b0f0cf0
e0f0d0e0
0ee00ee0
d00fe0f0
a0f0f00d
b00d0df0
0df0b00c
0ee0e0e0
d00ef0f0
0ff0e0e0
f0900b0e
0cc0c0e0
d0c00cf0
0ca0b0f0
f00e0de0
a0f0f0a0
f0900fb0
f0f0090f
0fc0a060
f0e00ee0
f00fa00e
0f0f0fe0
d080f0f0
d0e0d0e0
c00e0de0
d0d00fd0
0df0f0e0
d0f00ce0
f0c00ff0
0e0e0c0d
e00e0be0
d0d0d0e0
0dc00e0d
0bc0e00e
c0c0b0d0
d00ee002
0d08c0f0
0ee00bd0
b080e0e0
f0f0a009
0e0d0fc0
c0d0f0e0
f00c0ef0
0e0f0bd0
d0d00db0
0af0e00f
90e00d0c
090c0d05
800bd0e0
d0a0d00f
e00d0dd0
c0c0e00f
e0f0f090
c00e0e90
e0f00e0c
c0f00e60
f0f0d00c
b00ff00b
90c0d00a
e0090d0d
0e0d0d0e
d0b0f0b0
0f0e0ec0
f00e0c0c
090a0e0c
a00cd0e0
d0f0c0f0
0d0d0bf0
d00ab0f0
0d0ce00f
d0d0d0e0
f00dc0d0
90e0e00f
e0d0f0f0
0dc0d00a
f00e0fc0
f0c0f00b
0df00f0e
d0050ef0
f00d0d80
0ec0f00d
0ed0b00e
0f0d0b0f
e0d0d00f
f0e0e0d0
0be00c0b
b00ad00a
c009b00d
0ee0e0d0
0db0e00e
0d0ff0f0
c0d00ef0
0fc0070b
a0d0d00a
0ca0b0d0
0ad00f0b
0ee0f0f0
c00e0a0a
f0400df0
b0c0a00e
f0d00ff0
0cf00be0
e0c0e00b
d00cd0d0
07e0600d
d0f00ff0
b0e0c006
0ee00ef0
0a90f00e
0ec0e0f0
0d0ec00a
070cd0a0
0fd0d0a0
e00cf00e
0dd0e0e0
f00d0e0e
0ef00ee0
d0d00de0
f0800fe0
f0d0e0d0
0e090ff0
0e0ee0c0
0ff0c00f
e0c0d00a
08b0b009
d06090e0
a0d00ac0
e0d00b0e
e00eb00a
b0d0d0c0
700c0906
e090e009
0e090ed0
0c0d0b0b
c00b0ae0
d0900ce0
c0b00cf0
0ce0b00c
90d0c00b
b00de030
0eb0a080
0d900ce0
e0c00dc0
0c0ce0c0
90d00ce0
0e0dd0d0
0b08a00f
c0e009d0
090bb0d0
0d0e0d0f
0c0e0eb0
0dd0e00f
b00b0cb0
09d0800f
090d0dc0
0b09d00e
0c0d080a
b00de00c
b0700c0e
d0e00ba0
060e600c
b00d70a0
0a09e0b0
b00e60b0
060b060d
b0c008b0
0c0ca00b
c0e00a0b
e00d0c0b
b0c00be0
0c300c0a
a00c0c0f
a0d008e0
b00d80d0
c008d008
c0b00db0
0f0b80c0
b0c00bd0
e00fe0c0
0c800bc0
03a00d0c
0fc0c0b0
d0c0d009
f090b0c0
e0f0090d
e0f00d0d
0a0d0bc0
0d90d00a
e00ac0d0
b0c0d0e0
0dc0e030
e0e0d009
b0e0d0d0
d00e90f0
080b0d0c
0c0d0ec0
e0b00bd0
0ad0c00f
0df00c0f
700ef00d
e0b0d0d0
0bf0090c
0ab00ee0
90a00ee0
0ba0d00d
c00e09e0
0b0bc0a0
0ee00dc0
500be0a0
0eb004e0
c0e0f00b
0ca0e0d0
800e70d0
0f800ea0
0d0c0d0a
b0e0b00d
0a0a0e0e
0bd0b0d0
0e0e0b09
0e0d0c0e
f0b00a07
b00de0d0
0d0ed00c
800b0ec0
d0a00e0e
0d0bc0e0
c00d0ac0
0da0e00d
e0c090c0
0d0cc0b0
d009f00d
400c0cc0
0c0fb00d
080c900a
f00b0fd0
07e0d00e
03e0d0c0
b00bd0a0
0fe0c00d
d0080c0d
0e0c0c0e
0d0e0cf0
b0d0d00a
e0d00ec0
d0b0c0e0
0bd0d080
c080c00f
0e0ec00e
0b800b0e
0c600ec0
0cc0b0e0
0ec0e00d
e0090c0c
e00ed0d0
c00d800c
d00ce00d
c0e00bc0
e0c0e0c0
b00d0c0c
0c0bb0a0
e0d0c008
0ac0c00d
0e0dd00e
0e08b0c0
b0c00e0e
0d0dc00d
b0b0090d
0d0ce00d
0e907007
d00fe0e0
0de00de0
d00908e0
0b800d0d
0c0c0ab0
0dc00e0d
c00de00d
e00f06f0
0dd0f0c0
e0d0d0b0
0c0bc00b
0ee0d00b
0e0ae00a
e00d0a0e
0bc0c0b0
0d0dd00e
f00ec0f0
e00d0e0c
c009d0a0
0c0eb00a
d0a00e0f
0c0d0f0f
d0f0e00c
0dc00a0b
b0f0e00d
d0a0f0a0
0e0d0cd0
e00ce0a0
600b0dd0
0a0dd0c0
90e00cc0
d00f0b0c
c00d0df0
f0e00c0c
c0e0e00e
0fd00d0d
0ed0c00d
0db00f0d
d0e00ef0
0ce00b90
b00c800e
0c0e0de0
70e00e70
0b0d0970
a00bb00e
a0d0a00b
0dc00e0a
d009f00c
d00c900a
90c0d0c0
0ad0e0b0
0be00c0b
0d0fe00d
b00dd0e0
0e0dd00d
e0b00d0f
d00eb0d0
900b08e0
0d0b090d
0b090b0d
0c0e7090
d00e0fd0
0a0a0d0f
0da0b00d
0ea0c0c0
600d0d0d
0f0be0d0
e00d0df0
0d0ee00e
f0d00db0
a0c0c00a
800af00f
0cc00d0d
e0e00df0
e0d0d00d
d0e0090e
0bf0b0c0
0e0e0ea0
0c0c0c40
c0e0d00b
0f0e0be0
0eb0a090
0cd00c0d
0be0a0e0
0e0af00c
0de0c0b0
0c0d0d0b
0bd0e00e
0ec00c0f
e0c0c00a
f00ff00d
0df0700f
0d500fe0
0cc00ea0
0dd00a0c
0d0ec0c0
0d0cb00c
b00c0a90
b00de009
0d0d0de0
d00dd0c0
b0e0900a
0ac0c00d
0cc0070f
0e070c0d
c00ec0e0
c0d0e00e
e0e0c00d
d0f00e0c
090e0d0c
0dc00b0c
080e0e0e
f00a0c0d
d0d00f0d
0c0a0ba0
0dc0d0d0
900c0e0d
d090d00a
0f080ce0
b00b050d
b00cb0b0
0c800ec0
800be00a
e0c0d070
b00d0ce0
0c80d0d0
d00b0e0c
e00d0a0b
f00ce0d0
f00d0b0e
700cb00d
0c0ec00d
0ee00e0f
700ac00e
0cc00af0
e0900ec0
0a0ee00d
0b0c0b09
900db0c0
0c0e0bb0
0c0d0e0a
e0a00cc0
c0a00fc0
e00bd0c0
c00e0cc0
f00db0e0
0d0ed00d
0bf00e0d
b00e0a0f
600dd0d0
090de00a
06090ce0
d0e00b0c
0e0bd00e
0dd0b007
800ed070
900b0dd0
a00ce00a
0c0b0ad0
d0d00bc0
e00e080b
0cd00780
e00ed00e
e0e00e09
0eb00c0c
d006d00b
0ee0b00d
c00f0a0a
0ce0f080
e0d00e0a
0ee0f0e0
c0e00db0
d00d800d
0ad00e0f
0dc0c040
90300f70
0c0fe00a
d00cc00e
b00b900e
0ce0e00c
0d0d0e0e
b00a0a0d
90e0e0b0
b0e0e00c
0e90e0b0
0dc00e0b
c090d090
c060e009
0d0c0dc0
0bc00c0a
0b7008c0
e0800d09
0ed0080e
d00e900d
0a0dd00d
0a0a0e0f
0c0dc00a
d00bc00e
c0e0c080
f0b00d0c
07e0a0c0
e0c0d00e
90d0e00e
e0f00e90
0ec00890
0c0b0ca0
0e900cd0
0de00d0d
e0e0d00a
e0a0d00b
0ef0e00a
0c6090d0
d00de0c0
c0c00f06
0e030cc0
0ee0d00d
0d60a00e
c0080db0
b090800e
d0c0b070
b00d0de0
a00c0e0c
090c0e70
c0c080c0
0cd00dc0
d00c0d09
e0c00ee0
d00ec00d
0d0dd0d0
b00fe0e0
c0080b0d
a0000cb0
c0d0c080
c0d00b0c
c0b0c0d0
0e0ed090
0c0cc0b0
c00a0cd0
b0d00a0b
c00c0dd0
0b0db0a0
0ce0d0c0
0dc0700d
0ed00c0e
0b90b0c0
0dd00d0e
0d0e0dd0
0f0bb00e
0cd00cd0
6009900a
c00e80a0
8007d00d
d00d0e0c
d0c00d0e
90600da0
b00c080e
a0c0e0d0
0d08e0d0
d0d00b0b
200bc009
a00d0cb0
80b090b0
0b0d0cc0
e0090cc0
0ff0d0e0
d0b00b0c
0b900eb0
d00de00e
e040a0a0
0b0b0d0b
f0f008c0
a0d0e0d0
d0c00bd0
0d0db0e0
e0d00fb0
b0d00cd0
0d02c009
0cd0a00a
b080e00b
c0a00fe0
80b0d008
b008d009
e00b0e0e
0b0b700f
070de00c
070bd00e
0b0ed00b
0a0d0e0e
0eb00fb0
90a0090d
0aa0090f
c0a00be0
c0e0f070
e00d80d0
d0e00eb0
0d0cc00b
d0b070d0
b0c00e0d
d03090a0
0e0e0d0e
9008c070
0d0c0dd0
0e0ce00a
0c0cd009
c0500c0e
d00db00f
900ed00d
09e0b0c0
c00d700b
c00ea00c
900ac0d0
0e0d0e09
0e0ec0b0
0a06f0d0
90e00ee0
03b00cd0
0db0700c
0b0c0e80
0c0fb00d
d0d0d00e
0d0d04e0
e00ac00c
0ee0d0c0
d0c0e0e0
0e0f020e
0e0b08c0
70e00ea0
b0c0e0e0
0cc00d30
0cc0c0c0
e0400ed0
9080c00a
a00cc0d0
0dd090b0
c00bf090
0c70d0e0
0a0ce0d0
b0f0d00e
d0d0600c
0a0c0d0d
0fb0e0d0
0a0ca0e0
f0c00c0d
0ca00d0e
0d0ba0b0
b080d0d0
b00cc0e0
0c0709d0
0fe0c00e
0a0eb00d
09b0f0a0
0cd0f00c
0e0f080a
06f0e00e
0cc0e0a0
e00be0e0
0dc00ac0
b00e06d0
0d90b00b
0e0ec0a0
90d00a0c
0dd00ed0
d0e0090f
0ea00d0d
900ae0c0
c00f0ed0
c0f0b00e
c0b030a0
0d0c0b0c
e00c0e0d
05b0c0e0
090ca00e
b00e080f
0d300e0c
c00b0de0
c00ca00c
0ef00c05
03d0e0a0
0c08a0c0
d00790b0
e00b0d0b
0ad006e0
e00ac007
0e900dd0
0bb00c0d
0cb0090d
c00b0d0c
a00e0f0e
0d0d0e0d
90d0d0e0
0a900e0d
b0c0e006
c0b00d0c
e0c0d0e0
400ce00d
0ce00e0c
d00c0b80
0d0c0ee0
0db0d00e
0dc0e00b
e00ce00d
0e0b0dd0
090ed00d
b00a9090
c070d00f
e0c00ee0
080f0b0f
0e0ae0e0
a0b0d00b
0c0ec040
0ab00c0d
90b009f0
090cd0c0
e00aa0e0
0cd00da0
d0e0e0d0
f00c09c0
a00380e0
0e0da0e0
060ac0d0
c00a0bc0
0c0de0b0
b0e00bb0
080bd0e0
a0a00be0
a0e0b00e
0ab0e00e
b00ed0e0
d0c00a0e
b00e0cd0
0c900e0d
0f0dd00c
a00a09f0
f00a0d0d
d00ce00e
f00f0b0d
0ce00c0c
c00ef080
0d300a0e
050da0e0
0ed0d0d0
0c0f0d0e
0fc0b00c
0f0ec0e0
d0f0f0e0
0a0db00e
d070c0c0
0d0f0e0f
0c0d0df0
e0d00cd0
a00ee0b0
0d0e0e0d
f0d0090e
d00e0f0b
c0f0e0f0
a0f00cf0
0b900be0
0e0db00f
0dd00dc0
d00ed0d0
0e0b0cd0
f0f0c0e0
e0900e0b
f00f0e0b
b00d0c80
f008c00b
e00de00b
0c900d0b
0cc00e0e
b0b00a0f
b0e0e00d
90e0900e
0dc00c0c
0b0ad0c0
0b0a0cd0
0a0dd0e0
000e0b07
c00ce090
d0f00808
090e0b0c
70800b0b
c0a00e80
c0b00bd0
0fe00dc0
0f0d0c0b
c0e00d0d
d0d0d0e0
0be00c0f
06b00e90
b008200d
06c00c0b
c0c009b0
e00d0bc0
e080d080
0b0ca00e
0eb0e00c
d00b90e0
f0e00ea0
0850f00a
d00ff0d0
0f0e50e0
80f00d0e
600e080e
0dd0d0c0
07f090b0
c00fd00a
d00c0ec0
d00ee00a
0f0b0dc0
0c0d09d0
e0c00da0
b00cb080
0ed00ee0
e00b0f0d
0e0ab00f
0e900ed0
0b0e0ba0
a006090d
0e0bb00f
0e0d09c0
0de00ed0
d00e0cf0
f00b0f0a
b0b0c0b0
0d0d70a0
c00d0bf0
d0b0c009
e00dc00d
0ed0a0b0
d0e00f0e
b00ee0e0
e00e0ee0
0f0b0d0c
0da0c00d
0d0de0c0
0a90d0d0
0dc0b00c
0e0c0e0c
e00f09e0
d0e0d00b
d00e080c
e0e00fc0
d0d0b00d
600cc0b0
b0d00cd0
0e0a0fe0
c00c0ce0
0d0ee001
0e0f900d
a00dc060
800a0ac0
b0e0b00c
d0e00dc0
0c0e0cd0
0bd00d0d
d0b0d0b0
c00bd0f0
d00bd090
d00ec00d
900e0c0d
0fd00db0
e00d0fd0
900d0ed0
c0f00bf0
0fb0900d
500dd0c0
60090ca0
0ef0e00d
0b0ac00e
a00ce009
d00e900c
e00b0d70
0f0f0eb0
c00dc0d0
a00be0e0
f00f0d0d
0e0c0e0d
f00c0b80
d00ef0e0
0d0a0aa0
0df0c00f
e0e0f00d
e0f00df0
0de00e0c
c0e00b0e
0b0de00d
0e0cc0d0
b00f0fb0
900f0d09
e0e0f00a
b0d0c090
e00e0d0c
090f0db0
f0d00af0
0b080ed0
c00c0c0e
0de00d0f
09e0c00e
e0f0b0f0
0a0ce00b
f0d0d00e
0e0a0ca0
0f0b0ee0
d00dd0e0
0ee00e0c
0df0e00e
0e0c0ed0
f00e0cd0
e00fd0d0
e00f0df0
0d0c0d0d
0c0ef004
0fe00f0d
0ac00c0d
0ad00ab0
0e0de0c0
0ed0f00f
e0b0e00e
0f0b0ee0
d00d0ec0
0d0ad00f
0d0ae00e
e00e0e60
0ae090e0
f0c00b0e
d0a0a0e0
0ba00eb0
0ad0e00d
0d0da080
700be0f0
e0d0b0c0
0cc00c0c
d00cd0e0
b0e00d0e
b0c00c0d
0d600eb0
0e0eb0e0
0c0be0f0
a00ec080
b0080ad0
0c0e0e50
080d0a0b
0df00d0c
0fa0c00b
b00a0bd0
0ed090e0
080de070
0c0eb0e0
d00ad0b0
09d00e0c
80e0c0d0
d00ed0c0
060ce0c0
d00b0dd0
b0b0d0d0
c0c00dd0
080cf00d
050dc00b
0d0aa0d0
b090b00f
d090b0e0
0bc00ed0
c070f0b0
0d0e0c0a
c00ab0c0
b0060b0c
0a0d0ba0
d0d0090e
04c0d00e
c00ce00b
d0d060e0
a090a00e
090bc004
0da00dd0
0bc0e0a0
f00e90c0
e0c050b0
e0e0c0e0
0d0ce0e0
e005d0e0
0b0bc00c
70c00de0
b0c00e0c
100d90a0
0c090b0e
0ae00c0e
0d900ee0
0dc0c020
0b0dd00c
0db0c00d
f0e0d00d
0e90d00f
0d0fa0e0
e0a0e0f0
0e0e90c0
0be00e0d
0b700908
09d009f0
0d0dd00c
d00bc0d0
0fe00bc0
0aa00d07
0f09d0d0
09e00de0
0ac00b0d
a00c0cc0
0cb00dd0
d00c0ee0
b0e0300d
b0c0c00a
0d0de0c0
0e08e00e
b0e00e0d
0a0e0ee0
e00ea050
d0d00ec0
070dc00c
0c0fe00c
0c0b0dd0
08f00ed0
c00cb00d
0ce030e0
a0900605
e0b0d00b
0c0ce0d0
0eb00fe0
080e0d90
0ee00e09
800b09e0
0e0a70b0
c0c00b08
c0d008d0
b00ae0d0
0c0e0d50
08090dc0
0b800c0a
e00bc0c0
0ae0050c
d0d00da0
0c0ae0b0
0de0e00e
a0e0e00b
e00c0ed0
d00b0d0b
70b00b80
0bb00d0d
0be0e00d
d0d00fe0
e0d0c0d0
a00ab0e0
0e0da00d
b0c0c0f0
0a0dc00c
0d060d0d
c090d0d0
d00bf0d0
c00e0a90
0a0a090a
0e0dd00c
0d0ec0a0
080eb00e
c090e0c0
d00e700d
d0b080d0
0da00bf0
60d090c0
b008c00a
d00ba009
a00e0ad0
0c0a0db0
0c0ad00d
09b00dc0
d00c0d0c
0a0fa0d0
0e400d0d
0d0e0ae0
0ae00b0c
b00a0b0c
e00da050
c00de0e0
0e80f00b
0c0db00b
d00ee00a
e090d080
0e0c0ee0
d00ac007
d00f0f0c
d0090ed0
0ac0d0c0
0da00c0c
0e0a0d0e
c00c0de0
0c010e0c
0cc00d50
0a900f0c
0e0f060c
0ad00ce0
d00d0c30
90e00d0e
c0b00fc0
0c0de0d0
0d0c0e0d
0a0ec070
0e0db0c0
090be00d
0cd00e80
c00ec00d
0c90a0d0
700fe00c
0ee00b0a
f00d0d0d
0cf0c00d
0c0cc0a0
d0b00cd0
0c0ef00b
0fe0d0e0
09b00ea0
d00da00f
0c0d090c
c00bb0a0
d0b00be0
b00db0f0
0dc0d00c
c00e800c
0e0cf0d0
d00ac00d
0ce00dd0
0cc0d0c0
0cd00d09
0ce0b0c0
e00e0ed0
d006e0c0
08d0b00b
0d0dd0b0
a0c00d0c
0d0bd00f
c00ae0d0
0ac0e00c
09c00bc0
09a0d00e
0e0dd00d
0a90b0c0
e0b008c0
c0c00e0d
e00980a0
0cc00ec0
0ff0d00d
0bc00d0b
f00d0590
c009b0d0
0b070c0a
c0080d0c
0ab0c009
0b050b0f
b00cc00d
0d0be0f0
040ac0c0
0c0cc00d
0f0da00b
c00ed0d0
0d090cf0
06d0d0e0
b0e0e0e0
0d0c0e80
f005e00d
0de00c0c
0b0c0e0c
0a0dd0d0
90c00f0c
0d0f0c0e
0d0c0c0d
0d0d0af0
0bd0c00c
0a0f0e0d
0e90e0b0
e0b00de0
0b0ee080
0d0ef008
0d0de005
050c0c0e
e0b0a0e0
0b0d0fe0
c00cd00c
0e0f0ae0
0be0e080
b0b0b00b
0bd0b00e
0b0c0db0
0a0da0f0
c0c0d00e
0e0ad00e
d00ee090
0ce0b00d
090f0a60
c0f00fc0
a00a0df0
0c080ed0
e0c0800d
d0b00d0a
080ff00b
b00ad00d
b00e0c0f
0c08c00c
0eb00e09
d00ad00b
c0090e0f
90d00ec0
c00ed00e
d00e0d80
e00f04c0
f0900c0d
0d0eb0c0
d0700ef0
c0900fb0
0db0f0d0
0e09050d
0ac0d00c
90c0c0f0
0cc0d00e
0a0dd0d0
e0b00b70
0d09e040
0e0bd00d
0d0d0da0
90b0080a
0ed00f30
9008d0d0
0e300a08
e0a0d00e
b0e0b0d0
0d0ee00e
c0e0d0d0
0db0080d
080c900e
0b0b900e
0e0ac00c
0c0c020c
0d08d00c
d0e00e0d
e00e40d0
0e040cd0
d00e0dd0
90d0c00d
08a00de0
e0d00f0c
a0900dd0
c00ed00f
c00cd00e
0e05d0c0
d00a0c90
d00c0f0e
0f07d00c
07070fe0
e0d0500e
08d00a0a
b00c0d0b
f00d0ad0
e00ee000
d0d0d0a0
0b800ba0
0dc00c09
0ac00eb0
f00f90e0
0e200bd0
0f0d0e0c
e00bc00a
0c0da00e
0c0de0a0
0b0b0fc0
d00d0e0e
b0a0d090
09e0e00d
80e0d007
0c0a0ab0
0fe0c00d
0d0db0d0
80e0a0c0
70e00fd0
c00cb00c
0c0bd0d0
0e0f0c60
a0b080c0
0eb0c0a0
0eb0b00f
80d00d0b
d00dc050
c0a0c00e
b0c0a00c
0b0d0ac0
c00d0c09
0d0e0d0b
0f80c00d
0dd0d060
08b00e0f
900ec00e
c0e0a006
0d0db00c
b00be00d
e00fd00e
0d60e00a
c00b900c
d0900ee0
0bc00df0
0dd0800d
90b00fe0
0c0d0c0c
c080d00e
0e900ed0
07e0c0c0
e00d0c0e
c00f0a50
d0b00ed0
0d0db0e0
5080060b
b0f0d0c0
a0c00d0b
d0b00ee0
0db0e00d
700ee00c
0708a00d
05f00de0
e0e0b0d0
0ec00c0b
0db00ac0
e00eb00b
0ed009c0
c00a0e0e
020d08d0
0e0e0d0c
0ed0e0d0
0dd0d0c0
d0900ed0
0be00cc0
c00dc080
d0d07090
0c0e0b0b
600be00b
c0c00d0f
d00fc00a
e00ea0b0
060b0d07
0e0c0d70
b00a090e
0d0d0908
0e0ce00e
c00c090c
0be00be0
0c0df00e
0c080606
0ed00d0d
0ad0b00a
80c00c05
0a0b0b0b
f00d0e0d
0ec00a07
0d800da0
e00c0d90
80d0500a
b00d0990
e00ef00d
d0b00a0d
d00ec00d
c0a0c00d
0be0c0e0
d00de0e0
b0040d0c
c0c0b007
d00980f0
0de0c0b0
060d0dd0
a00eb00e
0eb00905
f00f0c0e
d00d0cc0
0dc0a00e
0f0c0a09
e0080dd0
0e0ed0e0
e00c0f90
0dd0e0f0
d008f0a0
0f0d0b0d
0f080f0c
0e0dd00c
0a0e0de0
0c90c00d
0d0e90c0
c0c0d0d0
d00bc00d
04b00a0b
060d0ac0
e00ee0c0
0df00ed0
c00ce0d0
e0a00a05
09d0d0f0
0ae0e00f
a00fa00f
0fc0d0c0
0f0c02e0
d00fc00d
0dd00d0b
0a0b0da0
0dd0080f
0d0e0c0f
0b0da00c
c00c0e0f
c00dd00c
b0e00af0
c0f0d00b
e0d0b00c
0d0e700d
900d800c
0b0c0c0d
0be00c0d
700ef00d
0d0bb090
90e00b80
c0600de0
0a0908d0
c00a0d0a
a009f060
800c0f0f
0cf0b00d
0d90b0e0
f00c0ce0
400a0ca0
0de0e090
c0b00d80
c00ec00d
b00ce00c
0e0b0bc0
e0600be0
09e00e09
a00ac0d0
d0c0b060
0c0d0fd0
0e0fc00c
0a0db0b0
0c080f0d
d0d009e0
0cd00ce0
e0e00be0
c0b00e0e
0c0ca0f0
c00dd0f0
d00d0e0d
b0f070a0
f00ed0d0
0b0d0f0d
0f0ad00c
60d00d0b
70f0e0e0
0e900ac0
0d080f0a
b00cb0d0
080ee0d0
0bc00bd0
b009c0b0
e00e0cd0
d0b00b0e
0a0dd00c
d0b0e00c
0bc0a0c0
0cd0d00b
0eb0d090
e00a0bf0
b0a00c0c
0eb00ca0
0b0de0b0
c00be00d
d0e0e00c
0f0d040b
d0f0d090
0e0a09d0
0ea0c00f
c0a00970
b00cf0c0
800e0cd0
0d0b09e0
e00df00d
0c0ac0d0
e0800c0b
90e07009
d00e0e0f
e0090de0
0d0cd0d0
80a0f006
b00de00b
0d0dd00b
0d0d0c0b
0df00b0a
a0d080b0
d0900cb0
80080b0f
09e00cb0
a0b008e0
c00e800d
0d800d0f
c007d00d
0de0e008
0e0cc0d0
c0c0d00f
b00ec0c0
0a0d0c0a
b00ea00b
a00a0db0
0bb090c0
0de0e00c
a00c0c0f
0d0a000f
e0d00bc0
d00ce00b
d00e6006
d00bb0b0
0cd0d0c0
0fc0080a
08b00c90
05d0d0e0
0ac090d0
e0d0b0c0
0e0d0c0b
0e0c900a
0c0ad009
c00de080
d00a0a0a
b0d00a80
600b0ea0
0eb0c0c0
0f01c00d
0ac00d80
b00b0c0e
0dc0e0f0
0e0e0fb0
0bd00c0d
e0d00b0c
e0b0b0b0
400ab00e
0d0ed090
a0500ce0
0ee0c0c0
0d090ce0
0c0db00c
0b0d0cc0
c0d0e0e0
800ec00b
0b0ad0b0
0bc0b00a
0a0e0ba0
0ca00a90
e00ed0a0
d009d0d0
0f0ed0e0
c00d0d0c
0be00b40
0c0d0b90
090ae0b0
d0c00b0c
0e0d700d
b00b0f09
e0f0d00d
0d0ca0d0
e0b0d0c0
08c0c0e0
0f0a0ef0
d0b0e0a0
0d0ac0e0
0d0ec080
0f0c0c0d
d00b0ce0
c00bc00b
d006e0c0
90b0d00a
0d0b0c0d
0bd0e007
8090060b
0e0d0ef0
0d0ab0d0
0b0c0cb0
c0d090d0
b00d0b04
0e0bb00d
c0c0090c
c0a0b0d0
0c80c0d0
d0f0060b
b00b90c0
0d400dd0
070b09b0
0c0b0da0
a00d0e0e
e0a005b0
a00db009
c0800e0d
0fc0700a
0af00f0a
f080a00a
0ed00ed0
0e0d0dd0
0c0b0e0d
d0c0d00e
0fa00d0f
e0a0b0d0
0e0d0de0
e00eb00e
b00ee00e
0ea00d90
0a0c06c0
700fc00d
0e200e90
e0700890
0eb00ba0
d00ec0d0
0b0d0fd0
0db0d00c
0c0b0ce0
d0087080
0f0e08d0
0d0dc00f
0cf0d0e0
0dc0b00b
d0e0060c
a0d00c0e
b00c09e0
d00f0d0c
e00d0bf0
d0e0090f
0cd0d0f0
f00ec0c0
d0800dd0
c00a0c0e
d00c0cc0
0a0d0be0
0d60d00c
f0b0c008
0c0c60f0
c00ed0b0
700dc0c0
0cc0a00f
0cd00dd0
040db00c
e0d00e70
f00ac00e
c00ce009
b0e0b0c0
0ef00ed0
0d0d0dc0
0f0d0c0e
0b0cd0c0
200ed0b0
0e0ac0d0
e0c0e0d0
0cd0060d
0e0d0d0d
04d0300e
d0300d0c
0dc0c00b
b0e0b0b0
d0090d0a
e00c200d
0d0d0e80
f0500ed0
d00f0808
c0090fa0
0d0ae00c
d0c0050e
c00b0be0
090ce008
0fd0070b
0a0cb070
c0e007d0
9050a0c0
80d00e09
e00c90a0
0cd00c0c
0ec0d00d
0ad00db0
a00b0d0d
0ea00af0
0d9070d0
b0070cc0
09e0d00d
0ca00c0d
b0d00ce0
b00ef00a
0bc0b00f
f003060a
0e0bd00b
090e0e0f
d00fe0a0
0ed00cc0
a0e00cb0
e0600f0e
0c0b0f0d
0ee0a009
80c00dd0
c00ab00d
0de00c0c
09b0e0c0
0ca0d0c0
d0c0c0d0
0ac0c0b0
07f00dc0
0df0060b
c0c0d00c
f0e00dd0
040da0c0
0a0ff0a0
0f0da0d0
d0e00cd0
0d0bc0c0
e00e0dd0
0d0ff00b
d0d00b0a
b00ed00e
b0900c0f
0c0f0dc0
d009b0b0
b0e00e0b
0b1080e0
0e0b0cb0
b00870f0
b090e0e0
d00e09b0
0e08c00c
e00b0f0e
d00be006
0d0ef0e0
0c0de00d
b00df0e0
0d0eb00e
e0d00dd0
0e0e0d0d
c009c00a
0f0c50d0
0be0d00c
c0e00db0
c08001c0
0cd0c090
0cc00e0e
0ed00d0c
0dc00dd0
0d0b0d80
0e0ee00b
0c0ed009
d00ec0a0
0d0c0ab0
0de0e0b0
0ec0d0b0
0b0f7008
0d0f0c0f
e0c00b01
b00c0ae0
d00d0cc0
300eb008
0b20d00d
0ec00ec0
a0d0d0e0
b00de0c0
70e00d0c
0a0ad00d
090a0cc0
0d0d0cf0
0ad00990
0ec0f0e0
900c0c0e
e0c00c90
0e0bd090
0ce00d0d
d0e0d080
0ce00b0d
0c0d0bd0
d00de0a0
f0b009b0
0cb0c00c
900dd00b
0ea0070e
d00c0d0c
e090e0b0
b00de0d0
e0060cf0
900d0e0b
0f0cd0b0
0cc0e00b
05d0c00a
0fb0d00d
0b0e0ec0
e00db008
b00e0c08
c007c0b0
0b0d0bc0
b00dc0e0
f0d00b0b
0ad0d00d
0dd00b0c
e00990b0
0f50b0b0
0e800b80
f00a0d0d
d00aa00b
c0700dd0
c0f00cc0
09d0d008
0df0e0b0
0d0d0ed0
0e0b0bc0
c0c00f0a
90090b0e
900e0c0d
b00ee0e0
d00d0b0f
c00dd0f0
d0e00ec0
c0d00dc0
0dc00c09
a00b0df0
0c0e0dc0
e00ea00e
d0d0b090
a0f0f0e0
b0d080e0
800db0c0
f0c080d0
0cc0900c
f00e0bc0
0c0aa0b0
f00e0d0d
e00a0ce0
b00ed0d0
0d0a0b0e
c0d00dc0
b00c0da0
d00b090a
0bc009c0
b090200e
09c0e0e0
b00cd00b
0d0ab00d
0d0c0d0c
d0d0c070
0c0f90d0
d0c00e0d
0c0ed00c
0e0cf0f0
0d0ae0d0
0ec00b60
0c0e0f80
a00dd00c
e00ee00e
d0900ba0
0a0ed00b
09800de0
d009b0b0
08800c0d
e00e0f0a
068007a0
90e00e0e
c0e0c00d
e0e0f0f0
0e0c0e0a
d080c00d
0ec0f008
0e0dd00d
0ef0e0b0
600d0c80
0dd00f0c
d0c0f0f0
e0e00de0
0c0a080e
0ad00bb0
d0c00ec0
0d0b0d0d
0fd00a0a
e00ca00d
0bd00bf0
b00bc00a
90c0070b
0ca00cc0
0e04e00d
0c0bc0d0
0d0d0c0e
b0e0e0e0
0c0e0bc0
c00de0a0
0aa00e00
070b060b
0d0d0d0f
0dd0c00c
e0d0c00c
c020c00a
0e07a0e0
0a0ba0a0
0df00cb0
0b0d0ce0
b0a0c0e0
0b0b0dc0
90e00e0f
0d0e7090
0b0bd0c0
a0e00dc0
0e07e0e0
0808d00e
0a0bb0e0
e0e0f008
a0d0d0f0
0fe00ed0
0d700970
0dc0d00e
07f00ce0
0ec00df0
0d0ad00c
0db0a0b0
f0b0e0c0
e0d0c0d0
0d0d90f0
0d90c00d
b090090a
0c0d0de0
b00b0ce0
0b0e0d0d
c0d0d0c0
c00aa0c0
0b90050e
90e00c80
0bd0a080
0dc00b0b
a0e00fe0
e0c00ee0
09d00dc0
b0e0e0c0
c0e0c00a
b00aa0c0
a0d00dd0
0ca0c00a
d00bc00d
0ec0900c
0d0c0d90
d0d00ed0
080bc00f
d0d00d0a
090dd0a0
900b0eb0
0dd0b0c0
0cd00e0c
e0e00e0e
0bd07090
e00bc00a
0e0df00e
d00b0dc0
e0090d0d
0c0e0c0d
070e08d0
9009d0e0
0c0c0ec0
a00ae00d
0ce00d0e
0cf00ee0
a0d00e09
90e00fe0
f0090d0a
0d0c08e0
d0d00e0f
0b0bb00c
c0a00cb0
d00b0cb0
900d0b0c
0c0cb0c0
0ee00009
d0c0b0c0
0ec0c00b
0e0b0ad0
80c0e00e
0f900d0d
d0d0e0a0
f00ea0e0
0ce00e0c
0cc00ee0
f0d00b0f
e00e0cd0
0da00f90
d0800cc0
d00d0b0a
b00a9007
0d0dd009
0ee00c0e
06d0f0d0
0ba00e0f
d009090c
0bd00ad0
b00e0e0e
d00e900c
0dc00ab0
e0d0c009
f0900f50
d007d00d
90e00ee0
c00b0d0b
0c0ec006
0c0b0cb0
0a0ee0f0
0da00cd0
b00bc0c0
b0f00c0b
0b0cc0e0
0d0fb00b
900e0d0a
0d0ec00e
c00a800a
b09090c0
0d0bd0e0
a0300de0
c0e0b00a
d0090c0d
070e0e08
c0a00d0f
0e0cd0b0
0bc0d00c
0c0b0dc0
d0c00dc0
0e0e0a0f
d0f0d0e0
c00c0c09
d060f00d
200c0d0c
0b0b0d0d
d0d0b060
0b0e0fd0
c0b00ee0
d00aa007
0ab0c00c
f00f06c0
0ed0d00d
d0f0b00e
0de0a00e
0b0de0e0
0e0de00b
0c900a0c
0dd00cc0
0de00b06
f00ba0b0
0e0ec00a
e0c00ec0
0c09e0d0
0ea00dd0
09b0e0c0
0dc00f0c
d00a0cf0
0fe0c00f
0e0bd00a
0d0d0c08
b00ba00c
0e0cc0e0
e00d0bb0
d0c00cc0
0c0c0bd0
080ec0a0
b0060ac0
b00ea080
0d0ed0c0
0fe00ec0
a0c00ad0
c0c00fe0
e0e0a00a
0d0ee0e0
700d0de0
0e0ee00e
e00bd008
0a0e0ce0
0ed00c0d
0d0d0ea0
c0d0a0b0
090d0cf0
080cd00c
0f0aa0a0
0d0cd00c
b0b00ac0
0c0d090d
b0c00fe0
f0c0e0c0
0a0e0b0b
e00cc0e0
0eb00de0
e00dd00d
b00fe0f0
b00ce090
c00e0e0e
07e00ef0
0c0e0cf0
0df00de0
09c0e0d0
b0c00a0c
09a00ee0
090d0eb0
0da00c0b
d00be00b
0f07b00b
0f0f0bc0
e00fc00d
70b00ac0
0ee0d0d0
0dc00ab0
e0090d08
d00d0e0d
0ea0e0b0
b0d00a09
0ba00b0d
0909040c
0c0c0d0e
0bd00f0d
e0e00e0d
0c0cf0c0
0ec00a80
07d00ed0
0a0d0c0e
0ee0e090
d0c00ce0
0be00c0d
c0e00ce0
c0a0600b
0db0c00e
a0d0d0d0
0dd0a00c
0be00e07
0d0fc00a
0a0e70c0
e0d00dd0
0eb0d0e0
d00f09e0
0b0c0cc0
060c0ed0
0d0d0e80
060c0dd0
e0c00b0d
0dc00ca0
0d0dc00b
e00a09b0
0e0b0fe0
0e0c0dd0
b0d00c07
0f0cb0d0
e00c0dc0
a00d0cb0
e00db00d
0ae007e0
0d0dc090
90e00de0
b0e0e0e0
09a00ba0
0d0f700b
e00dd0d0
d0c0a0c0
a00b0d60
0f0e0b0d
0b05d0e0
a0e00c05
0c0e0dd0
a00e0ba0
0ba00ad0
0e0e0cd0
d0d0b00b
0d0dc00c
0be009d0
70070d0d
050ac0c0
0a0cd00c
0d0bb00b
0d0cb090
0c70e090
90b0c00c
d0c00dc0
d0c00b0e
0d0cf00a
b00a0cd0
e00b0c0c
b00e0dd0
d0b0c0c0
0c0ee00a
e00ec00a
0b09e00f
0c0de00f
f0c00e0b
090dc0e0
0bc0e00b
d009d0b0
f0e0d00c
0c0dd080
0bb00d0d
c00cd0d0
0c0d050d
0e80c0d0
c00fd00e
0ba0800b
0808c0e0
c0c0e0c0
0c0da0b0
0ee0d00e
d0900e0a
0be0c0d0
a0e020e0
0cd0e008
0a0c0d09
b0b00de0
a0c00e0f
d0a0d00c
0e0e0ae0
0cf00dd0
0d0e0dd0
0dd00e0c
0fb00a0d
a0c0f0d0
0a090e0d
a0c00e0e
0d0e60f0
20090ee0
05d0e00b
b0a00b0e
080a0cd0
c00cc0c0
a0b00b0d
050de00f
f0f0c00c
b0f0e00d
c0c0d0a0
0d0c0e0e
0d0db060
0e900c0e
0cc0e00e
0f0c03c0
e0e00e0d
a00cb00e
0cd0c00e
d00d0dd0
0780b00c
e0e00cd0
07b00cc0
c00c500e
0d0d0c0d
e0900b06
0e0c0d0d
80d0f00a
900a0d0d
e040e00e
c0b0e0e0
80d0d0c0
c00f0a0a
0f0de00c
c0d00ff0
d0e0c00e
0ba00ac0
0cf0c0c0
0a30d0d0
0cd00ce0
0b0c0d0a
e0d00a0f
b0b00ff0
b00e0fd0
0d090dd0
f0d0c080
c0f0e090
080e0d0c
0a0b0db0
d0b060b0
d00e0d0b
0ed00fd0
0d0c0f80
0b0eb090
d009c00e
06d0a0e0
b0a00cd0
700cd0f0
c0f00b00
d00cd0b0
040c0ea0
0c0d0fd0
c008e00c
c00ae009
d00d0ca0
0bc0060c
e00e900d
e00dd00c
d0e00c0d
c00d0e0e
d00d080e
09e00ad0
e0500b0d
b0e0b00d
900d0c0a
090d0da0
0e0ee0c0
a00f0dc0
f00f08d0
c00ec0e0
0bd0e0a0
0dd0080e
0d080ab0
70b008e0
c0080a07
0d0a0dd0
a00cd090
a002b0f0
d0900d0d
b0e080d0
c00f09c0
0a0fc00b
0ce0c0d0
d090900e
c0c00d0b
0e0f0dd0
08c00b09
0fd0c00d
0d0c0a06
070b0cd0
0704e00c
05800de0
90f00a07
070d0be0
c00be00c
d0e00e0d
0e0ec00e
b0800f90
0ee00e0d
e0b0c00e
b0e00dc0
0d0e0fc0
0ae0700e
0b0f0de0
0a0ec0b0
d0d0a00e
d0d00ec0
09d005c0
d00fb0c0
d0d00ee0
0d0c07d0
050cd0f0
d00e0ba0
e0d0900f
0c0d080d
d0d0e0e0
0c800ce0
d0d00dd0
0909f00c
0a090d0c
0ba0e0a0
d00ce0d0
d00dd00e
0b0cb00c
90a00c06
90d09009
0c0bc0e0
0de0d00d
c0b0d00d
0ec0a00e
0db0d009
0cc0f0d0
0e0e9008
0d0c0f70
d0c00cd0
0fb0700a
04c00d0b
c0d0c00e
d00c0ed0
0ea00d0b
0c0ae0f0
a050900a
e00e0d0d
0ad0e0c0
e0040c06
080f0c0d
0dc00c0c
02800b0b
0ea0040d
d00ce0e0
0d0ba0e0
08070eb0
e00e90d0
d0d00b0c
0f0bd0a0
b090a00d
0d0e0c0d
0609b0e0
0c0c0c0a
0d0d0b0e
0dc0d0e0
0c0fe0d0
e00ad0b0
90d00e0c
0c0cd00f
e00bb00c
0d0e0b0e
0d0e0dd0
e080d0d0
0a0e0d08
0f0c0c08
a0d08090
c0f00ce0
900e0ae0
0ac00a0b
f00df00b
e0f0e0a0
d0080b90
e00980b0
c00e0d09
0f080b0b
0a0db0c0
0a0c0e0d
c00ba00d
f00cf0e0
0c0b0de0
c00da0e0
09c0f090
080b0ce0
0cd0b00d
0c0f0dd0
0e0fd0b0
0dc00ba0
0d0c600c
0d0dd00d
b00e0be0
0d0d09d0
0eb0900b
0c0f0e0d
0ad0c0f0
d0e00c0e
e0e00e0d
d0b0c00e
e0d00dd0
b009090d
0d0a0d0e
040de0e0
0b0c0bb0
900b0a0d
0d03d070
b00ea00c
70b0b0d0
d00c0d0c
b00b0bc0
0ac009a0
9070e0b0
e006c00e
0ee00b0d
c00c090d
0e0c0d0d
d0d00bf0
c0e0e0d0
0ec00be0
0eb00ae0
d0d00d90
0da0090c
e00d0cd0
0dc0c0a0
0db0e0c0
0dc0d00d
d00ba0b0
c00d0b0d
d00e0ef0
090cb00e
0de00c0b
900de00f
b0d0c00c
0bd00d09
b00c0e80
900d0c0f
0d0ec0d0
c090c0b0
0e0b0690
0e50c00e
e090e00d
b00c900d
d0c0900d
0b0f0e0e
b090f0d0
0ce00fd0
a008e00c
e0e00ce0
d0070cd0
b0e00ad0
d0e0d00c
080f0f0b
f00fa00d
0e0ad0e0
70e00c0e
0eb00ed0
0b0b0ad0
0b020de0
e0c00b0e
0e09c00d
b0d00ce0
f00cc00c
a00ac00d
08000b0d
e00cf0e0
70d00dd0
00c0e00e
0c0d0e0d
f00ec0b0
0cb0d00c
b0e00e0c
d00fd0e0
c00c08a0
0fc00bf0
e0e007d0
090b090d
0f06b00c
e0b0f00e
0ea0a00e
0c0e0cd0
f00ed00f
e0b0a0e0
900b800d
d0b00fb0
0db0e080
0a0a08d0
a00da00e
0cb0f0e0
0b800a80
c0a0c0f0
09c09009
0c0a070f
d00ca00d
0a0ca0b0
0ce00d0b
0b0fc0f0
0ec00b0d
0cc00b0b
c0d00fc0
900d0be0
e0e0d00c
0c0d80e0
f0f060d0
b00dd070
b0b00e0d
e0b0e00a
f00c090d
f0f00fb0
0e0b0c0e
c00ac008
d00c09b0
0e0eb0c0
a0d00b0c
0d0e0dd0
070c0ce0
0d0e0c0e
c00be0c0
e0070eb0
0c0ed00c
0d0c0c0d
a00dd00c
0a0dc00e
e00e07b0
0d0a0de0
070c0ce0
0d0cc0d0
0c0d0de0
0ed00cd0
0ec00cd0
080e0d0a
c00fc0b0
09800e05
07d0c00a
0c0f0960
f00be00d
0c90c0d0
0c0e0d0e
0ab00bc0
0e0bb060
0b0740d0
e00fd080
0f09d0e0
9080070d
b0a0d0e0
80d00bb0
0ad00c0c
90d00fe0
a0a00bd0
800c80a0
060e0ed0
b00dd006
f00d0c0d
9080b00e
0db00c0d
e005900b
60500cd0
0b080f07
c0b00b0c
90c00c0b
c00a0ed0
d0d00de0
0c0d08f0
c00ea0a0
c00dc070
09b0c0c0
0dd009f0
0cf00a0c
e00c0d0a
0be00fe0
c0c00b0b
c0c00ee0
0d090905
d00e0d0d
900c0eb0
9090d0e0
e0b0b0e0
0c090d09
0f090cc0
0f0a0ca0
09f0d00a
0dc0d00b
0d90c0e0
0f0df0b0
d00a0dd0
0dc0800e
0e0f090f
c0070d0e
e0800ca0
a0c0c0f0
d0c00e0a
0d0fd00c
d0e0d0b0
0d0fa009
0f0ab00e
0e0cf0a0
e0d00c0b
e0f0a070
0b0ce0c0
0f0ea00c
c00ca0d0
0f080e0b
0c0a0d0b
c0080fc0
e0d00c90
b00cd0d0
500da0c0
090db0e0
0d06d00b
0be00b0b
0d0e0d0e
d00be00b
e00b0c0e
0f0c0c07
800c0d0c
e00fc00e
0b08a00d
0f90b00d
0d600c0b
0d0e0db0
0e90e006
c0d0d00c
0d0ed008
b00ce0c0
e00dd00e
a0b0c00d
c0c0d00e
d0a00ac0
b00cd0d0
e0c00ec0
0b0890c0
0c0ed00d
0d0c0c0d
b0e00de0
09e0b0e0
0bb00c0a
c00d09e0
0ec0d00e
c007c0b0
0ed00bf0
0bc090d0
60d0b0c0
d00d0c0a
0dd00e0e
d0600870
f0d0b00c
0d0c0c0d
0ce00da0
0cd00e0d
0c0ce00c
d00c0c07
a0f00cd0
0b90c0c0
d00d0e0e
d00bb00e
d009e0c0
d00ad00c
0d900c0d
a00eb0d0
0c0ce00d
b00ef00a
d0a0c008
0e0cc00d
0c0db00e
d007b00a
c0b0e0e0
0a07f0e0
0ed0c0e0
d0e00db0
900f0d0b
0d0e600c
0a0c0790
0d0fd00d
0fb0d00c
c00ca0c0
c00f0c0a
c0d00c40
f00e0e0d
d00a0cc0
d0800dc0
a00ee00f
0a800d08
d00de00e
0e0db0c0
d0e00f0d
09d00fa0
b00c0bb0
a0b00e0b
b0e0e0e0
0c0b0b09
0b090fb0
c090c0d0
c090d00c
d00b0be0
0e9009e0
800c9007
0de0d00e
a00a0b80
d00a70d0
e00d0bb0
e00be00d
0cd0d090
0e0ec00d
d00b0d0b
060bf0e0
0c0ec00e
e00b0fe0
f0d00d0e
d00cc009
d0e00de0
b0a0c0c0
a00ea00f
0ce0a090
e00be00d
0c0e0be0
0ce0c00b
c0b0e0d0
c00c0cf0
c00d0c0a
0c0aa00c
0eb0a00e
900ef0e0
0da00fd0
070a0ad0
0cf0e0e0
b00f0b09
0ed00cd0
0d070ec0
06c0e0c0
e0a00ee0
0c0e0a0a
0e0e0e0c
0dd0f00e
0dc0d00a
0f0af0c0
0d0db00c
0f0fd00b
0cb00ba0
09c040b0
0d0c0b0d
200eb009
e00f0ee0
d0d00e0a
b0d00c0d
a00cf0a0
d0e009e0
e00ca00d
090ec00e
d0a009e0
0d0dd090
030d0be0
e00f0c0a
0c0c0d0a
f0d0c0d0
080d0c0d
0de008c0
80e0e0d0
0fc00cd0
0e90d00c
0eb00dc0
b0d00b0e
e070a0c0
0f0e0c0d
0db00ce0
c00b0bf0
e00c0e0b
0db00dc0
c0a0d0e0
c0e00f0e
0e08a090
0ef00e0e
0c08d00c
0e0a0b90
080e0dd0
0d0ce009
0ce0a0c0
f00d900e
0ee00ca0
0cb0d00c
d00d0ec0
08800c40
e0b0a007
0c0d0e0a
e00cb0b0
0c0d0c0e
0db00e0d
0c0b0df0
0be00e08
0dd00b0e
0c0b0c0b
b00cd006
b0d0c00c
f0e0c0e0
0dc00b0f
c0b0c00d
d00a080c
0ec00ed0
d0f0f0c0
60e00dc0
c0b0c0f0
0dd00a0c
f00c0db0
0e0d0be0
0ad0a0b0
0c0c0ce0
08d003b0
b00c0dc0
0a0c0605
0cd0070b
0eb00e30
0e0a0dc0
80c00bb0
0d900b0b
c009d0d0
b00d0dc0
b00d0b0c
e0b00b0a
0a60800b
0ce00e0c
70900bd0
b00c0f0d
0bd0f090
d05009e0
0d0e0d09
d00e0b30
0bd00b0b
e0d0070d
80c0c00e
e00d900c
0d0b0dd0
f0f0000b
0c0a0ee0
c00c080c
0cd00a09
d00b80d0
0ba00f90
0ec008a0
d090d00e
d00e0ac0
0b0cd0d0
09e00d0a
0d0b90d0
0d0e0c80
0df00e0d
f0f0500d
d00c0b20
c0a0080d
c0e0d00c
0c0d7006
090ec0e0
d0b0b0d0
d0b0d0d0
0c0dc00d
d080c0c0
0a09d00b
0ca0b00c
d0e00dd0
0c90f0b0
c00ec0b0
d00c0ab0
e00a09c0
0dd00d08
c00a0ec0
b00a0ed0
0b0cb0d0
0db00c05
c0b0b070
0cd00b0e
c00cf0e0
0c0ee00d
a00ec00a
09e00c0b
0dc0d0e0
0dc0c00d
0d0e90e0
0de0c009
080c0d0e
0bb0d070
0e0eb0e0
0cb00cc0
0cd0c00b
08b0c00d
b0c0d0d0
90080a08
0ed00ce0
0c0d0b0b
0d0cc00e
0ee05090
b00c0bc0
0c0d08e0
e0d0e00d
0db00e90
0f0e0fd0
d00fd007
0d0dd0c0
b0080b0c
0ea09080
70c0e0c0
d0e0a00e
c0d00d0e
40d00de0
e00ed00c
d0f0e008
e0c0700e
0c900e0d
e0d00d09
0cc0c00c
0b0cd00b
0dc00e0c
a0e00dc0
500cf0c0
c00e0ea0
c00ef0d0
0aa0f00d
02b00d09
a0d0c00c
f0090cd0
f00ce0a0
d00d0de0
0ee00e0a
0e0bd00f
0d0db00e
0db0090c
b00aa0d0
b0b00e0e
03c00ee0
b070d0b0
600c0ef0
0a0be0e0
0cd0e0a0
d00c0a0f
d00ae00c
090c05d0
e0d00bb0
0ec00a0a
e00e60c0
c0d0e0c0
d0e0f0b0
0f0c0e06
0c0b0b0b
0dc00c08
b00f0cd0
c00d0dd0
a00ca0d0
b0e0f0d0
d0e00f0e
0e0c0ee0
0560b00d
a00c0a0e
e00cd0a0
b0d0080c
0a800ed0
0d0ee00e
0da00d08
0c0ae0b0
a00d0d0c
e0d0400f
0a0d0fd0
f00ca00a
a0d00d0e
0cc00ed0
c0a002c0
0a0d0d0e
600e0a0c
d0f0080b
800af00e
090ed0d0
0cc0e050
e009e090
0d0ed00d
08d0d0d0
a080f00c
d0c00c0e
c00e0b60
d009e0e0
d008d0e0
0be00a0e
b0050cc0
c00e80a0
d00c0de0
0ce0b00d
a0e0e00d
d00e0c0d
0e0cd007
08b0e0e0
60d00e0d
c050e0a0
0d090cd0
0dc0e060
0e0dc00b
0ed0900d
d00cd070
f0e00c0d
d0e00d0a
70e00a70
0b0ca0b0
0c0c0b0d
0de0d0d0
09c0c00e
0c0d0cc0
0d0c080c
0ce0080e
b00c0d0d
b0d00dd0
c0e00dc0
0d0e0dd0
d00c0b0e
0d30c0d0
0c0a0ee0
0ee0090f
090ee090
e0a0e0c0
b00e0e0c
0d0c0dd0
0d0b0d07
0cd0a0f0
0e0f0de0
10f0d00b
0a0e600d
0c0ed00c
d00d0cd0
0e0de007
c0d00cc0
0d0ce009
80c00fa0
0bd0b0b0
d00c90c0
0c0da00c
a00d0e0d
e0c009b0
0d0db009
0e0f0bd0
c00ed0d0
0c0c0fe0
0d0dd00e
c0b0c00c
06090a0b
0cd00a0c
90e0d0d0
e0c0a00d
0c0ca00c
e0d0a00d
000eb0a0
09a00ce0
d0d00ab0
b00c0e0b
c00e0b0b
0e0ef0d0
0ca0a00d
c0d0a00c
0d09c00d
d0d0400e
e0d0e0d0
d00cd0d0
d00eb0c0
0e0a0c08
0d0d0ec0
090be0b0
c00d0d0a
600de0b0
0d800ad0
50d0a00d
90a00b0d
0e08b00f
90e08006
70b00dd0
d00d090b
0ac00e0c
d0030e90
90c00ea0
0a0cd0c0
900e0707
d0700c0c
a00cd008
0d800c0b
0ed0010d
0ad0c0d0
0cc00af0
f0e0b0d0
c0b0f0e0
0ad00b08
0dd0a0a0
09d00aa0
0a0e0c0c
0e90e00c
c00dd0c0
0c0dc0e0
e00de00b
d0e0d0b0
d0d0d00c
0b0cf0e0
e00ea0c0
a0b00d0d
0c0dd0b0
e008c0e0
09c0d00e
0ec0c0d0
0b0de00d
0c0c070d
c00cb0b0
e00d0d08
c0d00b0c
0e0204e0
06c00310
0c700c0d
0ac00e0b
0d0c0be0
0f0c0c90
e00c0ab0
e00dd00b
c00ec0e0
e0e00d0c
d0700ee0
d00d0c0d
0f0ce00d
0e0ea0e0
b00a0e0c
a0d00b70
090d0ee0
0bf00f0d
0b0de0a0
0e800d90
b0c0c00c
0f0ca0c0
090a0c0d
0ce0c0e0
0f0c0c0b
08c0b0d0
0dd00d0c
b00db00c
b040d0b0
a00fb0c0
c0800ba0
0980c009
0d5060d0
b0d0d0c0
0e90c0b0
d00db008
0d0a0b0f
d08009b0
c00c090c
c00a0d0c
0eb0d090
d0c00d0b
0e0d04c0
0d50a006
0ac0b0d0
e0b00d0f
08800cd0
b0090dc0
0fd00dc0
b00a100f
09b090e0
0ed00dc0
0ed00ec0
b0b00d0c
0ad00bb0
e00d0d0c
0c070b0b
a0b00dc0
0a0ef00d
e00b0cd0
0fa00dd0
f0e0d0c0
a0a0d080
09b00db0
e0c0f0d0
06c00ca0
0cd00ed0
d0b0d070
070c0b0c
0e900c0a
70900ac0
0d30c00a
0ad00ca0
0fd0080d
0f07e0a0
e00c050c
08b080c0
9070d0b0
a070c0c0
0e0f0dc0
e00902d0
0ac00aa0
0ce00d0f
e00fe0c0
09d00ba0
0e0a0e70
020d0c90
0b0e0df0
0ae0e00e
0bc0f00e
09a0e00e
e00d0de0
0e0e0d0b
d07008c0
0f0f0de0
c00d0b0d
b0e0c009
0e0e0e09
e00c900f
0d0a0d0e
d0e0f0c0
0bc00c0e
07b0c00b
e00eb080
a0c00cc0
0a0ab00c
0ff0d0b0
600e0ed0
d00b0bc0
d00bc00e
8090d00f
e009c0d0
0c0d0ed0
0c0d09c0
0fc00ec0
800d0ea0
d00a0d0c
0ce0090c
d00ee00d
0c0a0ec0
a00e700d
a00e0c0a
0cb0e0e0
0db00ef0
c0e00ed0
0ad00cc0
0dd00ed0
0de0800d
0ae0c00c
0bc00ec0
c0e00ba0
0b0be00d
e0a0d0c0
0d0f04d0
0de00cd0
b00d0f0b
e00f0e0e
0db00fd0
060ad0b0
0609c0c0
0d600e09
0c0c900b
300bb0e0
e0c0c0e0
09090b0d
b00be00c
b0f00aa0
0bc009a0
b0b0e0b0
f0900e0d
b0c0b0b0
0c0df0c0
0eb00a04
08c0a0c0
0cc00d04
0c080fe0
0d050ec0
0ea00ba0
b0b00d0c
e00e0d0d
0ef0c0b0
0c0eb00b
0ae00dc0
900c0b08
0e0c0f0c
0fe0070d
c0e00c0e
0bd0c00c
0ac0e0e0
70e00db0
0e070cd0
e008d0d0
040cb080
d00a070b
0c0cd0b0
0bb00f0a
b0a0b00d
d0900e0d
0b0d0a0d
0a0f0dc0
0dd00db0
0c0e060d
0fa0d0d0
05b0e00d
e00be00b
0ee0c0c0
b0e0d00e
d0d00bb0
c0c00c0e
070ae009
d0b0b0c0
0c050d08
b0b00c0a
0eb00e90
e00e0da0
e0d0e00a
0fb00cc0
b0c0c0c0
0f0e0d0d
0c90060e
d00ba00a
d0b0b00e
d0c00bd0
b0f0d0b0
0bb0d00d
0de0e00d
b0900ee0
d00d090e
d090d0d0
b0e0b0b0
e00b0ee0
c00bd070
800d0df0
0cb0050c
0b0f0c0e
0cb0f0e0
d0b0b00e
0da0e0d0
09c0c00c
0d0bc008
0bc00c0e
0ee00dc0
0b0b0fb0
b090b0c0
0d0c6009
0c07c0d0
e00e700b
0be0c0e0
0b0bd0f0
0a0c0ca0
0be00cf0
d00bd0e0
a0b00d0b
0dc00d0c
0ce0c00f
0e0be040
0cd00cd0
0d09b0c0
0b020b90
d00eb0d0
0b0cf0c0
0c0d0ba0
d0a00d08
0dc00bb0
0fe0c0c0
09b009e0
0d700f0a
0d0ee009
e0070c09
0ea00e0c
d0b0d0c0
d0b003c0
0d0c0c04
d0c00b0d
c00e0b09
0d0bd00a
c0c008e0
e0d0b00b
0dd0e00a
c00f0ae0
070b0b08
0db0c00d
e0900d0c
b00ea0d0
0c0df0e0
0dd0a00d
d0d0d00e
b00dc0d0
0ec0b0f0
0bc0a0c0
0e0cb0e0
0e0d0ee0
80d00cd0
0eb0b0d0
0b0d0ce0
e00ed0b0
0e0ad00c
800c0c0b
0fc00fe0
700d0bb0
0ae00ee0
d0800cc0
0eb0e0d0
a009400e
0ad0e0a0
c00cd0a0
0d0ab00b
d00f0ee0
0db0c00c
b00d09c0
e00ab0d0
0da080e0
0ec00c0d
c0f0e0d0
d0e00e0d
80e0e0b0
c0d0d00d
0e070dc0
a00ac00c
0d090d0a
0e09a00a
0e0dc0b0
f00c0d0c
c0800e0e
0cd00ec0
08d00dd0
0d0be0e0
a0f0f00a
0e0d0ed0
0b0c0fd0
e00d0f0d
c00af00f
0b0f0cc0
0db00ec0
030eb0c0
0d0b0e80
0fd0e00d
0be00ae0
a00dd00d
e09090a0
b0f00bc0
e0b00ba0
d00c08d0
07f00d0d
08d0c00c
b00e0c0d
c0a00fc0
0cf00c0b
0f50b007
0cd0e00d
d00cd0d0
0db00de0
0c0e2070
0ad0a00b
a00e09e0
c00bd060
07e00dc0
07c00db0
900a010d
a0f0c009
0b0d0e0d
0e0ca00c
900f0d0b
0ce0f0c0
700da00d
0fd00e0b
0f06b0a0
a0b00a90
d00ed00d
e0d0e00c
0b80e00d
90c0d00c
0dd008c0
b007a008
0fc00c0a
e0d00d0e
900a0cb0
c0b00ee0
b070d00d
0ce0f00d
e0c0090d
40b00e70
e00ed0d0
c090b007
c0e00ea0
a0b0f00f
0cc00cc0
07c008b0
e008c0b0
04b0e00c
0ae00de0
0cf00c0b
0c0fc00d
0d0dd0b0
0ac00dc0
0bb0a00a
d00d0e0b
0dc0c0e0
0ad0f080
c0c0d0a0
0f900da0
090a0b0d
d00b0d0a
d00de00e
0d0fe080
f0c000e0
0e0e0c0e
0ee00e0d
0e0ee00d
0f0ee0e0
e00d0c0a
c0d00dd0
060b070b
0d0de0e0
0e0fa00a
d0d0b00f
0d0b0cb0
e0900d0e
0d0ef0c0
0ed0e0e0
0cd0e00d
d00c0a0c
c00d900d
d0e0b00b
c00f0b80
b0f0080b
0be0a00d
e00d0b80
0bd00be0
0cb00a0e
0eb0900a
09d00e90
0d060ad0
0cc00d06
e0e00f0f
0ca00a09
0b0a0e0e
d070f00d
d0d0a00d
e00b0d70
b00ee00c
0b0dd0e0
0e0ed00b
800c0cc0
0c0ab00d
b0e0070c
0f0d0cd0
a0b00de0
0c0b60b0
d0900c0e
0c0ea00a
0db0e0d0
0c0fa0e0
e0d00b0d
e0c00d0d
f0c00ee0
0eb0c00d
0e90e0b0
0ce0e0b0
0ef00e0b
0bb0800a
0d0cb0d0
d0b0d0d0
c070e0d0
080ed0c0
0e0dd0c0
d0c0e00f
a00fe00d
d00ca0e0
0c0d0e0d
0bd00af0
e00bc0c0
0db00b0c
0e0cd0f0
d0d0e00e
d0e00e0e
0bd0d0d0
0fc00d90
e00ec0d0
0d0a0cf0
c090e00e
060df0c0
b0090c07
060c09e0
0ec0c0e0
0fc0a00f
a00fa00d
0cd00db0
0c0ee00f
d0b0c070
f0c0e00b
d0b0d0f0
0c80f0d0
08d00cc0
0d0d0ee0
0cc00c0d
0d0ed0d0
0e0d600d
e00dd00d
0c0b0d0b
0f0b0c90
c090e0a0
0d06c0c0
0d0dd0e0
b0b0800d
e00c0c0c
0e40c00e
08d00d05
0ed0b000
0bb00d0e
0e08e0e0
e0a00a0f
09a0e0d0
c00cc00c
e090e0c0
0bf0d0d0
e00d0d60
0a0c0d0f
d00dc0b0
500cb080
e0e0090e
d0e0b0c0
c0e00d0b
d00c0ed0
d0e00ed0
0aa0090c
0d09e00e
090dc0c0
c0e0f007
0e800d0c
0dd0c00d
d0c009d0
a0d0c00c
0ad00ec0
d0f0900b
0dc0d00d
0f0e0dd0
b0d00bc0
0d80c00b
e00f80d0
0b0ed00d
d0c0d00f
0d0bb00d
0dc00ee0
0c0b0a09
d0c0e0c0
0e0b0cd0
b0d00a0c
d00d0c0c
090fe0e0
d0e00dd0
0a0bb040
0990c0c0
e0a0070d
0c0ef0d0
c00fc00e
b0e00b0c
070dd0e0
0be0e00e
d0d0e00e
b00a700c
07c00c0e
d00c80e0
e0060ee0
d0a00d90
d0d0d0c0
d0d0c00e
c0d0b0f0
04d00de0
d0e0a00e
0ba08007
0e0d0eb0
0cd0e0e0
a008700b
f00cf0d0
900b0da0
a00ce0d0
d00aa00b
0ed00e0a
d0d00ac0
05c00e0d
d00b0d40
0cd00f0e
0d0e0df0
e0e00fe0
090d0970
80a00ce0
b0d00dd0
0e0bc0d0
b00b0d0b
f00cb0b0
0dc0f0e0
c00d0b09
d0d00e0c
0c0e0fd0
0cc0c0d0
800d0c90
0ec00d0c
b0e00790
900d0c0b
0d0a0b0c
b0e0a0d0
0da0b00e
b00d0be0
0cb0e00e
0b0ad00e
f00bd090
a0c0b00b
0c0c0c0d
0cc00bb0
0de009e0
a0c0c0e0
0de00f0d
0db0600d
0de00ec0
0da00dd0
e00ba00c
0b0a0da0
0a0bb00f
09b00be0
0c090b0d
c00cb00d
a00da0b0
c00d900d
0e0ee0e0
d00de0d0
c00be0d0
d0d0f002
080c0e0e
a00bd0d0
f0b0d00d
e0b050f0
b0080d0c
b00c0de0
a0900c0c
0dc0e0c0
0cc00dd0
0e0ad00e
b0c080d0
0f0d0d0a
0dc0c00d
d0f0d0c0
d00c090a
d0d0c0d0
c00bb0c0
07d0d0d0
e00c0b0c
0e0de009
d0090b90
0b0c800c
0e0cd0b0
09e0d00b
0ad0c00d
090d0ce0
c0b0a00c
0ef00d0b
0d0a0e0d
0ed0d00c
e080c00e
d00b0d0d
0809e00a
0ed00b0d
f030b00e
60e0d0c0
d0900cb0
0bd00b0e
e0a00b0d
b00cc00e
0bd0b00d
e0a0e090
0e90600d
0de0e080
0e0b9090
0d0df00d
e0c0b0e0
03a0a090
0b80e0e0
0a500a0e
0f0d0a0c
c00a900a
0cd0c0f0
0ee00c0e
0ed00c0f
0b0db00d
07a00c0d
0d0d0609
0d0b0dc0
0cd0b0b0
e0b00e0d
0b0de00e
0f0c60c0
e00be00c
0c0d0f0a
e00c0cd0
b0e00d0d
c0e090b0
9009e00e
0a0bd00e
90c0a0d0
0d0cc0e0
0c0d0dd0
0f0c900d
d0b00dd0
030bb00e
0a0c0b0b
c0d0d0c0
0f0cd0d0
b00c0bf0
d0e00c0d
0bc00cc0
0c700e30
0dd0d0d0
900cd0b0
0ad0c0e0
0bc00e0f
d00ff00d
d0d0e0e0
0cd00a0b
d0f0b00d
d0e0a00b
b0a0e00f
0dd0600b
0e09c00d
0f0e0b09
d0c00ed0
0c0d0c09
0cd0e0f0
0ea0c0e0
0d0709c0
0dc00700
c0050dc0
d0d0d004
0f0c80d0
0f0d0d0e
0dd00a0d
f009e00a
a00fe00f
d0700bc0
c00ce0b0
0db0b00c
a00d70b0
0d0d0c09
d00c0fd0
c0b0c008
0ac00f70
e0e00c0e
0c0e0ee0
e070d070
0c080dd0
b00de009
e0e00a0c
e00e0c0d
0ae0900b
07c0d00d
080f0e0b
0e0c0b0b
f0b0b090
0da0b0e0
080e0e0d
0d0dc00c
e0c0e009
0db00c0f
0ab00e09
b00df090
0dd00b07
0cf00cc0
000de0c0
07e0d00e
d00ee006
d0b00d0d
090a900b
d0c0d0e0
0d0ef0a0
c00d0dd0
0e0db080
0c08e00e
0ec00c0b
b0090ed0
0b0c0db0
c0e0d0f0
70e0f0e0
0dc0c070
a00ff009
0fc00aa0
0e0cd00c
0c0b0d90
800a070c
900de090
0d0c0ea0
0bd00f0d
0d0dd0b0
0df080e0
0c0ec0e0
0dd0d0e0
0e0e0ec0
0ca0f0e0
0dc0c080
0d90c00d
0b700ed0
0ce0e00a
0da0b0c0
d0090d0f
0eb00e0c
e00b0c0c
0ad00cd0
800cd0c0
e0e0b00d
08c00808
0d0c0cb0
d00ef00d
0ea00e0d
0e0de00b
0c200c0b
0b90d00b
0c0d09b0
90b0c090
0d0c0d09
e0d00a0c
0d900d09
b0900df0
6080c0c0
07c00d0b
c00c0ce0
0b700b0c
d00ec0c0
0ee0d0e0
0fc00b80
0d0e0ba0
0d090d09
e00ee090
0d0cd00d
0d070ce0
0a0e0d0d
0ea00dc0
b00e0bb0
0bc0a007
d0c0d00c
090dc00c
0d0cc00d
0df00dd0
b00bd0c0
0d0b50f0
900d0dd0
0b0e0c08
c00da00e
0e0fc0c0
b0d0d00b
e0e00ae0
0c0f0c90
a0a0d00a
0d0de00d
0ca00be0
80d0c0d0
e0090d0a
a0c00ed0
80d00b0c
800d0ae0
0c0cc0b0
0c09b00b
b00c0c0c
e0d00f0e
c00ee0e0
a00ce0d0
c0a00809
0ee00cd0
c00dc00f
b0d0400e
08e00b0a
0b0a0b0d
d0090b0d
03e00a0e
b00ee0d0
0e080ec0
0d70c0a0
e0e00d0d
0c700cc0
0dd00d0d
09e0d00d
0be00c0b
90600e0e
0bc00e90
0b06d00d
0d0e090d
0ea00ca0
d0b00ec0
c00c0cd0
0cc00fb0
0790d00f
0f0ac00c
900fb0e0
0b0c0ce0
20e0b00b
e0800ad0
0c0b0e0b
e00b060d
0cd0c009
0b0d0ce0
f0d0d0c0
c00de00d
0f080cb0
0bc007e0
80b00d0a
0d0e070d
f00a0b09
f00de0b0
e0d00e0a
0cc00b0e
d0f00dd0
e0c0b00d
b0a0c00e
0ac00e08
0d900c0e
0fa0e0c0
d009c00b
d00cd00d
c060b0a0
0d0d0d0d
0c900906
80c0c0e0
0ed080e0
8009f00b
f00fd0e0
06e0e00a
e00e090e
090af0a0
b0c0d00e
0bd0c0e0
b0e0a070
f0090c0e
500ed00f
0bb00c0c
0d07d00e
e0d00a0e
b0d00da0
e009e00b
b00b0bd0
c0d00de0
0d0cc009
0dc00c0c
800ac0d0
f00de00d
70e009c0
0e0ec0c0
0dc0e00c
e008c0d0
0e80c00e
0d0ba00d
09d0d00e
d00fe0c0
a00d0e0d
0b80e0b0
c00de0d0
0de0f00e
09c009d0
0fd00ac0
0a090b0d
0e0ac0d0
800db009
0bd0a00c
d0700fe0
0e0cc0d0
0cc00ae0
b0e00f90
0d0d090f
f0b00b08
c00dd0d0
90e00c09
0c0cd00d
0c0c0e0d
0a090d80
b00ad0d0
0d0d0de0
700ed090
0c0a0d0a
0eb0e00d
e00dd0c0
0c0dd0a0
e0e0a00b
b00cd00c
b00e0c0e
b00a0a0b
0ae0b0c0
c0d009c0
0c50f00c
0ec0f00a
a0090c0c
800cb00c
0c0c0d0c
0da0c0d0
0e0d800c
e0b0e090
900ec0c0
c008900d
d0e0090c
0c0d0cc0
d00c0ec0
d00b0ae0
0ad0c0e0
0d0cd00e
0d0df0c0
600d0d0c
c0d0d00b
0bb00480
c00e0dc0
900ed0c0
0fc0e00c
d0f0c0d0
0aa00af0
d0a0d00b
0d0e0a0d
0c0fe0d0
d0c00d40
e0c00ec0
e0f0090a
0c09a00d
80d0070c
90c00eb0
c0d00d0d
0c0de0e0
d00cb00b
060c80d0
0f0c0de0
e0d0d0e0
e00cd0d0
0f0c0f0c
40500d0f
b00c80d0
d00e0c80
d00d0d0a
0bc00b0e
f0d0b0d0
d009d010
0ef00d30
090bd0c0
0de0e0f0
0d900dd0
0f90050e
e00d0b0d
c00e0950
0e0d0dd0
e0b00e0d
e00ce009
d0e0b00b
0e0d90a0
0be00f70
d0d0c0c0
e0e0a007
0e0cd00e
0b0d9080
0e70c00d
0c0d0c0a
0e0e08d0
c00de0c0
600de00b
d0f0c040
0e0d90d0
f0d00e0a
0ab00b0c
0ec00db0
0dc00e0e
090b0d0d
040ae0b0
0b800ce0
0cd00b08
9090900b
900cd0c0
0d0da0d0
c00ed0e0
b00d0e0b
f0d0c0e0
0ab0c000
0a0409e0
a00f0fd0
e0e00c0e
d0c0b00c
d00ec00d
e00b0cb0
b090090e
0f0c0fe0
04c00b0f
d007b00d
0ef0c0a0
e0e00d0e
0dc00e0a
d0e0d00c
0f0cc00b
a00ee00b
c0e0b00b
0d0d080f
0d0b0ad0
a00d00d0
0ed0b00d
d0e00d10
0dc0c0c0
d00c0ed0
900cc00a
c0f00e08
e00ee00d
0e600ef0
0a0cf070
b0d00c0b
0ce00d0e
0f060ab0
090ec00e
b0c00d90
d0b0b00d
d00ed00c
d00b0b0b
0db0b0d0
0ac0c0d0
0ec0e00d
e00bb080
b00c0dc0
0c0dd00e
0909c0f0
0df0f006
0ec09080
c0d0c0d0
0ff0d0f0
0eb0c00e
e00dd00e
c0d0e00b
0b20e009
0c0d0e0e
d0d0e0d0
0c0cd090
0be00d08
90a00f0b
f00d0ec0
e0c0d00f
0dc00de0
80d009b0
d00de00c
0ea0d009
0a0d0b90
0ef090c0
0f0fe00c
d0b0c0a0
0b0d0e09
0d0ed00e
e00cc0e0
0dd0d0d0
0d0dd0d0
0bd0a00b
0ed00bb0
b0070a0a
0c0e0f05
e00bf0b0
d009c00c
0dd0c009
0af00c0c
d0a0e0a0
090c0c0b
0e90c00e
0e0b0d0e
b0e00a0d
d00bb00f
0e0c090e
0e0ad00e
0de0d0e0
c0c0d00c
0ac0a0b0
0d0e0fc0
08c0d0d0
80d0b00b
0c0a0c09
07c0e007
0bc00ad0
0d0e0d90
0dc00cc0
0d0e090e
08060db0
0d80d00d
b00d0de0
c00a0ad0
f0d00cd0
700fe00a
0c0eb00d
0d0c0ea0
0c0cf0a0
0cb0d0a0
0cd00cd0
f0e0d0b0
0ce00a0c
b00b0e0a
b0e00cd0
d0d00b0e
b00dd0a0
d00dd0d0
0ed00df0
0ca0e0b0
0dd0d00b
0e06a008
0e05d0c0
0d800fc0
d00dd00b
0cd0b008
0a800dd0
b0b09009
d00d0d0b
0ea0c0c0
d0e00bc0
0e0b070b
08c0b00c
0cc007d0
0d0de0c0
0bd0e0c0
b0e0c0d0
0d80a0c0
e009080d
0f0b0e0c
e00d0c0c
0d0cb00d
b0800af0
b00cc00e
0b0bc00c
900fd0e0
e00c0906
0d0dc00d
d00da008
d0e0c0d0
0d0be00b
0b0d0cb0
0cf0e00c
0c0ce0e0
0cc00c0c
b0c00ed0
07a00ca0
e060e00b
0f09b0a0
0c0dd00d
0fb00ce0
d00ec00d
800c0b0d
b0c00cd0
c00cd00e
0c09a00d
0e08c0e0
0a0d0d80
0be0f00c
d080b0a0
60a00c0b
b0900ab0
0be0e00e
0ed00f0e
0a0dd00d
b00d0a09
0ae00dd0
500e90b0
0d08a00c
0aa0b0d0
0a0ed00d
e0c0a00c
e00a07d0
0bd0c00d
9007a00d
f00cd005
b0b00df0
0c900d80
e0e0f00b
e00c0e08
80e0700d
e0c0d00c
d00b0c0e
a0c0c080
90a0f0e0
0a0b0de0
c0d00e0d
0e8090c0
0e0ab0d0
08090e0e
d0d00ed0
c00ec0b0
070ed00e
0d08b00d
0bd0b007
0c80d00e
0ed0e00a
0d0d0ad0
b009f0e0
0908f0b0
d0090ab0
0e0d0e07
0e0c090d
c0090db0
b0d0d00b
0f0d0d0d
0d0e0dc0
0ec0070d
0a0ee0e0
b0040d0c
d0f00cc0
0d0f0de0
a00de0d0
0e0ca00e
d00be0e0
0fe00d0c
d090e0c0
c0e05070
b0f0d00e
a0a0e0d0
e00ca0c0
d0e00c0a
0e0bc090
f0b0c0d0
0e0c0ad0
d0d0e00e
0b02c0e0
d009d00c
d00f800b
d00c0b0d
e00a0b09
0de00da0
b0d00a0d
d0b0d090
e00b0c0e
0d0d0e90
700de0e0
c0a00f70
e0c00e0e
0e0f0ac0
0a0dd0d0
c0a00c0b
a00d90a0
060be00d
0b0ee00c
d00c500e
d00d0c0d
0ec0d0b0
e070080e
e00d0d0c
0ed00c0e
e00d0d90
d00bf0c0
0c0d900b
0fa00f0a
c0e00d60
08c00c0d
c0a0d0b0
d0b0d00b
0ea00d0d
d0a0d00c
0e0d0a0c
70b0090d
0f800b0d
e0b0b0a0
0c0cc00e
0c0ec00d
a0080bf0
0d0c0c70
e00b0bd0
d00570e0
090bc00a
09b0f00b
e0b0d00b
c0d0e00a
08c0070a
0d0d0d0c
c0400d0d
b007f0d0
0c90b0d0
d00e0c0e
0970d00d
80080e09
0b0b0ae0
b0d00ad0
e00ed060
900c0ef0
a0b00a0f
0fc00d07
0d0e0d07
0d0d0ca0
5007d0e0
b0a0b0c0
b00ae090
d09090b0
0d0f070f
d0a0b00e
070dd0b0
d00bf007
0ba0e0e0
0c070d0b
b0d0b0d0
0c0dd00e
0ef0d0e0
d0900b0c
d0f00ef0
0e080ed0
f0e0c008
0d090e0d
0dd0c00e
080a900c
90e0e00d
b00cf0e0
b0f0d0b0
0cd0b00b
c0c00cd0
0de00cd0
b0090db0
0e0ac00c
0de00ee0
c0e0b00e
70e00ce0
f00ed0e0
d0a0c00a
070ac006
d00dd00b
d006900c
0e0d0be0
0d0e600e
c00e0f0c
c008a00a
900d70c0
0dd0e0d0
900b0d0a
e00f0a0c
0cb00c0d
0a0c0bc0
0ca00ee0
e00e0d0f
50f00b0f
0b08d090
a0c0c00d
0f0a0d08
e00e0b0d
0e0ca00b
0d060f50
d0d00d0d
e0b0c0a0
90b0b0e0
0d0cb0b0
a0900c0b
c00be0f0
0d0c0c80
b00e0ac0
0e0c0d0d
0c0dd00c
0ee00d0d
e080080d
900dc0a0
c00c0df0
d0b00d0c
0ef0b0e0
0a0d0db0
b00cb00e
b0c00e0c
0c0e080d
0eb0080f
07e00ed0
0ba0b0c0
c090c080
200d0f0e
f0e00b0e
0d090e0f
70d00d0e
0cd0d0c0
0c0e0d0b
d00cb0a0
0ec00e0d
d00e0809
0d0d0e0e
08c00d0d
d0d0c00d
0e0dd00c
0fc007e0
60d0b0e0
0cb0d00d
0b0e0e0f
c0d0f00f
05c0c00d
0e0ee008
0db00e0e
0dc00d0d
e0d00c0c
0de00f0b
e0b0f00e
e070a0c0
0a0d0b80
0d40e0e0
d00a0ca0
c0e080e0
0e0e9090
b00cd0d0
e00a0d0b
080c0d0c
c0f0030b
090ee0c0
0e0d0a09
0d0dd00b
700bd00c
700e0dc0
b0b090d0
c00d0d0c
0e0e0d0f
0d0b09f0
d0d0e007
090de0d0
b00bb0c0
d00c09d0
0a0b0a0d
0d900e0d
60d0b00a
c00cc00d
060a0bc0
0e0b0f80
e0e0e0a0
0a05f0e0
d00d0dd0
080b0d0e
f00ed00c
0d0c0d0c
d0e090c0
f0d0d00d
c0d0d006
0e0b0ba0
0f08040a
0ba080c0
90d0e0e0
0af00dc0
e00a0d0d
0f0b0cd0
d00e0ed0
c00d0de0
b0e00bd0
0be0c00c
e0d0b0d0
e00db0d0
0e070e0d
f0a0e00d
e00cc00c
c0c00c05
90a0b00c
0d0ba00b
c0d00cb0
0c0fb0b0
0d90c005
d00ed0e0
f00d0b0b
d00e0fb0
0d0de090
00080e0c
01e00cd0
800c05d0
d0d00c80
0ef0b00b
d00b0a0c
0ec0b00f
0f0cd00c
0dd0b0c0
0de0c0f0
c00cd00e
0f0c0d0e
0ed0e00a
0c0dc00b
d0c0090c
c0c00e07
0cb0c0c0
0ce00eb0
e00a0c0f
0ef0090d
b0f00ed0
0c0dc0d0
0e0cd060
0e0de00d
0ac0b0c0
a00f0cd0
c00a0ec0
0ae00e08
b070e00e
d0d0e090
0a900a0e
0a90a0a0
0cd0d080
c00bc009
900ec00e
0cb060e0
0dd00de0
d0d00ad0
0a0c0ca0
50e0e090
0cd0d00a
0c800d0c
b0b009c0
e0d00b0d
c00ec00d
d00be00c
0c0d0d0b
c0a0d0b0
c0050b0e
b0d00ee0
a00c0d70
0bd00db0
800c80c0
0e0cd00c
0b0e0dc0
a004d0d0
d0f0c00c
0dd0a0c0
a0b0e00c
0dd00c09
d0d0900a
a00d0e0b
80d0d0a0
0dd00cb0
e00e0d0a
0d0ee0e0
b0e0a0d0
0df00c06
0b0c0ae0
c0d00e0d
0d600e0c
b09040e0
0c0c0e0a
0ed00da0
f0b09008
0ce0b00e
0d0d07d0
e090d0e0
0dd0d00d
0d0e0de0
e0800de0
0e0b0ea0
b0a00b0b
0dd0f0d0
0b0c0d0d
f0800ee0
06900e0e
0d0d0aa0
0d60e00f
08d0c00d
0a0df0c0
0de07000
0a0e0d0e
090b0ce0
0d0d0f90
0d0eb0c0
0ff00de0
b008a0f0
0dc090d0
b0e00b80
0d0c10b0
080d0ef0
0d0d0f0b
d00af0a0
a00dc0b0
0b900b40
70e0e0e0
d0b0c00e
030d0fa0
c0e00d0d
f00d0ed0
700ed00b
0a09c0c0
0e0cc0c0
0d0e0d0b
c0e00d07
0be00fa0
0cb0b00a
0cc0a00a
f0c0d0f0
c005d0a0
a00de00c
0ed0e00a
c0a00aa0
0fb0d0c0
0c800dc0
c00bb00e
0e0b0d0f
e0d0c080
0e0c09d0
b0e00ee0
0ef0f0d0
c00ab0b0
500d0e0e
0d0b0dc0
a0c0d00d
0ec0f0a0
0e0c0c70
d009d009
090bc0f0
d00ed0c0
e0600cd0
b00ac00c
0bb0e0c0
09e0a00c
d00b700d
000ac0d0
0cf0f00d
0c060a0d
900c0ce0
a0a00dc0
0db0d00a
c007c090
e0e00ac0
d00ec00b
d00c700c
e00d040d
e00e900c
0c80060c
0a0ed00d
b0f0b0d0
0cc0d00b
0f8080e0
50e00ec0
d00e0d0f
0d0e0b0c
0d0e0ce0
0de090e0
0cc00ee0
90e0d0c0
0dc00db0
b0c0d00d
a0c00e0d
0dd00bf0
a00dd00b
e0900b0c
700cc008
0ec0d080
d00ec090
0b0dc0e0
0908a00a
700dd0c0
e0a00dc0
0ec0090d
c0c0080e
e0090d0d
0a0c900d
c0b090d0
0c090ed0
d0e0f00b
06d0d0a0
09d00ed0
0ab0c090
08b0e00e
0d0ec0b0
b0b00dc0
b00c70c0
0cd0e0e0
c0900c0c
e00d40c0
0bc00e0c
d00ec00c
b00bc0b0
090e0ea0
0ed0d0d0
0e70d00d
e00e0e0d
d00c0cd0
0ec0c0c0
d00be0e0
a00d0db0
80b0c0b0
c00cc090
0dc0d0e0
e0d00cc0
70b00e0c
0d0eb009
0e0c900d
e00e0d0f
0d0ad00c
d00c0ab0
f0d009f0
c00dd00d
0e0be007
c00c0dd0
a008d060
f0c0900e
0e0b0d0d
c00cb0e0
0e0ce0e0
e050e0c0
e0500d0d
0de00b0a
0d0e0e0d
0ee0c00c
b0b0b0c0
0c0e0ed0
0d0e0d0b
b008090e
d0b0e009
c00ea0d0
0f0cc0e0
0cd0a00b
0ad00dd0
0be0d00c
0e0ce0d0
c0d00c0e
0c0bc00d
500c0a40
0d900c60
d00cc00a
c00e0ce0
0ea00de0
c00cc0c0
06c008e0
e00be00c
0b0c0d07
0a0ee0d0
50e00c09
0c0dc0e0
e0b009d0
c0c0c0a0
d07007e0
09040c0c
0c0d0c08
60c00ed0
0a0a0d0d
b00c0d0f
0c0d0ac0
e0b00dc0
d009600b
0b0e0d0e
f00e0d09
0b0f0d0e
0e0e0ce0
c009c0e0
08d0d0e0
b090c00b
e0a00db0
c00d0d0e
e0c0f0d0
0a0ec009
f009c00b
80a00a0e
0cd0d00d
0d0d0b0b
0e0bc0d0
d00ff0e0
d070060b
0d0cd00a
0dd00c0a
900cf090
90e0d0d0
090ad00e
d00ae00e
d00ed00e
c0c0c008
c00d0cd0
0ce0d0a0
0d090ed0
d00cd020
0e0e0e0c
0be00f0a
a0b0e00d
d00da0d0
0d0fa0b0
0c900d09
f00df0a0
d0a00d0d
0b0bc0d0
d00e0f90
0f0db0d0
c0d0b0a0
4060b0c0
a0f0e0e0
e0300640
b00c0c09
0d0e0ed0
700ed00e
d0d0050c
700ed080
e00ac00a
b00e0d0d
0da0080d
c0d00cd0
0f0d0e0d
0eb0d00b
c00b0d0d
b0b00c06
c00d0d0f
0e0ed0c0
e00b70f0
0d0c0ba0
0f0a0bd0
b0b00e0b
07d00d0e
900c0dd0
d080e00c
0ed00c0c
090ec00d
c0900d60
e0090fc0
e00de0c0
b0050dd0
700c0e0a
0e0c0f0c
0d90c00d
0a0e09b0
0c0c09a0
0dc0e0c0
0dc0f00e
600a090d
e00c0cb0
d0e0c00c
0d0dd0d0
0b0de0e0
d0e0d0d0
b00ba0d0
900c0b0d
d00e0c0a
e00c0e07
d00ed00c
e0d0d0e0
0b0de0d0
a0d0b003
80400bc0
d0d00cc0
0f0c0e80
0c0d0e0e
0ed00d0e
0dc0e0c0
e00bb00a
0bd00ee0
0d90b0d0
0dc0080c
0a0c0d0c
0a0b0ce0
0b000c0d
e00c0ed0
0e0d09c0
0ca007d0
0cd0d00f
c0e0a0a0
c0800b0d
d0b0a0c0
b00c0c0b
0b07c00e
0ed00ed0
d0f0c00b
0b0e0e09
e0b0e0c0
d00e0b0e
05d0090f
d0900fb0
0ed0d00a
0be00e0d
0d70080c
c0c00ec0
c0900de0
0ce0c0e0
0ee00c0e
30098002
f0d00b0c
c00d0bd0
c0d00cc0
0cb00ad0
0ee0f090
0c0e0fc0
b0d00bd0
e0e0e00d
0c0ec00d
0ce0e0d0
0a0d0e0d
0c0908e0
0de00df0
e00e0a0a
d0c0c00d
0ed0f00e
e0b00a0c
e00ef0f0
0e80c090
0de00906
0e0bb0d0
b0d00a0b
0df00db0
d0d0d040
c0e00a0b
0ed00e0c
b0c00eb0
d0c0c008
0d0ed00c
d0f0800d
050db00f
08e0d00d
b0c0d0b0
09e00c0e
d00b0ce0
e00e0a90
0f30d0e0
0e0be0e0
0d0ba0c0
a00d0c0c
e0090d0d
0fc0c0d0
f0090c0b
0e80d00b
d0c00f0d
d00e80d0
c0e0a0c0
b080c00d
0c0490d0
0c0ed0e0
a0c0f0c0
0d090d0c
d00cb00c
f0b0a0d0
0ce0e00d
c00d0e0e
070d0ca0
0c0e0ee0
600b000d
0dd0c0e0
020bd0c0
b00bd00e
e00bc00b
0bc00df0
0b0d0b0c
0d0d0ed0
0ed00f90
d00da00e
0e0e0c90
0f0ce0a0
a0d0d0e0
0cc0d0b0
d00c0dd0
0be0d000
0e0ae0e0
a0d0b00e
c00bb0e0
900fb0c0
c00ec00a
e00e0c0a
0f90c00b
0dc00cc0
0909c0e0
400e0ed0
c00a0ec0
0c0cc0f0
d0d0c00d
500b0ec0
c00cd002
90c00cd0
e0d00dc0
c0d0e0b0
0e0ce00d
0dc0d00b
0c0da00b
0d0a0bc0
0c0d0dd0
c0d0e090
d00ce00b
80d00a0d
0ea00d0d
e00af00d
c080b00e
0c09c0e0
0c0ad0d0
0fa00cd0
0c0d0d0a
d00d0d90
d00ff090
d00e0cc0
90c001c0
a0e00fc0
0bb0e080
50b0e0d0
0c0e80b0
e0d0c0d0
0ed00e60
0370f00b
f0a080e0
090aa00b
0e0907d0
0db0b0e0
0b0de0d0
f0070ee0
0b90c00e
d00ae00a
070d0fb0
0c0d0b0c
0c0d0fd0
e0e0b0e0
0b0dc009
b00c0d90
0f0e90c0
0ed0e00d
0dd00ed0
a0b009b0
0e0c50e0
c0b00ed0
60e00db0
0c0c0eb0
0d0e0b0e
030c09c0
0ba0d00d
900de090
0d0cc0e0
0c80a00d
0d800c0e
0b0c0d0e
0ed00e90
e0b0d00d
0b0de008
0db00ae0
d00ce0b0
c0b0a0e0
0d0d0c70
c00d0cc0
0c0fc00c
0eb00cb0
b0a0f00d
0b0f0dd0
0fd0090c
0d0b0dc0
b050d00c
e0c0c0b0
0eb00f0d
e0a0e050
e00dd00b
a00c0e0e
0e0be0d0
0b0c0a0d
0e0ed0e0
0d0e0a80
0fa0a00e
0d60e0e0
0bf0e00e
f00c0d0c
0e70c0c0
e00c0e0f
0f0f0c90
03d0b0d0
0ac00d70
0e0dd0d0
0cf0f0d0
900ed0e0
d0c0e00a
f00bf090
d0900ed0
0cc0c00b
0ee0600c
d00eb00c
0cb0e0d0
0ed080e0
e00ea00f
0e09e0d0
0e0ed0d0
0e0c0c0e
b00b0b0d
b0a00b08
0d0a09d0
a0d090c0
c00d0b0b
a00e0b0c
0e0f0c0d
a0b0d0b0
0ab0d0c0
0c0dd00c
0e700b0d
d00b0da0
0e0af0b0
0dd0b0d0
e0b009c0
d00c0b0d
c00b09a0
0de0d0c0
0a0c0cc0
a0e00d0b
c00f0be0
0aa080d0
0e0d0ec0
08090c0d
0d090fb0
f00c060b
0e60e00d
0de00dd0
d00eb0d0
0e0e0c0d
0e0da00c
c00ca0c0
90d00a0e
0d0de00b
0b0b0b0b
a009d0d0
b00d0ce0
0dc0800f
d0d00c0d
0de0d0d0
0d0eb00c
c00e0909
c0a080f0
0ab00c0e
d0f0e0a0
c00eb00c
0cd0f009
c0e060e0
a0b00bc0
0d090c0d
0c0d0ab0
b0b0a00f
c0b00cc0
b0d0b00c
9009800f
0ab0e0a0
0d0ed0b0
c0e0c00b
0b0ed00c
b00ac080
090f0ea0
0e0d0c0f
c0d00bb0
e0c00d0d
0e0d07d0
0908a00d
0a0c0cf0
0d0f0bc0
0db00e0b
0a0fe0d0
0dc00a0d
b00fa0c0
c0090d0d
e0800b70
d00cb00b
b00de00a
c00dd00c
c0d00e0e
c0080903
0db00c90
0ad0d0b0
03c00e0b
e0e0900e
c00ed00c
d00c0cc0
0f900c50
0dc00de0
0bb09070
09f0a00a
b0c0e009
0d090cf0
080e0ce0
0a0d0d08
0b0f0ed0
0c0d0dc0
e0c00de0
e0b00a0e
f00ad0d0
e0d0c0f0
e0d0d00c
b0d0c00d
d00ce00e
b00f0eb0
e0f0d00e
09e00f0b
d0d0f0d0
0c0d0b0a
0d0d0ef0
a0f0d00c
09d0080e
0b0e0dc0
c00cb0f0
09a0d00e
e0c00c0a
0d0eb0d0
0e0d0bb0
90090fc0
0e0c0db0
0d90d009
c00dd0c0
0bb0a00c
d00bd00e
a0080df0
0e0c08d0
0cd0c00d
0c0dd0c0
b0e070d0
b00e0ec0
900c0c0c
0ce008f0
d0e0e0e0
90c0e007
d0e00b0e
0e0f0ea0
0d0ed0c0
0a700fd0
e0a0a00c
e00af00e
0ed0f00c
e00ce0d0
0de0050a
600bc00a
0b0cb0d0
0cd00c07
f00c0c0e
0d0c0dc0
f0c0d0e0
900ec00b
e0d0090d
d00bd008
0b0ee00e
0e0d0ac0
0bb0d008
c0c0c00d
0ed0c0e0
0c0ce0f0
0d0b0b90
c009f0c0
90f0e008
0ed0090e
0a0d0cc0
0e900b90
0d900be0
e00e0b90
030ba00e
d00aa0b0
0b0db00d
b0c007e0
a0d00ec0
0a0a0ad0
0a0e09e0
c00d0b0b
0b050b0d
0d90d00e
0c08c00e
0c080ce0
0ad0c0c0
c00c0c09
d00e0fe0
0c0d0da0
b00be00c
e00a0d0e
0c0b0bc0
0b07d00a
d00ca0e0
0c900c90
d0b00c90
a060b0b0
c0d00dc0
07e00de0
a0d00c0c
0d0a0de0
d0e0e00c
080ab00c
0bc00c0d
e0c00dc0
0de0b0e0
0ce00e0c
080de00e
0db00ea0
c00ee0c0
0fa0e0e0
090cd006
a00e0c0b
0fc0c0c0
0c0f0ea0
e0c00c80
c007b00c
0d0a07c0
e0030f0e
0b900dd0
0a0f0e80
b0d0c0f0
0d0b900d
0e0dd0c0
08d0d00c
0d70b0b0
0fb0c00b
0d0bd009
d00d0c0f
0fe00808
e0c0c0c0
0c0dd007
e0e00c0d
e0d00cc0
d0c009d0
d0600ec0
0c0e0e0b
0d600909
d00e0ce0
d007b00c
0e09c009
0904d0f0
0e0c0dd0
0a70b00b
090e0d0d
b00dd0a0
a00ad00a
d0d0b00b
0d0c0d09
0bc0b00d
d0e00d09
0b0e0b0c
e0e00c0c
e00c0e0d
90b00ab0
a00ac00c
60a00ed0
0d07e00d
b00b0b0c
0c0fe00c
0d0d0d0d
800b0c0c
e00ef00a
e090e0c0
0ed00cd0
900ef00d
0ec00c07
c00c0bd0
050d0dc0
800e0c07
0c0fa007
0e0bd00e
e00d0d06
0f0cb0e0
0e0d0e0a
d00cf008
90700e0d
e00c0bc0
f00cd0f0
0dc00e06
09d0c0d0
090c03d0
0bb00d0a
0c0ab0d0
b0e0b00d
c0080fe0
e0a00b05
c00a0c0c
b00c0ca0
4090d00c
09b0d00a
c0e00d0f
0e0d900d
090c0ca0
09c00f08
d0d0d00c
0ec00d0a
0dd00fd0
0c0d90c0
0bd00bf0
c00cc00f
0f0ed0d0
0ef0b0c0
0c0cd070
0cb0c0d0
0ba00d08
800ee0e0
c00d0dc0
08e0d0e0
0ac00db0
400ae0e0
c0e0b009
090cc0d0
0e700f0f
0ec00b0e
f00e0b50
d0c00d0b
b0600ac0
0de0d0c0
0d200e0c
0dc0070b
0de0b00c
e00df006
0b0ec00c
0ea00dd0
a00bd0e0
d0e00df0
90d0e090
a0b009d0
0b800d0e
c0a0f0c0
0fe00d60
0ef0d0a0
e00908d0
0c05d00b
c00fd00a
b0a0e0e0
0db0900a
c00d0d0d
d00bc00a
d090a080
0c09b00a
0de00c0d
0c08c0b0
0dd00a0b
0ed00c08
d00ef0d0
b00db0c0
0fd0d0b0
b00c900d
c0e00be0
0ab00cd0
0be00a0e
8090a00d
0b0cf00e
b008d00d
0e0e0be0
600d0d0c
c0d0d009
0c80d0d0
080c50b0
0f06700d
0e06d00e
b0d0c00e
b0d00908
b0c0a050
d00eb00e
0db0b0b0
d0c0e0d0
c00b700b
c090c090
09a00c07
0e0a0d90
e00ee00e
0bf00c0c
0dd0f00b
c00d0890
0c0d0e0e
c0c0d010
e00dd0d0
0ed00cc0
0cc00db0
0e0e0ed0
d00f0d0d
700e0bc0
c00e0d0a
0e0c0ec0
a0500b04
0ec00ca0
0e0bc007
a0c0e0d0
0e50a0c0
d0f00d0e
0e0d0c0d
0ee0e0d0
d00ac0c0
d0d00dd0
0e80b0d0
e00a0cb0
c00fa090
0bc00d0d
e0e0d00d
0c20c0b0
90e0d0d0
0bd0800b
a090d0b0
700bd00e
0c0e0e0e
0de00bb0
d0d00af0
0be0a0b0
c0c00ca0
0ed00dc0
c0c00eb0
e00ee00d
0d0e0c0b
0790a0d0
e0e0e00a
0ed0d0a0
e0c00b0d
0ed0d00c
0d700d0c
04a0800d
c0900de0
b090d00e
0c0cd0d0
0ce0a0a0
e009b009
0b0ec0c0
c0d0e090
0eb0a00b
0d90e00e
c0c009c0
d0d0b0d0
0e0de009
d0c008d0
c0f0c070
0ed0d0a0
c009090c
d0e0d0d0
030bf00e
0eb00d0a
0a0c07a0
80d0b00b
0dd0d0b0
0cd00d06
0e0dc00e
0cc00d0d
b0900ef0
b00ef00c
b0c0d00e
0c0c090d
03900e0e
0c0da00c
0cd0e0e0
80e0e00e
d0090e0b
900eb0e0
0f0ce080
0c900dd0
0ed0b00c
0d0c090e
b00e0f0d
0cc008c0
c0d0c00c
0e0c600c
0b0da0e0
80d0f00b
e0a0e0c0
e00e0d0d
b00d0ee0
d00d0d0e
0a0d0d0d
000d700c
0e0ae00a
080dd00d
0de0a0a0
09b008f0
0e0e0ac0
0de00fa0
0e0ed00a
d0900ee0
0dd0c0e0
a00ed080
0ec0e00d
07e080b0
0b0ad0d0
c0090c0b
0cc0c0b0
d080c00e
d00ab009
a00dd00e
a0a00d08
0d0f040b
0dd00f0a
0c090d0d
a009d00c
c0c0d0e0
b00c0bd0
d00a50b0
d0b00c0e
c0b0d00b
0ec00c0b
0fe00bc0
e00d0ed0
900fd00e
d00b0c0b
0c0bc00d
0a0ed00c
e007b0d0
0cd0c0d0
d0d0d0d0
07b0e00b
f00b0e0d
0d0be00e
0e0e0f0c
a0c00d07
e0c0d0c0
090b0950
0cb00905
b0d0b0f0
0aa0c00a
c0e00e0c
80a0d00b
f00d0e0a
c00f0dd0
b0d0d00a
0ee00d0e
0be009f0
e00c0eb0
90b0600b
0f800c0b
0dc0070a
0a0db002
0c0d0da0
b00da0a0
e00eb00c
0d0a0d0d
c00a08b0
e0d00cb0
e00cd00b
e00c0e0d
0c0c0c0d
700da0c0
0e0da0b0
080eb009
b00ce00d
e00d0c90
e00ac0e0
b0090cd0
e0c0b00b
080cc00d
c00d0e09
a0c0d090
e0d09009
0ce00f0f
0bd009c0
0b0ed0b0
0809e00c
0c0b0a09
0b094090
d00d0ef0
f00ed0c0
d00c0dd0
0ec00b09
d0b0c00e
0e0d08d0
c060b00d
f0c00b0c
e0c00d0e
f00c0d0e
0e0b0aa0
c00a0a0d
0d0dc0e0
0dc0c00d
080fb0c0
0d0bd00f
b00fa00a
e00d0de0
a00d0cc0
0ae0400c
d0d0b00d
0c0e0d0f
c0090ec0
0a0e090d
0ed0060d
d00eb0e0
e0d0b0d0
0a0f0fd0
0ac090e0
0d0de0b0
e0c00d0b
0b0c0c0b
0bb0c00c
c0c00ee0
d0c00b0e
0b0f0de0
0e0de0d0
c00db0a0
e0d0090c
0b0cd00c
c0d00d07
d0d00b0c
d0d0c0d0
d00be00b
09b007a0
09f0080a
0ee0700f
60c00bc0
e00a0ca0
c00cb00d
d0d00fd0
d00d0e0e
0e0ee00f
e00e0b08
0e0c0a09
e0e0e00c
0b0d0bd0
900eb0e0
0c0c0e0a
070ce00a
03e0d0b0
0e0e0d0f
0d90c00e
0dc03008
a0900ed0
b00d0ab0
0d0ee00a
0dc00c0b
0d0ed0d0
d00eb0d0
0e0d0d0c
0dd00a0c
0d0dd0e0
d0e00e0c
0d0ed0e0
800b0e0d
0ee0a00d
0d0da080
0ad0c0b0
b0e00ed0
d0a00bb0
0f0e0dd0
0d080e0b
c00fa0b0
0d0b0e0c
c00ec0e0
0f0b0b0e
d00b0b09
e0a009c0
5060d00f
0a0ed0c0
0e0e0ce0
0fe090c0
0ff00cc0
4007900b
0b0dd00c
e0700ea0
d0800ac0
0e0dc00d
06900b0c
d0900b0a
0a070d0e
0cb0d00b
0ca080b0
80b00b08
0d0c0e0b
f0e0c00c
d0e00dc0
a0c00ab0
c00de0d0
e00a0d0b
0e0a0e0e
a00f900e
0ee0e0c0
b00f0b0d
d00c0bc0
09f00ee0
e00ed0d0
70e0d00d
0ec0c008
0ca00b0e
d0e00fc0
0e0ad0d0
c009d090
f00b0ae0
0c0c0ab0
0d0fd0c0
c0d00dc0
0e0cc0d0
0c0d0ce0
c00bf00c
500de0d0
040b0ff0
0c0e0b0d
0e800bd0
080bd0c0
0f0c900a
b0c00fc0
9070600e
c0e0d0c0
0a090a0b
b00e0e0d
d00e900e
c004e0e0
0a09d00f
070fe00d
900c0b0c
070dd0d0
f00a0ec0
e00db0b0
70d0d00d
c0d0f0d0
0eb00f0a
0a0d0dd0
0908f0c0
080b0dd0
700d0dd0
0ed00c0c
0f0bd090
600ed090
0bc0c090
d00fb00d
b0e0d00e
e00b07d0
d00d0cb0
b00d600a
e00c0a0d
b00d0db0
d0f0d00d
0dc0070c
080eb0e0
0cd00ac0
0c0cd00d
c00e0cf0
0e0a0b0c
0dd0d0b0
0de0600b
b0d0090e
0e0c0b0c
f00cc00b
0b06b0b0
0e0b0cf0
e0090d0b
b0d0c0b0
b00da0c0
0ce0d0d0
0dd0e00f
0b0d0d90
d0d00ce0
0d0cd0d0
d00e0d80
0ac0080c
0ea00cd0
d008e00c
d0050bd0
0d0cd0e0
90e0d00a
c00b0d0c
0b0b0d80
c00ad0d0
e00bf00d
0d0b0990
05d0b00d
0fd0e0e0
e0d00da0
0e090c0a
0d0c0d0e
b0e0d00e
70e0d00d
e0900c0b
70f0d00b
0da00bb0
0bb00d90
d00c0ee0
d0d0e00c
c00b0ad0
0fd0a0d0
e00c0fc0
c00d0e08
0bc0c00d
c00a0ec0
0c800a0c
0d0e60d0
0dc0c00c
05b00ed0
500cd0d0
e0a0d00b
0c300dd0
060e0c80
d0f0d00c
0ec0e080
e0c00dd0
0ef0c00d
a0e0f0f0
0ae0c0c0
e00b0eb0
c00da00a
0b0c0aa0
c00d0a0c
b00e0b0c
0ee0e080
0e0d90b0
b00dc0e0
d0e00b0a
0db0800b
e00cc00b
0dc00d80
d09007a0
0f80d00b
80d0f0a0
0e0b04c0
0de0d00d
c00e0eb0
b00dc0e0
f00c0e0a
e00a70e0
0c0c080b
90e0700a
c0d0f00c
0fc090b0
f0e0e00d
c0c00c0d
0ce0c00d
0a0b0d0b
0fd00b07
0ee0e0d0
09a0e00f
0ba0d0a0
90d0d0c0
b00c0d0a
d00780b0
f0d00e30
a0d0e00d
0ef0e0d0
0c0a090e
0c0d09e0
0ab00f08
0ed00d80
0d0a0dc0
0b0c090c
f0900ce0
0de00dd0
d00b09d0
0ee0050a
0ee00c0e
e008d0e0
0b0ad00f
d00cd0d0
a00db00c
0dd0b080
d00b0ec0
0cd0c00d
b00d0a0e
0e700d0d
0b08d00d
0b030af0
090c0f0e
c0f0a00e
0bd0900d
d080d0e0
0ef00da0
e0d0e00d
d0c0d050
0a0e0dd0
0ce00ee0
d00ac00b
c0e01090
0f0dc009
0e900a0c
09d00b0c
e0c00e09
50050d0c
e00b0e0e
f0d0f0c0
c0e0e0c0
d001b008
0cc00cd0
c00ee0c0
0d090da0
d00a0c0e
0cd00a0b
0ed0e0d0
c0d00d0e
0fe050d0
0f0cd00c
a0d00ea0
0c0de0d0
e0b0090f
d00b0a05
0ed0c090
c0b0d0d0
300ed0d0
d009d00e
a00c0d0b
c00f0d09
d00ed00d
0c06b0e0
0e0ed0d0
0da0e0a0
0ed00c06
b00c0e70
e0080bb0
f00e0e70
c00b0b0d
d00c0ed0
0a500cd0
f0d00e0e
d0a00bd0
0e0bc0b0
0d0b0900
0aa00e0d
0d0b0e0d
f00c0ec0
e00a0e0e
0da0a00d
0de00c70
c0a0e00e
080eb0d0
800dc080
0e0c0a0e
c0e00990
900b060c
d00cc00e
0ee00e0f
0a0a0dc0
0d0e90d0
0d9080c0
e0c0c000
e0d0d00e
0e0c02c0
0dc0e0c0
0bc00a90
d060a00a
b0a00cb0
070a0c0a
0a0cc070
a00de0d0
d00ed010
0a0b8007
09b00f90
d0b00ba0
200d0fa0
0f0da00c
0c0bb00d
0b0ec00b
d0a0e0b0
f0d0c0b0
d0e0900b
0ad0e0e0
0ea00d0c
0e0e0b07
d0800a0a
e0e0c0a0
0dd0e090
e00de009
d00e0da0
b00d06e0
c00d0b0c
70c00f0a
c0d0b0e0
c0a0d00e
c00b0e0d
d00ce00f
b0b0e0e0
0d0d0ce0
0fc00a0f
50c0400b
0f0d4090
d00c0cc0
0d60070c
e00eb00d
0dd0b00a
0ae008f0
90d0e090
0db00f09
0d0e0db0
e0d00ca0
e0c0b0d0
0d0c0970
f004d00e
010db0b0
0c0dd0e0
d0d00a0b
a0b00930
d08080b0
0bc00ef0
0a0a0e90
0d0c0db0
d0b00df0
0e0ce00b
c0c0c0e0
d00d0a0e
e0060e09
0c0e090e
c00b0a0d
0cb0d0b0
a0d0a0e0
080ec00d
e00dc00a
0a07a00a
0e0c0d0a
e0d0d00b
b0c00f0f
0de00c0e
0d0d080b
e0c0e0d0
0df0e00c
0ad0f00f
e0c0d0d0
c00bd00b
0d0c0ef0
900c0db0
c080f00d
0f0c0cb0
d00bc0a0
c090c0c0
0b60d007
e00ce0b0
0dc00de0
0e0c800c
0ee00a0b
c0e0d0d0
b00ae0b0
9005c0d0
0b0d80f0
0db00dd0
0d0d900f
c00dc0e0
0d070e0c
0e0eb00e
0de00ac0
0be0a00c
0ef0f0c0
e00ba0b0
090e0d0d
0b0a04b0
c0b0e00f
0de0900c
c008c0f0
0e0d0dc0
d00cd00e
e006f0d0
0de0d0c0
0c0cc0b0
0cb0e008
050d0df0
b0d00c0b
0cf0c00a
0ce0e009
d00e0e07
f00d0dc0
0bc0e0d0
0c0cc090
80800a0d
e0e0e00c
d0c0c090
a090c0d0
b0b00ee0
0b800d0e
e080b0b0
b00c0ef0
600eb0f0
900cc00c
0dd0d00c
0f0dd050
e00a0790
0d0d0ec0
b0b0d0d0
0fd00ce0
0ee0c00e
0ce0e00d
0cc00dd0
d00c0f05
0e0e0c0c
90a00b0b
0d0d0a0e
d00d0cc0
e00d0ce0
0ed0c00e
0cd0e0d0
d0e007c0
b0e0c00e
d00c0cd0
b00c600c
70700d0d
f080e00b
07b00bc0
090c0ee0
b0d040c0
0d0d0be0
0ee00bb0
d00df0e0
0f0e0df0
0e0dd0c0
0be00f0f
a0e00bc0
0de00e09
f0f00fd0
e00d90d0
e00b0a0a
d080090e
b0b00b0b
0d0d9070
0d04c090
0d0dd00e
b00bb0e0
09b00b0e
0b0d0cd0
d0b00c90
e00df0f0
0e05a0d0
0fe0c0d0
070ed00e
e0d0500e
e0060908
b00b0d0e
0ad00c0c
0c08b0d0
b00c0de0
0d03d00c
800b0ad0
0e900bb0
0a090c04
090e0dd0
d00b0de0
090e0da0
0ed0c0d0
d00d0b0b
080c800c
0f60e0e0
c00ad0b0
c0e0c0d0
0c0e0c90
0de0b0e0
c00909c0
03e0d00c
b00c0a0d
0ad00e05
0f0e900c
0e0e0a08
e00e0ce0
d00bb0d0
b0e0d00c
90a0d00b
e0a00de0
0e0c0dc0
a0e0d00d
c0d0c070
f00d0ab0
0d0ad0b0
0e03b00b
80c00cc0
700de0c0
c0e008c0
b00b0dc0
e00b0d0d
a00e08f0
c00d07e0
b0e00d09
e00dd0d0
f00da060
a00d0eb0
d0a00e0c
60c00e0b
f0d00c09
0dd00e0d
0cb0b00e
0aa0a00e
0c0a60a0
c00f090f
a00d0a0e
90a0a00d
f00c7008
d00ce0c0
c0a00b09
0e0bc090
0d0d0be0
020cc0b0
f00c0c00
b00a0709
d00c0e0a
0fa00d0a
0e090a0e
0e0d0c0d
0e0f40d0
f00d09b0
e0080c0c
e00b0d0d
d0d0b00e
d0a00ae0
0ee0c00c
0dc0b00b
0d0a0e0b
0b0c0b0e
e00cf0a0
f0d09009
d0e00e0d
0a0c0d0e
0ef00dc0
0f0d0be0
0e900eb0
0cd0e009
0ff0d0e0
d00ed00b
0da0b0d0
0ed0b00b
0ed0b0b0
0da0090d
0b0ee0d0
0ee00cd0
a00e0b0d
c0c00ce0
0ce009d0
0fd0090d
b00a0ad0
a00eb0b0
0d0db00d
0e0d90d0
0dc008c0
f0d00c0e
0c90c00e
0f0ed0d0
0eb0d00d
a0900c0b
0d800d70
0e0d800b
f00ec009
d0d00dd0
0e0e0ee0
e00d0c07
0ad0e0e0
0d0d0eb0
d0c0b00b
c00ec00d
d00ed00e
c00d0e90
0a0d0cb0
c0080e04
80d0d090
0dd00a08
0ce0d0d0
80e0f00d
0d0ed0a0
e0d00de0
0d600cc0
0ec00c50
0ad0f00b
e0e00a0c
0d0bc00e
090f90d0
c00e0c0d
e0c090d0
0007e00e
e00db00e
0c0f0bd0
0ce0e00d
0b90c0b0
0dc00cb0
c0f0e0a0
d00bd0d0
b0c00ad0
d00d09e0
d0d00c0e
0ce0d0c0
f0a0070c
0ea0d0c0
0de0b0c0
0e000bc0
d0070b0d
d00c0ca0
0e0c0ba0
d003d0d0
0db0a0b0
a0e0d00c
09c0a00d
90c0d007
0e0e0cb0
d0050d09
800a0ee0
06d00d0e
09c0700d
0ef00cd0
d0f00d0e
c00e0dc0
0be0500f
0f0b900b
0d0ac0c0
0b0a0f0e
b0a00fb0
d0e00e0e
e00d0d0c
0b060ee0
d00cb00e
d00d0ed0
0d0f0e0e
0bf0b0d0
0ab00a0e
a0d0d00d
0bd00c50
0ee00d0e
0b0de00f
b00e80c0
d0d00e0e
c0080a0d
0d0b90d0
e00cc0e0
c0c00de0
b0d00cb0
0f0c080f
a00ee00d
0ca00d0d
0b0db0b0
07a00fe0
0a0bd00d
b0d0d00d
a0a00db0
0b0c0e0e
0d0d0880
b00d09b0
c0b00dc0
0b0c0fb0
0c09d00b
0e0fe090
0db0f0d0
d00d800c
e00d0a0b
0b0dc00b
d00e90c0
0b0ed00c
0c080bd0
0be0e00a
d00cc008
500f09a0
d00a0cf0
05f07020
0e0cc00e
0da0a00e
c00890c0
a0c00a0d
0c00c0b0
0ce00eb0
b00e0d0f
d00be00e
0de00cd0
d00be0a0
e00d0d0c
c0d0d00c
e0e0e00d
0f0c0d0c
d0d0b0b0
80d00b0d
0b0fc00e
0ea00d0d
b0b0b0d0
0e0f30b0
0b0da090
b0800c0e
0c080d70
d0c00a0e
080fd0e0
a0c00ee0
d00e040d
b0090d0e
0cd00de0
f0e00b0d
d00e0dd0
a0400e0f
070fc00e
900c0ed0
0cf0c00a
0fa00e0d
e090d00d
80a0a0d0
d009d0c0
c0e0c00c
e00e0908
0e0bd0d0
090a0ce0
0ea0f0c0
0de0e00b
c0080e0e
c0e00eb0
0ea00a0f
d00b040e
c080070e
0c0d0ec0
0a0cf090
d0e0e0d0
0e0e0ec0
0ba0c070
300e0a0c
e0b0d090
e0e0b0e0
b00f090c
0db00ec0
0e0cf0b0
0cd0c00b
0c0ea00d
0cd0d00a
0bd00bb0
b0d0d0b0
0db00a0c
d00fe00a
e00e0f0e
0c0d0d0a
0a0cb00b
d00ee00c
0ab0f0b0
0a0d0ea0
c00d0cd0
0c0de00c
f00a0c09
a00cc00d
c0800c0f
600e0cd0
0dd0800b
b0d00c0f
e0f090d0
f080e00d
0e0c0cc0
0f0dd00a
0e0bf00b
d00e700c
0a90a0b0
e0f0d00d
e00e10c0
900d0b0e
f0d00d0e
0bb00e0b
0e0e0e0d
a00bf00d
0cb0d0c0
c0c0b070
d0b0d006
0bd0d00c
d0a00890
d0900ca0
c009e00e
0c0b0c0b
0d0e0c0f
0bc00ec0
0c090b0d
0d0d0f0c
f0e00bd0
0de00b0d
0cc0b00c
0cc00e0b
b00b0db0
a0b0d0c0
e00e0de0
07800aa0
c0e00d0d
b0d008c0
0b06c0b0
0ce00e0c
e0a00e0e
b00c800a
0e0da00f
d0f0c00f
d0a0e0f0
0fe0e0f0
d0c00dd0
c00a0ea0
0bc0d00e
0a0ce006
e00bb060
0ec00fd0
0e0e0d0e
0d900f04
a00ef00a
c00a0c09
0cd0e00f
d0e0c00d
c0c090d0
c0d008b0
a00d0db0
0cd0f005
c009b00f
0c0a0be0
0ce00d0d
a0c00a08
0a0c0e70
e00b090d
f0e0d009
c00bc00a
0ee0e00b
d00e0e0a
c00cd0a0
0c0af0d0
090ce0e0
f00d0e0b
e00da0d0
0eb0d0b0
600be00e
0af0a00e
b00ed0c0
0e0b0cb0
c00d0ef0
0d0e0c03
a00bc00c
0ee00ed0
d009d0c0
b0d0e090
d00c0ce0
e00f700e
500c0cb0
e0d0090e
0d0de0a0
c00a06c0
0bd00d0c
c00fe00f
0dc0a00b
0dd0c00b
050d0cb0
f0080d0d
c00de00d
0f0e0b09
900780f0
d0c0b0d0
0de00d0a
d0800ee0
0dd0f00e
0fc00e0c
0e0d0c09
0a0f07e0
0c0cb00b
0d0a0d0d
0fc00b0c
d0d00d0e
0dd00e0d
0a800dd0
0d0c0cc0
0c70e00e
0e03c0c0
a00b0d0e
e0a00dd0
d0d0b00c
e00d0d0a
c00d0e08
e00d0bb0
d00b0b0b
0b0c0db0
b0090c0e
70c00de0
0c0909d0
d0e00c0e
a00f0d0e
d00c0fc0
0ed00bd0
e00b0db0
0c0cb0e0
0d0d0ee0
c0c0e00d
0dd0c00d
0eb0c00e
0de00dc0
600f0dc0
d00e0c0d
d0d0d00e
e0e00b0d
80090c0e
0c030d0c
c0f0e0a0
0c700dd0
d00d0f0b
b00c0b08
0e0be00e
b00b500b
09b0f0b0
b00bf00d
0d900e0e
0c0eb0c0
0a0d0bd0
d00fd0b0
d0c0b0e0
b008f0f0
0f09c0d0
0cc00d0f
0c0d0dc0
d0d00c0c
e0e00a0d
d0b00f0b
c0b0e00d
e0d00dd0
0bd00e0b
c00bc00a
c005d00e
c0c00db0
e009f00e
c00b0dd0
d080c00d
0e0cc00b
d0e0c00e
0dc09090
0dd060d0
0bd00d0f
e0c00e0a
0e800e0d
d0e00c0d
07f0c0b0
c0e0020c
0d0db00e
090e800c
d0f0b00e
f00f0d0c
0e0f0dd0
0ed00a0d
a00e0e0b
0fb0e0f0
0d08c00e
e070e0c0
d0700dd0
d0c0070c
d0b0a009
0df0b0d0
a00b0da0
0d500fc0
e0300c0c
0d0e0d0a
0d07e00e
e00e0de0
f00f7060
0c500e0c
0de0800f
0d09e0b0
0c0db0d0
d0d00f0e
0eb0e0d0
0a0de00c
0f0ae00e
0fd0e00a
0f200cb0
70b00cc0
80d00a0b
050c0dd0
e009c0b0
f007c0c0
0cf0e0e0
e00dc0d0
0d0a0db0
900cc0d0
70b0f0b0
e009d0a0
f0e0e0c0
d0e0a00c
0a0dd00b
07c0070c
0a0ac0d0
0ee00db0
e00c0d0d
c0d00d09
0ed0d00d
d0d0d00c
09700bc0
c00c0ec0
a0c0f00c
c0b0a0a0
d00e0ec0
d00ad090
0dd00d80
c0b00a08
0e000fc0
0c0ef060
0ac0b00a
09c00b07
0d0d80c0
0db0090e
0e0c70e0
0b0c0c06
b00e0be0
e00cc0a0
0a0b0e0a
f00e0a0f
0ed00ec0
0c0e0e80
0dd00d0e
0ce0e0d0
900b0908
70a0090c
d0e006f0
0cf0d00d
097060f0
070c0d08
e0e0c0e0
900e090b
b00ce0d0
0a0d0a0b
0c0ec0e0
b00ea00b
c0c0d009
0cb0a0f0
d00e0c08
d00dd00c
0c0c80d0
0cd0f00c
d00c0bc0
60d080e0
e00e0df0
f0c00bd0
0b0cd00a
e00e0b90
0ed008d0
b0b0900b
0ce0b0c0
09e0d0a0
0fe00b90
6004d080
0cc00f08
0ef00a0a
0e0ed00f
0be0d080
d0c0d00e
0d0ee0c0
040e0be0
d00df0d0
d00a0ca0
0d0dd0d0
0ad00d0e
0b0e0f90
c0f0c0b0
900de0e0
0ef00b0b
e00c07d0
0b0a05e0
0b0d0bd0
c0d00cb0
e00d0e06
08c00e0c
e009d0b0
0cd0e0d0
e0f00e0e
e00bb00c
0eb00c09
d0d00c0f
0b0e0a09
0cd0a008
0df0d00c
0df0e0e0
0d0dd0a0
0de0e0c0
0df0c008
b0600d0c
0cc0c0a0
c0c00c0b
d090c00e
0f07d0e0
0de00b0a
0cd00a06
0da00c0e
0e0ed0b0
c00cc00e
0db0d0c0
b0070de0
0a0dd00d
e00d0db0
e0e0f0c0
e0b00d0e
0c0b0da0
c00e0b90
e0d0a0c0
d0c0b0d0
0ee0f0d0
c0900c0e
0d0e0cc0
d0040dd0
b0d0060f
0d0dd00b
0bd00b70
0c0f0ab0
80e00ef0
d0b0c0c0
b0e0d00d
0d0d0e0e
e008e00c
0d0d0a0c
d00d700c
0ed0e008
08d0c0d0
0bf0d00e
0c900ea0
b00a9090
e00fd0a0
c00e0da0
0d0ca00d
e0e0c00d
c00de080
0d09d00d
0c08d0d0
900ce080
0cd0c00d
0dc0e0d0
0b90c090
d0d00b0c
a00a0fe0
0cc0c00e
e0b00fd0
b00a0c0b
b00dd0a0
0a0ac00c
07d0d00c
b00ab00f
d090c00e
0e0d07e0
0ae00c0c
c0d00d0c
d0b00ec0
c00ae090
e00dd00d
c00a0cc0
0dc003c0
8060c0a0
09a00b0a
0da00e0d
50d0c0a0
d0900c0e
d0b00ce0
08800eb0
e00e0d0d
0cf00e0e
c0f008d0
0d0c0dd0
0ed00eb0
d0d0e00d
f0c0a00d
0c0bd0c0
0bb00de0
030eb0c0
0fd00eb0
b0c00e0c
c0d0e008
600f0ba0
0eb00e08
0d90c0b0
0ad00df0
0d0b0c0f
c00ed00f
0e900de0
d0c060d0
0ed0e0e0
90e0e0e0
b00ab0a0
0e0e0ed0
a0d0c0b0
0bc00dd0
d0e00d0a
0a090ec0
0dc00cd0
0c0c060c
090de00d
c0c0c00c
d00df0b0
c0e00dc0
0a0e0dd0
0b0e0bd0
0a0df00a
c0b0d0f0
0cd090d0
0a080ee0
d006a0e0
05060a0b
0de00c80
0d60e00e
0dd0b080
0de0200d
0d80e00b
d00ce0f0
f00ee0c0
c0b0a00a
a0e0b0d0
0ad00d90
090db00d
0e0d0e0b
f0b0c0c0
d00c0ef0
0e0de00d
c0c0c0d0
0d0f0d0e
d00dc00f
d0d0b00d
0d0bd0e0
d0e0d0d0
0d0ed0e0
0ed008d0
0ec00cd0
0b0c0dc0
b0e00d0e
0ea00ed0
0e90d00e
0be0e00d
d0c00ae0
c00fb0f0
b00209b0
0d0be00e
800a0a0d
a00b0dd0
e00ad00a
0e70f0d0
70c0e0e0
d0b0d00c
0d0d080c
0bb00ec0
f0700c09
0b0d0b0e
0d0c0c0c
0ee00cd0
080d0bd0
b00ed00d
0cc0a0e0
0f0ed00d
0d0f0b09
07d0060d
0e0a0ed0
d0b00c08
d0d00b20
d0c00f90
0cc00eb0
0b0f0d0c
0ec00e0d
70c0b00c
d0e0e0b0
0ce00c40
0900f0c0
e0c0a0e0
d001400b
0de0d0d0
0e0cd005
0a0d0cc0
0d0e060d
900db00d
0e500ac0
09e00aa0
0ee0c0c0
08b00ab0
0c060b0d
0c0807e0
a0a0c00d
b0c090e0
0f0c0cb0
08010b0d
0df0b00d
900d0d0b
0d0e0d0b
0aa00dc0
0dd00ca0
0c0f0dd0
0dc0b0c0
0bb0e0c0
07e00b0d
0be00cb0
0dc00d0c
e00d0f0c
e00f0f90
e009c00b
80d0c0d0
0d090e30
0b0bf00d
90e00bd0
e00eb00e
a0e0c00d
b0e0d00d
80e0060e
d0d00da0
b00e0cb0
e0800cd0
0bc00e0c
800da0d0
0b0db00e
090d0de0
e0d00c09
60e0c0f0
0fd00e0f
0be0b070
b00d70d0
0f0e0c0c
b00bc00b
d0d00d0b
d0b00bb0
b0b00ab0
a0d0b0a0
e00d0cd0
0fd0700e
c0c00eb0
f0e0a00b
7009090f
0de0a009
070dc0b0
c0c0c0a0
0f0ee00a
0fd0c0d0
0e0c8007
0ec0b00e
0bb00d0b
d00bd00e
0a0bd0c0
f0e090a0
0909c00d
0dd00e0e
b00ad0d0
0c070c0a
0b0c0d0b
c0e0c0d0
0c0e0fc0
d00d060c
020b900e
b0d00d30
d00da00a
e0b0c0d0
0df00e0d
0da0060c
0ea00dd0
e0d00ae0
e060b090
0b0c060c
90b00b0d
80a00be0
c00bd00c
0c0b90e0
d0d00e0f
0b0d0d0b
0bf00e0f
c00cf00d
0bc00dd0
0d90d0e0
0dd0d0b0
e0f00ac0
0d0c040c
d00990b0
0cd0b090
d0d00e0e
90b0e00c
e007e090
d00dc0a0
0ee0c009
c00dd00b
0b0e0d0e
0df0900f
0906c0e0
0fb0e008
c0d090d0
09c080c0
e00be0e0
0fa0d00a
0a0ee0b0
06f00d0e
e00a0d0e
0de0b00e
a0b00b0c
e070d00e
f009080d
0d0f060e
0dd00ac0
0ee00a0d
0da0f0c0
0d0e0eb0
e0e00d0a
0ac0e0d0
c00cc00d
c00c0be0
c0d0e00d
0cb0e030
b00b0d0c
0de00ce0
e00e0ad0
c090e00d
0b090dd0
e00ff00f
0f0e0d0f
b0d00ee0
0eb0c0a0
b00ec00c
08e00cc0
0e0c0c0d
0ee00b90
090cb0c0
d00bc00d
0f0cc080
80f080a0
0f0a0b07
d00de0d0
d0e00b0a
b0c00d90
900f0c0f
b00b0d0e
0c90a0b0
0e0d08c0
b0d00e0d
b00c800e
0a0c090c
d0070de0
e00c0ed0
a0090c0b
900c0d0b
c0b00ba0
0d90d0e0
0ec00c0a
0b900ad0
0bd00c0d
d0b00dd0
0dd00b0d
0c0e0c0c
c0b0090d
e00e0d0d
d00d0d0d
70e0e0d0
b00cd0e0
0d0ad004
0e0b090d
c0e0b00e
0de0d090
c00b0ec0
0f0dd00e
d0d00db0
a00e0d0d
0d0e90e0
d00f80c0
a00e0f0f
0fa00c0e
0fc00d09
f0b00ed0
0ed0e00e
b0b00d0e
0ef0d00d
700ce0e0
c0600eb0
a0b00dd0
b0d008d0
c0e0c00b
0cb0a090
0dd00eb0
e00be007
0d0fc050
e0c0d0e0
0e0d0e0e
0c0db0a0
f0d00bc0
0fd0e0d0
e00fd009
09b00bb0
06d0e0b0
d0d0900b
d00cd080
c00d0e0e
0ce0e00e
c0d0d008
b0b0d00e
050ee0c0
b0a00b06
0ca0f0c0
a00ae00d
0bd00ca0
e0b090f0
0dd00ed0
a00b0d90
0c0a0a0d
e0f0d008
0d800e0e
09c0e0d0
c00d0dd0
0cd0c006
90e008e0
0e0cc00d
0a700cd0
f0b0d009
0d0e0bc0
0ba00cc0
0bd00c0d
0d0f0ec0
c0f0d00a
0dc00db0
d0c00b0c
d0f00e0c
e0a00ce0
0de0800d
f00ed0e0
e0a00ca0
0ea090f0
080fd070
0de0c00e
0670060e
0ad0e00b
d0d00b0f
b00bf00f
0d0c0b0e
c0c00de0
80a00cc0
c0060cc0
b0b001b0
0b0bb0c0
0d0b0e70
08d0e0c0
d0800d0d
0cd00e0c
d0b0d00e
0e0ee00e
0c90d00c
9070e0b0
d0d00b0c
0b0d0a0f
0b0eb0e0
0d80c0d0
0e0c0e0c
a0c0d0e0
90e00e0f
c0e0d005
0b0f0d70
d00e0c90
e080c0b0
e00a0b0b
d0d00be0
0f0b0e0d
09f0a00e
0c0de00e
0bb0e00d
0e0b0e0b
0dc00d0e
d06050c0
a090b0b0
0c0ef0c0
0e0c0ad0
e0e0f0d0
a0d00a0c
e0c0070d
0c070d0e
0f0c0c0c
d00c0e08
090bd00e
d00d80a0
0f0d0c50
0e0bb00d
d00d0c0d
d0d0a00c
a0030ac0
d00a000d
0d90f0a0
e008b00f
0cd0d00b
c00cf0c0
60d00d0f
c00e0dc0
a00e0d0e
a0d00e0c
05c0c0c0
d00cc00c
0ec0e0e0
09f00cd0
0a0cd00d
d0c00b0d
0d090cf0
09d00a00
90b0c0c0
0fc0d00c
0be00f0d
e0c00cb0
b00e0ed0
0a0c0cd0
b00ee0d0
0cb0c0d0
80800eb0
0de0b080
0d0b0cc0
0d0d500b
d0e0e00c
07090ec0
b00be0e0
d0b00b09
0d0d0cd0
b00eb0c0
0ec0700d
80c00007
70d00860
0ce00ed0
0b0ac0d0
0e0ae0c0
0dd00a0e
d00f080c
b0f00db0
a00b0d0d
0c0b700d
0d0cb0d0
00e08090
0ad00bb0
b070d00a
0cf0f00d
0e0c0eb0
c00e0f0e
0ac0b0d0
0ad0a0c0
0d0dd00f
c0e00d0c
0ab00e0e
d0a0c00b
0e0a0b0e
d000d00e
0ab00dd0
0cb0e00e
0d0d0de0
a007e090
d00b900a
a00e0c0e
c00c8009
d00d0cc0
0ad00dd0
e004b00d
b0f0b0f0
e0b080e0
d0090ee0
0ed0e00d
d00be00d
b006d00d
0d0ce00e
c0c00dc0
0b0be00d
0de00f0b
0bd0900d
0c0dd00b
e0e00ed0
090e0ef0
0cd00ca0
60c090e0
0d0b0ce0
0b80e0b0
0b0e0e0d
e00c0e0c
c090f00e
f0c0c00e
b00ee00d
0cb00ea0
c00ce0d0
e009e00c
d00d0db0
e0800dd0
0d0a09b0
b0800f10
c0e00c0d
d0d00d0a
0ee00db0
e0090e0c
b0080bc0
b00d0c0d
0f0d0ed0
b00db00e
0d90d009
a00ec00c
0da0d004
f00a0e0d
a0d00ac0
0d0cc0c0
f0b0c0c0
d00a0eb0
0da00d0d
e00ed0d0
0e0c080b
d0e00a0e
d00f0b09
0d0f0ec0
90f00e0b
0fd0b0a0
0bb0d00f
b0090e0d
c0d0a0d0
0c0dd00c
b00c0b50
d0d00dd0
0c090cd0
0bc0e0c0
0e0d0e0f
0cd0a0b0
0d0bc00e
0e09d0b0
d00d0f0a
d00b0c0e
0cb0c0b0
b00c0d80
8090e00d
0ce00a60
a0e00fd0
0cb0c00d
b0d00c0f
d080c0d0
d0900b0c
0ad0b0d0
a080900e
060fc00c
0fc00c0b
b0b00fc0
0c0dc0e0
0b0b0c0e
a0a0080c
c0b006e0
0c070c0d
e090e0b0
0dc0c0d0
0e0b0ca0
0e0a0cb0
0db0900d
c00e0e70
0ab00a0a
a0e0c0e0
c0090cd0
0b0ec0b0
a00db0d0
0cc0e00d
0e0c0d0d
0b700f0d
0c0cc0e0
0ba00c0e
b0a0c0b0
0a0cd009
0dc00dd0
03e00df0
0bc00ed0
0d0eb0e0
0ee0e0e0
d00ec00d
09d0c000
d00d0c0b
c00e0b0e
0d0ea007
0c0d0c0e
a00b0e0d
c0d0d0c0
0e0e0d0e
e00e900e
0fe0b0d0
0dc00c0c
b0e008a0
0cf00df0
0dd0c004
0c300d0e
0fb0e00f
7050d00e
0cd00dc0
d00df0c0
0ed0c00d
0e0c0e0e
060fd00d
0f0db0b0
d00b0df0
080cc00c
0a070d0c
0eb00ee0
d0c00ed0
c00dc00c
d00b0ec0
0fd050b0
b0e0090f
d0d0c00b
0ed0d0c0
0bf009e0
b00cd00a
0af0d0b0
90d00cd0
0c800e0a
e00de00c
08e0a009
d0b0a007
090dc00c
0dd0d0e0
e0d0f00a
a0a0c00e
0ee00d0a
c0e0e00d
b0d00d0d
d00dc0e0
0e800ce0
08e00d70
0c0a0dc0
0dd00c0d
0c0cc00d
e00fe0c0
d0e0f00d
d00a0dc0
d0e00dc0
0ee00ee0
c007e0b0
b0c0a00c
b0d00d0d
0f0dc00c
e0a0d060
a00aa00b
d0900db0
600b0c0d
d0e0f0b0
0d0c0bd0
0ee0e00c
a00c0da0
0dd00d0c
e0e0000b
d0d080e0
0ce00ca0
c00dd0b0
0db0090d
0909d009
0c090bd0
0b0bd00c
800a0b0f
b0e0c00e
b0d00d0d
090e080c
0de00b0d
0d90c0c0
d00ed00e
b0e00c0d
0c0cd0c0
0b090e90
a00ed0c0
0ee00de0
0b050c0a
0d0b0c0e
0da00cd0
0d0ab0c0
c0e00fe0
d00d0db0
0a900e80
0c0cc00e
e0800d0e
0c0be0d0
0c0e0cd0
090b0ed0
700dc0c0
0d030ab0
0fe00fc0
c007c0e0
0bd00f0c
0db0a00d
60c00e0f
090d0d0a
e00a0e0e
d00eb00c
090d0e0c
e080c00f
0dc0d080
030d070a
d00ed0d0
0cb00d90
d0d0e00b
0ab006b0
c0c0c00c
c0b00a0d
a00cc00b
e00be0d0
d00906d0
0b900de0
e00dd0e0
0b0d0de0
a00eb0d0
e00d0da0
e00ac080
0c0c0cd0
0e0e0ab0
09e0c00e
f0d0b0d0
0a90c0f0
d00c0d0c
b0b00d0b
e0e0900d
e0b00d0d
c00e0ee0
0c0ec090
0b0bd00a
900e0cd0
0a0e0bd0
900b0cd0
0cb080e0
0e0c0ed0
b00a08d0
e00cc0d0
0e0c080e
080f0c0e
0cf00de0
d0d0d080
05600c0d
0a0de0d0
60d0b00c
d0d00d90
e0080cf0
a00ee00c
0d0e0d0a
0d900b0b
c00e08f0
0d0eb0d0
d00e0b0e
e0e0e0f0
01c0d00e
c0e0e0f0
d0d0d00d
a0c0f0e0
d00f0e0a
b00d0a0e
e006a0b0
0af0b00e
c0d0c00b
e0e00fe0
0e0dc0d0
c00c0e0e
b00dc0f0
700fd0d0
60c00c0b
d0d00cb0
c0e00da0
0ec0a00e
0ad020c0
0ec0b009
0d0d50c0
0cd0e0e0
06090e0a
c00c0ec0
e0090af0
600c0ad0
e0f0e0c0
800a20c0
0c0b0d0c
0a0bd00e
f00dd00b
0e0ec009
0d0b0b0e
000d0e0e
0dc00dd0
d0c009d0
d0e0b00e
b00a080b
e00e0c0d
09e0d00c
0dc0d009
0d0b0c0c
90e0c00d
0bd0b0b0
e0d00bb0
0ec0e009
08e00e0e
0eb00e0e
0bc0e00a
0e0a09c0
0eb00ea0
0db00d0e
0b0cc0d0
0fd00ba0
e0b0d0c0
e0c00ad0
0b0b0e0e
c0e00e0b
a00cc00f
d00a0c0d
0d500d0e
e0019090
e00ee008
0a0b0ed0
d0d0c00c
e00b0c0b
0a900df0
e0600d0d
09d0c00e
b00d0e60
a0080ea0
e0d0d00d
090d0ee0
d00f0d0c
30d040c0
e0f0e00f
0d0b900e
e0e00c0a
0bd00c0e
c060040c
0cd00a09
e0d00ee0
c00d90b0
e0c00d0d
0a0d0d0a
09f0a0b0
0c900d70
b00b0d0d
0e0e0e70
b0d0f0b0
0f0eb00c
d00ec0c0
f0600c0d
c00da0e0
a00b800c
07090c0f
b0e00e0c
04e00f0a
09c0a0e0
d0d00e0e
d090d00d
070eb0f0
c00bd0e0
70b09040
a00dd0c0
400e0a0c
0be00c0a
9009e00e
0fb0600f
0c05a00f
800c0ee0
d0c0d00f
d0f0d0a0
0ef0a00e
c0b00fd0
0690d00b
b0a00bc0
e00ba003
0e0db00c
0c0d0d08
0e0a60d0
0dc0e00d
c0300ec0
0a0ed0b0
0ad090e0
d0f0b0b0
900b090a
d0070703
0a0f0a08
f0a0c008
080d080f
0c0d0e0b
090e800a
e00ed0d0
0be00b0e
0bb00a30
0e0e080f
90d00fc0
0d0e0fa0
c00ab007
0d0c0ec0
d0a0e00b
e0c00e02
a0c0d0b0
0c0fe080
0dc00b0c
0c0e09c0
0ae00e0c
0b0dc0c0
d00e0ec0
0ed00a0a
0d700b0c
a00c0a0f
90a00d0d
0e090f0d
b00c0cd0
0a0ca0b0
0c0e0e80
0c90b0d0
0ed0c00f
09c0c00c
0b0a0e0e
0b0cd0c0
07c0800c
e0080d0e
060f09d0
0d800dd0
0db00c0d
0ec00c0f
c00b0ae0
090c070e
d00f0e0e
0d90b0d0
f0b00f0f
c00d0d0d
0ea0b0c0
0ed00c80
c00c800b
e0d00d0c
900e0f04
f0d00de0
d0a0e0a0
c00c060d
e0700d0b
0d0d0e0b
0ed00c0f
0ce00ce0
d00ee0b0
d0c00e0c
0c0dd00e
e0c0f00b
c00cd0f0
b0a0d080
c0b0e00d
07c0e00d
b0e00ec0
e00ed00c
09080bc0
0de00e0f
c00dc00d
0b0e0ae0
90f0e00e
d00ee040
0b0c0de0
b0e0e00d
0c600c0b
e00c0dc0
b00c0c05
a00e0cc0
0cc0f00d
d00c060d
9003c0d0
0ed0d00d
c0800ec0
0e50c0c0
e0080ce0
e0e0a00b
a00809b0
a00bc0c0
0d700d0c
0b0d0b0d
c080b00f
a00da050
e00ac0d0
c0f0d00d
0ce00d0b
e00b0cd0
90e00a0c
a060c00d
0c0fa00b
d00de0d0
b00c0d0c
0b0bf00c
80d00ad0
0d0b0c90
0b0c800c
0ad0b0b0
b00ff090
0f0d0bf0
d00cb00d
a0c0b00c
c0d07090
0ab00e0e
f0800b0d
0c0e0ec0
0de0d0d0
d00dd00c
a00ea00d
0b900d0c
0cb0c090
d00e0ce0
c0e0d0c0
0e0eb0c0
c0d00ec0
0fb0d050
0f0bc0d0
0ec00f70
0a0d0db0
06b00c0e
0b0f0b0e
d0600ce0
0e0df0f0
0f0c0c0f
0ce0080c
c00e50d0
09b0a00c
c0d040a0
e00da00e
0d0e0e0e
0e070b0b
c00dc0a0
c00ae00d
07f00fa0
c00e0bb0
0ee00ce0
f00b0e0d
0dd0c0b0
0cd00db0
0ca00d0e
e007b00c
0bd00bd0
d00da0e0
0ce00bb0
0dc00d0e
300ac00e
0bd0e00a
0c80d0b0
08d0c00c
0de0d0d0
0cf00b0b
80e0600e
0c0cd00b
a00f900d
a0c0c0b0
0d0a0c0d
0f90e0d0
b0c00bf0
b00d900a
f0b00c0d
c00b0c0b
900a7008
0fb00d60
0c0d0de0
0e0ed0c0
d0f00eb0
c00c0ee0
a0e00dc0
0bc0a0e0
40e0c00e
0bd0a00c
e00a0ec0
07e0d0a0
c00fe0c0
0cd0d00e
0d0b0e30
0de0900c
a0050d0e
e00c0b0e
e0e00d0d
c0c00d0c
0d080fc0
0de0b0a0
a0d00db0
80b080d0
e0900808
f0d0d00d
0be00c0c
0d080df0
0da00ab0
0bb0e090
0208c00e
9004f00d
080be00c
0e0d0a0a
d00d0cb0
d0e0a0d0
c0c00a90
0e0e0cc0
d0c00ec0
90b00e0e
0d0dd00e
0e0cd0c0
0ba00d0f
0ee00d0a
0c050e0e
8008c00c
f00af0e0
0ec00880
d0b00b0e
0e0ad0c0
0b0d0c0d
0a080be0
e00c0f60
e0e00be0
0fe00f0b
c00d0d0c
0c0cc0d0
0be0b0e0
09f0d0f0
c0b00bb0
d00ed00c
a0b0a0c0
0ba0c00c
e0d00508
0e0c0a03
e0090eb0
0d0f0c09
0ee00d0e
d00bd00a
0da0c0a0
d0d0c090
0a080e0b
e0e0a00e
f00ce00b
80d00be0
c00e0d0b
0cb00f0e
0ed0a00f
a008c0e0
c0a0d0d0
e00d0f0d
0c0e0ea0
0bb0d0b0
c00dc0c0
0cc0080d
0d0cc0e0
e0c007e0
d008f0b0
c070a00e
0ea00de0
e0d00ea0
d0d0080e
c00a0cc0
d0c0080b
30b0900e
0e0bc0e0
0cf0b00d
0d0f0f0d
e00be00c
0a0dd0d0
c0b0c0c0
0f0e0db0
d0e0d080
0a08080e
c0e00a0d
70c0c00e
0da0e00d
0e0ce00f
0c0cd003
0ce00fe0
0bc0c0c0
0bb00e80
e090c00e
0d09500e
d00e0dd0
f0d00e0e
c00c900c
0c0db008
0a0d0e0b
90f0e0d0
e0d0070f
0fc009c0
0ca0c0e0
0cc0d0b0
e00dd0e0
0dc0e0e0
d00e0b0d
f0a0b080
0c0d0d0e
900ec00b
0c0c0e0b
0b0cd080
0cd0e00d
0c0ec0b0
8009e00e
900a90c0
d0080f0f
700a09b0
0fc0b00c
e0d00ed0
b00ae0a0
c00df00c
0c0cb0e0
090db0e0
d00b0e07
0ea00d0c
0d0ad00f
0b0de0b0
0ce00cb0
c0f00bc0
e00c0dc0
d00d0ab0
0d0fe00d
0e0ef00a
0e700d09
0c0c0ac0
900cf0c0
0c0eb0e0
0bb0d0e0
0a900e80
b0c070f0
e0d00db0
900a0dc0
a00ec0f0
0ce0c0c0
500b0eb0
0ed0d0c0
c00cb040
900de00d
0d0cb0c0
600f0e05
e0e00a0c
0de0c00a
e0080c0d
0cd0e0c0
d0b00e0d
0c0e0b0b
0b0cc00b
d0a00d0d
0ba0b0b0
0b0b0ce0
e00e0e0e
7008090c
c0b00d0b
d00dd008
b00d0b0b
d00b6080
c0e00ce0
0ac0f00d
90900ed0
0ea0c00d
0a0ce060
40f00f09
e00a0dd0
d080b00f
60090e0c
e0d0b0f0
b00c0be0
0ce0e0f0
0b0a0bb0
0d0ed0e0
d00a0a0d
f009a00b
0ed0e0f0
0b0d0fd0
d00e0ce0
a00e0d0e
80e0c0d0
0dc050c0
0c0c80d0
b00d0cc0
0b0e600d
d0d0d007
0de00f0a
0fa0e0b0
c00cd00c
0cb0c00b
b00dd006
e00d0c0c
0b0d0e0a
0aa080e0
c0f0060b
0ce0d00d
f007e00f
d0d0c00d
e00e0e0e
600fd00d
0d0f0ce0
090bd0d0
900bd0a0
c00a0c0b
08d00c0d
06e00cc0
b00db009
0dc0d0e0
900dd00b
0e0d0b0b
0d0ed0c0
0e0a0c0e
e0c0d00f
e0a00f0d
0dd0080e
d0a00de0
0c090cd0
c00ae00d
0ab00fb0
0c0eb0d0
c00fd00d
e0d090a0
c00ad00a
90d0040e
e0090b0e
0ad00c0c
0f0bb00d
080bd0f0
e0a0e00d
d00da0a0
0cd0c00b
f009d070
0d0c0c0e
f0040a80
c0e00b0a
0b0ea0c0
0e090bc0
08d00fd0
e0c00c0e
0b80b00c
0ce00a0d
e0b00e0a
0ef0c00c
e0b00ce0
0e0a0e90
0d0c070d
a00c0d0f
0c900dc0
900db0e0
a0d0b080
0e40d0e0
0f0aa0c0
0d60c0d0
a0a00a0d
e0c00c0d
a00cc008
d0c00d40
d0b00a0b
0d0b0d0d
0c0e07e0
c0b00e0d
0d0da00a
e00d0cb0
0e0a0c0a
e0090e0c
080c060e
a0e0c0c0
e0b0c0d0
0bc00dd0
0c0c0a0c
0e0e0e0b
0ba0d0d0
050b0b0b
0cc0b00c
0bf0e0d0
e00b0de0
0e0e0c0c
0e050d0d
b009070e
090eb00d
0b0cd0b0
d0b0900b
90f0d00a
c00ce0d0
e00dd00c
e0d00eb0
b0e00e0b
0de005a0
d0b0d0d0
0cd00bc0
0e0be0f0
0be0c00f
0e0c0e70
0dc0c00c
e00cd090
0ba0f0d0
0d0e0c0f
09a0c00e
0ec00ee0
09e00a0e
0e0eb00e
d0c00df0
d0c008e0
0e500990
e0e00ee0
080c0bd0
a0d00d0c
0c0b0fd0
080bc00d
d0c090c0
c00e0c0e
f0a0d00e
0ce0e0a0
0e0e0de0
0b0ad0e0
d00f0d0b
080bd0e0
d080d00b
0ec00ce0
0ed00c60
d0c0d009
0c900ea0
b0d006c0
0d800b80
e0d0600b
f0f0f0b0
0c0a0d0b
b00cc0e0
0c0d06a0
70d00ed0
0c0bf0e0
0d0ec00a
0e0dd0d0
900c0c0d
0e0eb0c0
0ce009e0
80d009c0
0cd0b009
c0e0d0d0
b00dd0c0
d00b0b0d
d00ad0d0
b0f00d0c
0b020ec0
0ec00e70
c00de0a0
d00c0bd0
e08050f0
90d00b0f
e080e0e0
0d05d0c0
d00c0ee0
d0e00ca0
d00a0c0e
0eb0c00b
0e07c00e
300dc0b0
0d800ac0
d0e0d00c
900e0dc0
e0d00b0d
0a0de00d
0b0d0c0d
d00d0cc0
d00e0cb0
0c090b06
b0c0d00d
0e0e0b0a
d00ec00c
c00c00c0
b0a00d70
e0d00d08
f0b00b0d
e00f0ee0
0b0f0ee0
d00e0e50
c00b0e70
060c0b0b
0d0ee0d0
0d0e0db0
c00bd0a0
d00d0d0c
d00d0c0d
0db0d090
0a0e0b90
0c0ec0e0
08e0d0d0
f0c00080
0ee0900d
0bd00e0a
e0d0c00b
b090d00c
900bb00d
d0d0060a
07e00d30
0ec0d009
a0b00ed0
900dc00d
c0c00c80
b0c0e0c0
c00d0d0d
d00ae0d0
070b0bd0
d0d008b0
e0b00fc0
c0c00ce0
0b06d00d
0f0cd0a0
90c00c0d
08a00b06
d0d0d00e
0bc00fe0
0a0cc00e
e0c0d00e
c0d00e90
d0c00fd0
c0e00d0b
c0d0a00c
c0d009b0
e0c00ce0
0ed00eb0
d0c00d0f
b0d0e090
0e0f03e0
b00e0e0d
e0b0d0e0
0fb0c00c
e0080bc0
0d0c0b09
0c0c0cf0
0b0ed00e
0c90a0f0
d0d00e0c
e0e0d0f0
c0099008
0cb0070b
0a700b0e
80e0c0c0
0c060a0f
800ea00c
d0c080b0
d0c00d0b
e0e00ee0
0c0ce00d
b0c0d0f0
b00d0e0c
b00eb00e
e00df0a0
0bd00d0d
0dd00be0
0d07c0f0
0d0d0ee0
d0d0d0d0
c050b00e
c00d0d0e
d00ca090
0b0a0d0d
c0d00cb0
0b0d0b0d
0d0ec0e0
0ad00cb0
e00e70e0
d0d0c00c
e00e0db0
0b0bd0e0
a0d00b0c
a00b0ee0
b0c0e009
f050900e
0da0c020
e0c00b90
e00b0cc0
0cf00fa0
e080d00e
b0c0e00c
0ec0a0d0
c00b0eb0
f00cb00e
0c0e0a0e
08e0b0c0
0b0d0e0e
b0d00dc0
0ed0070c
0f0bf009
e00a500c
0ec0c00c
0b0c0ee0
0d0e0b0b
0c0d0dd0
0bc0b00a
c00df090
d0d00a08
e00c0c0d
b0f00d80
0dc00ee0
d00b07c0
e0e00f60
0cc0b0e0
c0a0b00e
0dd00e0a
b00ed0b0
d00c0c0d
b00d060f
90a0c00a
b00cb00b
d0e0c00e
0be0a0d0
e0e00c80
a090900e
0dd00b0f
d0e00f0b
0d0cb0d0
a00fb0c0
0d090e0b
d0c00da0
0cd00fc0
e00cc0c0
90090c00
d0a00a0b
0d0a0904
a0500a0e
0d900f0e
f00909b0
0ec00e0f
d0d00c0b
0ce0e009
0e0fd00c
800db00f
0e90d060
0c0d80a0
e00c0f07
c00e0db0
d00d0d0b
d00d0b07
d00ae0e0
600d090a
0df00ec0
0b05c00d
0c0e090c
090f0bc0
0b0ac0c0
700ec00e
0dd00dd0
0ca00c80
0b70e00c
0b800d0c
d0090ee0
0d0b700d
02b0d070
b00cc00e
b00d0d0e
0b0ec0d0
c0e00ac0
0b0ad0e0
0c0cc00e
0e0f0cc0
d0d0a0e0
f00c0ec0
e0d0a0e0
a0090e06
0d0a0c0e
c0c0a0c0
b00d0be0
d0b0d00c
e00d0fe0
0db00c0c
0e9070d0
a0d00b08
a0c00ee0
0c80e00c
0c09e00d
e0f0c00a
e00ce00d
0c0e0dd0
0dd00ea0
08c00cb0
800e0dd0
e00ad0d0
f00f0d0d
b0a00b07
d0d0d0d0
d00ad0c0
0e0a08b0
0c0c0f06
a00cc0a0
070c0da0
0e0d0fc0
0ac00ec0
d0e00d0b
0a0d0ed0
0d0de0e0
d0e0a0a0
0fa00db0
0e90e009
0ce0e00d
0ad09090
a00cb00b
0fa0b00d
e00f04c0
e0d00c0f
a00e0e0d
0ba00de0
0c0f0b07
0ab0a0d0
90d0d00e
0b0dd0e0
f0d0d00e
d00d0cc0
0b60c0b0
e00e0ed0
0ee00ca0
0cd0000d
0cd0d00a
c0a0d0e0
0d0a0f0e
900fd00c
0f0d0d0e
0bd0d0d0
d0a00b0c
0cd0f00c
0cc0900c
a00de0c0
d00cd0e0
0c0fa0c0
0ba00e0c
d00a0ca0
0df00cc0
0eb00ce0
0cf0a0c0
a00d0be0
d0e00d0b
0c0ee0c0
0dc0080f
0d80a060
a00d0c90
d0090fa0
a0d00c0c
a0d0a090
0e0d0b0e
e00c0cc0
0a0dc0a0
0dc00c0c
50c070c0
d00d0ae0
05c00f0c
0ab00fe0
e0b0900e
a0d00f0e
9090d00a
0dc00de0
e00f0c0e
0cc00da0
e0c00bc0
a00e0de0
e0d00d0c
0b70b00a
0f09900e
c00c0ee0
0e0bd00c
0bc0b00c
0dd00a0f
e0c00ef0
0f0b0a90
d00cd00d
b00c90a0
b090c009
0c0ed00e
d0d00a0e
d0e0a0c0
0460090e
e0b00e0d
0b0f500f
b080d0c0
080cc00f
a0b0d0c0
b0e00aa0
e0c0e0b0
0bc0c0e0
d0d0080c
c0d0d00c
0b0b0d0e
d00ce00d
a00c0d0c
0c0dc0e0
e00c0d80
a00e0aa0
b0a0a00f
d0d0c0c0
e070e0d0
b0e0c0d0
0c0dc0e0
d0d00d0f
06a0e0d0
0b90e0e0
d00609d0
0c0bb0b0
b0a00cd0
0ee00c0e
0e0d0c0b
090ca0e0
c0a0070b
0bc00de0
b0e0e00d
b00dd0c0
e0d00ec0
0b090cd0
0cf00a0f
0d0fb0e0
0c0c90d0
0b0f90d0
070c0b0c
b0e00608
0dc0a00c
0a0f0ed0
d0c0800d
0b0c0cd0
0c0c0dd0
a00dc00c
0dc0d0e0
e0d0e0c0
b00d0b02
c0d00e0e
a0080d0a
0eb00ed0
0b0b0dd0
b0d0d009
d00e0bc0
90c00dd0
09c00c0e
0de0c0a0
c060e0e0
06090de0
f00e0c0c
b0d0c00c
0c0c0c0c
a00b0cc0
e00e0c0e
e00dc0d0
e0b00e09
d0e00ed0
e00bb00a
c0e0e090
c0a00db0
e00e0d0c
c00d0bd0
a0e00fe0
0d0b900e
0ed080e0
d00c300e
b0f090f0
c0b00dd0
0f0de0e0
c0070be0
e0b080e0
0ee00d70
f0d00a90
090c0e0d
c00eb0e0
a00f0e08
8080d00d
b0d08009
c0090a90
0e90b0e0
d0e0d00d
0fd0d0d0
a0b00c0c
0ab040d0
0ec00cb0
e00d0ea0
c0c00b40
0ad0090d
d0b0e0e0
d0b0b0b0
c0b00d09
d00ce0e0
d00ea0d0
c00d0c0a
0d0e0d0c
e060d00f
0c0c0805
0e0e0e0c
0e0e070d
c0d00bc0
c0d0a00d
060e0ed0
c00c0c0e
c00fd0b0
c00e0d0d
b00de0b0
0db0040d
0b0cc0c0
e0a0b0d0
d0c00c0d
900d0908
07c0b070
d00b0b08
0b0ee00a
9008b00e
0ee0c00c
09d0c0e0
0e0e0d0d
0ad00bd0
0ec0d0d0
e00ba00d
b0d0c0e0
b00bb00d
c00a0b0a
0e0cd0d0
b0e0900e
0b09c009
0e700c0d
0ed0c0d0
0ce008c0
0d0e0ec0
0d900d0c
0ec0e009
e0b0d009
0de0d0c0
0eb0a0e0
b00d0d0f
e00c0c0a
c0c00eb0
c0e0f009
0b070d07
06e0d008
e00e060e
b00dd008
0a40d0e0
0fc00d0c
b00ed0d0
e0c0d0c0
0f0ed00c
b00ee00b
0e0fa0d0
c00d0db0
90f0a00b
0ca0f0c0
b0e00ed0
0ce00d0e
e08090e0
b00c0db0
0b0d60c0
0b0e0dd0
0d0f0cb0
b00cd00c
e00cb0b0
c0060ee0
0c0ed0d0
d0b0e00e
090e0ef0
e0d0a0f0
0fc00d0c
0b0d08b0
b0900e0b
e0e0400d
0e0c080e
0c0cd0d0
0dc00bd0
070c0df0
300be0c0
0bc0c00c
e0a00ec0
05c0070a
0dd00db0
0bc00ed0
0b0ae00c
f00c0d0a
e00b0cd0
d00d0dc0
0dc0090d
07a00ac0
0d0f900c
d0f0d00d
0c0cd0d0
080d0cd0
09b0c0d0
08e00be0
d00c0d0f
c0d0d00c
900be00a
0e0dc00d
b00a0d0a
a00c0da0
c0a00ba0
0bb0c006
07d0d060
800e90b0
0bb00ba0
0e0e600d
0cc0c008
0db0b0e0
0c0d0cd0
e0d00dc0
b00cd00d
0c0bd0a0
03b070e0
d0040a0e
08f0c009
0dc00b0c
0e0dc00d
e0c0d00b
0eb0e050
b0090ed0
e00e0dc0
0ea0b0e0
0d0b0ea0
d0b0e0d0
b0d00290
e0c0d0e0
f00c080c
05c050d0
e00c0dc0
0ce0900b
0de00d0e
0ef0c00d
c00ee00d
e0d00dc0
c050a00c
f00d0e0e
800c0e0f
e0800d0c
e0d0090e
0d0b0c0a
d0a00e0e
70c0b0d0
e0e0070b
06d0060d
f0c00d70
c0a00904
0ac00d0e
800d0ed0
0cd00dd0
09800de0
b00bc0e0
0c0d0d0f
90c0d090
0a0c0cb0
c0e00d0d
d0a0d0d0
b00c0ae0
c00d0be0
0b0d0b0e
e00e0e0c
0b0d0ae0
0f0f0dc0
c00b80b0
08e00ed0
0e0c0c80
0e0c0de0
0c0dd0a0
b00b0dc0
0e0d0db0
d00b0ab0
0dd00d0e
d0b0c090
0d0c080d
80d00bd0
e0d0d090
b00d0ff0
0c0dc00d
0dc0c0e0
06e00dc0
0cc00d0a
0c800a07
e00bd0b0
d00c0dd0
0cb0c0d0
0d900fd0
07090f0c
b00ec00b
d0c0d00d
0cf0b00e
d00c0c0d
0c0b0ba0
d00c0a0a
d0d00ad0
0a0cc0b0
e00b0c0c
0d90d0d0
070b700b
0dc0090e
0a0e0760
70e00e0c
e00cb0c0
a0c0f00d
e0d00bd0
60900ed0
d00ed0c0
b0f0b0e0
0aa00fd0
0990e0a0
0df0e00d
0d03c0e0
0ee00bd0
0d0e0c0d
0c05d070
0b0eb00d
d0d00fd0
0ec00c70
c0a00b30
0b0eb00e
0bd0d0d0
060ef0e0
0dd0a00e
0d0a0db0
d00b0f0d
b00a0cd0
0c60b080
d0d0d0a0
e00790d0
e00dc0d0
c00d0c0b
d00b0c0b
0c0b0d0e
e00d0dc0
0ea0d00d
d0e0d0a0
c00e900a
a080d0d0
d0d00d0e
c0c00c0b
d0c00b0d
c00c0c0d
e00c070e
f0e00c0d
0d0e0bc0
0ba00db0
0c0cc0d0
0c80e0b0
0dd0d0a0
a070b0c0
b00ce060
0a0e0bc0
b00e0dd0
c040e00b
90d0f00d
d0d080f0
d00dd00c
c0c00cc0
c00eb0c0
d0d00d90
e0c0d0c0
0e0fe00f
0c0cc0b0
0fb0e080
a00bc0a0
e0a00d0d
80c0e00a
0b080f0b
0ee00be0
0be0700b
b0900ca0
e0d00d09
0db00ab0
b0d0b040
f00dd0c0
0c0cd0c0
f0c00ed0
b00ae00c
d0d0070e
0dd0b00c
0af00fc0
900d0be0
0a0b0dc0
600c0db0
a0e0b00d
0be0d0d0
0e0eb00e
f0e00ac0
080d80e0
0de0c00a
0c0e0c05
0cb00b80
0eb0e0e0
0bb00e0b
0d0f0d0d
c0d00a70
700eb00d
d0b0700a
04c00ec0
d00d0990
0d0c0f0c
0b0c0ed0
0e0d0d0f
0fd00ee0
0d0e0ce0
d00c0e0b
0d0c0ec0
e00c0c0e
d00f0d90
09c00790
0d0cc00b
0fd00bc0
0d0e060b
0a0c0e0a
0d0ec0e0
c0c0b0a0
0ae0d070
06c00d08
0740d0b0
0d0cc0a0
0ff0e0d0
a070e0a0
c00d0d0d
c0d00e90
d00c0f0c
0e0ef00e
0fe0080e
a00fe0d0
b00d0e0d
c00d8009
0da08080
90e00bd0
d00cd00a
b0c0d00b
0d0b0d0b
09040a0c
0c90e0b0
c00bd00b
d00ee0c0
0d0d0d0a
0cc00fd0
09b00b0e
e00bd00b
070d0ec0
0eb00cb0
d0c00e0c
0cd00b0b
0e0e0ec0
e0c0030b
0da0e00b
c00e0da0
080c0d0a
c0b0c00b
b0f0e0c0
0c600ce0
e00b0db0
700e200e
0d0cb00c
e0900f0d
c0e00d0d
d00d0ed0
e0a0f0e0
b0e00fc0
c00e0ca0
0bc00c90
f00db00e
0d900db0
d0d00d0e
070f0c0c
e0e0e0b0
0e0e0d0c
80090bc0
0da0d00e
0809a00c
c00c0b08
0c00b0e0
0d0e0c10
400c0b0d
d030b00c
d00d10a0
0e0dd0b0
0ed0b00d
0f0ee0c0
c00a0cd0
f00e0e0e
b0b0d00b
700c90d0
e009b00e
c0e0e00d
090cd00b
0d0b07e0
0dd00df0
b080e0d0
b0a00c0a
e00d0e0b
0eb0d080
08c00bc0
e00d0d08
0a0e0ee0
0d0c0e0e
e0b0c0a0
0b0db0c0
0ed008f0
f090e00c
c090800e
0dc0d0b0
c0f00cc0
0be0b007
0b0dc0a0
0de00eb0
d00cc008
b0e0080a
b0b00c0a
09c00e0d
900ab060
e0c0e00e
e008080d
0b0ec0b0
a00fd080
0da0d080
0e080ee0
0de0e0b0
0d0bc00e
d00c0de0
b0d080c0
a0d00aa0
e0b0a00d
0cb0e00c
0d0c0d08
d009f00d
0a0d0b0d
0db0e008
e00d07d0
b00ee009
c00d0e0e
0dd00be0
d00db0d0
d0d0a0d0
f00bc00d
e0c0a0f0
f0c0e0b0
d00b90e0
0dc00ed0
c0d0e00d
0e0cf00c
0a0bb0c0
0fe008a0
70e0c00f
d00b900e
0c0c0f0e
0bc00ac0
0b0fd00d
b00e0d80
a0f0a00c
0b0b0bc0
c00ac008
800b09b0
c00dc0b0
700d0bf0
090ae0e0
900b0be0
d00c0d0e
c0e0e0c0
0b0e90d0
a0c00aa0
e00e0e0d
0d0ba00e
0dc0b0c0
d00e0da0
0d0d0d0d
0e0e0b09
a0f0e00d
80a090a0
0e0ee009
0cd00f0b
80e00d0d
80e0f0d0
0d0be00d
b00cb090
0b0b08b0
d0b00ec0
0cd00d09
0c0eb0a0
08e0c0d0
0d0ad0d0
e0b00d0d
f0b090c0
a00e07d0
0dd00dc0
e00dd00d
c0090ee0
e00de0e0
c0e0b0b0
0a0e0dd0
f0700ee0
e00db00c
0b0bd00d
70e0e00d
0ee0e008
0c0f0e0e
0f0cc0f0
b00bd00d
c00ee0d0
0b0dc00e
0ae00eb0
f0e0e009
c00d0bb0
c00ca0e0
0dd00c0e
0b800a0d
0b0c0ee0
30d0d00f
0a0c700d
c00790c0
d0d0f0b0
0ed0b00e
d00e0cd0
0b0ce0d0
c008c0a0
a00e080e
0bf0a009
e00de0d0
b0c00c0e
0bd0a0e0
0be0b00e
80e00c0d
0d0ee090
c00ed0b0
0c0d0606
c0b0d080
0e0e0a09
0dc0e00b
0da00cd0
0b0de080
0fc0e00a
08d0b0c0
c0c0d008
e0900ed0
0d80a00d
d00bc00b
0db00cc0
0cd0e00d
0cf00e0e
d0d0d00d
a00d0dd0
a0c00d80
8007d0f0
0c0d0d0d
0ce0e00d
e0c00ae0
0e0b080c
90e0c0c0
c0d00ed0
c0d0d00c
0d800e0d
070c0f60
0c0c0c0e
0db00b0c
0805090e
e00ce0e0
c0b0c00d
0a080e07
c0b0090e
d006090d
04c090a0
b0c00fd0
0be0f00c
0fd00ef0
709090b0
d00b0ce0
0b0e0d0d
d00bb0f0
c00ed090
0e90d0d0
0b08c0a0
0fc0e00d
e0900d0d
0e0d90e0
a00d0ba0
e00c0dd0
e0d0e00b
b00e090d
90e0e00e
0d0a0b0e
0ef0d0c0
d00e0fc0
0d0fc00a
09e00ed0
0cc009c0
0c0ea00a
e0a00ea0
0dc0a0e0
a0c0b00d
0bd00d0b
d0090c0e
d0a00ea0
0bd00ed0
b0d00de0
90e0e0a0
0bb00eb0
0bd0f0d0
0dc00b0c
0b0cf040
0dd0e00d
0db00de0
900dd00e
d00b0ab0
0ce00b0b
e0d00e0e
a060c00d
30e0f0d0
b0c00ee0
b00c0ed0
d0e00dd0
0d0de0d0
d0c0b070
0b0ec000
c00b0b80
d00f0d0c
c0c00ea0
0b700d07
e00cd00d
0a090ac0
d00d090e
0de0d00c
d0b00ee0
0f0bc0e0
e00de009
0eb0e00c
0ce0e0e0
d00c0de0
b0b00b0d
b0c00b0c
b0c0d00b
0ad00d0c
0c0b0b0c
0d0990e0
d0c0e00f
e00fc0f0
c0900bf0
d0c0c00c
0c080ec0
d0e0d0c0
900b90d0
0fa00e08
d0e0c009
c070c0e0
0e0de0b0
a0f0e060
8008a0c0
0b090ed0
e0c0d00d
e00c0ee0
b00d0d0d
0fd00fd0
0c0ec0f0
0d0ec0c0
c00d0a0e
0e060dc0
0cc00d09
0f0b0e0e
d00c0b0e
0e90080b
0a0bc070
0da006f0
0708c00e
b00cd00c
e0e00d0d
b0e0e0c0
c0080c0a
a00c0a0a
600a0f0e
0dd00eb0
0b070ce0
09a0d00b
0ed00d0c
0ad00b0d
e0a00ec0
0b0cc0b0
e0d00c0b
90d00ce0
0da0a00b
b0d00bd0
0ab0f00a
0cd00d0d
0bc00b90
80c00f0a
c0d0d0c0
080e0e0e
0b900df0
0f0be0e0
e009d00d
0d070b09
d00fd0e0
a00c0d90
b0d0d00e
0d0a900f
0fb00c0d
d00e09a0
e0a0d00a
0ec0d00d
d00cd007
0cc00eb0
90c0c00c
0ab0e00d
0bc00cc0
0a0ce00b
0eb00ec0
0a0cd070
a007d008
0d900cc0
e00fd0b0
06b00ca0
b0090fc0
08d0700b
0bd0c00d
0db00dc0
0cc00ef0
0fc00b08
0fc0c00a
e0c0c00f
e0d0e00d
90b00b0c
0d090a0c
a0800cb0
e0d0c0e0
d00d0b0d
0ff0b00d
d0900d0c
e00e0e0e
f0c0d0e0
09a0c00e
b0c0e00d
900cd0d0
0e0be0e0
e0c00a04
0b0c0bc0
e00a0a0f
f0d00b08
e009e0c0
d00b0e0a
f0f0b0e0
c0e00cd0
0f0a0d0d
0bc00909
0b0a0dc0
0db0e0d0
0e0c0d0b
0d0de040
0e900bd0
0cc006d0
a0e00ac0
06c0e0b0
0a0b0a0c
0b0d0e0c
800ef00e
0d0970e0
0bd0e007
0ce0c00e
070cf0a0
e0b00dd0
0cb00ca0
b0c0d00d
0b0cb0d0
0b0a0a0c
0de090a0
0e0c0ec0
c0b00b30
c00ce0f0
c0d00ba0
40e00ee0
e00a0de0
b009d0a0
0cb0d00e
d0c0e0c0
0f0b090e
0ee00ea0
0d0ae00d
c0c0d00e
09d0c00b
090c0e60
0e0e0e0f
0d0dd0b0
d0d0f00b
b00c0e09
d0d0b00c
0c0d0c0d
0d0e0cf0
e009c00d
0b0d0d0f
c00c0fe0
0cc0c090
0e0b5050
0b80a0a0
0e0b0aa0
0de0a0b0
e00fe0d0
d0e0d0c0
0d0d0e0b
0da0c0b0
0b0c800c
0f0bc00e
f0b0a0b0
e0d0c00c
d0b0c0b0
900d0fd0
06a0c00d
0ea0e0b0
b0c0090c
b0e0b00e
d0e0b00c
d0e0d0e0
0ce0e0a0
0cf00bd0
0db0b080
0be0a0d0
0f0ba008
0c0cb00b
08d00de0
0dd00c80
0ee00cc0
09e00de0
b0e00cf0
d00d0eb0
c00e0e0b
0b0c0d0b
08b00f0d
0504c0c0
0ec00e60
b0c0c00b
0fc00be0
c0f0c0e0
c00e0e70
0a90c00e
e0d00c0d
a00e0ba0
d0d0080c
0e0a90c0
02e00fd0
0ad00ee0
b0e0d0b0
0ed0090e
0dd00df0
800d0d0d
0de0e00c
0e0e0d70
0ee0b090
b0c0e00c
0cf005c0
0de00cd0
09b0d0e0
d00609b0
0eb0d00d
0ec00c80
0bc00c0c
900e0e0c
d00bf0d0
900b0b90
0aa00ac0
0de00dc0
0ed0a009
b00b0fd0
0cc0b009
090af004
e0b0e0f0
0fa0b0c0
0ec0a00d
e0d00f0b
80600c0e
0eb0d0c0
30f0e00e
0a0c900d
e0f090c0
a00d08c0
d0e0b0e0
f00ce070
c00a0bd0
0b0de00e
90e0b00d
60b00a0e
0b0cc00d
0eb0a00c
b00ab00d
0d090dc0
0e0e070d
0e0d0ca0
0e0ce0f0
07e0c00d
d0b0600d
0a0de0a0
e0d0d090
0c0bc0e0
0cb0d0d0
d00bf00a
0d0c0980
0dd0e00c
d0d0b00b
0e0c0cc0
0c0d0bd0
0fe00dc0
c00d80d0
0cd00fe0
d00d0e90
800d0b40
0dd0080d
0c08c0d0
0ee00ee0
c00ce00a
e00b400d
b0a008a0
07300c0e
d00cd00d
b0e0090f
c0e00da0
0d090d80
d00c0c0c
0e0e0b80
c0900cd0
80080d0a
b00bb00c
a00c0a0d
d00df0e0
0e0de0c0
a0c0f00e
07d00dc0
e0c00d0e
0e08060b
0cc00ef0
0de0d0c0
b00eb00d
0e90d0d0
0df00b60
0c00e0c0
e0d00d0c
b00c80e0
a0c0e0b0
c0c006c0
b00c9007
0f900ce0
e070e050
f0d0d00f
c00de00d
c00d090c
b00d0e0e
0ad00de0
0cc070c0
0dd00e0c
d0060ac0
0dc00de0
f00b0e0b
b00ec0c0
d00e0eb0
70d009b0
c00a0be0
e0e00c0b
0cd00bc0
0c0a0c0f
0ed00d0b
0e0dc00b
d00c0b0e
0c0bb0b0
d00a0cd0
600d0a08
0cb0c00c
0da00de0
0c0ef0e0
0c0ca0a0
0d0a0fd0
0de00c08
c00da0e0
d0b0a00a
a00d0d0c
0e0c0a0c
0aa00bd0
0d090e0d
c00d900c
e00f0ce0
f00c0e0e
c0c0e0c0
0d0fc00b
b00906a0
b00e90c0
500ed0b0
a0e00d08
0eb0700d
09a00d0e
0ab0f0e0
0ae00aa0
0e0d0b0a
0ef0080c
0ea00de0
b0f0d00d
b00b0e0d
0ba0090e
0c0d0c0a
d0e0c008
90d00dc0
0d0a0a0b
0b0ec0a0
080cc0b0
90d00d0c
d0e00c07
0c90f009
09900ef0
b0d0800d
b00ce007
0dd0a0e0
d0e008b0
d00f0a0e
d0070ed0
0e800fe0
0409d00b
0b090ef0
0e0bd0f0
0a0ec0a0
b0700df0
0fe0c0d0
0b0eb0e0
c00d0a0e
0d0ec0c0
0cd0d00d
b0d060e0
070d0de0
b0b090d0
b00a0dc0
c0e0c00e
900e0d80
e0e00d0f
0ad00dd0
0f0c0dc0
0de00ac0
0de00bc0
0df0e0c0
0cc00c90
0c0cf00a
0c0a0fd0
0909d008
d00b80c0
b00c0cc0
d0d0800e
b00d0dd0
c0b0d008
0a0b0a10
070c060a
d00d0de0
d00d0d09
b0a0e00a
0c0a0e0c
e0d0a00c
09f00d0d
0ed00d0a
0ed00cf0
0dd00f0d
0ec0a00c
d0d00ed0
0ce00f0b
f0b00de0
0cd0c0d0
0ce00cd0
f0e00d08
0ee0f00d
e008e00c
0d050b0c
0ea080a0
b0e0e0a0
0b0bb0b0
a00c0d40
a00d0ec0
0a800a0c
0b0ad0c0
d00dd0c0
e0080dc0
d0d00e09
40c0c0e0
c0e0d0b0
b00cc0d0
07d00e80
a0d009e0
c00c0df0
b0c0c007
0ed0d00e
0c0ea00d
0dd0c00f
0e0cc0f0
60d0c00d
0a0e0b90
0d0b900d
0e0e0ca0
e0e0a0d0
900eb00c
c00d90e0
d0c0b00d
0c80e00d
b0e0c008
0ae00b0e
e00ec0d0
800d0bb0
b00dd0c0
0d0e0dd0
d00dc0d0
0cd00d0c
080ed00a
b0d00e04
06c0e00c
0d0b09e0
09d0d0c0
0dd00b0c
0de00dd0
0de0a0d0
90e00b0d
900d0bb0
a00a0d0c
0de00fd0
0cb0c0e0
d00cb00a
0ec00bb0
e0f00b0d
e00cd0b0
0fd090e0
0dd0c0d0
d00e0dd0
0d0b0e0d
c00e0bb0
0ee0e00b
e0d00ec0
c0b0d080
0d0d0ce0
0f0e8009
e0d0e0e0
d0e00b40
900d050b
0c0d0d0c
0d0df00c
0cd00d60
e0c0b0e0
06d0e0c0
e00c0d08
0ee00e09
f00e0c0d
0ff0d00d
e0b0700b
0d0e0e05
0f0ac0d0
e00b0d0c
0ee0d008
0de0e0c0
8090d0f0
900fd0e0
0d090d0e
e0c0d0b0
07e0a00a
e0b0d0d0
0f80c00c
0eb00dc0
0d0e100f
c0d0a00e
0dd0c00a
0c0de080
b00d90d0
0ff080c0
0c50d0c0
e00d0a0a
0dd00ed0
01e0c0c0
0cc0b0c0
500e9009
c004e0f0
e0e0e008
0be00c0a
0cb0c00e
0dd00df0
d0c00e0c
0da00e0b
0b0e700e
d0800b0d
09f0e0d0
c0c00d0e
d0f0c00c
0b0c0eb0
c0a00ed0
d0090b40
0f0d40e0
c0a00ba0
50c0080b
d00eb00a
c00e0c0d
900ea00e
c00fc00c
0d0f0e07
0ab0f008
0c0c09b0
a0e00b0f
c00a0d0c
0db0d0f0
900ca0d0
d0e0d0e0
e0e00b0a
0f0c0cd0
0f900ae0
0cc0f0e0
0ea0e0e0
0ae0c0d0
0dc00cd0
d0d0d020
0d0e0c40
d00d0dd0
0db0e00e
0e0d0b08
c090c00e
d00de00a
a00ad00a
c0900d0c
f00cd0d0
a00b0ee0
c00d0ed0
090ce00c
0eb00bc0
b0d0d009
e0b0c00e
0a0ef0d0
b0d007f0
c0b0f0e0
e0b00d0c
e00cd00d
d0080a0d
0e600fd0
d0d0e040
0e0ef0c0
e009b00e
0b080cc0
0db00da0
d00d0ac0
0cd0090c
b00bd009
09e00cf0
0ad00ed0
c00b0aa0
0ec00e0c
b00a0d0c
0f08e090
0e0de0a0
0d0a0e80
0a0bf0f0
d00d0dd0
c0e00cc0
200d0e0e
900bd090
0e0cc0c0
b00cd00e
d00c050b
b00b0e0c
b0c0c00c
0cc00fd0
0d0b0de0
0b90b00b
05b0d00c
d00e0907
0ac0d00d
e0c00dd0
e0e0e0b0
b00fd00a
0b0a0e0e
70b0030c
0a0d900e
700e090d
c00cb00a
0d0b6090
0f0ca00b
0f600c08
09e0d00d
0d0b80a0
0ab0c00e
d0c00da0
07c0e00d
e0d00bf0
0d0f0cd0
0ad00aa0
d00b0ce0
0e0dc0d0
0de00de0
0b0e0e0d
05e00b0c
0bb00e09
c0700d0e
e0090ba0
c0b00e0b
f0e00b07
0d800f09
e00be0d0
0db00990
0b500df0
0c0d0de0
d0c0b009
0c0e70d0
0bb00e0c
c00d0ba0
0ee0b0c0
a00ed0c0
0bb00bc0
c0b00ba0
d0d009d0
0dc00c0a
c0e0c0b0
c00dc0e0
0cb00a0b
0eb090d0
d0b0d00c
a00fe00d
0ec0e00d
e00e0e09
a0e0a00e
c00fd00e
e0f0060d
0d80d0b0
a00eb0d0
d00f0ce0
b0e00df0
0cb0e0d0
c0a00db0
c0090c0a
c0900ed0
b00fe0d0
e00cf00c
d00cb0e0
d009e0d0
e00be0b0
0d80b00a
0bc00d0b
d0c00e0d
0a0a0ef0
0e0d90e0
8008600c
d00db0d0
090dc0c0
20b0e00c
f00a0ec0
e007800e
0c0c08e0
0df0e0c0
0d80d00e
f0090e50
e0d0e0c0
d0080b0c
b0e006a0
0db070d0
f0c00a0e
0bd0e0e0
0bd0d0d0
900da00c
0dc0d00d
0b0dd00c
b0e0d0d0
0e0dc0c0
0bd0a0b0
0b0d0ce0
d00ed00f
0ca0b090
60c0a0d0
90d0c0b0
0a0cc0c0
d0b00fd0
700d0bd0
a00f0ca0
a0e00c0d
0f0ee00d
e0090c0c
0c0d0d0a
80d0c00d
09c00bc0
800bd070
09b00c0d
d080e00b
e00a0b0d
0e0e0cc0
e00be004
0e0dc00e
0df00d0d
090c0a0d
c009e00c
d0500c0c
0a090ac0
0d0b0c0d
d0a0d0e0
0d0dc0b0
0ca0c00c
b00ce00b
e00b0da0
50b00b0e
d00dc0c0
0fd0d00e
0d09c00c
b00b0cc0
0cd00d0d
0d050ae0
0d08800e
d0e0c00d
0e0e800c
090ce00d
b0c00c0d
e0c0c0b0
b0d00da0
c00a0eb0
e00c0ad0
0ea090f0
0b0dd00f
0d0c0de0
0bf0f0c0
c005a00d
0b0907e0
0c900940
0dd00d0e
c00e0dd0
0bd00a0d
e0a0d00e
0d0dc0e0
c00f0dc0
a0c0e0a0
0d90d00d
0ed0b006
0c60e0c0
0e05d0d0
0d0d0cc0
c00d0700
08d0d00e
e00cb00b
c00df050
0dc00b0e
c00dd060
d00c0be0
d0f00dd0
c00be00d
0bb0090e
0ca0d00a
c00e0b08
d00c0e0c
0d0a0c0c
d00cb00b
0e800a0d
0dc00cd0
d0f00de0
c0e0b060
300d0c08
c00cd00b
0f0fb00e
d0b00ef0
c0c0d00a
0e0b0ee0
d0d00e0b
0cd00c70
b0d0d009
f00ea0d0
0e0a0c0b
0eb0c00a
090ee0a0
0fe00b0d
0be0e0d0
c00e0e0a
0dd0d0e0
0b0d0cc0
0e90c0b0
c006090e
d00ed009
90b0a00d
0da00dd0
90e090c0
e00d070b
090f0ec0
0eb09008
0f0ce00c
06d0c008
0c0c0d0e
d00ce0e0
d00d0ed0
0c0ee008
90f00f0b
0dd00b0c
f0d00ef0
b0e0a0c0
0dd0e00c
0dd00bd0
0d900e0b
090f0c0d
e0b00e0b
b00b0ec0
e0d0d0b0
0de00cd0
e0c006c0
06e00e0c
e00ce0b0
0ea00d0d
0de00f0d
90e0c00f
0a90e0b0
0ce09090
0ff00cd0
90c0c009
0da00a0c
b00c0f0d
0b0dd0c0
e0d00e60
0d0e900c
a00c700a
d0c0c090
a0f090b0
c0c0b00b
d0900dc0
0f07d008
800d0c0b
d0090a0e
0ac00c40
b0900d0b
b00b0e00
0be00be0
0cf0b00f
0bd0d0b0
0e0c0c0e
b00c0ed0
d00c0db0
60d0f0e0
0a0a0e0d
f00ae00e
0ba0b00b
0b0cd00c
c0e050a0
d00f0ee0
0d0b0b0e
0ad0c030
0c0ea00c
c0a0c0f0
a009a00e
0c07e00c
0db0e00e
09e0d00c
0a0d0db0
d0a00f90
d00ae00c
a0a0c0c0
c0a0e0f0
a0b00b0e
c00d0e09
0d0980e0
e00dc00b
0c0d0eb0
0cc00ce0
e00b0e0c
b00dd090
0d0da00a
d0b00fa0
d0b00b0e
70d00ec0
e00a0d08
0f0ba0d0
0d0ed00f
0dd0b00d
0e7009e0
d0c00bf0
f00fd0e0
0d00c00d
d00ed003
0de00a0d
0e0ba00e
0ce0070e
020a090b
d0d00a0c
0b0a0c09
800e0c0e
d0e0d00b
0db080a0
0c0a0ed0
e0e0e00c
080cf0e0
e00b0c0d
0df00ab0
e0e0e00c
0f0dd0d0
b00c800d
0db0e008
0dd0c0e0
0d04c00e
c0c0d0d0
b00cc00e
0ed00c0d
0a0dd00c
0ed00d09
800fc00a
d0d0d006
0b0cb0b0
b0d0d0a0
c0d00be0
0da00ce0
0dc0b0e0
0e0d0da0
b0700dc0
0fc080d0
0d90a0d0
e00e0ef0
0ce0c0e0
80080ac0
0df00ac0
0bd0b0e0
d00a0d0c
0cd0b0e0
0d0de00a
0e0ea00f
c00e0ec0
0ea0d0d0
d00bd0c0
b0c00e0a
d0d070c0
d0a0c0b0
0cc00d0d
e090e0e0
a008b00d
0ed0d0d0
0de0400d
d00b0ba0
d00a0b0a
0b0b0da0
0de0090a
0ed0c0d0
0de0e0c0
0f80e0d0
0d0b090c
0de0c00e
0d070b90
e0d070a0
b00b60d0
0dd0d0a0
d00c6060
a000c009
0d0ef0d0
c0e0d006
08d0c00b
0ba00e0b
d0c00eb0
09800ea0
e0b00f0a
e00cd0e0
07b00ce0
0fd0600d
0d0e0d0c
0eb00a0a
0e0ae0d0
c0e00ee0
07a00b0c
d00c0bb0
d00e0e0b
f0c0b00d
0c0c0cd0
a0c0c00b
e0900d09
f0d0c0c0
c00e0ee0
f0b00b0d
040ef00d
0c0ec00b
f0e0b0e0
0da0d00c
0f0d0cb0
c08080e0
d00f050e
0bc00e0d
0d0c0b0c
0ee0d00e
0e90e0d0
0c0e0b0b
a0080dc0
d00a0ad0
800c90b0
0cc00e0e
e0e00b0d
0d90d0e0
900e0b0b
0be00d0c
b0e0b0d0
d00d0e0b
d0a0b00e
d0b00b0a
a0b00d0b
0d0b08d0
e0b00ac0
c0a0f00d
0db0a009
0ce00ec0
04a0d0d0
0bc0c080
c0f007c0
0cc060e0
0be0700b
0dd0d00a
0d0c0d0b
0c0bd0d0
0b0cd00e
0ed00de0
0e0c0e90
0f0ec0e0
0cc0d0b0
d0c0c00c
0f0e0d80
f0f00e0a
c00ac00d
0e0e0ff0
09b0300e
0e800bd0
900c0707
0c4009d0
0fc00c09
0c0c0c0c
0e0dd080
c0d00e08
0a0ea00a
0d0d080e
d0b00e0e
d0e0700d
d0d00ce0
0bb090f0
e00cc00d
0ed090b0
e0c00bd0
0da0b080
90b0c0e0
e0c00f0d
c00d0dc0
0ef00d0d
e00df00f
f0a0c090
d00cb00d
d0a0c0f0
a0900c0e
0e0ee00d
0d800ac0
e00dd009
d0e00b0b
0f0a0e0f
d060d090
0d0cd008
0de00de0
e0b007e0
c0b0d0f0
c00f900a
0be0e00d
0df00908
060a0e0c
0d0e0dd0
f0b0e0e0
80d0c0f0
c0d0c00e
0d0b07e0
d00d0a0d
0ce0d0d0
e0e090d0
d0e0e00d
b00cf060
0bc0d0e0
b0a0c0c0
d0d00e10
0bd00c0d
0c0d09c0
c0e00db0
c00d0e0e
c0d00ff0
c0e00eb0
c0e0d00b
e00d0b0c
d0d00cc0
0d0cf0e0
08d0c00a
e00d0d0d
e00ef00d
0c0dc00b
0cd0c00e
d00dd00a
c00b0f0e
e00a0c0c
0af0c0e0
0dc00e0c
a00cd00b
d0d00f0c
900ad0e0
b0a00d0e
c00de00d
d00dc00c
0a0e900b
0b0d0d0c
e0e0e0d0
c0d0d0e0
800aa00e
c090f00a
e00dd00c
0ce0d0d0
0ea0e009
0b0c0e0d
c0e00e0f
0bc00df0
b0c0f00c
b0e0d00e
d0d00e0d
40e0d00d
e09007d0
d008b0a0
d00e08e0
0b0b0db0
0fa0b0c0
0ac00d90
b0b0b00e
0d0dd00a
a0d00d70
c0d00c0c
0de00dc0
c00aa00f
0d0ab0a0
0e8090d0
c00fe00b
0ef00f07
c00a0de0
0b0dc00d
e0c0d00e
b00d0da0
90c0e00e
d00da00a
e0080d0c
e0e00e0d
a0a0e00c
0c0c0f0d
09d0b00c
e00b0c0d
0d0ac080
0bd00cd0
b00f0c0d
900f0b0f
b0c00ce0
0e0dd009
0c0cc00d
f00f0908
09c008e0
09e00cd0
a0600bc0
0e0cd00d
08b0d0c0
0608f005
b0400d0b
c0c006d0
0c0c090a
c0d00dd0
0e0cb00b
0dc00a0e
d00ee00e
0fd0900d
d00d0a0b
90d0d008
d0e0d0a0
0d0ed0f0
90090b90
0fc00ec0
80b0b0d0
a00e0de0
a00ac0d0
0df00e0b
0af0080c
f090e0a0
d0070e0c
600ad00e
0e0ef0b0
d00a0de0
e00fc006
0d0d4006
0c0b0d0d
0c0bc009
0e0ae0e0
0e0e4070
0d90b00d
d0e0c0a0
a00ae0d0
0cd005b0
b00c0d0b
90e00de0
d0d00d0c
e0d0d00e
0a0bd0d0
0cb0d00e
0c0f800c
08c007e0
0fa00c0e
0de090c0
a00ec0a0
0de0d008
d0d00bd0
d0a0f0d0
c0a00b0d
d00e0c06
0db008d0
b0e0e00e
e0b00d0c
f00bd003
f00e0a06
0be00f90
0a0a0c70
d0090e0b
d0700d0c
d00c80e0
b00ea00e
0c0bb009
e0e00de0
b00c0c80
0e0b0e0c
0d90d090
b00e0ad0
d0e00e0d
b0d0e0e0
0de0600e
0c0b0c0f
a0d0d00d
0cb0c009
0da0a00a
090dc00a
0d0c90c0
0dc0f007
c0e0f0f0
0ee00ce0
e0d0f0d0
0a0df0b0
0de00d0d
0c0e0e0e
a00c0d0c
0db00a0e
0a090ee0
0d08080c
0ee00cb0
0af00e0c
e00f0c0c
f00b800f
d00d90c0
900ee0b0
0ce0b0c0
0d0d0904
d0e0c00e
900b0a0c
0e0dc00a
d00e0bb0
d0b0f00c
0cd00c0b
d0e00eb0
a090d00b
0a070c0f
0be00c80
0c0e0ed0
900c0cd0
b0700c0b
d00dd00f
0d0ed00d
c00cd0d0
080ee0c0
d00eb0e0
0db0d00c
c00d90e0
0d0dd070
e00ac0b0
a0c0e0c0
090e0d09
0b0c0cc0
0a0ce0b0
0cd00f07
c0f00f0a
09b0a00c
0e900707
0ee00fd0
e0f00e0d
0cb0d0e0
a0b0e00f
0ca0d008
f00d0ed0
900a0cb0
0dd0d0c0
0eb00d0d
b00ec0a0
e00de00a
d0d0b0c0
05e0d0e0
0e0cc0b0
0f0bc00c
c00c0ce0
a0d00f0c
0c0b0e0c
0c0ec00e
d00cd00a
b00ce00c
0d0ce0d0
0dd0d00c
b0c00b0d
0d800a0a
0dc0c0c0
0dc00d09
d00ea0b0
b0500a0d
f00ec0c0
06c00ce0
0f0e0c60
0da08040
0de00de0
0b0d3050
e00de0d0
b00e070e
d0d00ed0
0cb0c00c
c00b07e0
0d0ef007
f00f0bb0
d00ec0e0
0e0dd00e
c0d0d0b0
d0e00c60
800a0dd0
700e080d
c00dd0e0
0e0d0a04
d0b008a0
90b00e40
0cd0e0e0
d00e0b90
0fc0900b
0dc0a00d
0f0dc00d
a00ee00e
0d0a0f0c
0f07e00e
d00ac00c
0d0eb0b0
d0c00e90
0b0f090c
d00ae009
0890d0c0
08c00be0
f080080d
0e0c080d
0dc0e00c
e0c00c0c
0a0ed0d0
0cc00dc0
e00cc0d0
0de0b00a
80e00b08
900ee0d0
80a0e00a
d00bd00d
900df00b
d0d0f0d0
0dd0c0d0
b00d90d0
0ca0a0b0
0d0ad00c
0bf00cc0
0ae0d0d0
700ed0c0
0dd00c0c
0ec0f0b0
0fe00e0e
90e00ef0
0fe0d0d0
f00ba00a
b0e0e00e
0d0b0de0
0b0a00a0
0de00be0
c009e00d
d00ed00a
d00dc0a0
0de00ca0
a00bc0c0
f0b00ed0
c0900de0
d0d00c0c
b0e0f0d0
0e09d00c
f0f0c060
0c0ec009
c0c0d0d0
d00ee00e
b00d0ec0
c0b00d0b
08d00a60
b0060cc0
900ec0c0
0dd00150
0f0d0b0e
d00ab0a0
d00cd0d0
d00d800b
0cc00b0e
0e0de00e
d0d00cb0
0de0c0b0
0ac00d09
0c0d080c
0f0e7006
0e70f080
0ed0b00e
0a0ff00d
e00a0ce0
0fd0d00a
0a0e30e0
e00dd0d0
e00be00c
f0e0090d
0b0e0dc0
0e09a00e
c00e800b
0bd0e00d
0ef0c090
0e0c0d0d
0ae0800f
0d0c0ed0
e00ce00d
0c0e080b
0ed090d0
d00d0d0d
0b0ed0d0
a0e00c0a
b00bd00a
0ee0e0a0
b007900d
f00ec080
0ad0d008
c00df0f0
a0c00d0e
a00bd00e
a00e900d
c00cd00e
f070e00d
c00b0d0b
e00ff00e
0d0c0cc0
60e00bb0
f00dd0e0
0f0fb00b
c0b00ae0
c00af0b0
0b60c0a0
0ae00c0e
c0b0c0c0
0e0d0c0c
e0d0d009
0d0cc0b0
0eb0b00c
0db00d0f
90d00706
d00dd00d
0cc00c0a
0ef00d0b
b0080d09
0b0a0bd0
e00b0d0e
0eb0b00b
070e090a
0ce0d0d0
e0090e0d
0d0d0e0e
d00cc0b0
d00d0db0
d0c00c0e
0dd00e0a
d00de0c0
a00c0fd0
f00a0b90
0cd0d00a
070cd090
0db0d0c0
0e0bb00c
d00db00d
0d8009d0
e0e00ac0
f0f00d80
e0b00e0d
0a0db070
70d00c0a
0ed00e80
0dd00fb0
0b0ca0c0
e00fa0a0
d00ab0a0
d0d00dd0
02090709
0d0cd00f
c0c0e0c0
b00b0ae0
c00aa00d
c00dc0f0
0e0ca0e0
0df0c0d0
d0c00c0f
0e090ae0
a0d00db0
0b0bd00c
e0c00eb0
800ed0c0
0d0e0cd0
e0e00bd0
b00c0f0e
0fd00a80
d0c0e00f
b00dd00d
03c00e0c
c0a00e90
0b060d0d
d0a00cb0
e0d0d00e
0ae0c00c
0ce00af0
a00d080d
c0e0b0f0
0c0e80d0
0c0dc00d
d00b0ee0
0ff0a00d
0d0ca00e
e0050ca0
e008d0d0
f000a040
d0900e0b
0a0dd009
0e0e0cf0
a080b00b
0da0c0e0
0b0d08c0
09090ee0
b0e00dd0
a00d0ad0
d0b00c0c
e0f0e0d0
70b00a0c
0ec00ec0
0c0b060d
0cd0e00b
e060a0b0
0c0c0dc0
d00ab0d0
0d0da00d
0dc0c00a
0b0ed00c
08d0f080
90e00bd0
a0b0d00b
0ad00e0c
a00ac00a
d00bc0d0
0d0de0c0
0b0c0ef0
0e0bb0e0
c00c0ad0
e00709e0
0d0ef0b0
0ca00da0
0c0cc0c0
c00bc00e
d00ac0a0
d00ed00b
0d0a0e0e
e0a0e0b0
e00de090
0f0cd0c0
e0e00eb0
0ee00ed0
a0d00c0c
0d0ae00c
060cc0a0
d00690e0
800dd0e0
c0e00ff0
090d0980
0d0b0dc0
070c0dd0
b0070b80
09d00ee0
0e07e090
0e09400c
0ca00ed0
d00f800e
0b0f080d
0dd00ea0
b0d0d0c0
09500ba0
0e0e0d0c
b00cd00c
e0d00d0c
0eb00c0d
0ed0300e
b00c0e0d
d00ef0e0
d00ce00f
900c0ee0
0de00ec0
09b0a0d0
0f0b0dc0
0ca0d0e0
e00ff00d
e0e0b00e
b00dc00d
c0070e0d
c0b00bd0
d00d0cb0
0de0b090
0d0ee00e
0b0d0e90
0c0a0d09
d00ad00d
d00ac00e
0ee0d0d0
0bf00a0c
d00cd080
0b0da0c0
0ce0c00e
c0e00d0d
0c0e0d0d
0e0ec00d
e00b0c0b
a0e00de0
0a900c0e
b0200ae0
0db00e0d
0ac00cd0
c0e080c0
0cc00d0a
e0090dc0
a00cb0d0
0ec0d0a0
0d0b06f0
d0c0f0b0
0d0ed00c
0b0e0de0
60d00ce0
0d80c0f0
0ce0b0c0
e0e0700c
0bf0c00e
c00d0ae0
0d0c70c0
0c0b0e60
e00db00b
0570a0d0
d0e0b00c
e0e070e0
e0a07090
0ce0e00e
d00d0c0e
f0d00cc0
0e0be00d
e00b0dd0
e00d900d
090ac00a
0b090dd0
a00fc0d0
0db00e0c
d00e08b0
c00f0f0d
a0090de0
60c0c070
05c0000d
0c0c0fe0
090e0d0c
0c0e0a0f
0ee000a0
0e0c0bc0
0e600ec0
0bc0d0b0
e00f700c
70700e0a
b0d080c0
0ee00cc0
e00ba00d
800ed00d
0d0d0d0a
c00cd00e
b0c00d0c
0dc00ed0
c008f0d0
0b0c0a0a
0ec0d0c0
d0b00cf0
09b0d0d0
700bc050
0d0be0e0
d005d00d
e0d00d0e
0c0b0a0e
0dc00d0c
d0a006b0
a0a0d0c0
40b00d0b
0d0b0c0a
0ce0080c
800bb0f0
0e90800e
e00a0d0e
d0a0a00a
080d0d0d
0d0e080b
0ee0d0b0
f0f00a0c
b0d00c09
0db00ba0
f0c00e08
c0900c0d
090be009
05a0e080
b00f6009
e00ac00a
c090b0b0
c0b0a00e
0a0c0c80
0c0e0dd0
c0a00dc0
c00e0c0c
0da00e0c
0bd00d0a
90d0c00f
0d0d0bc0
b0f00f0c
a0d00b09
d00e0ec0
e0e00ac0
0ba00d0e
c00ed0d0
070bd00c
f00eb00d
d00d0e0a
e090f00e
0b0ba00d
d0c00ad0
e0b00fe0
06080f09
0cd00ee0
a00e0c0e
a0e00d0d
b00eb00c
e0d00d08
c0b0e0a0
0b70d0e0
0ec00eb0
e060e0e0
0ac0e0a0
d007d00e
d0e0e0b0
d00bb006
b00ed0d0
c00a0a0c
0dc0b070
f0d0e0d0
0dc0c0c0
0db0d00b
0d90e00c
0e0c0d0e
a080a0e0
0c060d0c
d00b0cd0
0ea0c0c0
0d080cd0
c0d00c0d
0b0be00e
0e09700d
c0d0e0a0
900e0ed0
a0d0d0a0
900ed0b0
0dc00ab0
e00c0b0e
70c0d0b0
d0e00ce0
a0070d0d
f0d00ac0
e00db0d0
0d90e00c
0d0c0de0
a0d0c00b
d00c0cd0
0c0d0c0c
c00de0c0
d00ba00c
0ab0d00e
0dc00c0b
0cb00cd0
0ed0b0f0
d0900d0d
0e0a0bd0
07c0b0b0
f00c0ce0
0bb00e0c
e00ce0d0
c00ed00d
0ee0f00d
0f0de00c
0cf0e00d
e0d0d00f
b00d09c0
0dc007c0
b0c0d00b
b0e00cd0
b00c090e
b0e0b00d
500ab00e
0f0d900d
c0e00dc0
b00ea0a0
e00bd0f0
d0c00aa0
f0e0c0c0
c0d0b00c
0e0e0dd0
0d0d0e0d
e0c00ab0
a00c0cb0
0c070c0a
a0e00ee0
d009d0b0
a070b00e
0e0ab00c
a0c0d00b
0e0b0b90
e00ec00d
0cb0c008
c0d0a0b0
0cd0400c
0c0f0db0
0e080f70
e00be0a0
0e0de00c
b00ee00b
0ca00ee0
0c700d0c
0d0ee00d
d00e0d0e
500e0ec0
0d0a0ec0
0b090ee0
0df00dd0
e0a0d00d
90d00c0f
d00e8090
80800dc0
d0e00d0c
0f0e0be0
b00c0df0
b0070d0b
0e0e0be0
0de00ab0
e0d0c00b
a0d0e00f
e0c060e0
0e700c0d
a0e00c0d
0a0eb0d0
e070e0a0
0ea0d0e0
b00ea0a0
d0d00c0b
0a0a0cb0
d00ee0e0
e0d0900d
0dc006e0
090bc0b0
0f0c0de0
0b0a0e0e
d0b008b0
0dc00e0c
e00cd0e0
0c8009f0
0bd00dc0
0c0cd0d0
60c00c0c
08b0c0e0
0c0c0c0e
0d80d0b0
b0e00990
e0e00e0f
d00d0ad0
0c0cc090
090d600b
a00f0db0
e0d00d0e
0aa0900d
e0c0e0d0
90b00fb0
f0e0500e
700b0d0d
a0e0d00d
0cb0090d
0c0a0d60
0e0d0b0e
0bb00e0c
090d0b80
c0b00f0e
0d0b0ce0
e00c0e0e
0e0d0d0b
a00f0c0a
b00c0e0d
f0c00dc0
0c0c090d
c0c00c0f
0d90a00e
e0b00e0d
090c0d0e
0d07e0e0
90070bd0
e0070c0d
e0c00db0
b0b00be0
c070e00c
8000090c
070e07c0
0cf0a00b
0d0bc008
070e0c0b
e0d00d0c
0fb00eb0
0dc00a0b
e0b00a90
09f0d0a0
b00df00d
a0e00db0
e0e00e0c
d0d00db0
0ec00c0b
c0e00ae0
0e800a0c
0cc00f09
0e070d0b
c00c060b
c0e0e00e
090db00b
08d0e00d
e0040bd0
0e0bd000
e00d0c0d
0db0e0d0
b0e0d0c0
c090a0d0
d00d70e0
d0f00e0d
a0c00b0d
0c0d900a
c00cd00a
f002b00b
a0b00cc0
0b00a0a0
700d0880
0c0cb0c0
b0b0e0d0
0a0c0c0e
e00a0cb0
000df00e
0c0e0e0c
0b0e080f
b009d0e0
0e90090d
09d00d09
0bc0040a
e00dc00d
f0b00fe0
e00c0dd0
d0f0d00c
d0d0e0e0
0ab00dc0
0c0e0e0c
0cd0060c
7070a00d
d00cb040
e00d0df0
0de0b00f
e00e0ad0
f0a00bb0
0cc00c0d
0dd0b090
b0b00cb0
e0090eb0
0c600d90
0c0d0c0c
c0c0a0c0
0c0dc0c0
e00e0d0d
d00df00c
90d0e0e0
0b09d0d0
0cb0d0b0
e0900e0a
0bc00ca0
e0d0d00e
e09080d0
05d005e0
0c0c0db0
c00f90c0
0b0d800b
0e0de00e
0ad00ec0
0ae0b00c
0b0b0c0c
b00d0d07
30d00d0c
c0b0d0d0
f0b080c0
c0d07008
b0070d0e
d00d0d0d
f0800bd0
0508f00d
0d0c0e0c
d0060bf0
0de0d00e
0d090ed0
900b090a
0de0c00d
0ec00e0b
b00fb0d0
d0b00ac0
b00b0bd0
0be0c0d0
d0e0700a
0ae0c00e
0a0e0ad0
0dd00cd0
0e09d0c0
c00e0fe0
0d0dd0e0
0b0da00d
0bd00d0b
d00d0c0d
b00e0e0d
900e8001
d001c00b
a0d00c0d
0c900d09
c00d000d
e0c00dc0
0ee0080d
0e0dd00d
0df0c00e
b0a0c050
0ee00d0d
0df00cb0
080d0de0
e0b00ed0
0dd00f0b
e009f080
40e006a0
0c0a0dc0
0e90e00c
0b070d0c
a0d0c00a
0db00b70
e00b02b0
0d600dd0
0ed00da0
b00eb00e
c0c00cb0
c0e0d008
c0c0b00a
0a0aa0b0
e0b006c0
c0e0d0e0
0e0dc00b
900dc0e0
0db0c007
e0b00ed0
0cf0a0b0
0be0c00b
0d0dc00c
0cd00c0d
0b900ad0
0d0ec00c
0be0e0c0
e0c00e0b
e00d0eb0
0ed0c0b0
a0e0b0c0
b00d80f0
0b0ac00d
f0d00be0
d00eb00d
d0080d0d
0d0ff00d
0ee0e0a0
800c0c0d
e00db00d
0e700ec0
b0e007e0
f00b800e
e0090cd0
d00ee00b
d0a0800c
f00c0ee0
e0d00bf0
90d00be0
a00c0f0a
b00e8008
0b0b0ae0
0c06d007
90e00bc0
e000c0e0
0ed0c090
0ce00b0b
a0d0d070
b009d050
c00ff00f
0c09070e
900d0a0c
b0c0e00e
0c0b0dc0
c0e0b0d0
0c0890c0
0bf00f0e
70b00c0d
0eb0e0d0
d00ee0c0
0dc00ee0
d0d0a080
a0d0d0b0
0dc0d00a
a0e00508
d00ed0d0
c00c0be0
0c0b09e0
c0d00a0d
d0a00e0a
050a900a
05700cb0
0bb0e0b0
0d0e0e0e
0ce00960
c00d070d
0bb090d0
0dc0c0e0
500c0b0b
0de00cc0
0c0b0ef0
c0090ac0
0d90d0e0
d0d00e0e
0b0d0b0b
0ef0e00b
0d0c0870
0c0de00d
0de00d0d
0de00bc0
0c0a0bd0
0e07e00d
e00be00e
0b400c0e
b00c0bb0
0bc0e00c
f00d0cb0
900e0c06
0e0e0c0a
d00dc00b
0f90e00c
d0b0c090
0e0da080
0d800be0
09d00c06
c0e0b00f
0d0e0e0c
d0d0e0e0
0da00e06
09a0c009
0b0dd009
0c0d0cf0
0af0d0f0
80c00c0c
0ec00ca0
0c0d900e
d0060cf0
0de0b0b0
b00dd0e0
c0c0600d
80d00de0
06c0b00c
e0b070e0
d0e00e0e
050f0dc0
0d060d0c
0ed0b090
e009d0c0
d0c00c0a
b00e0d0d
0be0c0e0
b0800cb0
0b0cc007
0a0a0c0e
b00b0dd0
0d090cb0
0d0c0b0a
0ea0e080
0c80d00d
d0d00b0c
a00e0b0c
d0060ce0
b00f0e0c
b00c0ba0
d00cc0d0
d00d0dd0
d00e0bc0
e00f0d0d
e0d00ec0
0b0cc0d0
f0600d0b
b0b008e0
b0e00f0b
40b0d00d
0d06b00f
0d0d0dc0
0e60d0a0
f00cd00e
0aa0d0b0
c00bd00d
0fd0800e
0be00de0
c00dd008
0a900b0e
0ec0e00d
0a0cb0c0
0e0ea090
b0c00e0b
d0f0c0b0
f00c0c0c
080a600c
0f0de0c0
9090f0d0
0fc00dd0
0d0dc00e
0d09c00e
d0e08080
e00de00c
08a00d0a
0d0d0d0f
a0e00c0d
0b0bd00d
d00c0be0
0d0c9070
c0e0d0c0
0ed09009
b0b0d00d
0e800d0f
0ca0d0c0
c0e0f0c0
0ef0800b
900b0fc0
0ea00f0a
0e0da0d0
0c0c0ce0
0ee0090d
0de00c0d
0d0c0a0d
070dd0d0
b00bb00b
70d00d0f
0b0a0e0e
0cc0b00d
0d0d090b
e0e00d0c
0aa00d0d
d00e0c0e
70b00cb0
c0e0b009
b0d00f70
e0c00d0a
c00dc00b
0e0ec008
e0c00ec0
0cc0e00d
e0b0090e
d0c0c090
0d0e0d0e
a00fc00d
d00ec008
0dd007c0
07c0e0e0
900d0c0c
f00de0d0
e0e007c0
b007b00c
d00d0b40
b00ed00d
0e0e05d0
e0d0c0e0
c090e0d0
e00a0d80
d0a00a0e
e000c008
0cd0d0a0
0dc0d090
0dd00b0e
0d0e0c0e
090c0bd0
e0d0d0d0
600ce00d
d0e00b0d
a00d0cd0
0ef0d0e0
e0d060c0
e00bd080
80a0c0e0
c0d0a006
a090f080
d00f0f0b
c0c00e0d
0dd0e0b0
f00ad00c
b00d0c0a
60c0f0f0
0ec00b0e
0b0d9009
0cc0e00d
08a00701
0ee00af0
e007a00b
c0d0c009
0dd0a0c0
0c0ae00f
0a030d0b
0d0c0d0d
0c80e0c0
0ae090d0
d0d0c00d
0c0c0c0e
0d0d0e0e
0a0b0e0e
06d0d0c0
0db0080e
c010d00f
07d00de0
0c0ee00a
c00c60d0
d00b0cc0
0d0c0dc0
0ca00ed0
090b0b0b
c0d00e0f
d0d004d0
0cc0e007
0e0a0dd0
0ee0c009
0eb0e0d0
0f0fc00e
0dc00ef0
e0e0d0e0
a00fd0b0
e0c0d0d0
0d08c008
0b0bb0b0
b0d0d0b0
0cd007c0
0d0ec00e
b0d0d00f
f00f0f0a
0c0cd0d0
e00f0e0a
0f0b0b0b
0ea0a00b
d00c0ed0
80c00bd0
d0c00cc0
0d08b00c
0bf090c0
b0c00e0b
0c0e90c0
0de060d0
b0d00ce0
e00b0a0f
b0e00dc0
0d0d0d0c
0cf00be0
0e90d00c
0b0d7009
0bc00dd0
0d080da0
b0c0e0b0
0e0da006
80c0d00c
0dd00b09
700d8009
090d0e90
d0f00b0e
c00d0b00
060cf0e0
d0600a0b
0dd090c0
f0c0b0f0
b0d0d0d0
0f0e90e0
0f0a0ca0
0e0b0908
b00ac0d0
0a0ed0e0
a00c0e0f
70c00c0b
c0e0e00f
0aa00cd0
0bc00b0d
d09090b0
d00dd0e0
0b0a080a
0ce0e0e0
0dc00ce0
c0e00e0d
0ee00f0b
e0c00a60
0d09e0c0
f0f00e60
10060ae0
0eb0a0e0
010ed0f0
0c0ce00e
b0d00ba0
0ad0c00d
70090eb0
f00bd00c
0a0e0e60
0b0d0fa0
a0a0b0e0
d0a0c0b0
0fc00ed0
06a0c00d
0f0a0d08
0dc00be0
0ac0070c
0dd0f00d
d00ec0e0
b0d0d00d
c00b0b0e
0fb0e00a
0ea005d0
d0f00de0
c0f0d0b0
d0a0a009
0cd0a090
e00d0e0a
0d0eb0e0
0b0cb0b0
0c0d0cd0
c0c090d0
0dd00ec0
0bc0a090
d0b00c0d
c0c00e0a
050a0d0d
08e0b0e0
b0d0b0e0
c0b0c0e0
0e0d0fc0
0d09d0d0
d00d0be0
060d0b0f
0d0e0dd0
f00e0bd0
b00bb0a0
d0d0d0e0
a00ae00e
0a0a0c0f
c0b070e0
0dc0090e
d0e00c0a
0b0dd008
d0e0a0e0
d0c0e0e0
0db009d0
0dd0b0c0
e0b0c00c
f00ef00b
b0b00f0c
080ed00a
c0c080d0
d0800ee0
b090d00b
c0b0c00a
c0d0e0c0
c0a0d0e0
0eb00d0b
0c0c0de0
0b0b0ee0
0dc00dd0
b0d00f08
a0c00409
b00c080b
0c03b00d
080b0cb0
900df00c
e0c0c0d0
0a0e0cb0
090e0d0f
e0d00b0a
c0c00e0e
0df00e0a
090680c0
0de00cc0
0a0de0e0
c0e00dd0
0e60e00b
0de00db0
d00f08c0
c00b0ec0
e0d00cd0
d00e0dd0
0e0d0b0c
0fe0e0c0
d0f020b0
0fd0c0e0
f0d00bb0
c0e0080a
c0900e0c
e00880c0
d0b00ae0
0ce070b0
b00ce00f
0ae00f0b
0c80d00e
0b0fb0b0
800c0cd0
0cc0c0e0
b0d0f0b0
90b0c0b0
f00da004
b0d0a00d
e00d0e0e
a0b00b0a
b0e0f00f
c0e00ba0
a00ab00c
0dc0f00d
c0d0d0c0
0dc0c0c0
b00e0d0a
e0d0e0d0
0bb00d0b
90700e0d
d0e0d0d0
0d0ca00c
0d0ec0c0
d0c00d09
a0d00aa0
0c0f600c
b003e00e
c00c0e0c
0db0e00f
050d0d0d
0bd0c0c0
0a0dd00b
090d90b0
c00ca0d0
c0a00ea0
0ab0d00f
f0c0e00c
0ab0c009
0d0cd0c0
e00c700d
0dd00a0e
70e00c90
0f0bd020
0d0bb00e
0b0b0d80
60c00f0d
e00d0dc0
c0c080c0
500e0ce0
f0090a09
d0d0b080
0bd0c0b0
d00da00c
c00b0290
0da0d00c
c00bc0b0
e0d00ab0
d0c00e0d
c0090a70
0cb0f0c0
d0c00bc0
0fc00cf0
e0800de0
0bb0050c
0a0ce0c0
c00cd0d0
a00c0c90
0bd00d0d
0cd00d0b
800ed00d
b0b00d60
b030b00d
c0d00ce0
0d090ea0
0c0fd00e
50c0e00a
b00e0ed0
0b0dc00c
0b0c0bd0
e0e0a009
0c0dc0c0
0cd00a09
0cd0d0c0
90e00ac0
d00e0a0b
c00c0f90
b0c00a90
e0d00dc0
900bb0d0
0e0d0ba0
d0e0e009
0e0d0e0c
e009d0d0
0d0dd00d
d0090de0
0c0bb00d
b0097080
09e00ad0
d00ec00c
d0e0c0a0
040d0ee0
a00ae00d
0c0d0d0b
0db00dd0
0c0ff00d
080b0f0d
0bf0b00c
b009c00c
050ea00c
b0d00ea0
0c0ae00c
90e0090d
0d0da0c0
0904b00c
00d0a006
e0e0b00c
0dc0d0d0
f00808d0
0cc00a0f
d00d0ed0
c00f0dc0
090c20f0
0d0b09e0
d070080e
0ed0e0e0
e00ec009
b00b0cf0
0bc00d0e
d0a00a0e
0dc00f09
0be0b0e0
08b0f00e
0d07e00b
e00ec0a0
0eb0f00a
0d0cd00d
0de00d0f
d0e0c00a
0cc00de0
f00de0f0
0dc0d080
e00c80c0
0c0e0e90
0d0ba0d0
f00cc0d0
60e0b0b0
0cb00cd0
010f0ab0
0c0fa00c
0e0d0e0a
e0e0b0b0
a00d0ca0
b0c00d0c
a00e90e0
e00ae00d
0eb060c0
0ce0d00f
0ee008b0
09d0070c
e00eb0c0
0b0b0b0d
0c09b0b0
0d09090b
d00a0e0c
0e0ed0f0
70c080e0
90c0d00d
f00b0ec0
0a0c0b0b
0dd0d0a0
0ee009b0
0c0b8007
b0d0c0d0
d008900f
70b0c0e0
800680b0
0d0d0b90
80b0d00c
b00cd00e
0ba020c0
0e0c0e0e
0d0bd0a0
0cc0d090
0d09e0a0
c0d0a00c
070d0df0
b0070c0d
400dd0c0
0a0bf00e
d00e0cd0
0b0d060d
a00e0c0e
0a0b0e0d
0ac00dd0
c0a00c0d
d0d0b00a
0dd00be0
a0e00b0d
0dc00a08
0db0a0f0
0d0e500d
0d0bb0b0
0d0be0b0
f00e0d0e
0ef00d0c
0bb00a0f
f00e0ee0
0e0d0ec0
e0c0a0f0
0d0d0b0a
09d00d30
e0d00bd0
e0c0c0e0
b00b0d0d
f090080e
0e0be009
c0900c0a
b008b0e0
0cc00ad0
0c0cd0c0
a0c00a0e
d00e0e0b
0ed0d00b
0fc00d90
c0900a09
e00ae0c0
090de0e0
0dd080d0
0cd0e00e
f0c0e0c0
c0c0c00e
f00b70e0
c00d0c0d
07c00d0e
0dc0c0d0
c00e0ba0
900ee0e0
c00f0c0b
e0e0a00b
0d0c0e0c
e00f0cd0
d00c900d
c0c00c04
0e0b0fe0
0cd00d0c
b0c0b00b
a0e0d00c
0fe008d0
0d800d0e
0dd00c0b
d00b0a0d
b0c00dd0
c0b00c0d
09d00bd0
0d0c01b0
b00ab0e0
e00c0d0c
600e0e0f
b0c0c0e0
0e0c0eb0
0dc080e0
e0d0c00b
0ed00cd0
d0c00ca0
f0e00da0
80e0e00e
a0b0b0e0
c00b0fc0
0dc0b0d0
0da0d0b0
0db0c0a0
0f900d0b
e0a0030c
0e0be00a
b080d0d0
0b90900d
0c0a0ed0
05d00d80
0cb0e00c
0c900ee0
d008e00f
e00ce0e0
c00cc0b0
90d00e0d
0b900c0b
c00e0d0f
0cd00d0c
0b0a0dd0
08e00dd0
0c0b080c
09d0e0d0
e00b0e0d
0fd0800d
0db0d0d0
0c0ee0b0
0f0ab0e0
0a07c0e0
0dd0b00c
b00f700e
0b0ed007
d00d0dd0
f0e0c00e
0cc0b00e
f00c0f09
f0e0a0c0
090e700c
0d0d090d
0dd0d00e
e00e0ed0
c0d0b00d
c0b0d00b
0de0d008
0e0fe00e
0ed00c0d
c00cb0c0
900d40d0
c009d0c0
0d0ed00c
02a00d0c
0ef0a00a
0df0f0e0
a0d00f0d
0ed00d06
0b0ac009
0f0ac00e
0c0d0df0
d00d0cd0
0e0c0d0e
0c0de0e0
0d0d05d0
e0b0c0d0
0cf0c00e
d00f05b0
0ea0e0c0
90d00c0f
f080d00e
0ee00ee0
f0e00c0c
0d0d0f0f
a00b0dc0
e00be00f
e0f00ff0
0d0dd0d0
0e0eb00d
d0b0d0c0
0ed004d0
0dc09006
0ef00c0c
0c0e0b0b
e00df0e0
80c00608
b0c0f00d
0fe00d0d
0a0fb00f
0ac00e0c
f0b00c0e
0d0b0fb0
0e0e0df0
d00d0cc0
0c0de00e
0be00cb0
0e07d00a
0d0c0de0
0d0e0e0b
0ef0c00d
a00b0b0e
0c0e0de0
0a0ca000
b00cd0e0
b00d0b0c
0b0c0b07
0d0eb00c
0b0f0ee0
0d0ec0c0
d00c0df0
0db00de0
d00b0ee0
d00d0b0e
0c0ed00d
0ef007d0
0b0ac0b0
e00eb00b
e00f0c0e
0df0d00e
d0d00c0e
d00890d0
0de0f0b0
d008e00d
0ed00ef0
0e0a0e0a
50c00e30
0ee00a0a
c0e00a0c
090ef00b
0c0a0d0e
c0a0d00b
c0e00bc0
80a00d0b
f090d0b0
d00d0f0a
90c0070c
d00d0d0e
e0c0c00d
90c0d00c
0de00cb0
e007090b
0c0fc0c0
e0b0e008
90d00d09
c0c0900e
0e0b0c0b
c0900f0d
b0c0c0a0
0ca00e0e
70f0d0d0
0ce00b0e
c00e300d
800b0e0a
0cb0b0e0
d0e0c009
0d0dd00b
0ec0c00a
d0d00db0
0c0de0d0
f00cc00a
0c0b0c0b
090b0e0e
0f0d0d0d
09040e0d
080d0dd0
d060e00b
d00d0de0
0b0cc0e0
a00dc00d
b00e0e0f
0b0d0d0a
d0d00e0c
0ba0b0d0
06b0c00d
c0d008f0
d00e0bd0
c0a0700c
080e0d0d
0cc0070d
d0d0d0e0
60c0900a
80e0d00e
0fe0f0c0
d00d09c0
d0b00ee0
8060050e
e0d090a0
a0c0b00a
d0900b0f
0c0ba00a
e00b03c0
d00de00a
a009d00a
0df00ad0
900d0a06
d00c0ae0
0c0d700e
e0f0c004
0df0d0f0
0b0d0c0f
0980e00d
0b0eb00e
0ed0c0c0
c0d0f0e0
08c00c0b
d00bc0d0
e00ad00e
0bf0a00c
0db0a009
900ee00b
c0090f0e
c0e00a0c
0dd0a0e0
700e400c
d0d0d0f0
e00e0c0f
d00ed0d0
e00d04b0
0dd0d008
0d0e09d0
0ca0c00e
0de0c050
0c0e30a0
d00a0ed0
00c00bd0
0c0cf00c
a0b00c0d
e00c0fe0
0cd006b0
0c0b90c0
d00d9090
0a0cc00b
0ed0800c
0ab0b00b
0d0b0e0d
d00c0b09
e0a0e00c
0cc00b08
c0c00e0d
c0e090c0
0d0e0ff0
d0070cf0
b090d0b0
0fd0d0a0
300a0e0b
c00ca00a
d0a00f0d
0ec00ed0
0ee0c0d0
800e0bb0
c0d0070c
d00b0e0e
c0070b0c
0ed0e00e
b0c0c00d
e00c0c06
a00e900d
0eb0e00c
09b00e0e
0de00dd0
0db0d0d0
f00dc0d0
0b0dd00f
d0c00af0
0e0de00b
0ce0e00a
0a0f0b0b
0ee0b006
90d0080a
0b0e0cb0
e0e00ec0
a00cd0c0
c0090d0e
0bd00f0e
060b0d90
b0b00c0a
0b050eb0
60d00ec0
e0d0c00a
d0c090c0
0c0cb0e0
a0e00ea0
0e0a0d0e
d00e90d0
b008e0e0
040c0ed0
070de00e
d00cd0b0
e00ed0c0
0dc00ee0
c030c0b0
0bb00980
0ae00d0c
900ca0d0
b0b00e08
00000013
00000013
00000013
00000013
00000013
00000013
00000013
00000013
00000013
00000013
00000013
00000013
00000013
00000013
00000013
00000013
00000013
00000013
00000013
00000013
00000013
00000013
00000013
00000013
00000013
00000013
00000013
00000013
00000013
00000013
00000013
00000013
00000013
00000013
00000013
00000013
00000013
00000013
00000013
00000013
00000013
00000013
00000013
00000013
00000013
00000013
00000013
00000013
00000013
00000013
00000013
00000013
00000013
00000013
00000013
00000013
00000013
00000013
00000013
00000013
00000013
00000013
00000013
00000013
00000013
00000013
00000013
00000013
00000013
00000013
00000013
00000013
00000013
00000013
00000013
00000013
00000013
00000013
00000013
00000013
00000013
00000013
00000013
00000013
00000013
00000013
00000013
00000013
00000013
00000013
00000013
00000013
00000013
00000013
00000013
00000013
00000013
00000013
00000013
00000013
00000013
00000013
00000013
00000013
00000013
00000013
00000013
00000013
00000013
00000013
00000013
00000013
00000013
00000013
00000013
00000013
00000013
00000013
00000013
00000013
00000013
00000013
00000013
00000013
00000013
00000013
00000013
00000013
00000013
00000013
00000013
00000013
00000013
00000013
00000013
00000013
00000013
00000013
00000013
00000013
00000013
00000013
00000013
00000013
00000013
00000013
00000013
00000013
00000013
00000013
00000013
00000013
00000013
00000013
00000013
00000013
00000013
00000013
00000013
00000013
00000013
00000013
00000013
00000013
00000013
00000013
00000013
00000013
00000013
00000013
00000013
00000013
00000013
00000013
00000013
00000013
00000013
00000013
00000013
00000013
00000013
00000013
00000013
00000013
00000013
00000013
00000013
00000013
00000013
00000013
00000013
00000013
00000013
00000013
00000013
00000013
00000013
00000013
00000013
00000013
00000013
00000013
00000013
00000013
00000013
00000013
00000013
00000013
00000013
00000013
00000013
00000013
00000013
00000013
00000013
00000013
00000013
00000013
00000013
00000013
00000013
00000013
00000013
00000013
00000013
00000013
00000013
00000013
00000013
00000013
00000013
00000013
00000013
00000013
00000013
00000013
00000013
00000013
00000013
00000013
00000013
00000013
00000013
00000013
00000013
00000013
00000013
00000013
00000013
00000013
00000013
00000013
00000013
00000013
00000013
00000013
00000013
00000013
00000013
00000013
00000013
00000013
00000013
00000013
00000013
00000013
00000013
00000013
00000013
00000013
00000013
00000013
00000013
00000013
00000013
00000013
00000013
00000013
00000013
00000013
00000013
00000013
00000013
00000013
00000013
00000013
00000013
00000013
00000013
00000013
00000013
00000013
00000013
00000013
00000013
00000013
00000013
00000013
00000013
00000013
00000013
00000013
00000013
00000013
00000013
00000013
00000013
00000013
00000013
00000013
00000013
00000013
00000013
00000013
00000013
00000013
00000013
00000013
00000013
00000013
00000013
00000013
00000013
00000013
00000013
00000013
00000013
00000013
00000013
00000013
00000013
00000013
00000013
00000013
00000013
00000013
00000013
00000013
00000013
00000013
00000013
00000013
00000013
00000013
00000013
00000013
00000013
00000013
00000013
00000013
00000013
00000013
00000013
00000013
00000013
00000013
00000013
00000013
00000013
00000013
00000013
00000013
00000013
00000013
00000013
00000013
00000013
00000013
00000013
00000013
00000013
00000013
00000013
00000013
00000013
00000013
00000013
00000013
00000013
00000013
00000013
00000013
00000013
00000013
00000013
00000013
00000013
00000013
00000013
00000013
00000013
00000013
00000013
00000013
00000013
00000013
00000013
00000013
00000013
00000013
00000013
00000013
00000013
00000013
00000013
00000013
00000013
00000013
00000013
00000013
00000013
00000013
00000013
00000013
00000013
00000013
00000013
00000013
00000013
00000013
00000013
00000013
00000013
00000013
00000013
00000013
00000013
00000013
00000013
00000013
00000013
00000013
00000013
00000013
00000013
00000013
00000013
00000013
00000013
00000013
00000013
00000013
00000013
00000013
00000013
00000013
00000013
00000013
00000013
00000013
00000013
00000013
00000013
00000013
00000013
00000013
00000013
00000013
00000013
00000013
00000013
00000013
00000013
00000013
00000013
00000013
00000013
00000013
00000013
00000013
00000013
00000013
00000013
00000013
00000013
00000013
00000013
00000013
00000013
00000013
00000013
00000013
00000013
00000013
00000013
00000013
00000013
00000013
00000013
00000013
00000013
00000013
00000013
00000013
00000013
00000013
00000013
00000013
00000013
00000013
00000013
00000013
00000013
00000013
00000013
00000013
00000013
00000013
00000013
00000013
00000013
00000013
00000013
00000013
00000013
00000013
00000013
00000013
00000013
00000013
00000013
00000013
00000013
00000013
00000013
00000013
00000013
00000013
00000013
00000013
00000013
00000013
00000013
00000013
00000013
00000013
00000013
00000013
00000013
00000013
00000013
00000013
00000013
00000013
00000013
00000013
00000013
00000013
00000013
00000013
00000013
00000013
00000013
00000013
00000013
00000013
00000013
00000013
00000013
00000013
00000013
00000013
00000013
