000834242C380000
001C3C64041C1800
00103C10783C1000
0034282068081000
001400402C181000
001C480024081000
00242C704C0C0800
001C5C703C081800
000834242C380000
001C3C64041C1800
00103C10783C1000
0034282068081000
001400402C181000
001C480024081000
00242C704C0C0800
001C5C703C081800
000834242C380000
001C3C64041C1800
00103C10783C1000
0034282068081000
001400402C181000
001C480024081000
00242C704C0C0800
001C5C703C081800
000834242C380000
001C3C64041C1800
00103C10783C1000
0034282068081000
001400402C181000
001C480024081000
00242C704C0C0800
001C5C703C081800
000834242C380000
001C3C64041C1800
00103C10783C1000
0034282068081000
001400402C181000
001C480024081000
00242C704C0C0800
001C5C703C081800
000834242C380000
001C3C64041C1800
00103C10783C1000
0034282068081000
001400402C181000
001C480024081000
00242C704C0C0800
001C5C703C081800
000834242C380000
001C3C64041C1800
00103C10783C1000
0034282068081000
001400402C181000
001C480024081000
00242C704C0C0800
001C5C703C081800
000834242C380000
001C3C64041C1800
00103C10783C1000
0034282068081000
001400402C181000
001C480024081000
00242C704C0C0800
001C5C703C081800
000834242C380000
001C3C64041C1800
00103C10783C1000
0034282068081000
001400402C181000
001C480024081000
00242C704C0C0800
001C5C703C081800
000834242C380000
001C3C64041C1800
00103C10783C1000
0034282068081000
001400402C181000
001C480024081000
00242C704C0C0800
001C5C703C081800
001C240444043800
0028004000680000
0010406000601400
00143240240C0800
002C70626C0C2400
000430622C647000
0030666204601400
000C360260101C00
001C240444043800
0028004000680000
0010406000601400
00143240240C0800
002C70626C0C2400
000430622C647000
0030666204601400
000C360260101C00
001C240444043800
0028004000680000
0010406000601400
00143240240C0800
002C70626C0C2400
000430622C647000
0030666204601400
000C360260101C00
001C240444043800
0028004000680000
0010406000601400
00143240240C0800
002C70626C0C2400
000430622C647000
0030666204601400
000C360260101C00
001C240444043800
0028004000680000
0010406000601400
00143240240C0800
002C70626C0C2400
000430622C647000
0030666204601400
000C360260101C00
001C240444043800
0028004000680000
0010406000601400
00143240240C0800
002C70626C0C2400
000430622C647000
0030666204601400
000C360260101C00
001C240444043800
0028004000680000
0010406000601400
00143240240C0800
002C70626C0C2400
000430622C647000
0030666204601400
000C360260101C00
001C240444043800
0028004000680000
0010406000601400
00143240240C0800
002C70626C0C2400
000430622C647000
0030666204601400
000C360260101C00
001C240444043800
0028004000680000
0010406000601400
00143240240C0800
002C70626C0C2400
000430622C647000
0030666204601400
000C360260101C00
001C240444043800
0028004000680000
0010406000601400
00143240240C0800
002C70626C0C2400
000430622C647000
0030666204601400
000C360260101C00
0018240424281000
002004640C3C2000
10240820481C0800
0824404048200800
10386060445C2000
2024402C6C781000
1804444428140800
2820284820183000
0018240424281000
002004640C3C2000
10240820481C0800
0824404048200800
10386060445C2000
2024402C6C781000
1804444428140800
2820284820183000
0018240424281000
002004640C3C2000
10240820481C0800
0824404048200800
10386060445C2000
2024402C6C781000
1804444428140800
2820284820183000
0018240424281000
002004640C3C2000
10240820481C0800
0824404048200800
10386060445C2000
2024402C6C781000
1804444428140800
2820284820183000
0018240424281000
002004640C3C2000
10240820481C0800
0824404048200800
10386060445C2000
2024402C6C781000
1804444428140800
2820284820183000
0018240424281000
002004640C3C2000
10240820481C0800
0824404048200800
10386060445C2000
2024402C6C781000
1804444428140800
2820284820183000
0018240424281000
002004640C3C2000
10240820481C0800
0824404048200800
10386060445C2000
2024402C6C781000
1804444428140800
2820284820183000
0018240424281000
002004640C3C2000
10240820481C0800
0824404048200800
10386060445C2000
2024402C6C781000
1804444428140800
2820284820183000
0018240424281000
002004640C3C2000
10240820481C0800
0824404048200800
10386060445C2000
2024402C6C781000
1804444428140800
2820284820183000
0018240424281000
002004640C3C2000
10240820481C0800
0824404048200800
10386060445C2000
2024402C6C781000
1804444428140800
2820284820183000
000C3C664C7C3000
00183E34462C0000
00107E5C6E301000
00343C220C447000
001C7670AC0E2800
002C3EDE94287400
00227EC8A4622C00
00043C4E5E4A6800
000C3C664C7C3000
00183E34462C0000
00107E5C6E301000
00343C220C447000
001C7670AC0E2800
002C3EDE94287400
00227EC8A4622C00
00043C4E5E4A6800
000C3C664C7C3000
00183E34462C0000
00107E5C6E301000
00343C220C447000
001C7670AC0E2800
002C3EDE94287400
00227EC8A4622C00
00043C4E5E4A6800
000C3C664C7C3000
00183E34462C0000
00107E5C6E301000
00343C220C447000
001C7670AC0E2800
002C3EDE94287400
00227EC8A4622C00
00043C4E5E4A6800
000C3C664C7C3000
00183E34462C0000
00107E5C6E301000
00343C220C447000
001C7670AC0E2800
002C3EDE94287400
00227EC8A4622C00
00043C4E5E4A6800
000C3C664C7C3000
00183E34462C0000
00107E5C6E301000
00343C220C447000
001C7670AC0E2800
002C3EDE94287400
00227EC8A4622C00
00043C4E5E4A6800
000C3C664C7C3000
00183E34462C0000
00107E5C6E301000
00343C220C447000
001C7670AC0E2800
002C3EDE94287400
00227EC8A4622C00
00043C4E5E4A6800
000C3C664C7C3000
00183E34462C0000
00107E5C6E301000
00343C220C447000
001C7670AC0E2800
002C3EDE94287400
00227EC8A4622C00
00043C4E5E4A6800
000C3C664C7C3000
00183E34462C0000
00107E5C6E301000
00343C220C447000
001C7670AC0E2800
002C3EDE94287400
00227EC8A4622C00
00043C4E5E4A6800
000C3C664C7C3000
00183E34462C0000
00107E5C6E301000
00343C220C447000
001C7670AC0E2800
002C3EDE94287400
00227EC8A4622C00
00043C4E5E4A6800
0018242428381800
003C0C0024280000
080C306C44302400
003C080438342800
1018646020302400
0C1C2420282C3800
000C340838600400
0C2C5064302C2800
0018242428381800
003C0C0024280000
080C306C44302400
003C080438342800
1018646020302400
0C1C2420282C3800
000C340838600400
0C2C5064302C2800
0018242428381800
003C0C0024280000
080C306C44302400
003C080438342800
1018646020302400
0C1C2420282C3800
000C340838600400
0C2C5064302C2800
0018242428381800
003C0C0024280000
080C306C44302400
003C080438342800
1018646020302400
0C1C2420282C3800
000C340838600400
0C2C5064302C2800
0018242428381800
003C0C0024280000
080C306C44302400
003C080438342800
1018646020302400
0C1C2420282C3800
000C340838600400
0C2C5064302C2800
0018242428381800
003C0C0024280000
080C306C44302400
003C080438342800
1018646020302400
0C1C2420282C3800
000C340838600400
0C2C5064302C2800
0018242428381800
003C0C0024280000
080C306C44302400
003C080438342800
1018646020302400
0C1C2420282C3800
000C340838600400
0C2C5064302C2800
0018242428381800
003C0C0024280000
080C306C44302400
003C080438342800
1018646020302400
0C1C2420282C3800
000C340838600400
0C2C5064302C2800
0018242428381800
003C0C0024280000
080C306C44302400
003C080438342800
1018646020302400
0C1C2420282C3800
000C340838600400
0C2C5064302C2800
0018242428381800
003C0C0024280000
080C306C44302400
003C080438342800
1018646020302400
0C1C2420282C3800
000C340838600400
0C2C5064302C2800
0018242C28280000
000808000C181000
0834082828283800
10342400003C1000
081C380428041800
1024382830043000
002814040C103000
18242C0010302800
0018242C28280000
000808000C181000
0834082828283800
10342400003C1000
081C380428041800
1024382830043000
002814040C103000
18242C0010302800
0018242C28280000
000808000C181000
0834082828283800
10342400003C1000
081C380428041800
1024382830043000
002814040C103000
18242C0010302800
0018242C28280000
000808000C181000
0834082828283800
10342400003C1000
081C380428041800
1024382830043000
002814040C103000
18242C0010302800
0018242C28280000
000808000C181000
0834082828283800
10342400003C1000
081C380428041800
1024382830043000
002814040C103000
18242C0010302800
0018242C28280000
000808000C181000
0834082828283800
10342400003C1000
081C380428041800
1024382830043000
002814040C103000
18242C0010302800
0018242C28280000
000808000C181000
0834082828283800
10342400003C1000
081C380428041800
1024382830043000
002814040C103000
18242C0010302800
0018242C28280000
000808000C181000
0834082828283800
10342400003C1000
081C380428041800
1024382830043000
002814040C103000
18242C0010302800
0018242C28280000
000808000C181000
0834082828283800
10342400003C1000
081C380428041800
1024382830043000
002814040C103000
18242C0010302800
0018242C28280000
000808000C181000
0834082828283800
10342400003C1000
081C380428041800
1024382830043000
002814040C103000
18242C0010302800
00003442447C0000
00004A0082080000
001868C040000800
000C064600143000
003C2EC044841800
000444A402142000
0034A4E64C183800
0038584244763800
00003442447C0000
00004A0082080000
001868C040000800
000C064600143000
003C2EC044841800
000444A402142000
0034A4E64C183800
0038584244763800
00003442447C0000
00004A0082080000
001868C040000800
000C064600143000
003C2EC044841800
000444A402142000
0034A4E64C183800
0038584244763800
00003442447C0000
00004A0082080000
001868C040000800
000C064600143000
003C2EC044841800
000444A402142000
0034A4E64C183800
0038584244763800
00003442447C0000
00004A0082080000
001868C040000800
000C064600143000
003C2EC044841800
000444A402142000
0034A4E64C183800
0038584244763800
00003442447C0000
00004A0082080000
001868C040000800
000C064600143000
003C2EC044841800
000444A402142000
0034A4E64C183800
0038584244763800
00003442447C0000
00004A0082080000
001868C040000800
000C064600143000
003C2EC044841800
000444A402142000
0034A4E64C183800
0038584244763800
00003442447C0000
00004A0082080000
001868C040000800
000C064600143000
003C2EC044841800
000444A402142000
0034A4E64C183800
0038584244763800
00003442447C0000
00004A0082080000
001868C040000800
000C064600143000
003C2EC044841800
000444A402142000
0034A4E64C183800
0038584244763800
00003442447C0000
00004A0082080000
001868C040000800
000C064600143000
003C2EC044841800
000444A402142000
0034A4E64C183800
0038584244763800
001C6444446C1800
00203460040C3000
002808066E302800
001826066C202C00
000C1C0644140000
003846406C244400
00347640247E7400
00386A404C406800
001C6444446C1800
00203460040C3000
002808066E302800
001826066C202C00
000C1C0644140000
003846406C244400
00347640247E7400
00386A404C406800
001C6444446C1800
00203460040C3000
002808066E302800
001826066C202C00
000C1C0644140000
003846406C244400
00347640247E7400
00386A404C406800
001C6444446C1800
00203460040C3000
002808066E302800
001826066C202C00
000C1C0644140000
003846406C244400
00347640247E7400
00386A404C406800
001C6444446C1800
00203460040C3000
002808066E302800
001826066C202C00
000C1C0644140000
003846406C244400
00347640247E7400
00386A404C406800
001C6444446C1800
00203460040C3000
002808066E302800
001826066C202C00
000C1C0644140000
003846406C244400
00347640247E7400
00386A404C406800
001C6444446C1800
00203460040C3000
002808066E302800
001826066C202C00
000C1C0644140000
003846406C244400
00347640247E7400
00386A404C406800
001C6444446C1800
00203460040C3000
002808066E302800
001826066C202C00
000C1C0644140000
003846406C244400
00347640247E7400
00386A404C406800
001C6444446C1800
00203460040C3000
002808066E302800
001826066C202C00
000C1C0644140000
003846406C244400
00347640247E7400
00386A404C406800
001C6444446C1800
00203460040C3000
002808066E302800
001826066C202C00
000C1C0644140000
003846406C244400
00347640247E7400
00386A404C406800
0018040404280000
00246040481C3000
0038244444401000
102400440C501800
18142C2264540000
00086E64440C2800
0018260440602800
182068400C280000
0018040404280000
00246040481C3000
0038244444401000
102400440C501800
18142C2264540000
00086E64440C2800
0018260440602800
182068400C280000
0018040404280000
00246040481C3000
0038244444401000
102400440C501800
18142C2264540000
00086E64440C2800
0018260440602800
182068400C280000
0018040404280000
00246040481C3000
0038244444401000
102400440C501800
18142C2264540000
00086E64440C2800
0018260440602800
182068400C280000
0018040404280000
00246040481C3000
0038244444401000
102400440C501800
18142C2264540000
00086E64440C2800
0018260440602800
182068400C280000
0018040404280000
00246040481C3000
0038244444401000
102400440C501800
18142C2264540000
00086E64440C2800
0018260440602800
182068400C280000
0018040404280000
00246040481C3000
0038244444401000
102400440C501800
18142C2264540000
00086E64440C2800
0018260440602800
182068400C280000
0018040404280000
00246040481C3000
0038244444401000
102400440C501800
18142C2264540000
00086E64440C2800
0018260440602800
182068400C280000
0018040404280000
00246040481C3000
0038244444401000
102400440C501800
18142C2264540000
00086E64440C2800
0018260440602800
182068400C280000
0018040404280000
00246040481C3000
0038244444401000
102400440C501800
18142C2264540000
00086E64440C2800
0018260440602800
182068400C280000
0018404222140800
0024222020201000
00244240442E0400
00003E0256300000
0060420030220C00
0058066030160400
00584640203A1C00
003E040256060400
0018404222140800
0024222020201000
00244240442E0400
00003E0256300000
0060420030220C00
0058066030160400
00584640203A1C00
003E040256060400
0018404222140800
0024222020201000
00244240442E0400
00003E0256300000
0060420030220C00
0058066030160400
00584640203A1C00
003E040256060400
0018404222140800
0024222020201000
00244240442E0400
00003E0256300000
0060420030220C00
0058066030160400
00584640203A1C00
003E040256060400
0018404222140800
0024222020201000
00244240442E0400
00003E0256300000
0060420030220C00
0058066030160400
00584640203A1C00
003E040256060400
0018404222140800
0024222020201000
00244240442E0400
00003E0256300000
0060420030220C00
0058066030160400
00584640203A1C00
003E040256060400
0018404222140800
0024222020201000
00244240442E0400
00003E0256300000
0060420030220C00
0058066030160400
00584640203A1C00
003E040256060400
0018404222140800
0024222020201000
00244240442E0400
00003E0256300000
0060420030220C00
0058066030160400
00584640203A1C00
003E040256060400
0018404222140800
0024222020201000
00244240442E0400
00003E0256300000
0060420030220C00
0058066030160400
00584640203A1C00
003E040256060400
0018404222140800
0024222020201000
00244240442E0400
00003E0256300000
0060420030220C00
0058066030160400
00584640203A1C00
003E040256060400
0000080010100000
0008001800003000
0008100000000000
0008001010200000
0000000000001000
0008080808002000
0000001000101000
0004081008002000
0000080010100000
0008001800003000
0008100000000000
0008001010200000
0000000000001000
0008080808002000
0000001000101000
0004081008002000
0000080010100000
0008001800003000
0008100000000000
0008001010200000
0000000000001000
0008080808002000
0000001000101000
0004081008002000
0000080010100000
0008001800003000
0008100000000000
0008001010200000
0000000000001000
0008080808002000
0000001000101000
0004081008002000
0000080010100000
0008001800003000
0008100000000000
0008001010200000
0000000000001000
0008080808002000
0000001000101000
0004081008002000
0000080010100000
0008001800003000
0008100000000000
0008001010200000
0000000000001000
0008080808002000
0000001000101000
0004081008002000
0000080010100000
0008001800003000
0008100000000000
0008001010200000
0000000000001000
0008080808002000
0000001000101000
0004081008002000
0000080010100000
0008001800003000
0008100000000000
0008001010200000
0000000000001000
0008080808002000
0000001000101000
0004081008002000
0000080010100000
0008001800003000
0008100000000000
0008001010200000
0000000000001000
0008080808002000
0000001000101000
0004081008002000
0000080010100000
0008001800003000
0008100000000000
0008001010200000
0000000000001000
0008080808002000
0000001000101000
0004081008002000
0008080010100000
0000001810302000
0000101000001000
0808181830301000
0008081818001000
0808081008301000
0008000800300000
0800080008301000
0008080010100000
0000001810302000
0000101000001000
0808181830301000
0008081818001000
0808081008301000
0008000800300000
0800080008301000
0008080010100000
0000001810302000
0000101000001000
0808181830301000
0008081818001000
0808081008301000
0008000800300000
0800080008301000
0008080010100000
0000001810302000
0000101000001000
0808181830301000
0008081818001000
0808081008301000
0008000800300000
0800080008301000
0008080010100000
0000001810302000
0000101000001000
0808181830301000
0008081818001000
0808081008301000
0008000800300000
0800080008301000
0008080010100000
0000001810302000
0000101000001000
0808181830301000
0008081818001000
0808081008301000
0008000800300000
0800080008301000
0008080010100000
0000001810302000
0000101000001000
0808181830301000
0008081818001000
0808081008301000
0008000800300000
0800080008301000
0008080010100000
0000001810302000
0000101000001000
0808181830301000
0008081818001000
0808081008301000
0008000800300000
0800080008301000
0008080010100000
0000001810302000
0000101000001000
0808181830301000
0008081818001000
0808081008301000
0008000800300000
0800080008301000
0008080010100000
0000001810302000
0000101000001000
0808181830301000
0008081818001000
0808081008301000
0008000800300000
0800080008301000
0000101010100000
0018080808081000
0008100010101800
0000101010001000
0008000818101800
0018081000000000
0010181818081800
0000000818000000
0000101010100000
0018080808081000
0008100010101800
0000101010001000
0008000818101800
0018081000000000
0010181818081800
0000000818000000
0000101010100000
0018080808081000
0008100010101800
0000101010001000
0008000818101800
0018081000000000
0010181818081800
0000000818000000
0000101010100000
0018080808081000
0008100010101800
0000101010001000
0008000818101800
0018081000000000
0010181818081800
0000000818000000
0000101010100000
0018080808081000
0008100010101800
0000101010001000
0008000818101800
0018081000000000
0010181818081800
0000000818000000
0000101010100000
0018080808081000
0008100010101800
0000101010001000
0008000818101800
0018081000000000
0010181818081800
0000000818000000
0000101010100000
0018080808081000
0008100010101800
0000101010001000
0008000818101800
0018081000000000
0010181818081800
0000000818000000
0000101010100000
0018080808081000
0008100010101800
0000101010001000
0008000818101800
0018081000000000
0010181818081800
0000000818000000
0000101010100000
0018080808081000
0008100010101800
0000101010001000
0008000818101800
0018081000000000
0010181818081800
0000000818000000
0000101010100000
0018080808081000
0008100010101800
0000101010001000
0008000818101800
0018081000000000
0010181818081800
0000000818000000
0000101000000800
0010000018080000
0010080808180000
0018180008180000
0010101818080000
0018000818000000
0008000018080000
0000001000080000
0000101000000800
0010000018080000
0010080808180000
0018180008180000
0010101818080000
0018000818000000
0008000018080000
0000001000080000
0000101000000800
0010000018080000
0010080808180000
0018180008180000
0010101818080000
0018000818000000
0008000018080000
0000001000080000
0000101000000800
0010000018080000
0010080808180000
0018180008180000
0010101818080000
0018000818000000
0008000018080000
0000001000080000
0000101000000800
0010000018080000
0010080808180000
0018180008180000
0010101818080000
0018000818000000
0008000018080000
0000001000080000
0000101000000800
0010000018080000
0010080808180000
0018180008180000
0010101818080000
0018000818000000
0008000018080000
0000001000080000
0000101000000800
0010000018080000
0010080808180000
0018180008180000
0010101818080000
0018000818000000
0008000018080000
0000001000080000
0000101000000800
0010000018080000
0010080808180000
0018180008180000
0010101818080000
0018000818000000
0008000018080000
0000001000080000
0000101000000800
0010000018080000
0010080808180000
0018180008180000
0010101818080000
0018000818000000
0008000018080000
0000001000080000
0000101000000800
0010000018080000
0010080808180000
0018180008180000
0010101818080000
0018000818000000
0008000018080000
0000001000080000
0010101000000000
0000000010180000
0000100018000800
1000001018080800
1030001010081800
3030101010081800
2010101010100800
3010000800000000
0010101000000000
0000000010180000
0000100018000800
1000001018080800
1030001010081800
3030101010081800
2010101010100800
3010000800000000
0010101000000000
0000000010180000
0000100018000800
1000001018080800
1030001010081800
3030101010081800
2010101010100800
3010000800000000
0010101000000000
0000000010180000
0000100018000800
1000001018080800
1030001010081800
3030101010081800
2010101010100800
3010000800000000
0010101000000000
0000000010180000
0000100018000800
1000001018080800
1030001010081800
3030101010081800
2010101010100800
3010000800000000
0010101000000000
0000000010180000
0000100018000800
1000001018080800
1030001010081800
3030101010081800
2010101010100800
3010000800000000
0010101000000000
0000000010180000
0000100018000800
1000001018080800
1030001010081800
3030101010081800
2010101010100800
3010000800000000
0010101000000000
0000000010180000
0000100018000800
1000001018080800
1030001010081800
3030101010081800
2010101010100800
3010000800000000
0010101000000000
0000000010180000
0000100018000800
1000001018080800
1030001010081800
3030101010081800
2010101010100800
3010000800000000
0010101000000000
0000000010180000
0000100018000800
1000001018080800
1030001010081800
3030101010081800
2010101010100800
3010000800000000
0010101010000000
0000000008180800
0000080800080000
1018181808181000
1008181808100000
1000000810180000
0008181810181000
1808000010080000
0010101010000000
0000000008180800
0000080800080000
1018181808181000
1008181808100000
1000000810180000
0008181810181000
1808000010080000
0010101010000000
0000000008180800
0000080800080000
1018181808181000
1008181808100000
1000000810180000
0008181810181000
1808000010080000
0010101010000000
0000000008180800
0000080800080000
1018181808181000
1008181808100000
1000000810180000
0008181810181000
1808000010080000
0010101010000000
0000000008180800
0000080800080000
1018181808181000
1008181808100000
1000000810180000
0008181810181000
1808000010080000
0010101010000000
0000000008180800
0000080800080000
1018181808181000
1008181808100000
1000000810180000
0008181810181000
1808000010080000
0010101010000000
0000000008180800
0000080800080000
1018181808181000
1008181808100000
1000000810180000
0008181810181000
1808000010080000
0010101010000000
0000000008180800
0000080800080000
1018181808181000
1008181808100000
1000000810180000
0008181810181000
1808000010080000
0010101010000000
0000000008180800
0000080800080000
1018181808181000
1008181808100000
1000000810180000
0008181810181000
1808000010080000
0010101010000000
0000000008180800
0000080800080000
1018181808181000
1008181808100000
1000000810180000
0008181810181000
1808000010080000
0000080810101000
0018101008100000
0008101818180000
0010080018380000
0010101008283000
0010081010002800
0008001008380800
0008181810303800
0000080810101000
0018101008100000
0008101818180000
0010080018380000
0010101008283000
0010081010002800
0008001008380800
0008181810303800
0000080810101000
0018101008100000
0008101818180000
0010080018380000
0010101008283000
0010081010002800
0008001008380800
0008181810303800
0000080810101000
0018101008100000
0008101818180000
0010080018380000
0010101008283000
0010081010002800
0008001008380800
0008181810303800
0000080810101000
0018101008100000
0008101818180000
0010080018380000
0010101008283000
0010081010002800
0008001008380800
0008181810303800
0000080810101000
0018101008100000
0008101818180000
0010080018380000
0010101008283000
0010081010002800
0008001008380800
0008181810303800
0000080810101000
0018101008100000
0008101818180000
0010080018380000
0010101008283000
0010081010002800
0008001008380800
0008181810303800
0000080810101000
0018101008100000
0008101818180000
0010080018380000
0010101008283000
0010081010002800
0008001008380800
0008181810303800
0000080810101000
0018101008100000
0008101818180000
0010080018380000
0010101008283000
0010081010002800
0008001008380800
0008181810303800
0000080810101000
0018101008100000
0008101818180000
0010080018380000
0010101008283000
0010081010002800
0008001008380800
0008181810303800
0000000000000000
0008001010100000
0000180000000800
0000181810101000
0010100010081000
0000180810001800
0008080810081000
0000181810080800
0000000000000000
0008001010100000
0000180000000800
0000181810101000
0010100010081000
0000180810001800
0008080810081000
0000181810080800
0000000000000000
0008001010100000
0000180000000800
0000181810101000
0010100010081000
0000180810001800
0008080810081000
0000181810080800
0000000000000000
0008001010100000
0000180000000800
0000181810101000
0010100010081000
0000180810001800
0008080810081000
0000181810080800
0000000000000000
0008001010100000
0000180000000800
0000181810101000
0010100010081000
0000180810001800
0008080810081000
0000181810080800
0000000000000000
0008001010100000
0000180000000800
0000181810101000
0010100010081000
0000180810001800
0008080810081000
0000181810080800
0000000000000000
0008001010100000
0000180000000800
0000181810101000
0010100010081000
0000180810001800
0008080810081000
0000181810080800
0000000000000000
0008001010100000
0000180000000800
0000181810101000
0010100010081000
0000180810001800
0008080810081000
0000181810080800
0000000000000000
0008001010100000
0000180000000800
0000181810101000
0010100010081000
0000180810001800
0008080810081000
0000181810080800
0000000000000000
0008001010100000
0000180000000800
0000181810101000
0010100010081000
0000180810001800
0008080810081000
0000181810080800
0020301010080800
0010101008180000
0010103818000C00
0000303008080000
00100010080C0400
0030103010140800
00301030001C0400
00303010300C1C00
0020301010080800
0010101008180000
0010103818000C00
0000303008080000
00100010080C0400
0030103010140800
00301030001C0400
00303010300C1C00
0020301010080800
0010101008180000
0010103818000C00
0000303008080000
00100010080C0400
0030103010140800
00301030001C0400
00303010300C1C00
0020301010080800
0010101008180000
0010103818000C00
0000303008080000
00100010080C0400
0030103010140800
00301030001C0400
00303010300C1C00
0020301010080800
0010101008180000
0010103818000C00
0000303008080000
00100010080C0400
0030103010140800
00301030001C0400
00303010300C1C00
0020301010080800
0010101008180000
0010103818000C00
0000303008080000
00100010080C0400
0030103010140800
00301030001C0400
00303010300C1C00
0020301010080800
0010101008180000
0010103818000C00
0000303008080000
00100010080C0400
0030103010140800
00301030001C0400
00303010300C1C00
0020301010080800
0010101008180000
0010103818000C00
0000303008080000
00100010080C0400
0030103010140800
00301030001C0400
00303010300C1C00
0020301010080800
0010101008180000
0010103818000C00
0000303008080000
00100010080C0400
0030103010140800
00301030001C0400
00303010300C1C00
0020301010080800
0010101008180000
0010103818000C00
0000303008080000
00100010080C0400
0030103010140800
00301030001C0400
00303010300C1C00
0000000010100000
0008081000001000
0008080800100000
0808181810203000
0800180810300000
0008000818102000
0808101018302000
0000000018303000
0000000010100000
0008081000001000
0008080800100000
0808181810203000
0800180810300000
0008000818102000
0808101018302000
0000000018303000
0000000010100000
0008081000001000
0008080800100000
0808181810203000
0800180810300000
0008000818102000
0808101018302000
0000000018303000
0000000010100000
0008081000001000
0008080800100000
0808181810203000
0800180810300000
0008000818102000
0808101018302000
0000000018303000
0000000010100000
0008081000001000
0008080800100000
0808181810203000
0800180810300000
0008000818102000
0808101018302000
0000000018303000
0000000010100000
0008081000001000
0008080800100000
0808181810203000
0800180810300000
0008000818102000
0808101018302000
0000000018303000
0000000010100000
0008081000001000
0008080800100000
0808181810203000
0800180810300000
0008000818102000
0808101018302000
0000000018303000
0000000010100000
0008081000001000
0008080800100000
0808181810203000
0800180810300000
0008000818102000
0808101018302000
0000000018303000
0000000010100000
0008081000001000
0008080800100000
0808181810203000
0800180810300000
0008000818102000
0808101018302000
0000000018303000
0000000010100000
0008081000001000
0008080800100000
0808181810203000
0800180810300000
0008000818102000
0808101018302000
0000000018303000
00100C0808101C00
002CC40C10101800
00687004000C0018
00C83C0418002408
0070700008240804
0094FC0418142810
0020780404381000
00C8380400302C08
00100C0808101C00
002CC40C10101800
00687004000C0018
00C83C0418002408
0070700008240804
0094FC0418142810
0020780404381000
00C8380400302C08
00100C0808101C00
002CC40C10101800
00687004000C0018
00C83C0418002408
0070700008240804
0094FC0418142810
0020780404381000
00C8380400302C08
00100C0808101C00
002CC40C10101800
00687004000C0018
00C83C0418002408
0070700008240804
0094FC0418142810
0020780404381000
00C8380400302C08
00100C0808101C00
002CC40C10101800
00687004000C0018
00C83C0418002408
0070700008240804
0094FC0418142810
0020780404381000
00C8380400302C08
00100C0808101C00
002CC40C10101800
00687004000C0018
00C83C0418002408
0070700008240804
0094FC0418142810
0020780404381000
00C8380400302C08
00100C0808101C00
002CC40C10101800
00687004000C0018
00C83C0418002408
0070700008240804
0094FC0418142810
0020780404381000
00C8380400302C08
00100C0808101C00
002CC40C10101800
00687004000C0018
00C83C0418002408
0070700008240804
0094FC0418142810
0020780404381000
00C8380400302C08
00100C0808101C00
002CC40C10101800
00687004000C0018
00C83C0418002408
0070700008240804
0094FC0418142810
0020780404381000
00C8380400302C08
00100C0808101C00
002CC40C10101800
00687004000C0018
00C83C0418002408
0070700008240804
0094FC0418142810
0020780404381000
00C8380400302C08
00041C1000043800
0022302020400000
003E4820606C6000
00381A2024281400
00404C1046025400
00581630746A1800
001C0410040A4800
000C5A18226E5C00
00041C1000043800
0022302020400000
003E4820606C6000
00381A2024281400
00404C1046025400
00581630746A1800
001C0410040A4800
000C5A18226E5C00
00041C1000043800
0022302020400000
003E4820606C6000
00381A2024281400
00404C1046025400
00581630746A1800
001C0410040A4800
000C5A18226E5C00
00041C1000043800
0022302020400000
003E4820606C6000
00381A2024281400
00404C1046025400
00581630746A1800
001C0410040A4800
000C5A18226E5C00
00041C1000043800
0022302020400000
003E4820606C6000
00381A2024281400
00404C1046025400
00581630746A1800
001C0410040A4800
000C5A18226E5C00
00041C1000043800
0022302020400000
003E4820606C6000
00381A2024281400
00404C1046025400
00581630746A1800
001C0410040A4800
000C5A18226E5C00
00041C1000043800
0022302020400000
003E4820606C6000
00381A2024281400
00404C1046025400
00581630746A1800
001C0410040A4800
000C5A18226E5C00
00041C1000043800
0022302020400000
003E4820606C6000
00381A2024281400
00404C1046025400
00581630746A1800
001C0410040A4800
000C5A18226E5C00
00041C1000043800
0022302020400000
003E4820606C6000
00381A2024281400
00404C1046025400
00581630746A1800
001C0410040A4800
000C5A18226E5C00
00041C1000043800
0022302020400000
003E4820606C6000
00381A2024281400
00404C1046025400
00581630746A1800
001C0410040A4800
000C5A18226E5C00
000C200000101000
00005C4810040800
0010180800080800
000C0C08080C0000
0010204018040000
000810BC18081400
00084C6C18181400
0010D8B000181800
000C200000101000
00005C4810040800
0010180800080800
000C0C08080C0000
0010204018040000
000810BC18081400
00084C6C18181400
0010D8B000181800
000C200000101000
00005C4810040800
0010180800080800
000C0C08080C0000
0010204018040000
000810BC18081400
00084C6C18181400
0010D8B000181800
000C200000101000
00005C4810040800
0010180800080800
000C0C08080C0000
0010204018040000
000810BC18081400
00084C6C18181400
0010D8B000181800
000C200000101000
00005C4810040800
0010180800080800
000C0C08080C0000
0010204018040000
000810BC18081400
00084C6C18181400
0010D8B000181800
000C200000101000
00005C4810040800
0010180800080800
000C0C08080C0000
0010204018040000
000810BC18081400
00084C6C18181400
0010D8B000181800
000C200000101000
00005C4810040800
0010180800080800
000C0C08080C0000
0010204018040000
000810BC18081400
00084C6C18181400
0010D8B000181800
000C200000101000
00005C4810040800
0010180800080800
000C0C08080C0000
0010204018040000
000810BC18081400
00084C6C18181400
0010D8B000181800
000C200000101000
00005C4810040800
0010180800080800
000C0C08080C0000
0010204018040000
000810BC18081400
00084C6C18181400
0010D8B000181800
000C200000101000
00005C4810040800
0010180800080800
000C0C08080C0000
0010204018040000
000810BC18081400
00084C6C18181400
0010D8B000181800
0000040800100000
00000E7810001000
0000187410201000
0000C8D008002000
00024A0C18003000
000642C018002000
000288EC18200000
0002460000203000
0000040800100000
00000E7810001000
0000187410201000
0000C8D008002000
00024A0C18003000
000642C018002000
000288EC18200000
0002460000203000
0000040800100000
00000E7810001000
0000187410201000
0000C8D008002000
00024A0C18003000
000642C018002000
000288EC18200000
0002460000203000
0000040800100000
00000E7810001000
0000187410201000
0000C8D008002000
00024A0C18003000
000642C018002000
000288EC18200000
0002460000203000
0000040800100000
00000E7810001000
0000187410201000
0000C8D008002000
00024A0C18003000
000642C018002000
000288EC18200000
0002460000203000
0000040800100000
00000E7810001000
0000187410201000
0000C8D008002000
00024A0C18003000
000642C018002000
000288EC18200000
0002460000203000
0000040800100000
00000E7810001000
0000187410201000
0000C8D008002000
00024A0C18003000
000642C018002000
000288EC18200000
0002460000203000
0000040800100000
00000E7810001000
0000187410201000
0000C8D008002000
00024A0C18003000
000642C018002000
000288EC18200000
0002460000203000
0000040800100000
00000E7810001000
0000187410201000
0000C8D008002000
00024A0C18003000
000642C018002000
000288EC18200000
0002460000203000
0000040800100000
00000E7810001000
0000187410201000
0000C8D008002000
00024A0C18003000
000642C018002000
000288EC18200000
0002460000203000
0000101000000000
00002C0C30301008
00002C0C20001804
006C143010201418
000404102030241C
00685C3800203410
0020442800202418
006C78183010100C
0000101000000000
00002C0C30301008
00002C0C20001804
006C143010201418
000404102030241C
00685C3800203410
0020442800202418
006C78183010100C
0000101000000000
00002C0C30301008
00002C0C20001804
006C143010201418
000404102030241C
00685C3800203410
0020442800202418
006C78183010100C
0000101000000000
00002C0C30301008
00002C0C20001804
006C143010201418
000404102030241C
00685C3800203410
0020442800202418
006C78183010100C
0000101000000000
00002C0C30301008
00002C0C20001804
006C143010201418
000404102030241C
00685C3800203410
0020442800202418
006C78183010100C
0000101000000000
00002C0C30301008
00002C0C20001804
006C143010201418
000404102030241C
00685C3800203410
0020442800202418
006C78183010100C
0000101000000000
00002C0C30301008
00002C0C20001804
006C143010201418
000404102030241C
00685C3800203410
0020442800202418
006C78183010100C
0000101000000000
00002C0C30301008
00002C0C20001804
006C143010201418
000404102030241C
00685C3800203410
0020442800202418
006C78183010100C
0000101000000000
00002C0C30301008
00002C0C20001804
006C143010201418
000404102030241C
00685C3800203410
0020442800202418
006C78183010100C
0000101000000000
00002C0C30301008
00002C0C20001804
006C143010201418
000404102030241C
00685C3800203410
0020442800202418
006C78183010100C
002C1C2000001C00
0010200020202400
001A320060640800
00143C2000202000
0014243440203800
001A2634200C1A00
0010323460002600
002C0A5C400C0800
002C1C2000001C00
0010200020202400
001A320060640800
00143C2000202000
0014243440203800
001A2634200C1A00
0010323460002600
002C0A5C400C0800
002C1C2000001C00
0010200020202400
001A320060640800
00143C2000202000
0014243440203800
001A2634200C1A00
0010323460002600
002C0A5C400C0800
002C1C2000001C00
0010200020202400
001A320060640800
00143C2000202000
0014243440203800
001A2634200C1A00
0010323460002600
002C0A5C400C0800
002C1C2000001C00
0010200020202400
001A320060640800
00143C2000202000
0014243440203800
001A2634200C1A00
0010323460002600
002C0A5C400C0800
002C1C2000001C00
0010200020202400
001A320060640800
00143C2000202000
0014243440203800
001A2634200C1A00
0010323460002600
002C0A5C400C0800
002C1C2000001C00
0010200020202400
001A320060640800
00143C2000202000
0014243440203800
001A2634200C1A00
0010323460002600
002C0A5C400C0800
002C1C2000001C00
0010200020202400
001A320060640800
00143C2000202000
0014243440203800
001A2634200C1A00
0010323460002600
002C0A5C400C0800
002C1C2000001C00
0010200020202400
001A320060640800
00143C2000202000
0014243440203800
001A2634200C1A00
0010323460002600
002C0A5C400C0800
002C1C2000001C00
0010200020202400
001A320060640800
00143C2000202000
0014243440203800
001A2634200C1A00
0010323460002600
002C0A5C400C0800
0000081020140000
0040300012280000
0028502006080000
0094D800201A0000
001C5C38362A0000
00B8D40016360000
00646810000C0000
00E4E038001E0000
0000081020140000
0040300012280000
0028502006080000
0094D800201A0000
001C5C38362A0000
00B8D40016360000
00646810000C0000
00E4E038001E0000
0000081020140000
0040300012280000
0028502006080000
0094D800201A0000
001C5C38362A0000
00B8D40016360000
00646810000C0000
00E4E038001E0000
0000081020140000
0040300012280000
0028502006080000
0094D800201A0000
001C5C38362A0000
00B8D40016360000
00646810000C0000
00E4E038001E0000
0000081020140000
0040300012280000
0028502006080000
0094D800201A0000
001C5C38362A0000
00B8D40016360000
00646810000C0000
00E4E038001E0000
0000081020140000
0040300012280000
0028502006080000
0094D800201A0000
001C5C38362A0000
00B8D40016360000
00646810000C0000
00E4E038001E0000
0000081020140000
0040300012280000
0028502006080000
0094D800201A0000
001C5C38362A0000
00B8D40016360000
00646810000C0000
00E4E038001E0000
0000081020140000
0040300012280000
0028502006080000
0094D800201A0000
001C5C38362A0000
00B8D40016360000
00646810000C0000
00E4E038001E0000
0000081020140000
0040300012280000
0028502006080000
0094D800201A0000
001C5C38362A0000
00B8D40016360000
00646810000C0000
00E4E038001E0000
0000081020140000
0040300012280000
0028502006080000
0094D800201A0000
001C5C38362A0000
00B8D40016360000
00646810000C0000
00E4E038001E0000
00043C3820203800
00003C1430201400
00484C14000C2800
00480E1800103C30
004E7E0030340030
00227C00300C2810
00243E0C20100C00
000A2C1C10081038
00043C3820203800
00003C1430201400
00484C14000C2800
00480E1800103C30
004E7E0030340030
00227C00300C2810
00243E0C20100C00
000A2C1C10081038
00043C3820203800
00003C1430201400
00484C14000C2800
00480E1800103C30
004E7E0030340030
00227C00300C2810
00243E0C20100C00
000A2C1C10081038
00043C3820203800
00003C1430201400
00484C14000C2800
00480E1800103C30
004E7E0030340030
00227C00300C2810
00243E0C20100C00
000A2C1C10081038
00043C3820203800
00003C1430201400
00484C14000C2800
00480E1800103C30
004E7E0030340030
00227C00300C2810
00243E0C20100C00
000A2C1C10081038
00043C3820203800
00003C1430201400
00484C14000C2800
00480E1800103C30
004E7E0030340030
00227C00300C2810
00243E0C20100C00
000A2C1C10081038
00043C3820203800
00003C1430201400
00484C14000C2800
00480E1800103C30
004E7E0030340030
00227C00300C2810
00243E0C20100C00
000A2C1C10081038
00043C3820203800
00003C1430201400
00484C14000C2800
00480E1800103C30
004E7E0030340030
00227C00300C2810
00243E0C20100C00
000A2C1C10081038
00043C3820203800
00003C1430201400
00484C14000C2800
00480E1800103C30
004E7E0030340030
00227C00300C2810
00243E0C20100C00
000A2C1C10081038
00043C3820203800
00003C1430201400
00484C14000C2800
00480E1800103C30
004E7E0030340030
00227C00300C2810
00243E0C20100C00
000A2C1C10081038
0004342800041800
000A203460602400
00083E5440482000
0010062400040000
00100E2820024000
003E680040286400
00566E2E60603000
002E5C6C40443E00
0004342800041800
000A203460602400
00083E5440482000
0010062400040000
00100E2820024000
003E680040286400
00566E2E60603000
002E5C6C40443E00
0004342800041800
000A203460602400
00083E5440482000
0010062400040000
00100E2820024000
003E680040286400
00566E2E60603000
002E5C6C40443E00
0004342800041800
000A203460602400
00083E5440482000
0010062400040000
00100E2820024000
003E680040286400
00566E2E60603000
002E5C6C40443E00
0004342800041800
000A203460602400
00083E5440482000
0010062400040000
00100E2820024000
003E680040286400
00566E2E60603000
002E5C6C40443E00
0004342800041800
000A203460602400
00083E5440482000
0010062400040000
00100E2820024000
003E680040286400
00566E2E60603000
002E5C6C40443E00
0004342800041800
000A203460602400
00083E5440482000
0010062400040000
00100E2820024000
003E680040286400
00566E2E60603000
002E5C6C40443E00
0004342800041800
000A203460602400
00083E5440482000
0010062400040000
00100E2820024000
003E680040286400
00566E2E60603000
002E5C6C40443E00
0004342800041800
000A203460602400
00083E5440482000
0010062400040000
00100E2820024000
003E680040286400
00566E2E60603000
002E5C6C40443E00
0004342800041800
000A203460602400
00083E5440482000
0010062400040000
00100E2820024000
003E680040286400
00566E2E60603000
002E5C6C40443E00
00283830242C0000
0000181004181000
00041C0820243800
00083828283C2000
20180C281A003000
00141C381C2C1800
2030281868741800
2020280804181800
00283830242C0000
0000181004181000
00041C0820243800
00083828283C2000
20180C281A003000
00141C381C2C1800
2030281868741800
2020280804181800
00283830242C0000
0000181004181000
00041C0820243800
00083828283C2000
20180C281A003000
00141C381C2C1800
2030281868741800
2020280804181800
00283830242C0000
0000181004181000
00041C0820243800
00083828283C2000
20180C281A003000
00141C381C2C1800
2030281868741800
2020280804181800
00283830242C0000
0000181004181000
00041C0820243800
00083828283C2000
20180C281A003000
00141C381C2C1800
2030281868741800
2020280804181800
00283830242C0000
0000181004181000
00041C0820243800
00083828283C2000
20180C281A003000
00141C381C2C1800
2030281868741800
2020280804181800
00283830242C0000
0000181004181000
00041C0820243800
00083828283C2000
20180C281A003000
00141C381C2C1800
2030281868741800
2020280804181800
00283830242C0000
0000181004181000
00041C0820243800
00083828283C2000
20180C281A003000
00141C381C2C1800
2030281868741800
2020280804181800
00283830242C0000
0000181004181000
00041C0820243800
00083828283C2000
20180C281A003000
00141C381C2C1800
2030281868741800
2020280804181800
00283830242C0000
0000181004181000
00041C0820243800
00083828283C2000
20180C281A003000
00141C381C2C1800
2030281868741800
2020280804181800
0030486018100400
00484418360A0800
0030CC443C0E0600
0000241C1A1E0800
0068E42C1E0E0E00
00500CAC363E0C00
0068183416360C00
00B4E4E47E300400
0030486018100400
00484418360A0800
0030CC443C0E0600
0000241C1A1E0800
0068E42C1E0E0E00
00500CAC363E0C00
0068183416360C00
00B4E4E47E300400
0030486018100400
00484418360A0800
0030CC443C0E0600
0000241C1A1E0800
0068E42C1E0E0E00
00500CAC363E0C00
0068183416360C00
00B4E4E47E300400
0030486018100400
00484418360A0800
0030CC443C0E0600
0000241C1A1E0800
0068E42C1E0E0E00
00500CAC363E0C00
0068183416360C00
00B4E4E47E300400
0030486018100400
00484418360A0800
0030CC443C0E0600
0000241C1A1E0800
0068E42C1E0E0E00
00500CAC363E0C00
0068183416360C00
00B4E4E47E300400
0030486018100400
00484418360A0800
0030CC443C0E0600
0000241C1A1E0800
0068E42C1E0E0E00
00500CAC363E0C00
0068183416360C00
00B4E4E47E300400
0030486018100400
00484418360A0800
0030CC443C0E0600
0000241C1A1E0800
0068E42C1E0E0E00
00500CAC363E0C00
0068183416360C00
00B4E4E47E300400
0030486018100400
00484418360A0800
0030CC443C0E0600
0000241C1A1E0800
0068E42C1E0E0E00
00500CAC363E0C00
0068183416360C00
00B4E4E47E300400
0030486018100400
00484418360A0800
0030CC443C0E0600
0000241C1A1E0800
0068E42C1E0E0E00
00500CAC363E0C00
0068183416360C00
00B4E4E47E300400
0030486018100400
00484418360A0800
0030CC443C0E0600
0000241C1A1E0800
0068E42C1E0E0E00
00500CAC363E0C00
0068183416360C00
00B4E4E47E300400
00083030181C0000
041C002000100800
0804100018101400
08042018102C0000
041C202838140C00
040808302C201000
0010003830300C00
0428301834041000
00083030181C0000
041C002000100800
0804100018101400
08042018102C0000
041C202838140C00
040808302C201000
0010003830300C00
0428301834041000
00083030181C0000
041C002000100800
0804100018101400
08042018102C0000
041C202838140C00
040808302C201000
0010003830300C00
0428301834041000
00083030181C0000
041C002000100800
0804100018101400
08042018102C0000
041C202838140C00
040808302C201000
0010003830300C00
0428301834041000
00083030181C0000
041C002000100800
0804100018101400
08042018102C0000
041C202838140C00
040808302C201000
0010003830300C00
0428301834041000
00083030181C0000
041C002000100800
0804100018101400
08042018102C0000
041C202838140C00
040808302C201000
0010003830300C00
0428301834041000
00083030181C0000
041C002000100800
0804100018101400
08042018102C0000
041C202838140C00
040808302C201000
0010003830300C00
0428301834041000
00083030181C0000
041C002000100800
0804100018101400
08042018102C0000
041C202838140C00
040808302C201000
0010003830300C00
0428301834041000
00083030181C0000
041C002000100800
0804100018101400
08042018102C0000
041C202838140C00
040808302C201000
0010003830300C00
0428301834041000
00083030181C0000
041C002000100800
0804100018101400
08042018102C0000
041C202838140C00
040808302C201000
0010003830300C00
0428301834041000
0038203008100800
0810200C10040400
100400381C181400
04381008180C0C00
002860100C0C1000
0C6440340C0A0000
0400603C14060000
1C4C002C18140800
0038203008100800
0810200C10040400
100400381C181400
04381008180C0C00
002860100C0C1000
0C6440340C0A0000
0400603C14060000
1C4C002C18140800
0038203008100800
0810200C10040400
100400381C181400
04381008180C0C00
002860100C0C1000
0C6440340C0A0000
0400603C14060000
1C4C002C18140800
0038203008100800
0810200C10040400
100400381C181400
04381008180C0C00
002860100C0C1000
0C6440340C0A0000
0400603C14060000
1C4C002C18140800
0038203008100800
0810200C10040400
100400381C181400
04381008180C0C00
002860100C0C1000
0C6440340C0A0000
0400603C14060000
1C4C002C18140800
0038203008100800
0810200C10040400
100400381C181400
04381008180C0C00
002860100C0C1000
0C6440340C0A0000
0400603C14060000
1C4C002C18140800
0038203008100800
0810200C10040400
100400381C181400
04381008180C0C00
002860100C0C1000
0C6440340C0A0000
0400603C14060000
1C4C002C18140800
0038203008100800
0810200C10040400
100400381C181400
04381008180C0C00
002860100C0C1000
0C6440340C0A0000
0400603C14060000
1C4C002C18140800
0038203008100800
0810200C10040400
100400381C181400
04381008180C0C00
002860100C0C1000
0C6440340C0A0000
0400603C14060000
1C4C002C18140800
0038203008100800
0810200C10040400
100400381C181400
04381008180C0C00
002860100C0C1000
0C6440340C0A0000
0400603C14060000
1C4C002C18140800
0008103008000800
0000301010180C00
0018280810000000
00040000000C1400
000C180000180400
0018081838101000
001C080018080000
001C183008081400
0008103008000800
0000301010180C00
0018280810000000
00040000000C1400
000C180000180400
0018081838101000
001C080018080000
001C183008081400
0008103008000800
0000301010180C00
0018280810000000
00040000000C1400
000C180000180400
0018081838101000
001C080018080000
001C183008081400
0008103008000800
0000301010180C00
0018280810000000
00040000000C1400
000C180000180400
0018081838101000
001C080018080000
001C183008081400
0008103008000800
0000301010180C00
0018280810000000
00040000000C1400
000C180000180400
0018081838101000
001C080018080000
001C183008081400
0008103008000800
0000301010180C00
0018280810000000
00040000000C1400
000C180000180400
0018081838101000
001C080018080000
001C183008081400
0008103008000800
0000301010180C00
0018280810000000
00040000000C1400
000C180000180400
0018081838101000
001C080018080000
001C183008081400
0008103008000800
0000301010180C00
0018280810000000
00040000000C1400
000C180000180400
0018081838101000
001C080018080000
001C183008081400
0008103008000800
0000301010180C00
0018280810000000
00040000000C1400
000C180000180400
0018081838101000
001C080018080000
001C183008081400
0008103008000800
0000301010180C00
0018280810000000
00040000000C1400
000C180000180400
0018081838101000
001C080018080000
001C183008081400
00304064381E0000
00082C1814340000
001C504810381C00
0008647838100C00
007C700414320A00
0074282C50320C00
0008000034343600
00480C685C381E00
00304064381E0000
00082C1814340000
001C504810381C00
0008647838100C00
007C700414320A00
0074282C50320C00
0008000034343600
00480C685C381E00
00304064381E0000
00082C1814340000
001C504810381C00
0008647838100C00
007C700414320A00
0074282C50320C00
0008000034343600
00480C685C381E00
00304064381E0000
00082C1814340000
001C504810381C00
0008647838100C00
007C700414320A00
0074282C50320C00
0008000034343600
00480C685C381E00
00304064381E0000
00082C1814340000
001C504810381C00
0008647838100C00
007C700414320A00
0074282C50320C00
0008000034343600
00480C685C381E00
00304064381E0000
00082C1814340000
001C504810381C00
0008647838100C00
007C700414320A00
0074282C50320C00
0008000034343600
00480C685C381E00
00304064381E0000
00082C1814340000
001C504810381C00
0008647838100C00
007C700414320A00
0074282C50320C00
0008000034343600
00480C685C381E00
00304064381E0000
00082C1814340000
001C504810381C00
0008647838100C00
007C700414320A00
0074282C50320C00
0008000034343600
00480C685C381E00
00304064381E0000
00082C1814340000
001C504810381C00
0008647838100C00
007C700414320A00
0074282C50320C00
0008000034343600
00480C685C381E00
00304064381E0000
00082C1814340000
001C504810381C00
0008647838100C00
007C700414320A00
0074282C50320C00
0008000034343600
00480C685C381E00
0004101020200800
0008001810101000
000A1C0C38301000
00001E280C001808
00143C1824003008
001408000C083000
0002120C28180000
0000361C3C003018
0004101020200800
0008001810101000
000A1C0C38301000
00001E280C001808
00143C1824003008
001408000C083000
0002120C28180000
0000361C3C003018
0004101020200800
0008001810101000
000A1C0C38301000
00001E280C001808
00143C1824003008
001408000C083000
0002120C28180000
0000361C3C003018
0004101020200800
0008001810101000
000A1C0C38301000
00001E280C001808
00143C1824003008
001408000C083000
0002120C28180000
0000361C3C003018
0004101020200800
0008001810101000
000A1C0C38301000
00001E280C001808
00143C1824003008
001408000C083000
0002120C28180000
0000361C3C003018
0004101020200800
0008001810101000
000A1C0C38301000
00001E280C001808
00143C1824003008
001408000C083000
0002120C28180000
0000361C3C003018
0004101020200800
0008001810101000
000A1C0C38301000
00001E280C001808
00143C1824003008
001408000C083000
0002120C28180000
0000361C3C003018
0004101020200800
0008001810101000
000A1C0C38301000
00001E280C001808
00143C1824003008
001408000C083000
0002120C28180000
0000361C3C003018
0004101020200800
0008001810101000
000A1C0C38301000
00001E280C001808
00143C1824003008
001408000C083000
0002120C28180000
0000361C3C003018
0004101020200800
0008001810101000
000A1C0C38301000
00001E280C001808
00143C1824003008
001408000C083000
0002120C28180000
0000361C3C003018
0018303818300000
00382014381C1C00
181C1818143C1800
081C303C30383C00
000C0C1830003000
002C082030002800
0838083838341000
180C3C181C000800
0018303818300000
00382014381C1C00
181C1818143C1800
081C303C30383C00
000C0C1830003000
002C082030002800
0838083838341000
180C3C181C000800
0018303818300000
00382014381C1C00
181C1818143C1800
081C303C30383C00
000C0C1830003000
002C082030002800
0838083838341000
180C3C181C000800
0018303818300000
00382014381C1C00
181C1818143C1800
081C303C30383C00
000C0C1830003000
002C082030002800
0838083838341000
180C3C181C000800
0018303818300000
00382014381C1C00
181C1818143C1800
081C303C30383C00
000C0C1830003000
002C082030002800
0838083838341000
180C3C181C000800
0018303818300000
00382014381C1C00
181C1818143C1800
081C303C30383C00
000C0C1830003000
002C082030002800
0838083838341000
180C3C181C000800
0018303818300000
00382014381C1C00
181C1818143C1800
081C303C30383C00
000C0C1830003000
002C082030002800
0838083838341000
180C3C181C000800
0018303818300000
00382014381C1C00
181C1818143C1800
081C303C30383C00
000C0C1830003000
002C082030002800
0838083838341000
180C3C181C000800
0018303818300000
00382014381C1C00
181C1818143C1800
081C303C30383C00
000C0C1830003000
002C082030002800
0838083838341000
180C3C181C000800
0018303818300000
00382014381C1C00
181C1818143C1800
081C303C30383C00
000C0C1830003000
002C082030002800
0838083838341000
180C3C181C000800
0010200018101000
000C003000000800
0024003800080000
0038102800241800
0014100004082800
001C040418302C00
001430100C0C3800
000010180C1C2000
0010200018101000
000C003000000800
0024003800080000
0038102800241800
0014100004082800
001C040418302C00
001430100C0C3800
000010180C1C2000
0010200018101000
000C003000000800
0024003800080000
0038102800241800
0014100004082800
001C040418302C00
001430100C0C3800
000010180C1C2000
0010200018101000
000C003000000800
0024003800080000
0038102800241800
0014100004082800
001C040418302C00
001430100C0C3800
000010180C1C2000
0010200018101000
000C003000000800
0024003800080000
0038102800241800
0014100004082800
001C040418302C00
001430100C0C3800
000010180C1C2000
0010200018101000
000C003000000800
0024003800080000
0038102800241800
0014100004082800
001C040418302C00
001430100C0C3800
000010180C1C2000
0010200018101000
000C003000000800
0024003800080000
0038102800241800
0014100004082800
001C040418302C00
001430100C0C3800
000010180C1C2000
0010200018101000
000C003000000800
0024003800080000
0038102800241800
0014100004082800
001C040418302C00
001430100C0C3800
000010180C1C2000
0010200018101000
000C003000000800
0024003800080000
0038102800241800
0014100004082800
001C040418302C00
001430100C0C3800
000010180C1C2000
0010200018101000
000C003000000800
0024003800080000
0038102800241800
0014100004082800
001C040418302C00
001430100C0C3800
000010180C1C2000
001830201C080C00
0030207008100000
1800300408041000
0038001020020A00
1800002008021600
0018086440180600
0818086428160A00
1838604C981E0800
001830201C080C00
0030207008100000
1800300408041000
0038001020020A00
1800002008021600
0018086440180600
0818086428160A00
1838604C981E0800
001830201C080C00
0030207008100000
1800300408041000
0038001020020A00
1800002008021600
0018086440180600
0818086428160A00
1838604C981E0800
001830201C080C00
0030207008100000
1800300408041000
0038001020020A00
1800002008021600
0018086440180600
0818086428160A00
1838604C981E0800
001830201C080C00
0030207008100000
1800300408041000
0038001020020A00
1800002008021600
0018086440180600
0818086428160A00
1838604C981E0800
001830201C080C00
0030207008100000
1800300408041000
0038001020020A00
1800002008021600
0018086440180600
0818086428160A00
1838604C981E0800
001830201C080C00
0030207008100000
1800300408041000
0038001020020A00
1800002008021600
0018086440180600
0818086428160A00
1838604C981E0800
001830201C080C00
0030207008100000
1800300408041000
0038001020020A00
1800002008021600
0018086440180600
0818086428160A00
1838604C981E0800
001830201C080C00
0030207008100000
1800300408041000
0038001020020A00
1800002008021600
0018086440180600
0818086428160A00
1838604C981E0800
001830201C080C00
0030207008100000
1800300408041000
0038001020020A00
1800002008021600
0018086440180600
0818086428160A00
1838604C981E0800
001C202010281000
0000040038102000
0C24202038340800
081C303030143800
042C342038200000
082C162838200000
182A321010000000
0438221010140000
001C202010281000
0000040038102000
0C24202038340800
081C303030143800
042C342038200000
082C162838200000
182A321010000000
0438221010140000
001C202010281000
0000040038102000
0C24202038340800
081C303030143800
042C342038200000
082C162838200000
182A321010000000
0438221010140000
001C202010281000
0000040038102000
0C24202038340800
081C303030143800
042C342038200000
082C162838200000
182A321010000000
0438221010140000
001C202010281000
0000040038102000
0C24202038340800
081C303030143800
042C342038200000
082C162838200000
182A321010000000
0438221010140000
001C202010281000
0000040038102000
0C24202038340800
081C303030143800
042C342038200000
082C162838200000
182A321010000000
0438221010140000
001C202010281000
0000040038102000
0C24202038340800
081C303030143800
042C342038200000
082C162838200000
182A321010000000
0438221010140000
001C202010281000
0000040038102000
0C24202038340800
081C303030143800
042C342038200000
082C162838200000
182A321010000000
0438221010140000
001C202010281000
0000040038102000
0C24202038340800
081C303030143800
042C342038200000
082C162838200000
182A321010000000
0438221010140000
001C202010281000
0000040038102000
0C24202038340800
081C303030143800
042C342038200000
082C162838200000
182A321010000000
0438221010140000
0000303424000000
00300808002C0000
00300C2C20240800
1000341004282000
0010343010242C00
2030141438442C00
10200C2A64402800
2020101426040400
0000303424000000
00300808002C0000
00300C2C20240800
1000341004282000
0010343010242C00
2030141438442C00
10200C2A64402800
2020101426040400
0000303424000000
00300808002C0000
00300C2C20240800
1000341004282000
0010343010242C00
2030141438442C00
10200C2A64402800
2020101426040400
0000303424000000
00300808002C0000
00300C2C20240800
1000341004282000
0010343010242C00
2030141438442C00
10200C2A64402800
2020101426040400
0000303424000000
00300808002C0000
00300C2C20240800
1000341004282000
0010343010242C00
2030141438442C00
10200C2A64402800
2020101426040400
0000303424000000
00300808002C0000
00300C2C20240800
1000341004282000
0010343010242C00
2030141438442C00
10200C2A64402800
2020101426040400
0000303424000000
00300808002C0000
00300C2C20240800
1000341004282000
0010343010242C00
2030141438442C00
10200C2A64402800
2020101426040400
0000303424000000
00300808002C0000
00300C2C20240800
1000341004282000
0010343010242C00
2030141438442C00
10200C2A64402800
2020101426040400
0000303424000000
00300808002C0000
00300C2C20240800
1000341004282000
0010343010242C00
2030141438442C00
10200C2A64402800
2020101426040400
0000303424000000
00300808002C0000
00300C2C20240800
1000341004282000
0010343010242C00
2030141438442C00
10200C2A64402800
2020101426040400
0010101034040000
000000000C200000
0038103C2A604C00
1008002800040C00
10300028266E4800
08102810186E0400
103818142C464000
0820181400046C00
0010101034040000
000000000C200000
0038103C2A604C00
1008002800040C00
10300028266E4800
08102810186E0400
103818142C464000
0820181400046C00
0010101034040000
000000000C200000
0038103C2A604C00
1008002800040C00
10300028266E4800
08102810186E0400
103818142C464000
0820181400046C00
0010101034040000
000000000C200000
0038103C2A604C00
1008002800040C00
10300028266E4800
08102810186E0400
103818142C464000
0820181400046C00
0010101034040000
000000000C200000
0038103C2A604C00
1008002800040C00
10300028266E4800
08102810186E0400
103818142C464000
0820181400046C00
0010101034040000
000000000C200000
0038103C2A604C00
1008002800040C00
10300028266E4800
08102810186E0400
103818142C464000
0820181400046C00
0010101034040000
000000000C200000
0038103C2A604C00
1008002800040C00
10300028266E4800
08102810186E0400
103818142C464000
0820181400046C00
0010101034040000
000000000C200000
0038103C2A604C00
1008002800040C00
10300028266E4800
08102810186E0400
103818142C464000
0820181400046C00
0010101034040000
000000000C200000
0038103C2A604C00
1008002800040C00
10300028266E4800
08102810186E0400
103818142C464000
0820181400046C00
0010101034040000
000000000C200000
0038103C2A604C00
1008002800040C00
10300028266E4800
08102810186E0400
103818142C464000
0820181400046C00
0010103400000000
0000001834240000
000020082C282000
1020000824380000
000020341C382000
1000103C281C2000
1030043C2C0C2000
20301038180C0000
0010103400000000
0000001834240000
000020082C282000
1020000824380000
000020341C382000
1000103C281C2000
1030043C2C0C2000
20301038180C0000
0010103400000000
0000001834240000
000020082C282000
1020000824380000
000020341C382000
1000103C281C2000
1030043C2C0C2000
20301038180C0000
0010103400000000
0000001834240000
000020082C282000
1020000824380000
000020341C382000
1000103C281C2000
1030043C2C0C2000
20301038180C0000
0010103400000000
0000001834240000
000020082C282000
1020000824380000
000020341C382000
1000103C281C2000
1030043C2C0C2000
20301038180C0000
0010103400000000
0000001834240000
000020082C282000
1020000824380000
000020341C382000
1000103C281C2000
1030043C2C0C2000
20301038180C0000
0010103400000000
0000001834240000
000020082C282000
1020000824380000
000020341C382000
1000103C281C2000
1030043C2C0C2000
20301038180C0000
0010103400000000
0000001834240000
000020082C282000
1020000824380000
000020341C382000
1000103C281C2000
1030043C2C0C2000
20301038180C0000
0010103400000000
0000001834240000
000020082C282000
1020000824380000
000020341C382000
1000103C281C2000
1030043C2C0C2000
20301038180C0000
0010103400000000
0000001834240000
000020082C282000
1020000824380000
000020341C382000
1000103C281C2000
1030043C2C0C2000
20301038180C0000
0000001000000000
0030102C141C0000
0000302434200800
2020303030340000
1020201C2C000800
2020381424300400
0030200E242C0800
001038741C080800
0000001000000000
0030102C141C0000
0000302434200800
2020303030340000
1020201C2C000800
2020381424300400
0030200E242C0800
001038741C080800
0000001000000000
0030102C141C0000
0000302434200800
2020303030340000
1020201C2C000800
2020381424300400
0030200E242C0800
001038741C080800
0000001000000000
0030102C141C0000
0000302434200800
2020303030340000
1020201C2C000800
2020381424300400
0030200E242C0800
001038741C080800
0000001000000000
0030102C141C0000
0000302434200800
2020303030340000
1020201C2C000800
2020381424300400
0030200E242C0800
001038741C080800
0000001000000000
0030102C141C0000
0000302434200800
2020303030340000
1020201C2C000800
2020381424300400
0030200E242C0800
001038741C080800
0000001000000000
0030102C141C0000
0000302434200800
2020303030340000
1020201C2C000800
2020381424300400
0030200E242C0800
001038741C080800
0000001000000000
0030102C141C0000
0000302434200800
2020303030340000
1020201C2C000800
2020381424300400
0030200E242C0800
001038741C080800
0000001000000000
0030102C141C0000
0000302434200800
2020303030340000
1020201C2C000800
2020381424300400
0030200E242C0800
001038741C080800
0000001000000000
0030102C141C0000
0000302434200800
2020303030340000
1020201C2C000800
2020381424300400
0030200E242C0800
001038741C080800
0010103C24280000
0020201C08000000
00002020040C0800
1010380028242800
2000202028082800
1020202A14282000
0020281434200000
1010001C00280800
0010103C24280000
0020201C08000000
00002020040C0800
1010380028242800
2000202028082800
1020202A14282000
0020281434200000
1010001C00280800
0010103C24280000
0020201C08000000
00002020040C0800
1010380028242800
2000202028082800
1020202A14282000
0020281434200000
1010001C00280800
0010103C24280000
0020201C08000000
00002020040C0800
1010380028242800
2000202028082800
1020202A14282000
0020281434200000
1010001C00280800
0010103C24280000
0020201C08000000
00002020040C0800
1010380028242800
2000202028082800
1020202A14282000
0020281434200000
1010001C00280800
0010103C24280000
0020201C08000000
00002020040C0800
1010380028242800
2000202028082800
1020202A14282000
0020281434200000
1010001C00280800
0010103C24280000
0020201C08000000
00002020040C0800
1010380028242800
2000202028082800
1020202A14282000
0020281434200000
1010001C00280800
0010103C24280000
0020201C08000000
00002020040C0800
1010380028242800
2000202028082800
1020202A14282000
0020281434200000
1010001C00280800
0010103C24280000
0020201C08000000
00002020040C0800
1010380028242800
2000202028082800
1020202A14282000
0020281434200000
1010001C00280800
0010103C24280000
0020201C08000000
00002020040C0800
1010380028242800
2000202028082800
1020202A14282000
0020281434200000
1010001C00280800
00003C4444480000
0000461C08040800
00002A220C880000
0000500248404400
00000C7040C08400
00202866444C4800
000038764C4CC800
00600C64EC408400
00003C4444480000
0000461C08040800
00002A220C880000
0000500248404400
00000C7040C08400
00202866444C4800
000038764C4CC800
00600C64EC408400
00003C4444480000
0000461C08040800
00002A220C880000
0000500248404400
00000C7040C08400
00202866444C4800
000038764C4CC800
00600C64EC408400
00003C4444480000
0000461C08040800
00002A220C880000
0000500248404400
00000C7040C08400
00202866444C4800
000038764C4CC800
00600C64EC408400
00003C4444480000
0000461C08040800
00002A220C880000
0000500248404400
00000C7040C08400
00202866444C4800
000038764C4CC800
00600C64EC408400
00003C4444480000
0000461C08040800
00002A220C880000
0000500248404400
00000C7040C08400
00202866444C4800
000038764C4CC800
00600C64EC408400
00003C4444480000
0000461C08040800
00002A220C880000
0000500248404400
00000C7040C08400
00202866444C4800
000038764C4CC800
00600C64EC408400
00003C4444480000
0000461C08040800
00002A220C880000
0000500248404400
00000C7040C08400
00202866444C4800
000038764C4CC800
00600C64EC408400
00003C4444480000
0000461C08040800
00002A220C880000
0000500248404400
00000C7040C08400
00202866444C4800
000038764C4CC800
00600C64EC408400
00003C4444480000
0000461C08040800
00002A220C880000
0000500248404400
00000C7040C08400
00202866444C4800
000038764C4CC800
00600C64EC408400
0010101C34240000
1000103010300000
0010081824042400
0000301814080000
000000381C3C0C00
0000243428083800
10100C3830100000
0010341434201000
0010101C34240000
1000103010300000
0010081824042400
0000301814080000
000000381C3C0C00
0000243428083800
10100C3830100000
0010341434201000
0010101C34240000
1000103010300000
0010081824042400
0000301814080000
000000381C3C0C00
0000243428083800
10100C3830100000
0010341434201000
0010101C34240000
1000103010300000
0010081824042400
0000301814080000
000000381C3C0C00
0000243428083800
10100C3830100000
0010341434201000
0010101C34240000
1000103010300000
0010081824042400
0000301814080000
000000381C3C0C00
0000243428083800
10100C3830100000
0010341434201000
0010101C34240000
1000103010300000
0010081824042400
0000301814080000
000000381C3C0C00
0000243428083800
10100C3830100000
0010341434201000
0010101C34240000
1000103010300000
0010081824042400
0000301814080000
000000381C3C0C00
0000243428083800
10100C3830100000
0010341434201000
0010101C34240000
1000103010300000
0010081824042400
0000301814080000
000000381C3C0C00
0000243428083800
10100C3830100000
0010341434201000
0010101C34240000
1000103010300000
0010081824042400
0000301814080000
000000381C3C0C00
0000243428083800
10100C3830100000
0010341434201000
0010101C34240000
1000103010300000
0010081824042400
0000301814080000
000000381C3C0C00
0000243428083800
10100C3830100000
0010341434201000
0030303C3C2C0000
1010103C3C380000
1010201024242000
3038301C24600800
3010001A3E3C0400
101024167E640800
2018301C76702800
083010322C646800
0030303C3C2C0000
1010103C3C380000
1010201024242000
3038301C24600800
3010001A3E3C0400
101024167E640800
2018301C76702800
083010322C646800
0030303C3C2C0000
1010103C3C380000
1010201024242000
3038301C24600800
3010001A3E3C0400
101024167E640800
2018301C76702800
083010322C646800
0030303C3C2C0000
1010103C3C380000
1010201024242000
3038301C24600800
3010001A3E3C0400
101024167E640800
2018301C76702800
083010322C646800
0030303C3C2C0000
1010103C3C380000
1010201024242000
3038301C24600800
3010001A3E3C0400
101024167E640800
2018301C76702800
083010322C646800
0030303C3C2C0000
1010103C3C380000
1010201024242000
3038301C24600800
3010001A3E3C0400
101024167E640800
2018301C76702800
083010322C646800
0030303C3C2C0000
1010103C3C380000
1010201024242000
3038301C24600800
3010001A3E3C0400
101024167E640800
2018301C76702800
083010322C646800
0030303C3C2C0000
1010103C3C380000
1010201024242000
3038301C24600800
3010001A3E3C0400
101024167E640800
2018301C76702800
083010322C646800
0030303C3C2C0000
1010103C3C380000
1010201024242000
3038301C24600800
3010001A3E3C0400
101024167E640800
2018301C76702800
083010322C646800
0030303C3C2C0000
1010103C3C380000
1010201024242000
3038301C24600800
3010001A3E3C0400
101024167E640800
2018301C76702800
083010322C646800
0020203C24240000
0000183420000000
0010342844242400
20302C0050000400
0000281C34100400
0000003444141400
2010100054340000
1020007440303000
0020203C24240000
0000183420000000
0010342844242400
20302C0050000400
0000281C34100400
0000003444141400
2010100054340000
1020007440303000
0020203C24240000
0000183420000000
0010342844242400
20302C0050000400
0000281C34100400
0000003444141400
2010100054340000
1020007440303000
0020203C24240000
0000183420000000
0010342844242400
20302C0050000400
0000281C34100400
0000003444141400
2010100054340000
1020007440303000
0020203C24240000
0000183420000000
0010342844242400
20302C0050000400
0000281C34100400
0000003444141400
2010100054340000
1020007440303000
0020203C24240000
0000183420000000
0010342844242400
20302C0050000400
0000281C34100400
0000003444141400
2010100054340000
1020007440303000
0020203C24240000
0000183420000000
0010342844242400
20302C0050000400
0000281C34100400
0000003444141400
2010100054340000
1020007440303000
0020203C24240000
0000183420000000
0010342844242400
20302C0050000400
0000281C34100400
0000003444141400
2010100054340000
1020007440303000
0020203C24240000
0000183420000000
0010342844242400
20302C0050000400
0000281C34100400
0000003444141400
2010100054340000
1020007440303000
0020203C24240000
0000183420000000
0010342844242400
20302C0050000400
0000281C34100400
0000003444141400
2010100054340000
1020007440303000
0030203C24040000
0000103C04640400
0000342420680000
303030264C2C4C00
3010280824242C00
10101C1C7E0C4800
00202C246C686000
30100C107E6C6800
0030203C24040000
0000103C04640400
0000342420680000
303030264C2C4C00
3010280824242C00
10101C1C7E0C4800
00202C246C686000
30100C107E6C6800
0030203C24040000
0000103C04640400
0000342420680000
303030264C2C4C00
3010280824242C00
10101C1C7E0C4800
00202C246C686000
30100C107E6C6800
0030203C24040000
0000103C04640400
0000342420680000
303030264C2C4C00
3010280824242C00
10101C1C7E0C4800
00202C246C686000
30100C107E6C6800
0030203C24040000
0000103C04640400
0000342420680000
303030264C2C4C00
3010280824242C00
10101C1C7E0C4800
00202C246C686000
30100C107E6C6800
0030203C24040000
0000103C04640400
0000342420680000
303030264C2C4C00
3010280824242C00
10101C1C7E0C4800
00202C246C686000
30100C107E6C6800
0030203C24040000
0000103C04640400
0000342420680000
303030264C2C4C00
3010280824242C00
10101C1C7E0C4800
00202C246C686000
30100C107E6C6800
0030203C24040000
0000103C04640400
0000342420680000
303030264C2C4C00
3010280824242C00
10101C1C7E0C4800
00202C246C686000
30100C107E6C6800
0030203C24040000
0000103C04640400
0000342420680000
303030264C2C4C00
3010280824242C00
10101C1C7E0C4800
00202C246C686000
30100C107E6C6800
0030203C24040000
0000103C04640400
0000342420680000
303030264C2C4C00
3010280824242C00
10101C1C7E0C4800
00202C246C686000
30100C107E6C6800
0010381C00106000
00003C2606241000
0028101E044CD000
00101C0C00682000
0038182204A8B800
0008122804907800
00181800060C0000
0028323208C0E800
0010381C00106000
00003C2606241000
0028101E044CD000
00101C0C00682000
0038182204A8B800
0008122804907800
00181800060C0000
0028323208C0E800
0010381C00106000
00003C2606241000
0028101E044CD000
00101C0C00682000
0038182204A8B800
0008122804907800
00181800060C0000
0028323208C0E800
0010381C00106000
00003C2606241000
0028101E044CD000
00101C0C00682000
0038182204A8B800
0008122804907800
00181800060C0000
0028323208C0E800
0010381C00106000
00003C2606241000
0028101E044CD000
00101C0C00682000
0038182204A8B800
0008122804907800
00181800060C0000
0028323208C0E800
0010381C00106000
00003C2606241000
0028101E044CD000
00101C0C00682000
0038182204A8B800
0008122804907800
00181800060C0000
0028323208C0E800
0010381C00106000
00003C2606241000
0028101E044CD000
00101C0C00682000
0038182204A8B800
0008122804907800
00181800060C0000
0028323208C0E800
0010381C00106000
00003C2606241000
0028101E044CD000
00101C0C00682000
0038182204A8B800
0008122804907800
00181800060C0000
0028323208C0E800
0010381C00106000
00003C2606241000
0028101E044CD000
00101C0C00682000
0038182204A8B800
0008122804907800
00181800060C0000
0028323208C0E800
0010381C00106000
00003C2606241000
0028101E044CD000
00101C0C00682000
0038182204A8B800
0008122804907800
00181800060C0000
0028323208C0E800
000040001C041800
003C004020080400
003C006000002000
007C00200C082400
00040420200C0400
007844601C102000
0044644024003800
0064442018180800
000040001C041800
003C004020080400
003C006000002000
007C00200C082400
00040420200C0400
007844601C102000
0044644024003800
0064442018180800
000040001C041800
003C004020080400
003C006000002000
007C00200C082400
00040420200C0400
007844601C102000
0044644024003800
0064442018180800
000040001C041800
003C004020080400
003C006000002000
007C00200C082400
00040420200C0400
007844601C102000
0044644024003800
0064442018180800
000040001C041800
003C004020080400
003C006000002000
007C00200C082400
00040420200C0400
007844601C102000
0044644024003800
0064442018180800
000040001C041800
003C004020080400
003C006000002000
007C00200C082400
00040420200C0400
007844601C102000
0044644024003800
0064442018180800
000040001C041800
003C004020080400
003C006000002000
007C00200C082400
00040420200C0400
007844601C102000
0044644024003800
0064442018180800
000040001C041800
003C004020080400
003C006000002000
007C00200C082400
00040420200C0400
007844601C102000
0044644024003800
0064442018180800
000040001C041800
003C004020080400
003C006000002000
007C00200C082400
00040420200C0400
007844601C102000
0044644024003800
0064442018180800
000040001C041800
003C004020080400
003C006000002000
007C00200C082400
00040420200C0400
007844601C102000
0044644024003800
0064442018180800
000C301808080000
0010002000007000
0408000404186000
000C001C08503000
0004002C0C488000
0C0030280030E800
0C14203C001CD800
0C28381004781000
000C301808080000
0010002000007000
0408000404186000
000C001C08503000
0004002C0C488000
0C0030280030E800
0C14203C001CD800
0C28381004781000
000C301808080000
0010002000007000
0408000404186000
000C001C08503000
0004002C0C488000
0C0030280030E800
0C14203C001CD800
0C28381004781000
000C301808080000
0010002000007000
0408000404186000
000C001C08503000
0004002C0C488000
0C0030280030E800
0C14203C001CD800
0C28381004781000
000C301808080000
0010002000007000
0408000404186000
000C001C08503000
0004002C0C488000
0C0030280030E800
0C14203C001CD800
0C28381004781000
000C301808080000
0010002000007000
0408000404186000
000C001C08503000
0004002C0C488000
0C0030280030E800
0C14203C001CD800
0C28381004781000
000C301808080000
0010002000007000
0408000404186000
000C001C08503000
0004002C0C488000
0C0030280030E800
0C14203C001CD800
0C28381004781000
000C301808080000
0010002000007000
0408000404186000
000C001C08503000
0004002C0C488000
0C0030280030E800
0C14203C001CD800
0C28381004781000
000C301808080000
0010002000007000
0408000404186000
000C001C08503000
0004002C0C488000
0C0030280030E800
0C14203C001CD800
0C28381004781000
000C301808080000
0010002000007000
0408000404186000
000C001C08503000
0004002C0C488000
0C0030280030E800
0C14203C001CD800
0C28381004781000
0008202008000000
0014140C10083000
0814001018081800
0030000838682800
040C34382C180800
0414300020704800
083C243C18387800
1800340C3C603000
0008202008000000
0014140C10083000
0814001018081800
0030000838682800
040C34382C180800
0414300020704800
083C243C18387800
1800340C3C603000
0008202008000000
0014140C10083000
0814001018081800
0030000838682800
040C34382C180800
0414300020704800
083C243C18387800
1800340C3C603000
0008202008000000
0014140C10083000
0814001018081800
0030000838682800
040C34382C180800
0414300020704800
083C243C18387800
1800340C3C603000
0008202008000000
0014140C10083000
0814001018081800
0030000838682800
040C34382C180800
0414300020704800
083C243C18387800
1800340C3C603000
0008202008000000
0014140C10083000
0814001018081800
0030000838682800
040C34382C180800
0414300020704800
083C243C18387800
1800340C3C603000
0008202008000000
0014140C10083000
0814001018081800
0030000838682800
040C34382C180800
0414300020704800
083C243C18387800
1800340C3C603000
0008202008000000
0014140C10083000
0814001018081800
0030000838682800
040C34382C180800
0414300020704800
083C243C18387800
1800340C3C603000
0008202008000000
0014140C10083000
0814001018081800
0030000838682800
040C34382C180800
0414300020704800
083C243C18387800
1800340C3C603000
0008202008000000
0014140C10083000
0814001018081800
0030000838682800
040C34382C180800
0414300020704800
083C243C18387800
1800340C3C603000
0008201C0C180000
0014102400204000
0014202008688000
0032041010340000
0434302000302000
0C1E24200C306000
040010300C5C2000
0038183C04484000
0008201C0C180000
0014102400204000
0014202008688000
0032041010340000
0434302000302000
0C1E24200C306000
040010300C5C2000
0038183C04484000
0008201C0C180000
0014102400204000
0014202008688000
0032041010340000
0434302000302000
0C1E24200C306000
040010300C5C2000
0038183C04484000
0008201C0C180000
0014102400204000
0014202008688000
0032041010340000
0434302000302000
0C1E24200C306000
040010300C5C2000
0038183C04484000
0008201C0C180000
0014102400204000
0014202008688000
0032041010340000
0434302000302000
0C1E24200C306000
040010300C5C2000
0038183C04484000
0008201C0C180000
0014102400204000
0014202008688000
0032041010340000
0434302000302000
0C1E24200C306000
040010300C5C2000
0038183C04484000
0008201C0C180000
0014102400204000
0014202008688000
0032041010340000
0434302000302000
0C1E24200C306000
040010300C5C2000
0038183C04484000
0008201C0C180000
0014102400204000
0014202008688000
0032041010340000
0434302000302000
0C1E24200C306000
040010300C5C2000
0038183C04484000
0008201C0C180000
0014102400204000
0014202008688000
0032041010340000
0434302000302000
0C1E24200C306000
040010300C5C2000
0038183C04484000
0008201C0C180000
0014102400204000
0014202008688000
0032041010340000
0434302000302000
0C1E24200C306000
040010300C5C2000
0038183C04484000
0000000004000000
0038404038041000
003C2024180C0800
0004002024043C00
0004600C00043C00
0004002C20081000
0030446800040400
004460001C002800
0000000004000000
0038404038041000
003C2024180C0800
0004002024043C00
0004600C00043C00
0004002C20081000
0030446800040400
004460001C002800
0000000004000000
0038404038041000
003C2024180C0800
0004002024043C00
0004600C00043C00
0004002C20081000
0030446800040400
004460001C002800
0000000004000000
0038404038041000
003C2024180C0800
0004002024043C00
0004600C00043C00
0004002C20081000
0030446800040400
004460001C002800
0000000004000000
0038404038041000
003C2024180C0800
0004002024043C00
0004600C00043C00
0004002C20081000
0030446800040400
004460001C002800
0000000004000000
0038404038041000
003C2024180C0800
0004002024043C00
0004600C00043C00
0004002C20081000
0030446800040400
004460001C002800
0000000004000000
0038404038041000
003C2024180C0800
0004002024043C00
0004600C00043C00
0004002C20081000
0030446800040400
004460001C002800
0000000004000000
0038404038041000
003C2024180C0800
0004002024043C00
0004600C00043C00
0004002C20081000
0030446800040400
004460001C002800
0000000004000000
0038404038041000
003C2024180C0800
0004002024043C00
0004600C00043C00
0004002C20081000
0030446800040400
004460001C002800
0000000004000000
0038404038041000
003C2024180C0800
0004002024043C00
0004600C00043C00
0004002C20081000
0030446800040400
004460001C002800
0008000008200000
0000080C10500000
0800080C04180000
0404080038184000
0C0C000804588000
0C040C0C3CDCC000
0C041C0414840000
00080C003C244000
0008000008200000
0000080C10500000
0800080C04180000
0404080038184000
0C0C000804588000
0C040C0C3CDCC000
0C041C0414840000
00080C003C244000
0008000008200000
0000080C10500000
0800080C04180000
0404080038184000
0C0C000804588000
0C040C0C3CDCC000
0C041C0414840000
00080C003C244000
0008000008200000
0000080C10500000
0800080C04180000
0404080038184000
0C0C000804588000
0C040C0C3CDCC000
0C041C0414840000
00080C003C244000
0008000008200000
0000080C10500000
0800080C04180000
0404080038184000
0C0C000804588000
0C040C0C3CDCC000
0C041C0414840000
00080C003C244000
0008000008200000
0000080C10500000
0800080C04180000
0404080038184000
0C0C000804588000
0C040C0C3CDCC000
0C041C0414840000
00080C003C244000
0008000008200000
0000080C10500000
0800080C04180000
0404080038184000
0C0C000804588000
0C040C0C3CDCC000
0C041C0414840000
00080C003C244000
0008000008200000
0000080C10500000
0800080C04180000
0404080038184000
0C0C000804588000
0C040C0C3CDCC000
0C041C0414840000
00080C003C244000
0008000008200000
0000080C10500000
0800080C04180000
0404080038184000
0C0C000804588000
0C040C0C3CDCC000
0C041C0414840000
00080C003C244000
0008000008200000
0000080C10500000
0800080C04180000
0404080038184000
0C0C000804588000
0C040C0C3CDCC000
0C041C0414840000
00080C003C244000
001820300C1C0000
0C043000026C0000
0C34000014606000
0808001008424000
143400180EA81000
1C10101814EAF000
0C141000060AC800
0C2810281AF26000
001820300C1C0000
0C043000026C0000
0C34000014606000
0808001008424000
143400180EA81000
1C10101814EAF000
0C141000060AC800
0C2810281AF26000
001820300C1C0000
0C043000026C0000
0C34000014606000
0808001008424000
143400180EA81000
1C10101814EAF000
0C141000060AC800
0C2810281AF26000
001820300C1C0000
0C043000026C0000
0C34000014606000
0808001008424000
143400180EA81000
1C10101814EAF000
0C141000060AC800
0C2810281AF26000
001820300C1C0000
0C043000026C0000
0C34000014606000
0808001008424000
143400180EA81000
1C10101814EAF000
0C141000060AC800
0C2810281AF26000
001820300C1C0000
0C043000026C0000
0C34000014606000
0808001008424000
143400180EA81000
1C10101814EAF000
0C141000060AC800
0C2810281AF26000
001820300C1C0000
0C043000026C0000
0C34000014606000
0808001008424000
143400180EA81000
1C10101814EAF000
0C141000060AC800
0C2810281AF26000
001820300C1C0000
0C043000026C0000
0C34000014606000
0808001008424000
143400180EA81000
1C10101814EAF000
0C141000060AC800
0C2810281AF26000
001820300C1C0000
0C043000026C0000
0C34000014606000
0808001008424000
143400180EA81000
1C10101814EAF000
0C141000060AC800
0C2810281AF26000
001820300C1C0000
0C043000026C0000
0C34000014606000
0808001008424000
143400180EA81000
1C10101814EAF000
0C141000060AC800
0C2810281AF26000
003820380C2C1000
001C303414142800
081C300000060400
080C30041E122C00
1018303424102400
102868140C421000
100C7C1C02703000
041470381E463C00
003820380C2C1000
001C303414142800
081C300000060400
080C30041E122C00
1018303424102400
102868140C421000
100C7C1C02703000
041470381E463C00
003820380C2C1000
001C303414142800
081C300000060400
080C30041E122C00
1018303424102400
102868140C421000
100C7C1C02703000
041470381E463C00
003820380C2C1000
001C303414142800
081C300000060400
080C30041E122C00
1018303424102400
102868140C421000
100C7C1C02703000
041470381E463C00
003820380C2C1000
001C303414142800
081C300000060400
080C30041E122C00
1018303424102400
102868140C421000
100C7C1C02703000
041470381E463C00
003820380C2C1000
001C303414142800
081C300000060400
080C30041E122C00
1018303424102400
102868140C421000
100C7C1C02703000
041470381E463C00
003820380C2C1000
001C303414142800
081C300000060400
080C30041E122C00
1018303424102400
102868140C421000
100C7C1C02703000
041470381E463C00
003820380C2C1000
001C303414142800
081C300000060400
080C30041E122C00
1018303424102400
102868140C421000
100C7C1C02703000
041470381E463C00
003820380C2C1000
001C303414142800
081C300000060400
080C30041E122C00
1018303424102400
102868140C421000
100C7C1C02703000
041470381E463C00
003820380C2C1000
001C303414142800
081C300000060400
080C30041E122C00
1018303424102400
102868140C421000
100C7C1C02703000
041470381E463C00
001810180C180000
00143004042C6000
082C000804346000
100C100800741000
0C1000040C1C4000
080C08380C346000
1820203410689000
1428203400403000
001810180C180000
00143004042C6000
082C000804346000
100C100800741000
0C1000040C1C4000
080C08380C346000
1820203410689000
1428203400403000
001810180C180000
00143004042C6000
082C000804346000
100C100800741000
0C1000040C1C4000
080C08380C346000
1820203410689000
1428203400403000
001810180C180000
00143004042C6000
082C000804346000
100C100800741000
0C1000040C1C4000
080C08380C346000
1820203410689000
1428203400403000
001810180C180000
00143004042C6000
082C000804346000
100C100800741000
0C1000040C1C4000
080C08380C346000
1820203410689000
1428203400403000
001810180C180000
00143004042C6000
082C000804346000
100C100800741000
0C1000040C1C4000
080C08380C346000
1820203410689000
1428203400403000
001810180C180000
00143004042C6000
082C000804346000
100C100800741000
0C1000040C1C4000
080C08380C346000
1820203410689000
1428203400403000
001810180C180000
00143004042C6000
082C000804346000
100C100800741000
0C1000040C1C4000
080C08380C346000
1820203410689000
1428203400403000
001810180C180000
00143004042C6000
082C000804346000
100C100800741000
0C1000040C1C4000
080C08380C346000
1820203410689000
1428203400403000
001810180C180000
00143004042C6000
082C000804346000
100C100800741000
0C1000040C1C4000
080C08380C346000
1820203410689000
1428203400403000
0000240C74040800
0018184000200400
000C544C18080808
00183C303C7C0000
0034104014780008
002C341440540C08
00183A1020040808
0028000820480808
0000240C74040800
0018184000200400
000C544C18080808
00183C303C7C0000
0034104014780008
002C341440540C08
00183A1020040808
0028000820480808
0000240C74040800
0018184000200400
000C544C18080808
00183C303C7C0000
0034104014780008
002C341440540C08
00183A1020040808
0028000820480808
0000240C74040800
0018184000200400
000C544C18080808
00183C303C7C0000
0034104014780008
002C341440540C08
00183A1020040808
0028000820480808
0000240C74040800
0018184000200400
000C544C18080808
00183C303C7C0000
0034104014780008
002C341440540C08
00183A1020040808
0028000820480808
0000240C74040800
0018184000200400
000C544C18080808
00183C303C7C0000
0034104014780008
002C341440540C08
00183A1020040808
0028000820480808
0000240C74040800
0018184000200400
000C544C18080808
00183C303C7C0000
0034104014780008
002C341440540C08
00183A1020040808
0028000820480808
0000240C74040800
0018184000200400
000C544C18080808
00183C303C7C0000
0034104014780008
002C341440540C08
00183A1020040808
0028000820480808
0000240C74040800
0018184000200400
000C544C18080808
00183C303C7C0000
0034104014780008
002C341440540C08
00183A1020040808
0028000820480808
0000240C74040800
0018184000200400
000C544C18080808
00183C303C7C0000
0034104014780008
002C341440540C08
00183A1020040808
0028000820480808
000028280C080800
0010141C10001000
00182024000C1010
0028283428040008
0010281408041810
00182834300C0000
00381C3438080800
0008141830000C00
000028280C080800
0010141C10001000
00182024000C1010
0028283428040008
0010281408041810
00182834300C0000
00381C3438080800
0008141830000C00
000028280C080800
0010141C10001000
00182024000C1010
0028283428040008
0010281408041810
00182834300C0000
00381C3438080800
0008141830000C00
000028280C080800
0010141C10001000
00182024000C1010
0028283428040008
0010281408041810
00182834300C0000
00381C3438080800
0008141830000C00
000028280C080800
0010141C10001000
00182024000C1010
0028283428040008
0010281408041810
00182834300C0000
00381C3438080800
0008141830000C00
000028280C080800
0010141C10001000
00182024000C1010
0028283428040008
0010281408041810
00182834300C0000
00381C3438080800
0008141830000C00
000028280C080800
0010141C10001000
00182024000C1010
0028283428040008
0010281408041810
00182834300C0000
00381C3438080800
0008141830000C00
000028280C080800
0010141C10001000
00182024000C1010
0028283428040008
0010281408041810
00182834300C0000
00381C3438080800
0008141830000C00
000028280C080800
0010141C10001000
00182024000C1010
0028283428040008
0010281408041810
00182834300C0000
00381C3438080800
0008141830000C00
000028280C080800
0010141C10001000
00182024000C1010
0028283428040008
0010281408041810
00182834300C0000
00381C3438080800
0008141830000C00
0000380434040000
00101C3800200400
0010005450300C00
0020006864140C0C
0038003870000C04
0010240054640C08
00386460543C000C
0028387C2040080C
0000380434040000
00101C3800200400
0010005450300C00
0020006864140C0C
0038003870000C04
0010240054640C08
00386460543C000C
0028387C2040080C
0000380434040000
00101C3800200400
0010005450300C00
0020006864140C0C
0038003870000C04
0010240054640C08
00386460543C000C
0028387C2040080C
0000380434040000
00101C3800200400
0010005450300C00
0020006864140C0C
0038003870000C04
0010240054640C08
00386460543C000C
0028387C2040080C
0000380434040000
00101C3800200400
0010005450300C00
0020006864140C0C
0038003870000C04
0010240054640C08
00386460543C000C
0028387C2040080C
0000380434040000
00101C3800200400
0010005450300C00
0020006864140C0C
0038003870000C04
0010240054640C08
00386460543C000C
0028387C2040080C
0000380434040000
00101C3800200400
0010005450300C00
0020006864140C0C
0038003870000C04
0010240054640C08
00386460543C000C
0028387C2040080C
0000380434040000
00101C3800200400
0010005450300C00
0020006864140C0C
0038003870000C04
0010240054640C08
00386460543C000C
0028387C2040080C
0000380434040000
00101C3800200400
0010005450300C00
0020006864140C0C
0038003870000C04
0010240054640C08
00386460543C000C
0028387C2040080C
0000380434040000
00101C3800200400
0010005450300C00
0020006864140C0C
0038003870000C04
0010240054640C08
00386460543C000C
0028387C2040080C
0000283808001000
0018142400102000
0010340400182020
00201C001C103000
00182C2C08180010
003C1C3C28083010
000438001C183030
0010081034303000
0000283808001000
0018142400102000
0010340400182020
00201C001C103000
00182C2C08180010
003C1C3C28083010
000438001C183030
0010081034303000
0000283808001000
0018142400102000
0010340400182020
00201C001C103000
00182C2C08180010
003C1C3C28083010
000438001C183030
0010081034303000
0000283808001000
0018142400102000
0010340400182020
00201C001C103000
00182C2C08180010
003C1C3C28083010
000438001C183030
0010081034303000
0000283808001000
0018142400102000
0010340400182020
00201C001C103000
00182C2C08180010
003C1C3C28083010
000438001C183030
0010081034303000
0000283808001000
0018142400102000
0010340400182020
00201C001C103000
00182C2C08180010
003C1C3C28083010
000438001C183030
0010081034303000
0000283808001000
0018142400102000
0010340400182020
00201C001C103000
00182C2C08180010
003C1C3C28083010
000438001C183030
0010081034303000
0000283808001000
0018142400102000
0010340400182020
00201C001C103000
00182C2C08180010
003C1C3C28083010
000438001C183030
0010081034303000
0000283808001000
0018142400102000
0010340400182020
00201C001C103000
00182C2C08180010
003C1C3C28083010
000438001C183030
0010081034303000
0000283808001000
0018142400102000
0010340400182020
00201C001C103000
00182C2C08180010
003C1C3C28083010
000438001C183030
0010081034303000
0000741474040400
00380CC082000800
0010ACDE10060C00
0030D8B25006000C
000CCADE6E200808
0044285A48720008
006CD0EA223A0008
00641C8A32140400
0000741474040400
00380CC082000800
0010ACDE10060C00
0030D8B25006000C
000CCADE6E200808
0044285A48720008
006CD0EA223A0008
00641C8A32140400
0000741474040400
00380CC082000800
0010ACDE10060C00
0030D8B25006000C
000CCADE6E200808
0044285A48720008
006CD0EA223A0008
00641C8A32140400
0000741474040400
00380CC082000800
0010ACDE10060C00
0030D8B25006000C
000CCADE6E200808
0044285A48720008
006CD0EA223A0008
00641C8A32140400
0000741474040400
00380CC082000800
0010ACDE10060C00
0030D8B25006000C
000CCADE6E200808
0044285A48720008
006CD0EA223A0008
00641C8A32140400
0000741474040400
00380CC082000800
0010ACDE10060C00
0030D8B25006000C
000CCADE6E200808
0044285A48720008
006CD0EA223A0008
00641C8A32140400
0000741474040400
00380CC082000800
0010ACDE10060C00
0030D8B25006000C
000CCADE6E200808
0044285A48720008
006CD0EA223A0008
00641C8A32140400
0000741474040400
00380CC082000800
0010ACDE10060C00
0030D8B25006000C
000CCADE6E200808
0044285A48720008
006CD0EA223A0008
00641C8A32140400
0000741474040400
00380CC082000800
0010ACDE10060C00
0030D8B25006000C
000CCADE6E200808
0044285A48720008
006CD0EA223A0008
00641C8A32140400
0000741474040400
00380CC082000800
0010ACDE10060C00
0030D8B25006000C
000CCADE6E200808
0044285A48720008
006CD0EA223A0008
00641C8A32140400
0000342010200800
0000181464040000
0018101424740408
00080C14105C0008
001C287834780800
003C1C7840000808
003C0C2C506C0C00
0028301420240C08
0000342010200800
0000181464040000
0018101424740408
00080C14105C0008
001C287834780800
003C1C7840000808
003C0C2C506C0C00
0028301420240C08
0000342010200800
0000181464040000
0018101424740408
00080C14105C0008
001C287834780800
003C1C7840000808
003C0C2C506C0C00
0028301420240C08
0000342010200800
0000181464040000
0018101424740408
00080C14105C0008
001C287834780800
003C1C7840000808
003C0C2C506C0C00
0028301420240C08
0000342010200800
0000181464040000
0018101424740408
00080C14105C0008
001C287834780800
003C1C7840000808
003C0C2C506C0C00
0028301420240C08
0000342010200800
0000181464040000
0018101424740408
00080C14105C0008
001C287834780800
003C1C7840000808
003C0C2C506C0C00
0028301420240C08
0000342010200800
0000181464040000
0018101424740408
00080C14105C0008
001C287834780800
003C1C7840000808
003C0C2C506C0C00
0028301420240C08
0000342010200800
0000181464040000
0018101424740408
00080C14105C0008
001C287834780800
003C1C7840000808
003C0C2C506C0C00
0028301420240C08
0000342010200800
0000181464040000
0018101424740408
00080C14105C0008
001C287834780800
003C1C7840000808
003C0C2C506C0C00
0028301420240C08
0000342010200800
0000181464040000
0018101424740408
00080C14105C0008
001C287834780800
003C1C7840000808
003C0C2C506C0C00
0028301420240C08
0000383404081000
0018143008081800
00303C2828043000
001000180C1C2010
00002C2018143830
00083038001C2010
00281C1C28081020
00202038240C0820
0000383404081000
0018143008081800
00303C2828043000
001000180C1C2010
00002C2018143830
00083038001C2010
00281C1C28081020
00202038240C0820
0000383404081000
0018143008081800
00303C2828043000
001000180C1C2010
00002C2018143830
00083038001C2010
00281C1C28081020
00202038240C0820
0000383404081000
0018143008081800
00303C2828043000
001000180C1C2010
00002C2018143830
00083038001C2010
00281C1C28081020
00202038240C0820
0000383404081000
0018143008081800
00303C2828043000
001000180C1C2010
00002C2018143830
00083038001C2010
00281C1C28081020
00202038240C0820
0000383404081000
0018143008081800
00303C2828043000
001000180C1C2010
00002C2018143830
00083038001C2010
00281C1C28081020
00202038240C0820
0000383404081000
0018143008081800
00303C2828043000
001000180C1C2010
00002C2018143830
00083038001C2010
00281C1C28081020
00202038240C0820
0000383404081000
0018143008081800
00303C2828043000
001000180C1C2010
00002C2018143830
00083038001C2010
00281C1C28081020
00202038240C0820
0000383404081000
0018143008081800
00303C2828043000
001000180C1C2010
00002C2018143830
00083038001C2010
00281C1C28081020
00202038240C0820
0000383404081000
0018143008081800
00303C2828043000
001000180C1C2010
00002C2018143830
00083038001C2010
00281C1C28081020
00202038240C0820
0000385424040800
001058280C080008
0000245860081C00
00201C2C58040C18
0028301458040810
0020781030040008
00204C1018081818
0008642C0C041408
0000385424040800
001058280C080008
0000245860081C00
00201C2C58040C18
0028301458040810
0020781030040008
00204C1018081818
0008642C0C041408
0000385424040800
001058280C080008
0000245860081C00
00201C2C58040C18
0028301458040810
0020781030040008
00204C1018081818
0008642C0C041408
0000385424040800
001058280C080008
0000245860081C00
00201C2C58040C18
0028301458040810
0020781030040008
00204C1018081818
0008642C0C041408
0000385424040800
001058280C080008
0000245860081C00
00201C2C58040C18
0028301458040810
0020781030040008
00204C1018081818
0008642C0C041408
0000385424040800
001058280C080008
0000245860081C00
00201C2C58040C18
0028301458040810
0020781030040008
00204C1018081818
0008642C0C041408
0000385424040800
001058280C080008
0000245860081C00
00201C2C58040C18
0028301458040810
0020781030040008
00204C1018081818
0008642C0C041408
0000385424040800
001058280C080008
0000245860081C00
00201C2C58040C18
0028301458040810
0020781030040008
00204C1018081818
0008642C0C041408
0000385424040800
001058280C080008
0000245860081C00
00201C2C58040C18
0028301458040810
0020781030040008
00204C1018081818
0008642C0C041408
0000385424040800
001058280C080008
0000245860081C00
00201C2C58040C18
0028301458040810
0020781030040008
00204C1018081818
0008642C0C041408
0000382808081000
0010081C14000010
00000C1420002020
0020342C20081820
0008080C2C141010
003808242C143810
0038243838083810
0038243834182020
0000382808081000
0010081C14000010
00000C1420002020
0020342C20081820
0008080C2C141010
003808242C143810
0038243838083810
0038243834182020
0000382808081000
0010081C14000010
00000C1420002020
0020342C20081820
0008080C2C141010
003808242C143810
0038243838083810
0038243834182020
0000382808081000
0010081C14000010
00000C1420002020
0020342C20081820
0008080C2C141010
003808242C143810
0038243838083810
0038243834182020
0000382808081000
0010081C14000010
00000C1420002020
0020342C20081820
0008080C2C141010
003808242C143810
0038243838083810
0038243834182020
0000382808081000
0010081C14000010
00000C1420002020
0020342C20081820
0008080C2C141010
003808242C143810
0038243838083810
0038243834182020
0000382808081000
0010081C14000010
00000C1420002020
0020342C20081820
0008080C2C141010
003808242C143810
0038243838083810
0038243834182020
0000382808081000
0010081C14000010
00000C1420002020
0020342C20081820
0008080C2C141010
003808242C143810
0038243838083810
0038243834182020
0000382808081000
0010081C14000010
00000C1420002020
0020342C20081820
0008080C2C141010
003808242C143810
0038243838083810
0038243834182020
0000382808081000
0010081C14000010
00000C1420002020
0020342C20081820
0008080C2C141010
003808242C143810
0038243838083810
0038243834182020
00103C0404083000
0028281008000000
0008242C000C0820
000C00200C007010
0020102C08042830
00101C2004042030
0004743C08046830
00340C14041C2800
00103C0404083000
0028281008000000
0008242C000C0820
000C00200C007010
0020102C08042830
00101C2004042030
0004743C08046830
00340C14041C2800
00103C0404083000
0028281008000000
0008242C000C0820
000C00200C007010
0020102C08042830
00101C2004042030
0004743C08046830
00340C14041C2800
00103C0404083000
0028281008000000
0008242C000C0820
000C00200C007010
0020102C08042830
00101C2004042030
0004743C08046830
00340C14041C2800
00103C0404083000
0028281008000000
0008242C000C0820
000C00200C007010
0020102C08042830
00101C2004042030
0004743C08046830
00340C14041C2800
00103C0404083000
0028281008000000
0008242C000C0820
000C00200C007010
0020102C08042830
00101C2004042030
0004743C08046830
00340C14041C2800
00103C0404083000
0028281008000000
0008242C000C0820
000C00200C007010
0020102C08042830
00101C2004042030
0004743C08046830
00340C14041C2800
00103C0404083000
0028281008000000
0008242C000C0820
000C00200C007010
0020102C08042830
00101C2004042030
0004743C08046830
00340C14041C2800
00103C0404083000
0028281008000000
0008242C000C0820
000C00200C007010
0020102C08042830
00101C2004042030
0004743C08046830
00340C14041C2800
00103C0404083000
0028281008000000
0008242C000C0820
000C00200C007010
0020102C08042830
00101C2004042030
0004743C08046830
00340C14041C2800
08081000203C0000
0000003000000000
0818103020200000
0400281010560000
00101030702A0000
1C0C0030385C0000
14003020187A0000
180C1010681E0000
08081000203C0000
0000003000000000
0818103020200000
0400281010560000
00101030702A0000
1C0C0030385C0000
14003020187A0000
180C1010681E0000
08081000203C0000
0000003000000000
0818103020200000
0400281010560000
00101030702A0000
1C0C0030385C0000
14003020187A0000
180C1010681E0000
08081000203C0000
0000003000000000
0818103020200000
0400281010560000
00101030702A0000
1C0C0030385C0000
14003020187A0000
180C1010681E0000
08081000203C0000
0000003000000000
0818103020200000
0400281010560000
00101030702A0000
1C0C0030385C0000
14003020187A0000
180C1010681E0000
08081000203C0000
0000003000000000
0818103020200000
0400281010560000
00101030702A0000
1C0C0030385C0000
14003020187A0000
180C1010681E0000
08081000203C0000
0000003000000000
0818103020200000
0400281010560000
00101030702A0000
1C0C0030385C0000
14003020187A0000
180C1010681E0000
08081000203C0000
0000003000000000
0818103020200000
0400281010560000
00101030702A0000
1C0C0030385C0000
14003020187A0000
180C1010681E0000
08081000203C0000
0000003000000000
0818103020200000
0400281010560000
00101030702A0000
1C0C0030385C0000
14003020187A0000
180C1010681E0000
08081000203C0000
0000003000000000
0818103020200000
0400281010560000
00101030702A0000
1C0C0030385C0000
14003020187A0000
180C1010681E0000
08081020203C0000
0010303020120000
00102000100E0000
1810002070240000
04183000002A0000
0808282058080000
0018102050340000
0C0C0840004C0000
08081020203C0000
0010303020120000
00102000100E0000
1810002070240000
04183000002A0000
0808282058080000
0018102050340000
0C0C0840004C0000
08081020203C0000
0010303020120000
00102000100E0000
1810002070240000
04183000002A0000
0808282058080000
0018102050340000
0C0C0840004C0000
08081020203C0000
0010303020120000
00102000100E0000
1810002070240000
04183000002A0000
0808282058080000
0018102050340000
0C0C0840004C0000
08081020203C0000
0010303020120000
00102000100E0000
1810002070240000
04183000002A0000
0808282058080000
0018102050340000
0C0C0840004C0000
08081020203C0000
0010303020120000
00102000100E0000
1810002070240000
04183000002A0000
0808282058080000
0018102050340000
0C0C0840004C0000
08081020203C0000
0010303020120000
00102000100E0000
1810002070240000
04183000002A0000
0808282058080000
0018102050340000
0C0C0840004C0000
08081020203C0000
0010303020120000
00102000100E0000
1810002070240000
04183000002A0000
0808282058080000
0018102050340000
0C0C0840004C0000
08081020203C0000
0010303020120000
00102000100E0000
1810002070240000
04183000002A0000
0808282058080000
0018102050340000
0C0C0840004C0000
08081020203C0000
0010303020120000
00102000100E0000
1810002070240000
04183000002A0000
0808282058080000
0018102050340000
0C0C0840004C0000
1010002020100000
00003000162C0000
00202010220A0000
002020200C3C0000
0020001024380000
2010302018300000
20103010301E0000
003010203E060000
1010002020100000
00003000162C0000
00202010220A0000
002020200C3C0000
0020001024380000
2010302018300000
20103010301E0000
003010203E060000
1010002020100000
00003000162C0000
00202010220A0000
002020200C3C0000
0020001024380000
2010302018300000
20103010301E0000
003010203E060000
1010002020100000
00003000162C0000
00202010220A0000
002020200C3C0000
0020001024380000
2010302018300000
20103010301E0000
003010203E060000
1010002020100000
00003000162C0000
00202010220A0000
002020200C3C0000
0020001024380000
2010302018300000
20103010301E0000
003010203E060000
1010002020100000
00003000162C0000
00202010220A0000
002020200C3C0000
0020001024380000
2010302018300000
20103010301E0000
003010203E060000
1010002020100000
00003000162C0000
00202010220A0000
002020200C3C0000
0020001024380000
2010302018300000
20103010301E0000
003010203E060000
1010002020100000
00003000162C0000
00202010220A0000
002020200C3C0000
0020001024380000
2010302018300000
20103010301E0000
003010203E060000
1010002020100000
00003000162C0000
00202010220A0000
002020200C3C0000
0020001024380000
2010302018300000
20103010301E0000
003010203E060000
1010002020100000
00003000162C0000
00202010220A0000
002020200C3C0000
0020001024380000
2010302018300000
20103010301E0000
003010203E060000
000C181020380000
040C083030640000
0C000018203C2400
0800003000206000
0C08241830201000
0408142810607400
0808041000700400
04000C3060343400
000C181020380000
040C083030640000
0C000018203C2400
0800003000206000
0C08241830201000
0408142810607400
0808041000700400
04000C3060343400
000C181020380000
040C083030640000
0C000018203C2400
0800003000206000
0C08241830201000
0408142810607400
0808041000700400
04000C3060343400
000C181020380000
040C083030640000
0C000018203C2400
0800003000206000
0C08241830201000
0408142810607400
0808041000700400
04000C3060343400
000C181020380000
040C083030640000
0C000018203C2400
0800003000206000
0C08241830201000
0408142810607400
0808041000700400
04000C3060343400
000C181020380000
040C083030640000
0C000018203C2400
0800003000206000
0C08241830201000
0408142810607400
0808041000700400
04000C3060343400
000C181020380000
040C083030640000
0C000018203C2400
0800003000206000
0C08241830201000
0408142810607400
0808041000700400
04000C3060343400
000C181020380000
040C083030640000
0C000018203C2400
0800003000206000
0C08241830201000
0408142810607400
0808041000700400
04000C3060343400
000C181020380000
040C083030640000
0C000018203C2400
0800003000206000
0C08241830201000
0408142810607400
0808041000700400
04000C3060343400
000C181020380000
040C083030640000
0C000018203C2400
0800003000206000
0C08241830201000
0408142810607400
0808041000700400
04000C3060343400
00003010223C0000
1010102000060000
0018180034220000
0810201001000000
00100800021C0000
1818180000020000
1810182013060000
0008280033300000
00003010223C0000
1010102000060000
0018180034220000
0810201001000000
00100800021C0000
1818180000020000
1810182013060000
0008280033300000
00003010223C0000
1010102000060000
0018180034220000
0810201001000000
00100800021C0000
1818180000020000
1810182013060000
0008280033300000
00003010223C0000
1010102000060000
0018180034220000
0810201001000000
00100800021C0000
1818180000020000
1810182013060000
0008280033300000
00003010223C0000
1010102000060000
0018180034220000
0810201001000000
00100800021C0000
1818180000020000
1810182013060000
0008280033300000
00003010223C0000
1010102000060000
0018180034220000
0810201001000000
00100800021C0000
1818180000020000
1810182013060000
0008280033300000
00003010223C0000
1010102000060000
0018180034220000
0810201001000000
00100800021C0000
1818180000020000
1810182013060000
0008280033300000
00003010223C0000
1010102000060000
0018180034220000
0810201001000000
00100800021C0000
1818180000020000
1810182013060000
0008280033300000
00003010223C0000
1010102000060000
0018180034220000
0810201001000000
00100800021C0000
1818180000020000
1810182013060000
0008280033300000
00003010223C0000
1010102000060000
0018180034220000
0810201001000000
00100800021C0000
1818180000020000
1810182013060000
0008280033300000
00003010001C0000
0808103034300000
0008000030080000
0000202000240000
0010382024100000
081838083A260000
0010001834040000
0018181010320000
00003010001C0000
0808103034300000
0008000030080000
0000202000240000
0010382024100000
081838083A260000
0010001834040000
0018181010320000
00003010001C0000
0808103034300000
0008000030080000
0000202000240000
0010382024100000
081838083A260000
0010001834040000
0018181010320000
00003010001C0000
0808103034300000
0008000030080000
0000202000240000
0010382024100000
081838083A260000
0010001834040000
0018181010320000
00003010001C0000
0808103034300000
0008000030080000
0000202000240000
0010382024100000
081838083A260000
0010001834040000
0018181010320000
00003010001C0000
0808103034300000
0008000030080000
0000202000240000
0010382024100000
081838083A260000
0010001834040000
0018181010320000
00003010001C0000
0808103034300000
0008000030080000
0000202000240000
0010382024100000
081838083A260000
0010001834040000
0018181010320000
00003010001C0000
0808103034300000
0008000030080000
0000202000240000
0010382024100000
081838083A260000
0010001834040000
0018181010320000
00003010001C0000
0808103034300000
0008000030080000
0000202000240000
0010382024100000
081838083A260000
0010001834040000
0018181010320000
00003010001C0000
0808103034300000
0008000030080000
0000202000240000
0010382024100000
081838083A260000
0010001834040000
0018181010320000
10302020301E0000
00002020380F0000
3030303004200000
301030203A1E0000
0010106024020000
0010307004090000
30302060260B0000
2030303036360000
10302020301E0000
00002020380F0000
3030303004200000
301030203A1E0000
0010106024020000
0010307004090000
30302060260B0000
2030303036360000
10302020301E0000
00002020380F0000
3030303004200000
301030203A1E0000
0010106024020000
0010307004090000
30302060260B0000
2030303036360000
10302020301E0000
00002020380F0000
3030303004200000
301030203A1E0000
0010106024020000
0010307004090000
30302060260B0000
2030303036360000
10302020301E0000
00002020380F0000
3030303004200000
301030203A1E0000
0010106024020000
0010307004090000
30302060260B0000
2030303036360000
10302020301E0000
00002020380F0000
3030303004200000
301030203A1E0000
0010106024020000
0010307004090000
30302060260B0000
2030303036360000
10302020301E0000
00002020380F0000
3030303004200000
301030203A1E0000
0010106024020000
0010307004090000
30302060260B0000
2030303036360000
10302020301E0000
00002020380F0000
3030303004200000
301030203A1E0000
0010106024020000
0010307004090000
30302060260B0000
2030303036360000
10302020301E0000
00002020380F0000
3030303004200000
301030203A1E0000
0010106024020000
0010307004090000
30302060260B0000
2030303036360000
10302020301E0000
00002020380F0000
3030303004200000
301030203A1E0000
0010106024020000
0010307004090000
30302060260B0000
2030303036360000
040C0838203C0000
0000107C20620000
04001030505E0000
0804285808700000
0808481444200000
0400345C605C0000
060C3C5020040000
0800607414140000
040C0838203C0000
0000107C20620000
04001030505E0000
0804285808700000
0808481444200000
0400345C605C0000
060C3C5020040000
0800607414140000
040C0838203C0000
0000107C20620000
04001030505E0000
0804285808700000
0808481444200000
0400345C605C0000
060C3C5020040000
0800607414140000
040C0838203C0000
0000107C20620000
04001030505E0000
0804285808700000
0808481444200000
0400345C605C0000
060C3C5020040000
0800607414140000
040C0838203C0000
0000107C20620000
04001030505E0000
0804285808700000
0808481444200000
0400345C605C0000
060C3C5020040000
0800607414140000
040C0838203C0000
0000107C20620000
04001030505E0000
0804285808700000
0808481444200000
0400345C605C0000
060C3C5020040000
0800607414140000
040C0838203C0000
0000107C20620000
04001030505E0000
0804285808700000
0808481444200000
0400345C605C0000
060C3C5020040000
0800607414140000
040C0838203C0000
0000107C20620000
04001030505E0000
0804285808700000
0808481444200000
0400345C605C0000
060C3C5020040000
0800607414140000
040C0838203C0000
0000107C20620000
04001030505E0000
0804285808700000
0808481444200000
0400345C605C0000
060C3C5020040000
0800607414140000
040C0838203C0000
0000107C20620000
04001030505E0000
0804285808700000
0808481444200000
0400345C605C0000
060C3C5020040000
0800607414140000
00081020201E0000
0810302030210000
0808001048380000
0C002010703E0000
0414005064640000
0000182002360000
04083800302F0000
181830304D490000
00081020201E0000
0810302030210000
0808001048380000
0C002010703E0000
0414005064640000
0000182002360000
04083800302F0000
181830304D490000
00081020201E0000
0810302030210000
0808001048380000
0C002010703E0000
0414005064640000
0000182002360000
04083800302F0000
181830304D490000
00081020201E0000
0810302030210000
0808001048380000
0C002010703E0000
0414005064640000
0000182002360000
04083800302F0000
181830304D490000
00081020201E0000
0810302030210000
0808001048380000
0C002010703E0000
0414005064640000
0000182002360000
04083800302F0000
181830304D490000
00081020201E0000
0810302030210000
0808001048380000
0C002010703E0000
0414005064640000
0000182002360000
04083800302F0000
181830304D490000
00081020201E0000
0810302030210000
0808001048380000
0C002010703E0000
0414005064640000
0000182002360000
04083800302F0000
181830304D490000
00081020201E0000
0810302030210000
0808001048380000
0C002010703E0000
0414005064640000
0000182002360000
04083800302F0000
181830304D490000
00081020201E0000
0810302030210000
0808001048380000
0C002010703E0000
0414005064640000
0000182002360000
04083800302F0000
181830304D490000
00081020201E0000
0810302030210000
0808001048380000
0C002010703E0000
0414005064640000
0000182002360000
04083800302F0000
181830304D490000
0000103810380000
101008103C060000
0818101C02340000
0018303018020000
180824501E3E0000
0018381C1C360000
080820742A1C0000
1818084C2A040000
0000103810380000
101008103C060000
0818101C02340000
0018303018020000
180824501E3E0000
0018381C1C360000
080820742A1C0000
1818084C2A040000
0000103810380000
101008103C060000
0818101C02340000
0018303018020000
180824501E3E0000
0018381C1C360000
080820742A1C0000
1818084C2A040000
0000103810380000
101008103C060000
0818101C02340000
0018303018020000
180824501E3E0000
0018381C1C360000
080820742A1C0000
1818084C2A040000
0000103810380000
101008103C060000
0818101C02340000
0018303018020000
180824501E3E0000
0018381C1C360000
080820742A1C0000
1818084C2A040000
0000103810380000
101008103C060000
0818101C02340000
0018303018020000
180824501E3E0000
0018381C1C360000
080820742A1C0000
1818084C2A040000
0000103810380000
101008103C060000
0818101C02340000
0018303018020000
180824501E3E0000
0018381C1C360000
080820742A1C0000
1818084C2A040000
0000103810380000
101008103C060000
0818101C02340000
0018303018020000
180824501E3E0000
0018381C1C360000
080820742A1C0000
1818084C2A040000
0000103810380000
101008103C060000
0818101C02340000
0018303018020000
180824501E3E0000
0018381C1C360000
080820742A1C0000
1818084C2A040000
0000103810380000
101008103C060000
0818101C02340000
0018303018020000
180824501E3E0000
0018381C1C360000
080820742A1C0000
1818084C2A040000
00001E1868480000
0000141C043C1000
000C0C3408702000
000C0C2078482800
00181C0610343800
0008323E18244800
0012202824405800
001C3A144C6C0000
00001E1868480000
0000141C043C1000
000C0C3408702000
000C0C2078482800
00181C0610343800
0008323E18244800
0012202824405800
001C3A144C6C0000
00001E1868480000
0000141C043C1000
000C0C3408702000
000C0C2078482800
00181C0610343800
0008323E18244800
0012202824405800
001C3A144C6C0000
00001E1868480000
0000141C043C1000
000C0C3408702000
000C0C2078482800
00181C0610343800
0008323E18244800
0012202824405800
001C3A144C6C0000
00001E1868480000
0000141C043C1000
000C0C3408702000
000C0C2078482800
00181C0610343800
0008323E18244800
0012202824405800
001C3A144C6C0000
00001E1868480000
0000141C043C1000
000C0C3408702000
000C0C2078482800
00181C0610343800
0008323E18244800
0012202824405800
001C3A144C6C0000
00001E1868480000
0000141C043C1000
000C0C3408702000
000C0C2078482800
00181C0610343800
0008323E18244800
0012202824405800
001C3A144C6C0000
00001E1868480000
0000141C043C1000
000C0C3408702000
000C0C2078482800
00181C0610343800
0008323E18244800
0012202824405800
001C3A144C6C0000
00001E1868480000
0000141C043C1000
000C0C3408702000
000C0C2078482800
00181C0610343800
0008323E18244800
0012202824405800
001C3A144C6C0000
00001E1868480000
0000141C043C1000
000C0C3408702000
000C0C2078482800
00181C0610343800
0008323E18244800
0012202824405800
001C3A144C6C0000
00002818142C0000
0038002C04106000
1038080838701000
00303C0C3C481000
3028241426480000
1000281C1A6C1000
10301C340C386000
383810302C787800
00002818142C0000
0038002C04106000
1038080838701000
00303C0C3C481000
3028241426480000
1000281C1A6C1000
10301C340C386000
383810302C787800
00002818142C0000
0038002C04106000
1038080838701000
00303C0C3C481000
3028241426480000
1000281C1A6C1000
10301C340C386000
383810302C787800
00002818142C0000
0038002C04106000
1038080838701000
00303C0C3C481000
3028241426480000
1000281C1A6C1000
10301C340C386000
383810302C787800
00002818142C0000
0038002C04106000
1038080838701000
00303C0C3C481000
3028241426480000
1000281C1A6C1000
10301C340C386000
383810302C787800
00002818142C0000
0038002C04106000
1038080838701000
00303C0C3C481000
3028241426480000
1000281C1A6C1000
10301C340C386000
383810302C787800
00002818142C0000
0038002C04106000
1038080838701000
00303C0C3C481000
3028241426480000
1000281C1A6C1000
10301C340C386000
383810302C787800
00002818142C0000
0038002C04106000
1038080838701000
00303C0C3C481000
3028241426480000
1000281C1A6C1000
10301C340C386000
383810302C787800
00002818142C0000
0038002C04106000
1038080838701000
00303C0C3C481000
3028241426480000
1000281C1A6C1000
10301C340C386000
383810302C787800
00002818142C0000
0038002C04106000
1038080838701000
00303C0C3C481000
3028241426480000
1000281C1A6C1000
10301C340C386000
383810302C787800
000C141818283000
0010200430100000
00041C3838200000
0008041430383800
001E340808282800
00041E1808586000
0000202C00506800
00182E20007C0000
000C141818283000
0010200430100000
00041C3838200000
0008041430383800
001E340808282800
00041E1808586000
0000202C00506800
00182E20007C0000
000C141818283000
0010200430100000
00041C3838200000
0008041430383800
001E340808282800
00041E1808586000
0000202C00506800
00182E20007C0000
000C141818283000
0010200430100000
00041C3838200000
0008041430383800
001E340808282800
00041E1808586000
0000202C00506800
00182E20007C0000
000C141818283000
0010200430100000
00041C3838200000
0008041430383800
001E340808282800
00041E1808586000
0000202C00506800
00182E20007C0000
000C141818283000
0010200430100000
00041C3838200000
0008041430383800
001E340808282800
00041E1808586000
0000202C00506800
00182E20007C0000
000C141818283000
0010200430100000
00041C3838200000
0008041430383800
001E340808282800
00041E1808586000
0000202C00506800
00182E20007C0000
000C141818283000
0010200430100000
00041C3838200000
0008041430383800
001E340808282800
00041E1808586000
0000202C00506800
00182E20007C0000
000C141818283000
0010200430100000
00041C3838200000
0008041430383800
001E340808282800
00041E1808586000
0000202C00506800
00182E20007C0000
000C141818283000
0010200430100000
00041C3838200000
0008041430383800
001E340808282800
00041E1808586000
0000202C00506800
00182E20007C0000
003818181C3C0000
181C2C183C243000
180C3430203C0800
2404201C302C0000
00002808246E3C00
1810382400444000
180814183C361400
183C0038703E2C00
003818181C3C0000
181C2C183C243000
180C3430203C0800
2404201C302C0000
00002808246E3C00
1810382400444000
180814183C361400
183C0038703E2C00
003818181C3C0000
181C2C183C243000
180C3430203C0800
2404201C302C0000
00002808246E3C00
1810382400444000
180814183C361400
183C0038703E2C00
003818181C3C0000
181C2C183C243000
180C3430203C0800
2404201C302C0000
00002808246E3C00
1810382400444000
180814183C361400
183C0038703E2C00
003818181C3C0000
181C2C183C243000
180C3430203C0800
2404201C302C0000
00002808246E3C00
1810382400444000
180814183C361400
183C0038703E2C00
003818181C3C0000
181C2C183C243000
180C3430203C0800
2404201C302C0000
00002808246E3C00
1810382400444000
180814183C361400
183C0038703E2C00
003818181C3C0000
181C2C183C243000
180C3430203C0800
2404201C302C0000
00002808246E3C00
1810382400444000
180814183C361400
183C0038703E2C00
003818181C3C0000
181C2C183C243000
180C3430203C0800
2404201C302C0000
00002808246E3C00
1810382400444000
180814183C361400
183C0038703E2C00
003818181C3C0000
181C2C183C243000
180C3430203C0800
2404201C302C0000
00002808246E3C00
1810382400444000
180814183C361400
183C0038703E2C00
003818181C3C0000
181C2C183C243000
180C3430203C0800
2404201C302C0000
00002808246E3C00
1810382400444000
180814183C361400
183C0038703E2C00
0018141838282000
00141810000C1000
182C2800081C0000
0808000C18581000
0C04280C34281800
0800203014087000
003834180C585400
10042834040C4800
0018141838282000
00141810000C1000
182C2800081C0000
0808000C18581000
0C04280C34281800
0800203014087000
003834180C585400
10042834040C4800
0018141838282000
00141810000C1000
182C2800081C0000
0808000C18581000
0C04280C34281800
0800203014087000
003834180C585400
10042834040C4800
0018141838282000
00141810000C1000
182C2800081C0000
0808000C18581000
0C04280C34281800
0800203014087000
003834180C585400
10042834040C4800
0018141838282000
00141810000C1000
182C2800081C0000
0808000C18581000
0C04280C34281800
0800203014087000
003834180C585400
10042834040C4800
0018141838282000
00141810000C1000
182C2800081C0000
0808000C18581000
0C04280C34281800
0800203014087000
003834180C585400
10042834040C4800
0018141838282000
00141810000C1000
182C2800081C0000
0808000C18581000
0C04280C34281800
0800203014087000
003834180C585400
10042834040C4800
0018141838282000
00141810000C1000
182C2800081C0000
0808000C18581000
0C04280C34281800
0800203014087000
003834180C585400
10042834040C4800
0018141838282000
00141810000C1000
182C2800081C0000
0808000C18581000
0C04280C34281800
0800203014087000
003834180C585400
10042834040C4800
0018141838282000
00141810000C1000
182C2800081C0000
0808000C18581000
0C04280C34281800
0800203014087000
003834180C585400
10042834040C4800
0018181834281000
0010000C005C0000
10281C0C3C742000
081C3C1C2C100800
180410184C683000
082C382C30582800
00002810007C2800
003C240838643800
0018181834281000
0010000C005C0000
10281C0C3C742000
081C3C1C2C100800
180410184C683000
082C382C30582800
00002810007C2800
003C240838643800
0018181834281000
0010000C005C0000
10281C0C3C742000
081C3C1C2C100800
180410184C683000
082C382C30582800
00002810007C2800
003C240838643800
0018181834281000
0010000C005C0000
10281C0C3C742000
081C3C1C2C100800
180410184C683000
082C382C30582800
00002810007C2800
003C240838643800
0018181834281000
0010000C005C0000
10281C0C3C742000
081C3C1C2C100800
180410184C683000
082C382C30582800
00002810007C2800
003C240838643800
0018181834281000
0010000C005C0000
10281C0C3C742000
081C3C1C2C100800
180410184C683000
082C382C30582800
00002810007C2800
003C240838643800
0018181834281000
0010000C005C0000
10281C0C3C742000
081C3C1C2C100800
180410184C683000
082C382C30582800
00002810007C2800
003C240838643800
0018181834281000
0010000C005C0000
10281C0C3C742000
081C3C1C2C100800
180410184C683000
082C382C30582800
00002810007C2800
003C240838643800
0018181834281000
0010000C005C0000
10281C0C3C742000
081C3C1C2C100800
180410184C683000
082C382C30582800
00002810007C2800
003C240838643800
0018181834281000
0010000C005C0000
10281C0C3C742000
081C3C1C2C100800
180410184C683000
082C382C30582800
00002810007C2800
003C240838643800
0018283828281000
0008000814000000
0820081410182800
10343018181C0800
0830082C0C003000
1010341808000000
1804381810140000
101028043C182800
0018283828281000
0008000814000000
0820081410182800
10343018181C0800
0830082C0C003000
1010341808000000
1804381810140000
101028043C182800
0018283828281000
0008000814000000
0820081410182800
10343018181C0800
0830082C0C003000
1010341808000000
1804381810140000
101028043C182800
0018283828281000
0008000814000000
0820081410182800
10343018181C0800
0830082C0C003000
1010341808000000
1804381810140000
101028043C182800
0018283828281000
0008000814000000
0820081410182800
10343018181C0800
0830082C0C003000
1010341808000000
1804381810140000
101028043C182800
0018283828281000
0008000814000000
0820081410182800
10343018181C0800
0830082C0C003000
1010341808000000
1804381810140000
101028043C182800
0018283828281000
0008000814000000
0820081410182800
10343018181C0800
0830082C0C003000
1010341808000000
1804381810140000
101028043C182800
0018283828281000
0008000814000000
0820081410182800
10343018181C0800
0830082C0C003000
1010341808000000
1804381810140000
101028043C182800
0018283828281000
0008000814000000
0820081410182800
10343018181C0800
0830082C0C003000
1010341808000000
1804381810140000
101028043C182800
0018283828281000
0008000814000000
0820081410182800
10343018181C0800
0830082C0C003000
1010341808000000
1804381810140000
101028043C182800
00380C18182C1000
001C38101C1C2800
0000202820181000
000C300028203800
001C081410101400
0014281824300800
000C1C24103C0C00
0028000C20100C00
00380C18182C1000
001C38101C1C2800
0000202820181000
000C300028203800
001C081410101400
0014281824300800
000C1C24103C0C00
0028000C20100C00
00380C18182C1000
001C38101C1C2800
0000202820181000
000C300028203800
001C081410101400
0014281824300800
000C1C24103C0C00
0028000C20100C00
00380C18182C1000
001C38101C1C2800
0000202820181000
000C300028203800
001C081410101400
0014281824300800
000C1C24103C0C00
0028000C20100C00
00380C18182C1000
001C38101C1C2800
0000202820181000
000C300028203800
001C081410101400
0014281824300800
000C1C24103C0C00
0028000C20100C00
00380C18182C1000
001C38101C1C2800
0000202820181000
000C300028203800
001C081410101400
0014281824300800
000C1C24103C0C00
0028000C20100C00
00380C18182C1000
001C38101C1C2800
0000202820181000
000C300028203800
001C081410101400
0014281824300800
000C1C24103C0C00
0028000C20100C00
00380C18182C1000
001C38101C1C2800
0000202820181000
000C300028203800
001C081410101400
0014281824300800
000C1C24103C0C00
0028000C20100C00
00380C18182C1000
001C38101C1C2800
0000202820181000
000C300028203800
001C081410101400
0014281824300800
000C1C24103C0C00
0028000C20100C00
00380C18182C1000
001C38101C1C2800
0000202820181000
000C300028203800
001C081410101400
0014281824300800
000C1C24103C0C00
0028000C20100C00
0010281838081800
00380828102C3000
0028243808042400
00183824242C2800
00280C301C100000
00081C14341C2800
0034242400303800
0010343820242800
0010281838081800
00380828102C3000
0028243808042400
00183824242C2800
00280C301C100000
00081C14341C2800
0034242400303800
0010343820242800
0010281838081800
00380828102C3000
0028243808042400
00183824242C2800
00280C301C100000
00081C14341C2800
0034242400303800
0010343820242800
0010281838081800
00380828102C3000
0028243808042400
00183824242C2800
00280C301C100000
00081C14341C2800
0034242400303800
0010343820242800
0010281838081800
00380828102C3000
0028243808042400
00183824242C2800
00280C301C100000
00081C14341C2800
0034242400303800
0010343820242800
0010281838081800
00380828102C3000
0028243808042400
00183824242C2800
00280C301C100000
00081C14341C2800
0034242400303800
0010343820242800
0010281838081800
00380828102C3000
0028243808042400
00183824242C2800
00280C301C100000
00081C14341C2800
0034242400303800
0010343820242800
0010281838081800
00380828102C3000
0028243808042400
00183824242C2800
00280C301C100000
00081C14341C2800
0034242400303800
0010343820242800
0010281838081800
00380828102C3000
0028243808042400
00183824242C2800
00280C301C100000
00081C14341C2800
0034242400303800
0010343820242800
0010281838081800
00380828102C3000
0028243808042400
00183824242C2800
00280C301C100000
00081C14341C2800
0034242400303800
0010343820242800
0008202838200000
00141C1010003800
00181C1C14383000
00100C2C08041000
00283420042C2000
0008142C1C180C00
0028240418180000
0038002028142400
0008202838200000
00141C1010003800
00181C1C14383000
00100C2C08041000
00283420042C2000
0008142C1C180C00
0028240418180000
0038002028142400
0008202838200000
00141C1010003800
00181C1C14383000
00100C2C08041000
00283420042C2000
0008142C1C180C00
0028240418180000
0038002028142400
0008202838200000
00141C1010003800
00181C1C14383000
00100C2C08041000
00283420042C2000
0008142C1C180C00
0028240418180000
0038002028142400
0008202838200000
00141C1010003800
00181C1C14383000
00100C2C08041000
00283420042C2000
0008142C1C180C00
0028240418180000
0038002028142400
0008202838200000
00141C1010003800
00181C1C14383000
00100C2C08041000
00283420042C2000
0008142C1C180C00
0028240418180000
0038002028142400
0008202838200000
00141C1010003800
00181C1C14383000
00100C2C08041000
00283420042C2000
0008142C1C180C00
0028240418180000
0038002028142400
0008202838200000
00141C1010003800
00181C1C14383000
00100C2C08041000
00283420042C2000
0008142C1C180C00
0028240418180000
0038002028142400
0008202838200000
00141C1010003800
00181C1C14383000
00100C2C08041000
00283420042C2000
0008142C1C180C00
0028240418180000
0038002028142400
0008202838200000
00141C1010003800
00181C1C14383000
00100C2C08041000
00283420042C2000
0008142C1C180C00
0028240418180000
0038002028142400
0000203814080000
0040000C181C0000
4060201438180000
40001800141C0800
4020080C380C0800
00603C18040C0000
00206020343C0800
4060042418180000
0000203814080000
0040000C181C0000
4060201438180000
40001800141C0800
4020080C380C0800
00603C18040C0000
00206020343C0800
4060042418180000
0000203814080000
0040000C181C0000
4060201438180000
40001800141C0800
4020080C380C0800
00603C18040C0000
00206020343C0800
4060042418180000
0000203814080000
0040000C181C0000
4060201438180000
40001800141C0800
4020080C380C0800
00603C18040C0000
00206020343C0800
4060042418180000
0000203814080000
0040000C181C0000
4060201438180000
40001800141C0800
4020080C380C0800
00603C18040C0000
00206020343C0800
4060042418180000
0000203814080000
0040000C181C0000
4060201438180000
40001800141C0800
4020080C380C0800
00603C18040C0000
00206020343C0800
4060042418180000
0000203814080000
0040000C181C0000
4060201438180000
40001800141C0800
4020080C380C0800
00603C18040C0000
00206020343C0800
4060042418180000
0000203814080000
0040000C181C0000
4060201438180000
40001800141C0800
4020080C380C0800
00603C18040C0000
00206020343C0800
4060042418180000
0000203814080000
0040000C181C0000
4060201438180000
40001800141C0800
4020080C380C0800
00603C18040C0000
00206020343C0800
4060042418180000
0000203814080000
0040000C181C0000
4060201438180000
40001800141C0800
4020080C380C0800
00603C18040C0000
00206020343C0800
4060042418180000
000810382C380000
0C0C081474600000
0C081810741C0000
0000183440340000
081C08145A140000
0814203C42740000
0800305424400000
080C20324C7C0000
000810382C380000
0C0C081474600000
0C081810741C0000
0000183440340000
081C08145A140000
0814203C42740000
0800305424400000
080C20324C7C0000
000810382C380000
0C0C081474600000
0C081810741C0000
0000183440340000
081C08145A140000
0814203C42740000
0800305424400000
080C20324C7C0000
000810382C380000
0C0C081474600000
0C081810741C0000
0000183440340000
081C08145A140000
0814203C42740000
0800305424400000
080C20324C7C0000
000810382C380000
0C0C081474600000
0C081810741C0000
0000183440340000
081C08145A140000
0814203C42740000
0800305424400000
080C20324C7C0000
000810382C380000
0C0C081474600000
0C081810741C0000
0000183440340000
081C08145A140000
0814203C42740000
0800305424400000
080C20324C7C0000
000810382C380000
0C0C081474600000
0C081810741C0000
0000183440340000
081C08145A140000
0814203C42740000
0800305424400000
080C20324C7C0000
000810382C380000
0C0C081474600000
0C081810741C0000
0000183440340000
081C08145A140000
0814203C42740000
0800305424400000
080C20324C7C0000
000810382C380000
0C0C081474600000
0C081810741C0000
0000183440340000
081C08145A140000
0814203C42740000
0800305424400000
080C20324C7C0000
000810382C380000
0C0C081474600000
0C081810741C0000
0000183440340000
081C08145A140000
0814203C42740000
0800305424400000
080C20324C7C0000
0010101C24380000
1000003008000000
0808302838380000
001018183C240000
1000083408440000
000004180C580000
0818182030380000
10002C18241C0000
0010101C24380000
1000003008000000
0808302838380000
001018183C240000
1000083408440000
000004180C580000
0818182030380000
10002C18241C0000
0010101C24380000
1000003008000000
0808302838380000
001018183C240000
1000083408440000
000004180C580000
0818182030380000
10002C18241C0000
0010101C24380000
1000003008000000
0808302838380000
001018183C240000
1000083408440000
000004180C580000
0818182030380000
10002C18241C0000
0010101C24380000
1000003008000000
0808302838380000
001018183C240000
1000083408440000
000004180C580000
0818182030380000
10002C18241C0000
0010101C24380000
1000003008000000
0808302838380000
001018183C240000
1000083408440000
000004180C580000
0818182030380000
10002C18241C0000
0010101C24380000
1000003008000000
0808302838380000
001018183C240000
1000083408440000
000004180C580000
0818182030380000
10002C18241C0000
0010101C24380000
1000003008000000
0808302838380000
001018183C240000
1000083408440000
000004180C580000
0818182030380000
10002C18241C0000
0010101C24380000
1000003008000000
0808302838380000
001018183C240000
1000083408440000
000004180C580000
0818182030380000
10002C18241C0000
0010101C24380000
1000003008000000
0808302838380000
001018183C240000
1000083408440000
000004180C580000
0818182030380000
10002C18241C0000
0010103424040000
1000281820380000
0010140C04381800
1030382810280000
10102424302C1000
1030300420280000
10303C3C100C1000
00100C0A1E640000
0010103424040000
1000281820380000
0010140C04381800
1030382810280000
10102424302C1000
1030300420280000
10303C3C100C1000
00100C0A1E640000
0010103424040000
1000281820380000
0010140C04381800
1030382810280000
10102424302C1000
1030300420280000
10303C3C100C1000
00100C0A1E640000
0010103424040000
1000281820380000
0010140C04381800
1030382810280000
10102424302C1000
1030300420280000
10303C3C100C1000
00100C0A1E640000
0010103424040000
1000281820380000
0010140C04381800
1030382810280000
10102424302C1000
1030300420280000
10303C3C100C1000
00100C0A1E640000
0010103424040000
1000281820380000
0010140C04381800
1030382810280000
10102424302C1000
1030300420280000
10303C3C100C1000
00100C0A1E640000
0010103424040000
1000281820380000
0010140C04381800
1030382810280000
10102424302C1000
1030300420280000
10303C3C100C1000
00100C0A1E640000
0010103424040000
1000281820380000
0010140C04381800
1030382810280000
10102424302C1000
1030300420280000
10303C3C100C1000
00100C0A1E640000
0010103424040000
1000281820380000
0010140C04381800
1030382810280000
10102424302C1000
1030300420280000
10303C3C100C1000
00100C0A1E640000
0010103424040000
1000281820380000
0010140C04381800
1030382810280000
10102424302C1000
1030300420280000
10303C3C100C1000
00100C0A1E640000
000810103C380000
0808083C38300000
040C000038700000
0C10100038303000
000408080C7C1000
0C0400104C340000
0808103C2C383000
0C0008207C341000
000810103C380000
0808083C38300000
040C000038700000
0C10100038303000
000408080C7C1000
0C0400104C340000
0808103C2C383000
0C0008207C341000
000810103C380000
0808083C38300000
040C000038700000
0C10100038303000
000408080C7C1000
0C0400104C340000
0808103C2C383000
0C0008207C341000
000810103C380000
0808083C38300000
040C000038700000
0C10100038303000
000408080C7C1000
0C0400104C340000
0808103C2C383000
0C0008207C341000
000810103C380000
0808083C38300000
040C000038700000
0C10100038303000
000408080C7C1000
0C0400104C340000
0808103C2C383000
0C0008207C341000
000810103C380000
0808083C38300000
040C000038700000
0C10100038303000
000408080C7C1000
0C0400104C340000
0808103C2C383000
0C0008207C341000
000810103C380000
0808083C38300000
040C000038700000
0C10100038303000
000408080C7C1000
0C0400104C340000
0808103C2C383000
0C0008207C341000
000810103C380000
0808083C38300000
040C000038700000
0C10100038303000
000408080C7C1000
0C0400104C340000
0808103C2C383000
0C0008207C341000
000810103C380000
0808083C38300000
040C000038700000
0C10100038303000
000408080C7C1000
0C0400104C340000
0808103C2C383000
0C0008207C341000
000810103C380000
0808083C38300000
040C000038700000
0C10100038303000
000408080C7C1000
0C0400104C340000
0808103C2C383000
0C0008207C341000
0010103C24380000
1010203028000000
1020202C043C0000
0800200436040000
10003C164C340000
0018001A54040000
18001C2E18200000
08100C064C040000
0010103C24380000
1010203028000000
1020202C043C0000
0800200436040000
10003C164C340000
0018001A54040000
18001C2E18200000
08100C064C040000
0010103C24380000
1010203028000000
1020202C043C0000
0800200436040000
10003C164C340000
0018001A54040000
18001C2E18200000
08100C064C040000
0010103C24380000
1010203028000000
1020202C043C0000
0800200436040000
10003C164C340000
0018001A54040000
18001C2E18200000
08100C064C040000
0010103C24380000
1010203028000000
1020202C043C0000
0800200436040000
10003C164C340000
0018001A54040000
18001C2E18200000
08100C064C040000
0010103C24380000
1010203028000000
1020202C043C0000
0800200436040000
10003C164C340000
0018001A54040000
18001C2E18200000
08100C064C040000
0010103C24380000
1010203028000000
1020202C043C0000
0800200436040000
10003C164C340000
0018001A54040000
18001C2E18200000
08100C064C040000
0010103C24380000
1010203028000000
1020202C043C0000
0800200436040000
10003C164C340000
0018001A54040000
18001C2E18200000
08100C064C040000
0010103C24380000
1010203028000000
1020202C043C0000
0800200436040000
10003C164C340000
0018001A54040000
18001C2E18200000
08100C064C040000
0010103C24380000
1010203028000000
1020202C043C0000
0800200436040000
10003C164C340000
0018001A54040000
18001C2E18200000
08100C064C040000
0000101800000000
00100800041C0000
101000041C241800
101030300C200800
0030000C28180C00
3020001C38000000
1000083438143400
000008343C3C0400
0000101800000000
00100800041C0000
101000041C241800
101030300C200800
0030000C28180C00
3020001C38000000
1000083438143400
000008343C3C0400
0000101800000000
00100800041C0000
101000041C241800
101030300C200800
0030000C28180C00
3020001C38000000
1000083438143400
000008343C3C0400
0000101800000000
00100800041C0000
101000041C241800
101030300C200800
0030000C28180C00
3020001C38000000
1000083438143400
000008343C3C0400
0000101800000000
00100800041C0000
101000041C241800
101030300C200800
0030000C28180C00
3020001C38000000
1000083438143400
000008343C3C0400
0000101800000000
00100800041C0000
101000041C241800
101030300C200800
0030000C28180C00
3020001C38000000
1000083438143400
000008343C3C0400
0000101800000000
00100800041C0000
101000041C241800
101030300C200800
0030000C28180C00
3020001C38000000
1000083438143400
000008343C3C0400
0000101800000000
00100800041C0000
101000041C241800
101030300C200800
0030000C28180C00
3020001C38000000
1000083438143400
000008343C3C0400
0000101800000000
00100800041C0000
101000041C241800
101030300C200800
0030000C28180C00
3020001C38000000
1000083438143400
000008343C3C0400
0000101800000000
00100800041C0000
101000041C241800
101030300C200800
0030000C28180C00
3020001C38000000
1000083438143400
000008343C3C0400
000C081038380000
04041C3838381000
0404081020202000
0C040818342C0000
000C083000282800
040C143030043800
0402002810082800
0004041018143000
000C081038380000
04041C3838381000
0404081020202000
0C040818342C0000
000C083000282800
040C143030043800
0402002810082800
0004041018143000
000C081038380000
04041C3838381000
0404081020202000
0C040818342C0000
000C083000282800
040C143030043800
0402002810082800
0004041018143000
000C081038380000
04041C3838381000
0404081020202000
0C040818342C0000
000C083000282800
040C143030043800
0402002810082800
0004041018143000
000C081038380000
04041C3838381000
0404081020202000
0C040818342C0000
000C083000282800
040C143030043800
0402002810082800
0004041018143000
000C081038380000
04041C3838381000
0404081020202000
0C040818342C0000
000C083000282800
040C143030043800
0402002810082800
0004041018143000
000C081038380000
04041C3838381000
0404081020202000
0C040818342C0000
000C083000282800
040C143030043800
0402002810082800
0004041018143000
000C081038380000
04041C3838381000
0404081020202000
0C040818342C0000
000C083000282800
040C143030043800
0402002810082800
0004041018143000
000C081038380000
04041C3838381000
0404081020202000
0C040818342C0000
000C083000282800
040C143030043800
0402002810082800
0004041018143000
000C081038380000
04041C3838381000
0404081020202000
0C040818342C0000
000C083000282800
040C143030043800
0402002810082800
0004041018143000
0008081838300000
0800000008000000
0818101014181000
1008000438082000
180C182024182000
040C103024303000
1008183430281000
001C081418201000
0008081838300000
0800000008000000
0818101014181000
1008000438082000
180C182024182000
040C103024303000
1008183430281000
001C081418201000
0008081838300000
0800000008000000
0818101014181000
1008000438082000
180C182024182000
040C103024303000
1008183430281000
001C081418201000
0008081838300000
0800000008000000
0818101014181000
1008000438082000
180C182024182000
040C103024303000
1008183430281000
001C081418201000
0008081838300000
0800000008000000
0818101014181000
1008000438082000
180C182024182000
040C103024303000
1008183430281000
001C081418201000
0008081838300000
0800000008000000
0818101014181000
1008000438082000
180C182024182000
040C103024303000
1008183430281000
001C081418201000
0008081838300000
0800000008000000
0818101014181000
1008000438082000
180C182024182000
040C103024303000
1008183430281000
001C081418201000
0008081838300000
0800000008000000
0818101014181000
1008000438082000
180C182024182000
040C103024303000
1008183430281000
001C081418201000
0008081838300000
0800000008000000
0818101014181000
1008000438082000
180C182024182000
040C103024303000
1008183430281000
001C081418201000
0008081838300000
0800000008000000
0818101014181000
1008000438082000
180C182024182000
040C103024303000
1008183430281000
001C081418201000
0000001820000000
000C080008200000
0400101410583000
000C18041C780000
0800001028605000
000C183844686000
000818000C483000
0C08083C2C503000
0000001820000000
000C080008200000
0400101410583000
000C18041C780000
0800001028605000
000C183844686000
000818000C483000
0C08083C2C503000
0000001820000000
000C080008200000
0400101410583000
000C18041C780000
0800001028605000
000C183844686000
000818000C483000
0C08083C2C503000
0000001820000000
000C080008200000
0400101410583000
000C18041C780000
0800001028605000
000C183844686000
000818000C483000
0C08083C2C503000
0000001820000000
000C080008200000
0400101410583000
000C18041C780000
0800001028605000
000C183844686000
000818000C483000
0C08083C2C503000
0000001820000000
000C080008200000
0400101410583000
000C18041C780000
0800001028605000
000C183844686000
000818000C483000
0C08083C2C503000
0000001820000000
000C080008200000
0400101410583000
000C18041C780000
0800001028605000
000C183844686000
000818000C483000
0C08083C2C503000
0000001820000000
000C080008200000
0400101410583000
000C18041C780000
0800001028605000
000C183844686000
000818000C483000
0C08083C2C503000
0000001820000000
000C080008200000
0400101410583000
000C18041C780000
0800001028605000
000C183844686000
000818000C483000
0C08083C2C503000
0000001820000000
000C080008200000
0400101410583000
000C18041C780000
0800001028605000
000C183844686000
000818000C483000
0C08083C2C503000
