/* AUTOGENERATED by fw/v2_e203_smoke/scripts/gen_golden_fashion10.py
 * Do not hand-edit. */
#include "golden_fashion10.h"

const uint8_t golden_s0_w_pos[196*64] = {
  0x0c, 0x0b, 0x00, 0x00, 0x00, 0x00, 0x00, 0x0b, 0x00, 0x0e, 0x00, 0x0b, 0x00, 0x0c, 0x0f, 0x00,
  0x00, 0x0a, 0x0c, 0x00, 0x0d, 0x0d, 0x00, 0x00, 0x0d, 0x00, 0x00, 0x07, 0x00, 0x07, 0x00, 0x00,
  0x09, 0x0b, 0x0b, 0x00, 0x00, 0x0e, 0x0b, 0x0b, 0x0b, 0x00, 0x00, 0x00, 0x00, 0x09, 0x00, 0x00,
  0x0a, 0x00, 0x0d, 0x07, 0x00, 0x00, 0x00, 0x0e, 0x0e, 0x09, 0x00, 0x0d, 0x00, 0x0c, 0x0c, 0x00,
  0x00, 0x00, 0x0a, 0x0b, 0x00, 0x0c, 0x0b, 0x0b, 0x00, 0x0e, 0x00, 0x00, 0x00, 0x09, 0x00, 0x00,
  0x00, 0x0c, 0x0c, 0x0b, 0x00, 0x0c, 0x0a, 0x0a, 0x00, 0x00, 0x00, 0x0b, 0x00, 0x0c, 0x0d, 0x00,
  0x00, 0x09, 0x00, 0x0a, 0x00, 0x0d, 0x04, 0x00, 0x0b, 0x0a, 0x0a, 0x06, 0x00, 0x00, 0x0c, 0x0c,
  0x0b, 0x0c, 0x00, 0x0d, 0x00, 0x00, 0x00, 0x00, 0x08, 0x00, 0x00, 0x0a, 0x00, 0x00, 0x00, 0x0f,
  0x00, 0x00, 0x00, 0x00, 0x0d, 0x00, 0x00, 0x00, 0x00, 0x00, 0x0a, 0x00, 0x0b, 0x0c, 0x00, 0x09,
  0x0d, 0x00, 0x00, 0x0d, 0x0d, 0x0d, 0x00, 0x0c, 0x00, 0x00, 0x00, 0x00, 0x00, 0x0e, 0x0f, 0x00,
  0x00, 0x0b, 0x00, 0x0c, 0x0b, 0x00, 0x0e, 0x0b, 0x00, 0x0d, 0x00, 0x0c, 0x0c, 0x00, 0x00, 0x00,
  0x00, 0x00, 0x0c, 0x0c, 0x00, 0x00, 0x0b, 0x0b, 0x0d, 0x07, 0x00, 0x0d, 0x0a, 0x00, 0x0d, 0x08,
  0x0d, 0x00, 0x00, 0x00, 0x0a, 0x00, 0x07, 0x00, 0x0c, 0x00, 0x00, 0x00, 0x00, 0x0c, 0x00, 0x00,
  0x0d, 0x0e, 0x00, 0x0e, 0x00, 0x00, 0x0b, 0x0b, 0x00, 0x00, 0x00, 0x00, 0x00, 0x0b, 0x00, 0x0a,
  0x00, 0x0e, 0x0d, 0x0d, 0x08, 0x0d, 0x06, 0x04, 0x00, 0x0b, 0x00, 0x0a, 0x0e, 0x0e, 0x00, 0x0e,
  0x00, 0x0f, 0x0b, 0x0e, 0x00, 0x00, 0x0d, 0x00, 0x0d, 0x0e, 0x0d, 0x0d, 0x00, 0x00, 0x00, 0x0f,
  0x00, 0x0c, 0x07, 0x0b, 0x00, 0x00, 0x00, 0x00, 0x00, 0x00, 0x0e, 0x00, 0x00, 0x00, 0x0a, 0x00,
  0x00, 0x0c, 0x0c, 0x00, 0x00, 0x0e, 0x0b, 0x0c, 0x00, 0x00, 0x09, 0x0e, 0x0b, 0x00, 0x00, 0x00,
  0x0d, 0x0a, 0x00, 0x00, 0x00, 0x00, 0x0b, 0x0f, 0x00, 0x01, 0x0b, 0x0b, 0x0c, 0x0c, 0x0c, 0x0b,
  0x00, 0x08, 0x00, 0x00, 0x0c, 0x00, 0x0b, 0x00, 0x00, 0x0d, 0x00, 0x0c, 0x00, 0x00, 0x0e, 0x0d,
  0x0d, 0x0b, 0x0e, 0x0d, 0x00, 0x0e, 0x00, 0x0e, 0x00, 0x0c, 0x0f, 0x0a, 0x0b, 0x0e, 0x0b, 0x00,
  0x00, 0x00, 0x0d, 0x00, 0x0f, 0x00, 0x0a, 0x0f, 0x0e, 0x00, 0x0e, 0x0e, 0x0d, 0x0d, 0x0f, 0x0d,
  0x00, 0x0e, 0x00, 0x00, 0x00, 0x0b, 0x0e, 0x00, 0x00, 0x0e, 0x0c, 0x00, 0x0f, 0x0b, 0x0b, 0x0e,
  0x00, 0x00, 0x00, 0x00, 0x00, 0x00, 0x0c, 0x0d, 0x00, 0x00, 0x00, 0x00, 0x07, 0x00, 0x0d, 0x0f,
  0x0e, 0x00, 0x00, 0x0c, 0x00, 0x00, 0x09, 0x0d, 0x00, 0x0d, 0x0e, 0x0b, 0x00, 0x0e, 0x0f, 0x0f,
  0x00, 0x00, 0x00, 0x0b, 0x0e, 0x00, 0x0d, 0x00, 0x00, 0x00, 0x09, 0x09, 0x00, 0x00, 0x00, 0x0c,
  0x0c, 0x0c, 0x00, 0x0e, 0x0d, 0x00, 0x0e, 0x00, 0x0b, 0x0e, 0x00, 0x00, 0x00, 0x00, 0x00, 0x00,
  0x00, 0x00, 0x0d, 0x00, 0x00, 0x0e, 0x06, 0x00, 0x00, 0x00, 0x00, 0x0e, 0x00, 0x0f, 0x00, 0x00,
  0x0e, 0x00, 0x00, 0x00, 0x00, 0x0d, 0x0a, 0x0b, 0x09, 0x0d, 0x0d, 0x0b, 0x0d, 0x0b, 0x00, 0x0d,
  0x08, 0x00, 0x00, 0x00, 0x0e, 0x00, 0x07, 0x00, 0x00, 0x08, 0x0c, 0x00, 0x00, 0x0e, 0x00, 0x00,
  0x0e, 0x0b, 0x00, 0x0d, 0x0f, 0x00, 0x0f, 0x00, 0x0e, 0x0d, 0x00, 0x0c, 0x00, 0x00, 0x0a, 0x0d,
  0x0d, 0x00, 0x0e, 0x00, 0x0c, 0x00, 0x0c, 0x0b, 0x00, 0x00, 0x00, 0x00, 0x00, 0x0e, 0x00, 0x00,
  0x00, 0x00, 0x00, 0x0f, 0x0d, 0x0d, 0x00, 0x00, 0x0e, 0x0e, 0x0f, 0x09, 0x00, 0x00, 0x00, 0x00,
  0x00, 0x00, 0x0c, 0x0c, 0x0f, 0x08, 0x0c, 0x0d, 0x0d, 0x00, 0x0f, 0x0f, 0x00, 0x0d, 0x0e, 0x0e,
  0x0d, 0x00, 0x00, 0x00, 0x00, 0x0a, 0x0e, 0x00, 0x00, 0x00, 0x0d, 0x00, 0x00, 0x0c, 0x0d, 0x0a,
  0x00, 0x00, 0x00, 0x0d, 0x00, 0x0a, 0x05, 0x00, 0x00, 0x00, 0x00, 0x0c, 0x0e, 0x00, 0x00, 0x0d,
  0x00, 0x0e, 0x00, 0x08, 0x0c, 0x0e, 0x09, 0x00, 0x0b, 0x0d, 0x0f, 0x00, 0x0d, 0x00, 0x00, 0x00,
  0x0a, 0x00, 0x0d, 0x00, 0x0f, 0x00, 0x00, 0x0f, 0x0d, 0x0b, 0x0a, 0x0d, 0x00, 0x0c, 0x0d, 0x00,
  0x0d, 0x00, 0x0e, 0x0a, 0x00, 0x0b, 0x08, 0x0d, 0x00, 0x00, 0x07, 0x0c, 0x0f, 0x00, 0x0c, 0x00,
  0x00, 0x00, 0x00, 0x0c, 0x0c, 0x00, 0x00, 0x00, 0x00, 0x00, 0x06, 0x00, 0x0f, 0x00, 0x00, 0x0a,
  0x0c, 0x00, 0x0b, 0x00, 0x00, 0x0e, 0x0b, 0x00, 0x00, 0x0c, 0x0e, 0x00, 0x09, 0x0c, 0x08, 0x00,
  0x00, 0x09, 0x00, 0x00, 0x00, 0x00, 0x0c, 0x0d, 0x00, 0x0e, 0x00, 0x00, 0x00, 0x0d, 0x00, 0x00,
  0x0b, 0x0c, 0x0d, 0x0d, 0x0e, 0x00, 0x0e, 0x0b, 0x0b, 0x00, 0x0b, 0x0c, 0x0d, 0x05, 0x0d, 0x00,
  0x00, 0x00, 0x0a, 0x07, 0x00, 0x0b, 0x0c, 0x0c, 0x00, 0x00, 0x0c, 0x00, 0x00, 0x0d, 0x00, 0x00,
  0x00, 0x0b, 0x0c, 0x00, 0x00, 0x09, 0x0d, 0x00, 0x0b, 0x0d, 0x00, 0x0b, 0x0a, 0x00, 0x0b, 0x0e,
  0x00, 0x00, 0x00, 0x00, 0x00, 0x00, 0x00, 0x00, 0x00, 0x00, 0x0b, 0x00, 0x0c, 0x00, 0x00, 0x08,
  0x00, 0x0b, 0x0d, 0x03, 0x0e, 0x0d, 0x00, 0x00, 0x07, 0x00, 0x0e, 0x00, 0x0b, 0x0b, 0x0f, 0x00,
  0x0a, 0x0c, 0x0e, 0x06, 0x00, 0x00, 0x00, 0x00, 0x00, 0x00, 0x0d, 0x0c, 0x00, 0x00, 0x09, 0x0c,
  0x00, 0x00, 0x0d, 0x0b, 0x0d, 0x00, 0x00, 0x00, 0x00, 0x00, 0x00, 0x00, 0x00, 0x00, 0x0b, 0x00,
  0x0d, 0x00, 0x00, 0x0d, 0x00, 0x0d, 0x00, 0x00, 0x00, 0x00, 0x0e, 0x0c, 0x00, 0x0d, 0x0d, 0x00,
  0x0b, 0x0d, 0x00, 0x0c, 0x0a, 0x00, 0x0d, 0x00, 0x0c, 0x00, 0x0e, 0x0e, 0x09, 0x09, 0x00, 0x00,
  0x0b, 0x0e, 0x0d, 0x00, 0x00, 0x00, 0x00, 0x0c, 0x00, 0x00, 0x00, 0x0c, 0x00, 0x00, 0x0b, 0x00,
  0x00, 0x00, 0x0d, 0x00, 0x0c, 0x0b, 0x06, 0x0e, 0x0e, 0x0e, 0x0d, 0x00, 0x00, 0x00, 0x0b, 0x00,
  0x0e, 0x0c, 0x0a, 0x00, 0x00, 0x00, 0x0d, 0x00, 0x09, 0x0e, 0x00, 0x00, 0x00, 0x00, 0x00, 0x0c,
  0x00, 0x0d, 0x0c, 0x00, 0x0d, 0x00, 0x0c, 0x0f, 0x0d, 0x00, 0x00, 0x00, 0x04, 0x0b, 0x00, 0x0d,
  0x06, 0x0d, 0x00, 0x00, 0x00, 0x00, 0x00, 0x00, 0x00, 0x0d, 0x00, 0x00, 0x0b, 0x0c, 0x09, 0x0b,
  0x00, 0x07, 0x0a, 0x0d, 0x00, 0x00, 0x00, 0x0b, 0x00, 0x00, 0x08, 0x00, 0x00, 0x0c, 0x00, 0x0d,
  0x08, 0x0c, 0x08, 0x00, 0x0b, 0x00, 0x0e, 0x00, 0x00, 0x00, 0x00, 0x0b, 0x05, 0x00, 0x0e, 0x00,
  0x00, 0x00, 0x0b, 0x0d, 0x00, 0x0e, 0x00, 0x00, 0x00, 0x00, 0x0d, 0x0d, 0x00, 0x0d, 0x00, 0x0d,
  0x00, 0x0e, 0x00, 0x09, 0x00, 0x0e, 0x00, 0x0d, 0x00, 0x0e, 0x0e, 0x00, 0x00, 0x00, 0x0e, 0x0f,
  0x0e, 0x09, 0x00, 0x00, 0x0a, 0x0d, 0x0b, 0x0d, 0x0a, 0x00, 0x00, 0x00, 0x00, 0x00, 0x0b, 0x00,
  0x00, 0x0e, 0x0c, 0x0e, 0x00, 0x0a, 0x00, 0x00, 0x00, 0x00, 0x00, 0x00, 0x08, 0x0e, 0x0b, 0x0d,
  0x07, 0x0a, 0x00, 0x0e, 0x00, 0x09, 0x0d, 0x00, 0x00, 0x0b, 0x0c, 0x0e, 0x00, 0x00, 0x00, 0x00,
  0x08, 0x0d, 0x0c, 0x0d, 0x08, 0x00, 0x0d, 0x00, 0x00, 0x0d, 0x0a, 0x0b, 0x00, 0x00, 0x0d, 0x00,
  0x0d, 0x00, 0x06, 0x00, 0x07, 0x00, 0x05, 0x00, 0x00, 0x09, 0x00, 0x00, 0x00, 0x00, 0x0b, 0x00,
  0x00, 0x0a, 0x00, 0x0f, 0x00, 0x0e, 0x06, 0x0d, 0x0c, 0x00, 0x00, 0x0d, 0x00, 0x00, 0x00, 0x00,
  0x00, 0x0a, 0x0e, 0x0d, 0x00, 0x0c, 0x0d, 0x0b, 0x00, 0x00, 0x00, 0x00, 0x0b, 0x0c, 0x00, 0x00,
  0x00, 0x0e, 0x00, 0x09, 0x0a, 0x0c, 0x00, 0x00, 0x0e, 0x0d, 0x00, 0x0f, 0x0b, 0x00, 0x0b, 0x00,
  0x00, 0x0f, 0x00, 0x00, 0x00, 0x08, 0x0d, 0x00, 0x0b, 0x0c, 0x00, 0x00, 0x0d, 0x00, 0x00, 0x0a,
  0x00, 0x0d, 0x0e, 0x0b, 0x00, 0x09, 0x00, 0x00, 0x0d, 0x0d, 0x00, 0x0d, 0x00, 0x0e, 0x00, 0x00,
  0x0c, 0x00, 0x00, 0x0d, 0x00, 0x0c, 0x0f, 0x0e, 0x00, 0x00, 0x0e, 0x00, 0x0b, 0x00, 0x00, 0x00,
  0x00, 0x0f, 0x0b, 0x00, 0x0a, 0x00, 0x0c, 0x0c, 0x0b, 0x00, 0x00, 0x00, 0x00, 0x00, 0x00, 0x0b,
  0x09, 0x0c, 0x00, 0x00, 0x00, 0x00, 0x00, 0x00, 0x09, 0x00, 0x00, 0x00, 0x0d, 0x04, 0x0d, 0x0d,
  0x00, 0x00, 0x0a, 0x00, 0x00, 0x00, 0x00, 0x00, 0x0c, 0x00, 0x00, 0x0e, 0x00, 0x00, 0x0c, 0x00,
  0x00, 0x00, 0x00, 0x00, 0x05, 0x00, 0x0e, 0x00, 0x00, 0x0e, 0x08, 0x00, 0x00, 0x00, 0x00, 0x0a,
  0x00, 0x00, 0x0d, 0x00, 0x0c, 0x07, 0x00, 0x00, 0x00, 0x00, 0x00, 0x0d, 0x00, 0x00, 0x09, 0x0e,
  0x0e, 0x0e, 0x00, 0x00, 0x00, 0x0e, 0x0d, 0x00, 0x0b, 0x0b, 0x0e, 0x00, 0x0c, 0x00, 0x0d, 0x0e,
  0x00, 0x00, 0x00, 0x00, 0x0d, 0x00, 0x09, 0x00, 0x0c, 0x00, 0x00, 0x00, 0x0b, 0x00, 0x07, 0x00,
  0x08, 0x09, 0x00, 0x00, 0x00, 0x0b, 0x0e, 0x0a, 0x00, 0x0d, 0x0d, 0x00, 0x09, 0x00, 0x00, 0x00,
  0x00, 0x0d, 0x00, 0x0a, 0x07, 0x00, 0x00, 0x0b, 0x00, 0x00, 0x0b, 0x0e, 0x07, 0x0b, 0x00, 0x00,
  0x0e, 0x0c, 0x0b, 0x00, 0x00, 0x0b, 0x0d, 0x0d, 0x0b, 0x0c, 0x0d, 0x0a, 0x0e, 0x0e, 0x0c, 0x0e,
  0x00, 0x07, 0x00, 0x00, 0x00, 0x00, 0x00, 0x00, 0x0e, 0x0e, 0x0c, 0x00, 0x00, 0x00, 0x00, 0x00,
  0x0e, 0x00, 0x00, 0x0d, 0x0c, 0x00, 0x0e, 0x00, 0x0b, 0x00, 0x00, 0x00, 0x0e, 0x00, 0x0a, 0x00,
  0x0b, 0x00, 0x0c, 0x00, 0x00, 0x00, 0x0e, 0x00, 0x0d, 0x00, 0x00, 0x00, 0x00, 0x0f, 0x00, 0x00,
  0x0b, 0x0d, 0x00, 0x00, 0x0c, 0x00, 0x00, 0x0b, 0x0d, 0x00, 0x09, 0x0b, 0x00, 0x09, 0x0e, 0x0f,
  0x00, 0x00, 0x00, 0x08, 0x0a, 0x0c, 0x00, 0x0d, 0x0a, 0x00, 0x00, 0x00, 0x00, 0x00, 0x00, 0x00,
  0x00, 0x00, 0x00, 0x04, 0x00, 0x0c, 0x0e, 0x00, 0x0f, 0x0c, 0x00, 0x00, 0x00, 0x0c, 0x00, 0x00,
  0x00, 0x00, 0x0a, 0x07, 0x00, 0x00, 0x00, 0x00, 0x00, 0x00, 0x00, 0x00, 0x00, 0x0d, 0x00, 0x00,
  0x00, 0x00, 0x00, 0x0e, 0x0c, 0x00, 0x00, 0x0c, 0x00, 0x00, 0x00, 0x00, 0x00, 0x02, 0x00, 0x00,
  0x00, 0x0d, 0x09, 0x0d, 0x08, 0x00, 0x00, 0x0b, 0x00, 0x00, 0x0c, 0x0d, 0x09, 0x0d, 0x00, 0x0c,
  0x0b, 0x00, 0x00, 0x00, 0x00, 0x00, 0x00, 0x00, 0x00, 0x0c, 0x09, 0x0b, 0x00, 0x00, 0x00, 0x00,
  0x00, 0x0d, 0x0d, 0x0c, 0x00, 0x0c, 0x00, 0x00, 0x00, 0x00, 0x00, 0x0b, 0x00, 0x0d, 0x00, 0x00,
  0x0a, 0x0d, 0x0c, 0x00, 0x00, 0x04, 0x00, 0x00, 0x0d, 0x00, 0x00, 0x00, 0x00, 0x05, 0x0c, 0x00,
  0x00, 0x0c, 0x0b, 0x00, 0x00, 0x09, 0x00, 0x0e, 0x0e, 0x0d, 0x00, 0x0d, 0x00, 0x00, 0x00, 0x00,
  0x0e, 0x00, 0x0a, 0x09, 0x0c, 0x00, 0x00, 0x0b, 0x0d, 0x09, 0x0c, 0x00, 0x0c, 0x0c, 0x0b, 0x00,
  0x0e, 0x00, 0x0e, 0x0c, 0x05, 0x0d, 0x00, 0x00, 0x00, 0x00, 0x00, 0x05, 0x0c, 0x00, 0x00, 0x00,
  0x00, 0x0f, 0x0e, 0x00, 0x00, 0x0c, 0x00, 0x0c, 0x0f, 0x00, 0x00, 0x00, 0x00, 0x00, 0x00, 0x00,
  0x00, 0x00, 0x0c, 0x00, 0x00, 0x0d, 0x09, 0x0d, 0x0d, 0x0e, 0x00, 0x00, 0x00, 0x0c, 0x00, 0x00,
  0x0e, 0x00, 0x0b, 0x0e, 0x00, 0x0e, 0x0d, 0x0f, 0x00, 0x00, 0x00, 0x00, 0x0f, 0x00, 0x00, 0x0c,
  0x0c, 0x0d, 0x0c, 0x0d, 0x00, 0x09, 0x00, 0x00, 0x0a, 0x00, 0x0e, 0x0c, 0x00, 0x00, 0x00, 0x0d,
  0x0b, 0x0e, 0x0d, 0x0d, 0x00, 0x0d, 0x00, 0x00, 0x0d, 0x0e, 0x07, 0x00, 0x00, 0x00, 0x00, 0x00,
  0x00, 0x00, 0x00, 0x07, 0x0a, 0x09, 0x0a, 0x00, 0x0c, 0x00, 0x0d, 0x00, 0x0c, 0x0b, 0x00, 0x00,
  0x00, 0x0d, 0x0e, 0x0e, 0x00, 0x00, 0x00, 0x0a, 0x00, 0x00, 0x0c, 0x00, 0x0d, 0x0d, 0x0a, 0x0c,
  0x0b, 0x0d, 0x00, 0x09, 0x00, 0x0c, 0x09, 0x0e, 0x0c, 0x0d, 0x00, 0x0f, 0x0b, 0x00, 0x00, 0x0d,
  0x00, 0x00, 0x00, 0x00, 0x0c, 0x00, 0x0b, 0x00, 0x05, 0x0d, 0x0e, 0x0a, 0x00, 0x00, 0x0d, 0x00,
  0x0e, 0x00, 0x00, 0x0a, 0x00, 0x06, 0x0d, 0x00, 0x00, 0x0a, 0x0e, 0x07, 0x0e, 0x0c, 0x00, 0x0e,
  0x0c, 0x00, 0x09, 0x00, 0x00, 0x00, 0x00, 0x09, 0x00, 0x00, 0x0c, 0x09, 0x00, 0x00, 0x00, 0x00,
  0x0d, 0x00, 0x0d, 0x00, 0x00, 0x0c, 0x00, 0x09, 0x0d, 0x00, 0x00, 0x0c, 0x0d, 0x00, 0x0c, 0x0b,
  0x0e, 0x0c, 0x00, 0x00, 0x00, 0x00, 0x0b, 0x00, 0x00, 0x0d, 0x00, 0x0d, 0x00, 0x00, 0x0d, 0x00,
  0x00, 0x00, 0x00, 0x00, 0x0c, 0x0b, 0x0d, 0x0c, 0x00, 0x00, 0x00, 0x0d, 0x0d, 0x09, 0x0e, 0x09,
  0x0b, 0x0d, 0x00, 0x0c, 0x00, 0x00, 0x00, 0x0d, 0x0e, 0x0b, 0x00, 0x0d, 0x00, 0x00, 0x00, 0x00,
  0x0c, 0x00, 0x0f, 0x08, 0x03, 0x00, 0x0c, 0x00, 0x00, 0x00, 0x00, 0x00, 0x0a, 0x0a, 0x00, 0x00,
  0x0b, 0x00, 0x00, 0x00, 0x0a, 0x00, 0x00, 0x0e, 0x0c, 0x09, 0x0d, 0x00, 0x0c, 0x0b, 0x08, 0x0a,
  0x0e, 0x00, 0x00, 0x00, 0x0f, 0x00, 0x00, 0x0a, 0x00, 0x0d, 0x0b, 0x00, 0x00, 0x00, 0x00, 0x0e,
  0x0d, 0x00, 0x0e, 0x00, 0x0c, 0x0c, 0x00, 0x00, 0x0d, 0x00, 0x00, 0x0a, 0x00, 0x0d, 0x0e, 0x0d,
  0x00, 0x00, 0x09, 0x00, 0x0e, 0x00, 0x00, 0x00, 0x00, 0x00, 0x00, 0x0d, 0x00, 0x00, 0x00, 0x0c,
  0x00, 0x09, 0x08, 0x0c, 0x0c, 0x00, 0x0e, 0x00, 0x09, 0x00, 0x00, 0x00, 0x0d, 0x00, 0x00, 0x00,
  0x00, 0x00, 0x0e, 0x00, 0x00, 0x00, 0x00, 0x0c, 0x00, 0x00, 0x00, 0x0a, 0x00, 0x0d, 0x09, 0x00,
  0x00, 0x05, 0x00, 0x00, 0x00, 0x0d, 0x00, 0x0f, 0x0b, 0x0b, 0x08, 0x09, 0x00, 0x0d, 0x0a, 0x0b,
  0x00, 0x00, 0x0f, 0x09, 0x00, 0x0d, 0x00, 0x00, 0x00, 0x0d, 0x00, 0x00, 0x00, 0x08, 0x0a, 0x00,
  0x0e, 0x0b, 0x0d, 0x0b, 0x0c, 0x00, 0x00, 0x0e, 0x0f, 0x0c, 0x0b, 0x00, 0x0d, 0x00, 0x00, 0x00,
  0x00, 0x0d, 0x00, 0x00, 0x0e, 0x00, 0x00, 0x0d, 0x0e, 0x00, 0x0b, 0x00, 0x00, 0x00, 0x0c, 0x00,
  0x09, 0x0b, 0x00, 0x0c, 0x00, 0x0c, 0x0b, 0x0c, 0x0d, 0x00, 0x00, 0x0c, 0x0e, 0x05, 0x00, 0x0d,
  0x0a, 0x06, 0x0b, 0x00, 0x06, 0x00, 0x09, 0x00, 0x00, 0x00, 0x0a, 0x00, 0x0d, 0x00, 0x00, 0x00,
  0x0b, 0x0d, 0x00, 0x00, 0x00, 0x00, 0x0c, 0x00, 0x09, 0x00, 0x00, 0x00, 0x0c, 0x07, 0x0b, 0x00,
  0x00, 0x0c, 0x00, 0x0b, 0x00, 0x00, 0x0c, 0x00, 0x00, 0x07, 0x00, 0x00, 0x00, 0x0e, 0x00, 0x00,
  0x00, 0x00, 0x0b, 0x0d, 0x00, 0x00, 0x0e, 0x0d, 0x00, 0x0a, 0x00, 0x0c, 0x0a, 0x00, 0x00, 0x00,
  0x00, 0x0f, 0x00, 0x00, 0x0c, 0x00, 0x09, 0x00, 0x0e, 0x00, 0x00, 0x00, 0x00, 0x0e, 0x00, 0x06,
  0x00, 0x0a, 0x00, 0x00, 0x0a, 0x00, 0x00, 0x0d, 0x09, 0x00, 0x00, 0x0d, 0x08, 0x0d, 0x0f, 0x00,
  0x00, 0x0b, 0x00, 0x0e, 0x00, 0x00, 0x07, 0x0a, 0x00, 0x00, 0x00, 0x0f, 0x00, 0x0e, 0x0d, 0x00,
  0x04, 0x0b, 0x09, 0x0c, 0x08, 0x0d, 0x00, 0x0d, 0x0c, 0x0e, 0x00, 0x0d, 0x0d, 0x0d, 0x00, 0x0d,
  0x00, 0x00, 0x00, 0x00, 0x0f, 0x0b, 0x00, 0x0c, 0x00, 0x0a, 0x0c, 0x00, 0x0e, 0x00, 0x09, 0x00,
  0x00, 0x00, 0x00, 0x09, 0x0c, 0x0d, 0x09, 0x0b, 0x0e, 0x00, 0x00, 0x0d, 0x0a, 0x0c, 0x00, 0x0a,
  0x00, 0x00, 0x00, 0x00, 0x0e, 0x00, 0x0a, 0x00, 0x0b, 0x0d, 0x00, 0x00, 0x0b, 0x00, 0x09, 0x0f,
  0x00, 0x00, 0x00, 0x00, 0x00, 0x00, 0x0e, 0x00, 0x00, 0x0e, 0x00, 0x0e, 0x0b, 0x00, 0x0f, 0x06,
  0x0f, 0x00, 0x00, 0x0a, 0x00, 0x0e, 0x00, 0x0e, 0x00, 0x00, 0x00, 0x00, 0x0f, 0x00, 0x00, 0x0d,
  0x0b, 0x00, 0x00, 0x00, 0x00, 0x0e, 0x0b, 0x0d, 0x0b, 0x0d, 0x0c, 0x0c, 0x0b, 0x0d, 0x0a, 0x0e,
  0x00, 0x00, 0x0d, 0x0c, 0x0c, 0x0a, 0x00, 0x00, 0x00, 0x00, 0x00, 0x00, 0x00, 0x00, 0x0c, 0x00,
  0x0b, 0x0e, 0x00, 0x00, 0x00, 0x00, 0x00, 0x06, 0x0d, 0x0d, 0x00, 0x00, 0x0c, 0x0f, 0x00, 0x00,
  0x00, 0x00, 0x00, 0x00, 0x00, 0x00, 0x00, 0x0c, 0x0b, 0x00, 0x0f, 0x00, 0x00, 0x00, 0x00, 0x0a,
  0x0d, 0x00, 0x0b, 0x0b, 0x00, 0x0d, 0x0c, 0x0b, 0x00, 0x00, 0x00, 0x0d, 0x00, 0x0e, 0x0c, 0x0d,
  0x00, 0x0c, 0x00, 0x0d, 0x0d, 0x0a, 0x00, 0x07, 0x00, 0x00, 0x00, 0x00, 0x0d, 0x00, 0x0c, 0x0b,
  0x00, 0x00, 0x0a, 0x00, 0x00, 0x00, 0x00, 0x00, 0x0c, 0x0e, 0x0b, 0x0b, 0x00, 0x00, 0x00, 0x00,
  0x0c, 0x00, 0x0c, 0x00, 0x00, 0x07, 0x00, 0x00, 0x00, 0x00, 0x00, 0x00, 0x0e, 0x0e, 0x00, 0x00,
  0x0e, 0x0d, 0x06, 0x0d, 0x00, 0x0e, 0x00, 0x0d, 0x00, 0x0d, 0x0e, 0x00, 0x00, 0x00, 0x0c, 0x00,
  0x00, 0x09, 0x00, 0x0b, 0x00, 0x00, 0x00, 0x0a, 0x00, 0x0e, 0x00, 0x0d, 0x00, 0x09, 0x09, 0x0e,
  0x00, 0x00, 0x0d, 0x00, 0x00, 0x00, 0x00, 0x00, 0x00, 0x0c, 0x0c, 0x0d, 0x00, 0x00, 0x00, 0x00,
  0x0c, 0x00, 0x00, 0x0d, 0x08, 0x00, 0x08, 0x00, 0x00, 0x0d, 0x00, 0x00, 0x0f, 0x00, 0x00, 0x00,
  0x0c, 0x0e, 0x0c, 0x00, 0x0d, 0x0d, 0x00, 0x00, 0x0c, 0x00, 0x00, 0x00, 0x00, 0x00, 0x00, 0x00,
  0x00, 0x07, 0x0c, 0x0a, 0x0e, 0x00, 0x00, 0x0c, 0x0e, 0x00, 0x0e, 0x0d, 0x0b, 0x0d, 0x0d, 0x00,
  0x0a, 0x0c, 0x0e, 0x0a, 0x0c, 0x00, 0x00, 0x00, 0x00, 0x0c, 0x0c, 0x00, 0x00, 0x00, 0x0b, 0x00,
  0x07, 0x00, 0x00, 0x00, 0x0c, 0x09, 0x00, 0x00, 0x00, 0x00, 0x0d, 0x00, 0x09, 0x00, 0x00, 0x0d,
  0x00, 0x0e, 0x0d, 0x00, 0x0c, 0x00, 0x00, 0x00, 0x0e, 0x00, 0x00, 0x00, 0x0c, 0x00, 0x0e, 0x00,
  0x00, 0x0d, 0x0f, 0x00, 0x00, 0x00, 0x00, 0x00, 0x00, 0x0d, 0x00, 0x00, 0x0c, 0x0d, 0x0c, 0x00,
  0x0d, 0x0d, 0x0e, 0x00, 0x00, 0x0c, 0x0d, 0x0d, 0x00, 0x07, 0x00, 0x0a, 0x00, 0x00, 0x0a, 0x0a,
  0x00, 0x0e, 0x05, 0x08, 0x0c, 0x0b, 0x00, 0x00, 0x0f, 0x0b, 0x0a, 0x0c, 0x00, 0x0d, 0x0e, 0x0d,
  0x00, 0x09, 0x0b, 0x00, 0x0d, 0x00, 0x00, 0x0d, 0x0b, 0x00, 0x0c, 0x0e, 0x00, 0x00, 0x00, 0x00,
  0x0b, 0x0d, 0x0e, 0x0b, 0x00, 0x0d, 0x00, 0x0c, 0x0e, 0x00, 0x00, 0x00, 0x0a, 0x00, 0x00, 0x0e,
  0x00, 0x00, 0x0d, 0x0f, 0x09, 0x0d, 0x00, 0x0c, 0x00, 0x00, 0x0d, 0x0d, 0x0e, 0x09, 0x0d, 0x0c,
  0x00, 0x00, 0x0b, 0x0a, 0x00, 0x0c, 0x00, 0x00, 0x00, 0x00, 0x00, 0x0e, 0x00, 0x00, 0x0d, 0x00,
  0x0e, 0x00, 0x07, 0x00, 0x00, 0x08, 0x0d, 0x00, 0x00, 0x0e, 0x00, 0x00, 0x0e, 0x00, 0x00, 0x00,
  0x00, 0x00, 0x0b, 0x00, 0x0b, 0x0c, 0x00, 0x00, 0x00, 0x0c, 0x00, 0x0c, 0x08, 0x09, 0x00, 0x0e,
  0x0f, 0x0c, 0x0a, 0x00, 0x0d, 0x00, 0x00, 0x00, 0x00, 0x00, 0x00, 0x00, 0x0b, 0x0e, 0x00, 0x0c,
  0x0c, 0x0a, 0x0e, 0x00, 0x0d, 0x00, 0x0e, 0x00, 0x0d, 0x08, 0x07, 0x0e, 0x00, 0x00, 0x0d, 0x0b,
  0x00, 0x00, 0x00, 0x09, 0x0c, 0x09, 0x0e, 0x00, 0x00, 0x0d, 0x0c, 0x00, 0x00, 0x0b, 0x0c, 0x00,
  0x0d, 0x00, 0x00, 0x0c, 0x00, 0x00, 0x00, 0x00, 0x00, 0x00, 0x0d, 0x00, 0x09, 0x00, 0x00, 0x0e,
  0x0e, 0x00, 0x00, 0x0c, 0x00, 0x0f, 0x00, 0x0e, 0x00, 0x00, 0x09, 0x0e, 0x0c, 0x0e, 0x00, 0x00,
  0x0e, 0x09, 0x0c, 0x00, 0x00, 0x0c, 0x0a, 0x00, 0x08, 0x00, 0x00, 0x00, 0x0d, 0x0b, 0x00, 0x0e,
  0x0f, 0x0b, 0x00, 0x00, 0x0b, 0x0b, 0x0e, 0x00, 0x0c, 0x0c, 0x0b, 0x00, 0x00, 0x00, 0x00, 0x00,
  0x0c, 0x09, 0x00, 0x0a, 0x00, 0x00, 0x00, 0x00, 0x0f, 0x00, 0x0c, 0x0c, 0x00, 0x00, 0x07, 0x0d,
  0x00, 0x0e, 0x00, 0x08, 0x0b, 0x0d, 0x0c, 0x0d, 0x00, 0x0a, 0x00, 0x0d, 0x00, 0x0b, 0x0d, 0x00,
  0x0b, 0x0e, 0x0d, 0x0a, 0x0e, 0x0c, 0x0c, 0x00, 0x0c, 0x00, 0x0d, 0x0c, 0x0e, 0x00, 0x00, 0x00,
  0x0c, 0x0d, 0x00, 0x00, 0x00, 0x00, 0x00, 0x00, 0x00, 0x09, 0x09, 0x08, 0x0c, 0x00, 0x0d, 0x00,
  0x0c, 0x00, 0x00, 0x00, 0x00, 0x0d, 0x0d, 0x00, 0x00, 0x00, 0x0d, 0x00, 0x00, 0x0d, 0x0d, 0x00,
  0x0b, 0x0b, 0x00, 0x00, 0x0e, 0x0c, 0x0e, 0x00, 0x00, 0x00, 0x00, 0x00, 0x0e, 0x00, 0x02, 0x00,
  0x0b, 0x00, 0x0c, 0x03, 0x0d, 0x0c, 0x0c, 0x00, 0x0d, 0x0e, 0x0b, 0x0b, 0x08, 0x0b, 0x0c, 0x00,
  0x0e, 0x0b, 0x00, 0x00, 0x00, 0x00, 0x00, 0x0d, 0x0b, 0x0e, 0x05, 0x00, 0x00, 0x00, 0x00, 0x00,
  0x00, 0x00, 0x0a, 0x00, 0x0f, 0x08, 0x00, 0x0c, 0x0d, 0x08, 0x00, 0x00, 0x00, 0x0d, 0x00, 0x00,
  0x0d, 0x00, 0x0b, 0x0e, 0x00, 0x00, 0x07, 0x00, 0x00, 0x00, 0x08, 0x0c, 0x0d, 0x0a, 0x0f, 0x00,
  0x0d, 0x0b, 0x00, 0x00, 0x0b, 0x00, 0x04, 0x0d, 0x00, 0x00, 0x0b, 0x00, 0x0b, 0x0d, 0x0a, 0x09,
  0x00, 0x00, 0x00, 0x00, 0x00, 0x0c, 0x00, 0x0d, 0x0c, 0x00, 0x0b, 0x0b, 0x08, 0x0b, 0x0d, 0x00,
  0x0c, 0x0b, 0x00, 0x00, 0x09, 0x0d, 0x00, 0x0c, 0x0d, 0x00, 0x0f, 0x00, 0x07, 0x00, 0x07, 0x00,
  0x00, 0x00, 0x00, 0x0b, 0x0c, 0x00, 0x0e, 0x0d, 0x00, 0x00, 0x00, 0x0e, 0x0a, 0x0e, 0x05, 0x0c,
  0x00, 0x0d, 0x00, 0x00, 0x0a, 0x0c, 0x00, 0x0c, 0x00, 0x00, 0x0c, 0x00, 0x08, 0x00, 0x00, 0x00,
  0x00, 0x0e, 0x00, 0x00, 0x0a, 0x00, 0x0e, 0x0c, 0x0b, 0x0a, 0x0d, 0x00, 0x0d, 0x0e, 0x0a, 0x0c,
  0x00, 0x0e, 0x00, 0x0d, 0x00, 0x00, 0x00, 0x00, 0x00, 0x00, 0x0d, 0x08, 0x00, 0x0b, 0x0a, 0x00,
  0x0d, 0x0f, 0x00, 0x00, 0x00, 0x00, 0x00, 0x0f, 0x00, 0x0d, 0x00, 0x0d, 0x01, 0x09, 0x0b, 0x00,
  0x0c, 0x00, 0x00, 0x0d, 0x0a, 0x00, 0x00, 0x00, 0x0b, 0x00, 0x0c, 0x00, 0x00, 0x08, 0x00, 0x00,
  0x00, 0x00, 0x0e, 0x0c, 0x00, 0x00, 0x00, 0x0a, 0x0a, 0x00, 0x0d, 0x0c, 0x0b, 0x0d, 0x0b, 0x00,
  0x0d, 0x00, 0x00, 0x0d, 0x00, 0x0d, 0x0b, 0x05, 0x00, 0x00, 0x00, 0x0e, 0x09, 0x08, 0x09, 0x0b,
  0x00, 0x0b, 0x00, 0x00, 0x00, 0x0a, 0x0a, 0x00, 0x00, 0x00, 0x00, 0x0d, 0x00, 0x00, 0x0e, 0x0b,
  0x0a, 0x00, 0x0c, 0x00, 0x0c, 0x0d, 0x00, 0x00, 0x0c, 0x00, 0x0e, 0x00, 0x00, 0x00, 0x0a, 0x0e,
  0x0b, 0x0c, 0x0d, 0x0c, 0x00, 0x00, 0x0c, 0x0c, 0x0c, 0x0d, 0x09, 0x00, 0x0d, 0x00, 0x00, 0x0a,
  0x0d, 0x0c, 0x00, 0x0d, 0x0c, 0x00, 0x06, 0x00, 0x00, 0x0e, 0x00, 0x0c, 0x00, 0x00, 0x0e, 0x07,
  0x0d, 0x0d, 0x00, 0x0c, 0x00, 0x0e, 0x0c, 0x00, 0x00, 0x0a, 0x00, 0x00, 0x00, 0x0b, 0x00, 0x00,
  0x0d, 0x00, 0x0e, 0x09, 0x00, 0x00, 0x09, 0x00, 0x00, 0x08, 0x00, 0x0d, 0x00, 0x00, 0x00, 0x00,
  0x0e, 0x00, 0x00, 0x00, 0x00, 0x00, 0x0d, 0x00, 0x0b, 0x00, 0x0a, 0x0b, 0x0d, 0x00, 0x09, 0x00,
  0x00, 0x00, 0x05, 0x00, 0x0b, 0x0d, 0x07, 0x0d, 0x0e, 0x0d, 0x0d, 0x00, 0x00, 0x00, 0x0b, 0x00,
  0x00, 0x0b, 0x0c, 0x0d, 0x00, 0x0c, 0x0c, 0x00, 0x00, 0x0c, 0x0a, 0x0d, 0x00, 0x0b, 0x00, 0x0c,
  0x0d, 0x00, 0x00, 0x00, 0x00, 0x0e, 0x00, 0x00, 0x0d, 0x09, 0x00, 0x00, 0x00, 0x0b, 0x0d, 0x0e,
  0x0b, 0x00, 0x00, 0x0b, 0x0c, 0x0d, 0x00, 0x0e, 0x00, 0x0c, 0x0c, 0x00, 0x0e, 0x00, 0x00, 0x00,
  0x00, 0x00, 0x00, 0x00, 0x00, 0x0b, 0x0d, 0x0c, 0x00, 0x00, 0x0b, 0x0d, 0x00, 0x00, 0x0d, 0x0b,
  0x0c, 0x00, 0x00, 0x0e, 0x0b, 0x00, 0x00, 0x0e, 0x0a, 0x0c, 0x0c, 0x0d, 0x00, 0x00, 0x00, 0x0f,
  0x00, 0x00, 0x0d, 0x0d, 0x0d, 0x0f, 0x00, 0x00, 0x00, 0x00, 0x00, 0x0b, 0x0b, 0x0a, 0x00, 0x00,
  0x00, 0x00, 0x00, 0x00, 0x00, 0x00, 0x00, 0x00, 0x0a, 0x0b, 0x0d, 0x0d, 0x00, 0x00, 0x0d, 0x00,
  0x00, 0x0e, 0x00, 0x0c, 0x0c, 0x00, 0x07, 0x00, 0x09, 0x08, 0x00, 0x0b, 0x00, 0x0b, 0x00, 0x00,
  0x0b, 0x00, 0x00, 0x00, 0x0e, 0x00, 0x00, 0x00, 0x0f, 0x0e, 0x0b, 0x0b, 0x0c, 0x0e, 0x0c, 0x0d,
  0x00, 0x0a, 0x00, 0x00, 0x06, 0x0d, 0x0e, 0x00, 0x00, 0x0c, 0x00, 0x00, 0x09, 0x00, 0x00, 0x00,
  0x00, 0x00, 0x0b, 0x0e, 0x0b, 0x00, 0x00, 0x0c, 0x00, 0x00, 0x00, 0x01, 0x08, 0x00, 0x00, 0x0b,
  0x00, 0x00, 0x00, 0x00, 0x00, 0x00, 0x00, 0x0b, 0x0e, 0x00, 0x00, 0x00, 0x0c, 0x06, 0x00, 0x00,
  0x00, 0x0b, 0x0e, 0x00, 0x00, 0x0e, 0x0e, 0x09, 0x00, 0x00, 0x0c, 0x00, 0x0b, 0x00, 0x00, 0x00,
  0x00, 0x0f, 0x00, 0x0c, 0x00, 0x00, 0x0e, 0x00, 0x00, 0x00, 0x0d, 0x00, 0x0b, 0x0b, 0x00, 0x0c,
  0x0c, 0x00, 0x0d, 0x0d, 0x00, 0x0c, 0x0c, 0x0e, 0x0c, 0x00, 0x0c, 0x00, 0x00, 0x00, 0x00, 0x00,
  0x00, 0x0b, 0x0d, 0x0d, 0x0d, 0x0c, 0x0c, 0x0d, 0x0f, 0x0d, 0x00, 0x00, 0x0d, 0x0c, 0x0c, 0x00,
  0x0c, 0x0d, 0x00, 0x0e, 0x00, 0x00, 0x00, 0x00, 0x00, 0x00, 0x0d, 0x0b, 0x0e, 0x00, 0x00, 0x0c,
  0x0c, 0x0d, 0x00, 0x00, 0x00, 0x0e, 0x0b, 0x00, 0x0d, 0x0d, 0x00, 0x00, 0x0c, 0x0f, 0x0d, 0x00,
  0x09, 0x08, 0x00, 0x00, 0x00, 0x0a, 0x0d, 0x0f, 0x00, 0x0f, 0x00, 0x00, 0x00, 0x00, 0x00, 0x00,
  0x0d, 0x00, 0x0e, 0x0d, 0x00, 0x00, 0x0c, 0x00, 0x0d, 0x00, 0x0b, 0x0d, 0x0d, 0x05, 0x0e, 0x0b,
  0x00, 0x00, 0x06, 0x0e, 0x00, 0x00, 0x0d, 0x00, 0x00, 0x00, 0x00, 0x0b, 0x0d, 0x00, 0x0d, 0x00,
  0x00, 0x00, 0x00, 0x0c, 0x00, 0x0e, 0x0c, 0x0d, 0x00, 0x0e, 0x07, 0x00, 0x00, 0x0f, 0x0d, 0x0c,
  0x0a, 0x0b, 0x00, 0x00, 0x00, 0x0d, 0x00, 0x0d, 0x0b, 0x00, 0x00, 0x00, 0x0d, 0x0a, 0x00, 0x00,
  0x0f, 0x00, 0x0b, 0x0c, 0x0a, 0x00, 0x00, 0x00, 0x00, 0x00, 0x0c, 0x0c, 0x0c, 0x00, 0x00, 0x0d,
  0x00, 0x00, 0x00, 0x0d, 0x00, 0x0d, 0x0c, 0x00, 0x00, 0x00, 0x0c, 0x0d, 0x00, 0x0e, 0x00, 0x0d,
  0x0e, 0x00, 0x0e, 0x0f, 0x0e, 0x00, 0x00, 0x0a, 0x00, 0x00, 0x00, 0x0b, 0x00, 0x00, 0x0d, 0x00,
  0x0a, 0x0a, 0x00, 0x00, 0x00, 0x0b, 0x00, 0x00, 0x0d, 0x0c, 0x06, 0x0b, 0x00, 0x00, 0x00, 0x00,
  0x0f, 0x0a, 0x00, 0x00, 0x0c, 0x00, 0x00, 0x00, 0x09, 0x00, 0x0b, 0x00, 0x00, 0x0e, 0x0b, 0x0b,
  0x0e, 0x00, 0x0b, 0x00, 0x00, 0x00, 0x00, 0x0d, 0x00, 0x09, 0x00, 0x00, 0x0a, 0x00, 0x0d, 0x08,
  0x00, 0x0a, 0x0e, 0x00, 0x0b, 0x00, 0x00, 0x0e, 0x0d, 0x00, 0x0b, 0x0b, 0x00, 0x0c, 0x0d, 0x00,
  0x0d, 0x00, 0x00, 0x00, 0x0a, 0x0b, 0x05, 0x0e, 0x00, 0x00, 0x00, 0x00, 0x0c, 0x00, 0x00, 0x0c,
  0x0b, 0x0d, 0x00, 0x00, 0x00, 0x0d, 0x0c, 0x00, 0x00, 0x0d, 0x00, 0x08, 0x00, 0x0d, 0x0a, 0x0d,
  0x0c, 0x0d, 0x0c, 0x0e, 0x0c, 0x09, 0x0e, 0x0f, 0x0e, 0x00, 0x00, 0x00, 0x00, 0x00, 0x0b, 0x00,
  0x05, 0x0c, 0x0c, 0x00, 0x0a, 0x08, 0x00, 0x00, 0x00, 0x0b, 0x00, 0x00, 0x05, 0x0e, 0x0b, 0x0d,
  0x0d, 0x00, 0x00, 0x00, 0x09, 0x0d, 0x00, 0x0c, 0x0c, 0x0d, 0x00, 0x0f, 0x0e, 0x0e, 0x00, 0x0b,
  0x0d, 0x0b, 0x0e, 0x00, 0x0c, 0x00, 0x00, 0x0d, 0x0d, 0x0a, 0x00, 0x00, 0x0a, 0x00, 0x0d, 0x0e,
  0x00, 0x00, 0x00, 0x0f, 0x0d, 0x00, 0x0e, 0x00, 0x00, 0x08, 0x0d, 0x00, 0x0e, 0x00, 0x0c, 0x0c,
  0x00, 0x00, 0x00, 0x08, 0x0a, 0x00, 0x00, 0x0a, 0x00, 0x00, 0x08, 0x00, 0x0e, 0x0a, 0x00, 0x00,
  0x00, 0x0c, 0x00, 0x0d, 0x00, 0x0b, 0x00, 0x0a, 0x0e, 0x00, 0x0d, 0x0c, 0x0b, 0x0b, 0x0b, 0x0d,
  0x09, 0x00, 0x00, 0x00, 0x0e, 0x00, 0x09, 0x09, 0x00, 0x00, 0x0d, 0x00, 0x00, 0x0d, 0x0c, 0x00,
  0x00, 0x00, 0x08, 0x08, 0x00, 0x0e, 0x0f, 0x0e, 0x00, 0x00, 0x00, 0x0a, 0x00, 0x09, 0x00, 0x00,
  0x00, 0x08, 0x09, 0x0a, 0x00, 0x00, 0x00, 0x00, 0x0e, 0x00, 0x00, 0x00, 0x0d, 0x0e, 0x00, 0x00,
  0x0d, 0x00, 0x00, 0x07, 0x09, 0x0e, 0x00, 0x00, 0x0d, 0x00, 0x0b, 0x06, 0x00, 0x0c, 0x00, 0x00,
  0x08, 0x0b, 0x00, 0x0b, 0x0a, 0x00, 0x0e, 0x0d, 0x00, 0x00, 0x0c, 0x0d, 0x00, 0x0c, 0x0b, 0x00,
  0x00, 0x00, 0x00, 0x0e, 0x00, 0x00, 0x0f, 0x0f, 0x00, 0x0c, 0x00, 0x0a, 0x04, 0x09, 0x0c, 0x0d,
  0x0e, 0x0f, 0x00, 0x0b, 0x00, 0x0d, 0x00, 0x00, 0x0e, 0x00, 0x09, 0x00, 0x00, 0x0c, 0x07, 0x00,
  0x0d, 0x00, 0x0c, 0x0c, 0x0e, 0x00, 0x09, 0x0b, 0x00, 0x0b, 0x0c, 0x00, 0x00, 0x0d, 0x00, 0x00,
  0x0b, 0x0a, 0x00, 0x0c, 0x0d, 0x05, 0x0c, 0x00, 0x00, 0x0d, 0x0a, 0x0e, 0x00, 0x0c, 0x00, 0x00,
  0x00, 0x0c, 0x00, 0x0e, 0x0c, 0x0e, 0x00, 0x00, 0x00, 0x00, 0x00, 0x0b, 0x00, 0x00, 0x0d, 0x00,
  0x07, 0x00, 0x00, 0x00, 0x00, 0x0d, 0x0a, 0x00, 0x08, 0x00, 0x0f, 0x00, 0x00, 0x00, 0x00, 0x00,
  0x00, 0x0d, 0x00, 0x0d, 0x00, 0x0d, 0x00, 0x00, 0x00, 0x00, 0x0e, 0x0c, 0x0a, 0x00, 0x0b, 0x00,
  0x0a, 0x00, 0x04, 0x0a, 0x00, 0x0e, 0x00, 0x09, 0x00, 0x00, 0x01, 0x0b, 0x0d, 0x0a, 0x0e, 0x0a,
  0x0f, 0x00, 0x0d, 0x00, 0x0a, 0x0b, 0x00, 0x0b, 0x0b, 0x0e, 0x0d, 0x00, 0x0b, 0x0b, 0x00, 0x00,
  0x0e, 0x00, 0x00, 0x0d, 0x00, 0x0d, 0x00, 0x00, 0x06, 0x00, 0x0d, 0x0b, 0x00, 0x00, 0x0a, 0x0e,
  0x0d, 0x00, 0x00, 0x0c, 0x0e, 0x00, 0x00, 0x00, 0x0c, 0x00, 0x0c, 0x00, 0x00, 0x00, 0x0c, 0x09,
  0x00, 0x00, 0x0d, 0x00, 0x00, 0x00, 0x00, 0x0e, 0x00, 0x00, 0x00, 0x0d, 0x00, 0x0a, 0x0c, 0x00,
  0x0a, 0x00, 0x00, 0x0d, 0x0e, 0x0c, 0x00, 0x00, 0x00, 0x0c, 0x00, 0x00, 0x0f, 0x00, 0x00, 0x00,
  0x0e, 0x00, 0x09, 0x00, 0x0a, 0x0d, 0x0c, 0x00, 0x00, 0x00, 0x09, 0x00, 0x00, 0x0c, 0x0b, 0x00,
  0x00, 0x00, 0x0c, 0x00, 0x0d, 0x00, 0x09, 0x00, 0x0f, 0x0b, 0x0d, 0x00, 0x00, 0x0e, 0x00, 0x0d,
  0x00, 0x00, 0x00, 0x0c, 0x00, 0x05, 0x00, 0x00, 0x00, 0x0e, 0x0c, 0x0e, 0x0c, 0x00, 0x03, 0x00,
  0x00, 0x00, 0x00, 0x0e, 0x00, 0x00, 0x0c, 0x0b, 0x0a, 0x00, 0x0d, 0x00, 0x0b, 0x00, 0x00, 0x00,
  0x00, 0x00, 0x00, 0x00, 0x00, 0x0c, 0x0b, 0x00, 0x00, 0x00, 0x0d, 0x0c, 0x00, 0x00, 0x00, 0x09,
  0x0a, 0x00, 0x09, 0x00, 0x00, 0x00, 0x0d, 0x0b, 0x0c, 0x00, 0x0c, 0x0c, 0x00, 0x00, 0x0b, 0x00,
  0x0d, 0x0e, 0x0c, 0x00, 0x00, 0x0d, 0x00, 0x00, 0x00, 0x0b, 0x0e, 0x0c, 0x00, 0x00, 0x00, 0x00,
  0x0c, 0x00, 0x0d, 0x0c, 0x00, 0x00, 0x00, 0x0e, 0x0c, 0x00, 0x00, 0x00, 0x0d, 0x00, 0x00, 0x0d,
  0x00, 0x00, 0x0c, 0x00, 0x00, 0x0d, 0x0d, 0x00, 0x00, 0x0d, 0x0d, 0x00, 0x00, 0x08, 0x00, 0x00,
  0x0d, 0x0c, 0x0d, 0x09, 0x0b, 0x00, 0x0c, 0x00, 0x0d, 0x09, 0x00, 0x00, 0x00, 0x00, 0x00, 0x00,
  0x00, 0x00, 0x0d, 0x00, 0x00, 0x00, 0x00, 0x00, 0x0c, 0x00, 0x05, 0x00, 0x00, 0x00, 0x09, 0x00,
  0x0f, 0x00, 0x00, 0x0e, 0x00, 0x0e, 0x0d, 0x0d, 0x05, 0x0e, 0x00, 0x00, 0x00, 0x00, 0x00, 0x0b,
  0x0a, 0x0d, 0x00, 0x00, 0x0c, 0x09, 0x0e, 0x00, 0x00, 0x00, 0x0c, 0x00, 0x00, 0x0d, 0x00, 0x0e,
  0x0d, 0x05, 0x00, 0x00, 0x00, 0x0e, 0x00, 0x0e, 0x0f, 0x00, 0x08, 0x00, 0x00, 0x00, 0x00, 0x00,
  0x00, 0x00, 0x00, 0x00, 0x00, 0x00, 0x00, 0x0d, 0x0f, 0x00, 0x09, 0x00, 0x0d, 0x0d, 0x00, 0x0e,
  0x0e, 0x00, 0x07, 0x0d, 0x0b, 0x00, 0x0b, 0x00, 0x0d, 0x00, 0x0b, 0x00, 0x0f, 0x0c, 0x00, 0x0d,
  0x0d, 0x00, 0x0e, 0x0b, 0x00, 0x0b, 0x0e, 0x00, 0x00, 0x00, 0x0d, 0x0a, 0x08, 0x00, 0x00, 0x00,
  0x00, 0x00, 0x00, 0x00, 0x00, 0x00, 0x00, 0x0e, 0x0b, 0x0e, 0x0d, 0x00, 0x0b, 0x00, 0x00, 0x00,
  0x00, 0x0d, 0x0f, 0x0c, 0x0d, 0x0c, 0x0d, 0x00, 0x0d, 0x00, 0x0c, 0x00, 0x00, 0x0b, 0x00, 0x0d,
  0x00, 0x0b, 0x00, 0x0e, 0x09, 0x0e, 0x0d, 0x00, 0x00, 0x00, 0x00, 0x0e, 0x00, 0x00, 0x0d, 0x00,
  0x0d, 0x00, 0x0e, 0x0b, 0x00, 0x0e, 0x00, 0x00, 0x0c, 0x0a, 0x0d, 0x0b, 0x0a, 0x00, 0x0d, 0x0b,
  0x0a, 0x05, 0x0f, 0x00, 0x0d, 0x00, 0x09, 0x00, 0x00, 0x00, 0x00, 0x0d, 0x00, 0x07, 0x00, 0x00,
  0x0e, 0x00, 0x0f, 0x0c, 0x0c, 0x00, 0x00, 0x0c, 0x00, 0x00, 0x00, 0x0e, 0x0d, 0x00, 0x0b, 0x0b,
  0x00, 0x00, 0x00, 0x06, 0x00, 0x08, 0x00, 0x00, 0x0a, 0x00, 0x00, 0x0d, 0x02, 0x05, 0x00, 0x00,
  0x0c, 0x00, 0x00, 0x0c, 0x00, 0x0d, 0x0c, 0x00, 0x00, 0x0c, 0x00, 0x00, 0x08, 0x00, 0x00, 0x00,
  0x00, 0x00, 0x0d, 0x0b, 0x0d, 0x00, 0x00, 0x00, 0x0c, 0x0e, 0x00, 0x0a, 0x09, 0x00, 0x00, 0x0e,
  0x0e, 0x0d, 0x00, 0x00, 0x00, 0x00, 0x00, 0x00, 0x00, 0x0c, 0x0f, 0x00, 0x0b, 0x0c, 0x0c, 0x00,
  0x09, 0x0a, 0x00, 0x00, 0x00, 0x0b, 0x0c, 0x0d, 0x0c, 0x00, 0x00, 0x0e, 0x0b, 0x0d, 0x00, 0x00,
  0x0e, 0x00, 0x00, 0x0b, 0x00, 0x0d, 0x00, 0x00, 0x00, 0x00, 0x06, 0x0c, 0x00, 0x00, 0x00, 0x0c,
  0x03, 0x0b, 0x01, 0x00, 0x00, 0x00, 0x00, 0x00, 0x08, 0x00, 0x00, 0x00, 0x00, 0x0c, 0x0c, 0x00,
  0x0f, 0x0e, 0x0b, 0x0b, 0x00, 0x00, 0x00, 0x08, 0x00, 0x00, 0x00, 0x0d, 0x00, 0x0a, 0x00, 0x0d,
  0x00, 0x0c, 0x0d, 0x0d, 0x00, 0x0d, 0x0c, 0x0b, 0x09, 0x00, 0x0e, 0x0d, 0x00, 0x00, 0x09, 0x09,
  0x00, 0x05, 0x00, 0x00, 0x0c, 0x0e, 0x00, 0x0f, 0x0d, 0x00, 0x0d, 0x00, 0x0b, 0x00, 0x00, 0x00,
  0x0e, 0x0d, 0x00, 0x0c, 0x00, 0x0e, 0x0b, 0x00, 0x0d, 0x0d, 0x00, 0x00, 0x00, 0x00, 0x00, 0x00,
  0x0e, 0x0d, 0x00, 0x00, 0x0d, 0x00, 0x00, 0x00, 0x0c, 0x00, 0x0c, 0x0b, 0x00, 0x07, 0x00, 0x0c,
  0x0c, 0x08, 0x0d, 0x09, 0x00, 0x0d, 0x0d, 0x00, 0x00, 0x0e, 0x00, 0x00, 0x0e, 0x00, 0x00, 0x00,
  0x00, 0x0c, 0x00, 0x0b, 0x00, 0x00, 0x00, 0x0d, 0x0f, 0x00, 0x00, 0x00, 0x00, 0x0b, 0x00, 0x00,
  0x00, 0x08, 0x00, 0x0d, 0x0a, 0x0d, 0x0a, 0x0d, 0x0d, 0x0b, 0x0a, 0x09, 0x00, 0x0e, 0x00, 0x00,
  0x0e, 0x09, 0x00, 0x00, 0x00, 0x09, 0x0e, 0x00, 0x00, 0x00, 0x0d, 0x00, 0x00, 0x00, 0x0d, 0x0d,
  0x09, 0x0d, 0x0c, 0x00, 0x00, 0x00, 0x0f, 0x0e, 0x0a, 0x0d, 0x0b, 0x00, 0x00, 0x00, 0x0d, 0x00,
  0x0d, 0x0c, 0x00, 0x0e, 0x0e, 0x00, 0x00, 0x00, 0x0e, 0x00, 0x0a, 0x00, 0x0a, 0x0e, 0x0c, 0x00,
  0x0e, 0x00, 0x00, 0x0b, 0x09, 0x0d, 0x00, 0x0a, 0x0e, 0x00, 0x00, 0x0d, 0x0c, 0x00, 0x0e, 0x0c,
  0x0d, 0x0c, 0x00, 0x00, 0x00, 0x0c, 0x0e, 0x00, 0x0a, 0x0d, 0x08, 0x00, 0x00, 0x00, 0x00, 0x00,
  0x00, 0x0d, 0x00, 0x0d, 0x0d, 0x0b, 0x0c, 0x00, 0x00, 0x0a, 0x0d, 0x00, 0x0c, 0x0a, 0x0d, 0x00,
  0x0b, 0x0c, 0x00, 0x0a, 0x0d, 0x08, 0x0a, 0x00, 0x0f, 0x00, 0x0c, 0x00, 0x0b, 0x0e, 0x09, 0x00,
  0x00, 0x00, 0x00, 0x08, 0x0e, 0x00, 0x00, 0x0d, 0x0a, 0x0b, 0x0e, 0x0c, 0x00, 0x0b, 0x0c, 0x00,
  0x0c, 0x00, 0x00, 0x06, 0x09, 0x0a, 0x00, 0x00, 0x0c, 0x00, 0x0b, 0x00, 0x0a, 0x00, 0x0e, 0x00,
  0x00, 0x0b, 0x00, 0x0c, 0x0c, 0x0a, 0x0a, 0x0e, 0x00, 0x00, 0x0e, 0x0c, 0x00, 0x00, 0x0a, 0x08,
  0x00, 0x00, 0x00, 0x0e, 0x08, 0x0e, 0x08, 0x0c, 0x00, 0x00, 0x0a, 0x00, 0x0e, 0x00, 0x00, 0x0c,
  0x00, 0x0d, 0x00, 0x00, 0x00, 0x09, 0x00, 0x00, 0x0b, 0x0d, 0x0c, 0x00, 0x0d, 0x0d, 0x00, 0x00,
  0x00, 0x08, 0x00, 0x00, 0x00, 0x00, 0x00, 0x0b, 0x0c, 0x00, 0x00, 0x0e, 0x0d, 0x00, 0x00, 0x00,
  0x0d, 0x00, 0x0e, 0x0c, 0x00, 0x00, 0x00, 0x00, 0x0d, 0x08, 0x0b, 0x00, 0x00, 0x00, 0x00, 0x00,
  0x0b, 0x0e, 0x00, 0x00, 0x0d, 0x0c, 0x0d, 0x09, 0x00, 0x00, 0x08, 0x00, 0x00, 0x0d, 0x00, 0x0a,
  0x0c, 0x00, 0x00, 0x00, 0x00, 0x0d, 0x00, 0x0c, 0x0a, 0x00, 0x0f, 0x09, 0x0d, 0x00, 0x0c, 0x00,
  0x05, 0x00, 0x06, 0x00, 0x0d, 0x0b, 0x0f, 0x0f, 0x00, 0x0d, 0x00, 0x0c, 0x0f, 0x00, 0x0b, 0x00,
  0x00, 0x00, 0x00, 0x0a, 0x00, 0x0f, 0x0c, 0x0a, 0x0e, 0x0d, 0x0f, 0x00, 0x0c, 0x0b, 0x00, 0x0b,
  0x00, 0x0c, 0x00, 0x0d, 0x08, 0x00, 0x00, 0x00, 0x00, 0x00, 0x0b, 0x0c, 0x00, 0x0f, 0x0f, 0x0b,
  0x0c, 0x0b, 0x07, 0x0e, 0x00, 0x00, 0x00, 0x00, 0x0c, 0x0b, 0x0c, 0x0e, 0x00, 0x0e, 0x0a, 0x00,
  0x00, 0x00, 0x0c, 0x0d, 0x0c, 0x0b, 0x0a, 0x00, 0x00, 0x00, 0x09, 0x00, 0x0a, 0x00, 0x00, 0x06,
  0x00, 0x00, 0x0d, 0x00, 0x00, 0x0b, 0x00, 0x0d, 0x00, 0x00, 0x07, 0x00, 0x0c, 0x00, 0x00, 0x0d,
  0x00, 0x0c, 0x0d, 0x00, 0x00, 0x0d, 0x00, 0x00, 0x00, 0x0b, 0x04, 0x00, 0x0a, 0x00, 0x0d, 0x0f,
  0x0c, 0x00, 0x07, 0x0c, 0x0d, 0x0e, 0x0a, 0x00, 0x0a, 0x00, 0x00, 0x0b, 0x00, 0x00, 0x0a, 0x0d,
  0x0b, 0x00, 0x0e, 0x0a, 0x09, 0x0b, 0x00, 0x00, 0x00, 0x0d, 0x0b, 0x0d, 0x0c, 0x0e, 0x00, 0x00,
  0x0d, 0x00, 0x00, 0x0c, 0x00, 0x00, 0x0b, 0x00, 0x00, 0x00, 0x00, 0x00, 0x0d, 0x00, 0x00, 0x0f,
  0x0b, 0x0e, 0x00, 0x0b, 0x00, 0x0e, 0x00, 0x00, 0x00, 0x00, 0x09, 0x00, 0x00, 0x0b, 0x0e, 0x00,
  0x0b, 0x0c, 0x00, 0x0f, 0x0d, 0x0e, 0x0e, 0x0f, 0x00, 0x00, 0x00, 0x00, 0x00, 0x00, 0x0a, 0x00,
  0x0d, 0x00, 0x0b, 0x00, 0x00, 0x0b, 0x07, 0x0b, 0x00, 0x0d, 0x00, 0x00, 0x0a, 0x00, 0x00, 0x00,
  0x0f, 0x00, 0x09, 0x0d, 0x00, 0x09, 0x0e, 0x0b, 0x0d, 0x0c, 0x0a, 0x0b, 0x0e, 0x00, 0x0d, 0x0d,
  0x0c, 0x0e, 0x00, 0x00, 0x00, 0x0b, 0x00, 0x00, 0x0a, 0x0b, 0x0b, 0x00, 0x00, 0x0c, 0x0b, 0x00,
  0x0d, 0x06, 0x0e, 0x00, 0x0a, 0x0d, 0x0d, 0x0c, 0x00, 0x07, 0x0a, 0x00, 0x09, 0x00, 0x00, 0x00,
  0x00, 0x0a, 0x0c, 0x00, 0x0e, 0x00, 0x0d, 0x0c, 0x00, 0x00, 0x06, 0x0a, 0x00, 0x00, 0x00, 0x00,
  0x0d, 0x00, 0x00, 0x00, 0x00, 0x00, 0x0e, 0x0b, 0x0e, 0x00, 0x00, 0x0d, 0x00, 0x00, 0x0d, 0x00,
  0x00, 0x00, 0x0c, 0x0e, 0x0e, 0x0c, 0x00, 0x00, 0x00, 0x00, 0x0d, 0x00, 0x00, 0x00, 0x0d, 0x09,
  0x0c, 0x0a, 0x00, 0x0d, 0x0d, 0x09, 0x00, 0x09, 0x00, 0x0b, 0x00, 0x00, 0x00, 0x00, 0x0c, 0x0d,
  0x00, 0x0d, 0x0e, 0x0d, 0x0d, 0x0c, 0x0c, 0x00, 0x00, 0x0b, 0x08, 0x0c, 0x0f, 0x0d, 0x07, 0x08,
  0x0d, 0x00, 0x00, 0x00, 0x0d, 0x00, 0x0a, 0x00, 0x08, 0x00, 0x00, 0x00, 0x0d, 0x0c, 0x0c, 0x09,
  0x00, 0x0d, 0x0e, 0x0c, 0x00, 0x0e, 0x00, 0x00, 0x00, 0x0c, 0x0d, 0x00, 0x00, 0x00, 0x0c, 0x00,
  0x00, 0x00, 0x0e, 0x0c, 0x00, 0x00, 0x0e, 0x0d, 0x0c, 0x0d, 0x08, 0x00, 0x00, 0x00, 0x00, 0x0b,
  0x0c, 0x0d, 0x00, 0x0a, 0x0d, 0x00, 0x0a, 0x00, 0x00, 0x00, 0x00, 0x00, 0x00, 0x00, 0x00, 0x0d,
  0x00, 0x00, 0x00, 0x00, 0x00, 0x0c, 0x00, 0x09, 0x0a, 0x00, 0x00, 0x00, 0x00, 0x0a, 0x00, 0x00,
  0x00, 0x00, 0x00, 0x00, 0x00, 0x0b, 0x0b, 0x00, 0x0f, 0x0f, 0x0c, 0x0d, 0x0c, 0x00, 0x0a, 0x00,
  0x0e, 0x00, 0x00, 0x00, 0x00, 0x00, 0x00, 0x00, 0x0f, 0x0d, 0x00, 0x0d, 0x0a, 0x0a, 0x00, 0x00,
  0x06, 0x0a, 0x00, 0x00, 0x00, 0x04, 0x0e, 0x0b, 0x00, 0x0d, 0x0d, 0x0c, 0x0d, 0x00, 0x0e, 0x0c,
  0x00, 0x0e, 0x0e, 0x0e, 0x0d, 0x0a, 0x00, 0x00, 0x00, 0x00, 0x0d, 0x08, 0x0e, 0x0a, 0x0b, 0x08,
  0x0f, 0x00, 0x00, 0x0b, 0x0e, 0x0c, 0x00, 0x00, 0x0e, 0x0e, 0x0b, 0x00, 0x0f, 0x00, 0x00, 0x00,
  0x0c, 0x00, 0x0b, 0x00, 0x0d, 0x0d, 0x0c, 0x07, 0x09, 0x00, 0x00, 0x0d, 0x0a, 0x0c, 0x0d, 0x00,
  0x0b, 0x00, 0x00, 0x0b, 0x0a, 0x0a, 0x00, 0x00, 0x00, 0x00, 0x0c, 0x00, 0x0d, 0x00, 0x00, 0x07,
  0x00, 0x00, 0x00, 0x00, 0x00, 0x00, 0x0c, 0x0c, 0x0e, 0x0c, 0x00, 0x00, 0x00, 0x09, 0x0c, 0x00,
  0x09, 0x0d, 0x0a, 0x00, 0x00, 0x00, 0x00, 0x0d, 0x0c, 0x0d, 0x0c, 0x00, 0x0d, 0x00, 0x00, 0x00,
  0x0b, 0x0d, 0x00, 0x0e, 0x0c, 0x0d, 0x0c, 0x00, 0x00, 0x0e, 0x00, 0x0e, 0x0d, 0x00, 0x0a, 0x0a,
  0x0e, 0x0f, 0x00, 0x0b, 0x00, 0x0b, 0x00, 0x00, 0x0a, 0x0b, 0x09, 0x00, 0x00, 0x0f, 0x00, 0x00,
  0x0e, 0x00, 0x0c, 0x0c, 0x0c, 0x0b, 0x0d, 0x00, 0x09, 0x00, 0x0b, 0x0c, 0x00, 0x00, 0x06, 0x0d,
  0x0a, 0x0d, 0x00, 0x00, 0x00, 0x00, 0x0d, 0x0d, 0x0c, 0x00, 0x0c, 0x0a, 0x00, 0x0f, 0x00, 0x0c,
  0x00, 0x00, 0x0d, 0x0c, 0x00, 0x0b, 0x00, 0x0d, 0x0e, 0x00, 0x0d, 0x00, 0x0b, 0x0d, 0x0d, 0x00,
  0x00, 0x00, 0x00, 0x0d, 0x00, 0x0a, 0x0c, 0x00, 0x00, 0x08, 0x00, 0x00, 0x00, 0x00, 0x0b, 0x08,
  0x08, 0x00, 0x0c, 0x00, 0x0e, 0x00, 0x00, 0x0c, 0x00, 0x0e, 0x0e, 0x0c, 0x0c, 0x00, 0x08, 0x00,
  0x0f, 0x00, 0x0c, 0x00, 0x0d, 0x00, 0x0d, 0x00, 0x0e, 0x0c, 0x00, 0x00, 0x0d, 0x00, 0x06, 0x0c,
  0x0b, 0x09, 0x0d, 0x00, 0x0d, 0x0b, 0x00, 0x00, 0x0a, 0x00, 0x03, 0x0e, 0x0b, 0x0d, 0x0e, 0x0e,
  0x09, 0x00, 0x00, 0x0c, 0x00, 0x00, 0x0a, 0x00, 0x0d, 0x0d, 0x0b, 0x00, 0x00, 0x00, 0x00, 0x0d,
  0x00, 0x0c, 0x0e, 0x00, 0x0e, 0x0d, 0x00, 0x0b, 0x09, 0x00, 0x09, 0x0a, 0x00, 0x0d, 0x0b, 0x00,
  0x00, 0x0b, 0x00, 0x00, 0x00, 0x0e, 0x00, 0x00, 0x0b, 0x08, 0x00, 0x00, 0x00, 0x00, 0x00, 0x00,
  0x00, 0x0d, 0x0d, 0x0c, 0x00, 0x00, 0x0c, 0x00, 0x00, 0x07, 0x0e, 0x00, 0x0c, 0x0e, 0x0c, 0x0d,
  0x0d, 0x00, 0x0c, 0x00, 0x00, 0x0a, 0x0d, 0x00, 0x0e, 0x00, 0x0d, 0x0e, 0x00, 0x00, 0x0a, 0x0e,
  0x04, 0x00, 0x00, 0x00, 0x00, 0x00, 0x00, 0x00, 0x00, 0x00, 0x00, 0x00, 0x0e, 0x00, 0x0c, 0x00,
  0x00, 0x00, 0x00, 0x0e, 0x00, 0x0b, 0x00, 0x0d, 0x00, 0x00, 0x00, 0x00, 0x0b, 0x00, 0x00, 0x0c,
  0x07, 0x0d, 0x00, 0x00, 0x00, 0x05, 0x00, 0x0d, 0x00, 0x0b, 0x0d, 0x00, 0x0a, 0x00, 0x00, 0x0b,
  0x00, 0x00, 0x00, 0x0e, 0x00, 0x0a, 0x00, 0x0d, 0x00, 0x00, 0x00, 0x0e, 0x00, 0x0c, 0x0b, 0x00,
  0x00, 0x0c, 0x00, 0x00, 0x0d, 0x0d, 0x0b, 0x00, 0x00, 0x0e, 0x0d, 0x00, 0x07, 0x00, 0x00, 0x0b,
  0x00, 0x0f, 0x0c, 0x00, 0x00, 0x0e, 0x0b, 0x00, 0x00, 0x0c, 0x00, 0x00, 0x00, 0x0e, 0x00, 0x0d,
  0x0b, 0x0c, 0x00, 0x00, 0x0b, 0x00, 0x0a, 0x00, 0x0c, 0x0d, 0x0a, 0x07, 0x00, 0x00, 0x00, 0x00,
  0x00, 0x00, 0x0b, 0x00, 0x00, 0x0c, 0x0b, 0x00, 0x00, 0x0d, 0x0d, 0x00, 0x00, 0x0b, 0x00, 0x00,
  0x09, 0x0d, 0x0d, 0x0a, 0x00, 0x0c, 0x0b, 0x0c, 0x0c, 0x0d, 0x00, 0x09, 0x00, 0x00, 0x0e, 0x0c,
  0x0b, 0x0c, 0x0e, 0x00, 0x0e, 0x0e, 0x0c, 0x00, 0x00, 0x0c, 0x00, 0x0e, 0x00, 0x00, 0x00, 0x0c,
  0x00, 0x0c, 0x00, 0x0e, 0x00, 0x07, 0x00, 0x0e, 0x00, 0x0d, 0x0a, 0x0d, 0x00, 0x00, 0x00, 0x00,
  0x06, 0x0d, 0x0c, 0x00, 0x0e, 0x00, 0x00, 0x00, 0x00, 0x0e, 0x00, 0x08, 0x09, 0x0a, 0x0a, 0x00,
  0x0c, 0x00, 0x00, 0x00, 0x0b, 0x00, 0x00, 0x0d, 0x0e, 0x00, 0x0a, 0x0b, 0x00, 0x00, 0x00, 0x00,
  0x0c, 0x0e, 0x00, 0x0b, 0x0d, 0x0b, 0x00, 0x00, 0x00, 0x0d, 0x00, 0x0e, 0x00, 0x00, 0x00, 0x0e,
  0x0d, 0x00, 0x00, 0x00, 0x0c, 0x00, 0x00, 0x0c, 0x0e, 0x0a, 0x00, 0x0a, 0x00, 0x00, 0x0b, 0x0c,
  0x0d, 0x0c, 0x00, 0x00, 0x00, 0x00, 0x00, 0x0b, 0x00, 0x0e, 0x00, 0x0c, 0x0c, 0x0a, 0x00, 0x0a,
  0x0c, 0x0c, 0x0a, 0x0d, 0x09, 0x00, 0x00, 0x00, 0x0a, 0x0a, 0x00, 0x00, 0x00, 0x00, 0x00, 0x0d,
  0x0c, 0x0f, 0x0a, 0x00, 0x0c, 0x0b, 0x00, 0x0d, 0x0d, 0x0b, 0x0b, 0x0c, 0x00, 0x00, 0x00, 0x00,
  0x0c, 0x0f, 0x00, 0x0a, 0x00, 0x00, 0x00, 0x09, 0x0c, 0x0b, 0x00, 0x0d, 0x0b, 0x0d, 0x00, 0x0e,
  0x00, 0x00, 0x0d, 0x0c, 0x00, 0x0e, 0x0d, 0x0d, 0x00, 0x09, 0x0d, 0x00, 0x0d, 0x00, 0x0a, 0x00,
  0x0e, 0x00, 0x00, 0x00, 0x0d, 0x00, 0x0c, 0x0d, 0x09, 0x00, 0x00, 0x0d, 0x00, 0x00, 0x0e, 0x00,
  0x0e, 0x0d, 0x0c, 0x00, 0x0d, 0x0a, 0x00, 0x0c, 0x00, 0x00, 0x0a, 0x0e, 0x00, 0x0d, 0x0e, 0x0e,
  0x0c, 0x0d, 0x0e, 0x00, 0x0e, 0x00, 0x00, 0x0e, 0x09, 0x0c, 0x09, 0x0e, 0x0d, 0x00, 0x0e, 0x0c,
  0x00, 0x0e, 0x0b, 0x00, 0x0b, 0x00, 0x00, 0x0e, 0x00, 0x00, 0x0e, 0x00, 0x0c, 0x00, 0x00, 0x0e,
  0x0a, 0x00, 0x00, 0x00, 0x0d, 0x08, 0x09, 0x0e, 0x00, 0x00, 0x00, 0x00, 0x00, 0x0b, 0x00, 0x0d,
  0x0b, 0x00, 0x00, 0x00, 0x0d, 0x0f, 0x00, 0x00, 0x0e, 0x0b, 0x00, 0x0b, 0x00, 0x07, 0x00, 0x00,
  0x00, 0x0f, 0x00, 0x00, 0x0d, 0x00, 0x00, 0x00, 0x0c, 0x0b, 0x00, 0x0d, 0x00, 0x09, 0x00, 0x00,
  0x0c, 0x0e, 0x0d, 0x00, 0x00, 0x00, 0x08, 0x0d, 0x00, 0x00, 0x0d, 0x0b, 0x00, 0x00, 0x0d, 0x00,
  0x00, 0x00, 0x00, 0x00, 0x00, 0x00, 0x00, 0x0b, 0x09, 0x00, 0x00, 0x00, 0x00, 0x0e, 0x00, 0x0c,
  0x00, 0x00, 0x09, 0x0d, 0x00, 0x0e, 0x00, 0x00, 0x0d, 0x00, 0x0d, 0x0b, 0x0e, 0x0a, 0x0b, 0x00,
  0x00, 0x00, 0x0e, 0x00, 0x0c, 0x00, 0x00, 0x00, 0x07, 0x0d, 0x0e, 0x00, 0x0e, 0x06, 0x00, 0x0d,
  0x0f, 0x0b, 0x00, 0x0e, 0x0a, 0x0c, 0x0c, 0x09, 0x00, 0x00, 0x0c, 0x09, 0x0c, 0x00, 0x00, 0x0c,
  0x00, 0x0f, 0x00, 0x00, 0x00, 0x00, 0x00, 0x0d, 0x00, 0x00, 0x00, 0x00, 0x00, 0x00, 0x0e, 0x0b,
  0x00, 0x0d, 0x00, 0x09, 0x00, 0x0c, 0x00, 0x0d, 0x00, 0x0b, 0x0c, 0x0d, 0x0d, 0x0e, 0x08, 0x00,
  0x0a, 0x00, 0x00, 0x00, 0x0c, 0x0f, 0x0d, 0x00, 0x00, 0x0a, 0x00, 0x0c, 0x00, 0x00, 0x00, 0x0c,
  0x0c, 0x00, 0x09, 0x00, 0x00, 0x00, 0x00, 0x00, 0x00, 0x00, 0x0d, 0x0a, 0x00, 0x00, 0x0a, 0x0e,
  0x00, 0x0e, 0x0a, 0x00, 0x0d, 0x00, 0x00, 0x0a, 0x00, 0x00, 0x0d, 0x00, 0x0b, 0x00, 0x00, 0x08,
  0x0b, 0x0c, 0x0d, 0x00, 0x0e, 0x0c, 0x00, 0x00, 0x0c, 0x0c, 0x0b, 0x0e, 0x00, 0x00, 0x0e, 0x00,
  0x00, 0x00, 0x00, 0x00, 0x00, 0x0e, 0x00, 0x00, 0x0e, 0x00, 0x00, 0x00, 0x00, 0x00, 0x00, 0x0c,
  0x00, 0x0b, 0x04, 0x0d, 0x00, 0x0d, 0x00, 0x00, 0x00, 0x00, 0x00, 0x00, 0x00, 0x00, 0x0c, 0x0c,
  0x00, 0x0a, 0x09, 0x0a, 0x07, 0x00, 0x00, 0x0d, 0x08, 0x0a, 0x00, 0x00, 0x00, 0x0b, 0x00, 0x0c,
  0x00, 0x0d, 0x0e, 0x0a, 0x00, 0x0e, 0x00, 0x00, 0x0d, 0x0d, 0x00, 0x00, 0x0f, 0x00, 0x08, 0x00,
  0x0c, 0x00, 0x00, 0x0e, 0x04, 0x09, 0x0e, 0x00, 0x00, 0x00, 0x0e, 0x05, 0x00, 0x0d, 0x0f, 0x00,
  0x0c, 0x08, 0x08, 0x00, 0x0c, 0x00, 0x0e, 0x0b, 0x00, 0x00, 0x00, 0x06, 0x0c, 0x0e, 0x00, 0x0d,
  0x0d, 0x00, 0x0b, 0x0d, 0x0d, 0x0c, 0x00, 0x00, 0x08, 0x0b, 0x00, 0x0c, 0x00, 0x00, 0x00, 0x00,
  0x00, 0x00, 0x0a, 0x0d, 0x0b, 0x00, 0x0e, 0x0f, 0x0c, 0x00, 0x00, 0x00, 0x00, 0x0f, 0x0e, 0x00,
  0x00, 0x00, 0x09, 0x0e, 0x0a, 0x0a, 0x00, 0x00, 0x00, 0x00, 0x0d, 0x0c, 0x08, 0x0e, 0x08, 0x0e,
  0x0c, 0x00, 0x00, 0x0e, 0x00, 0x00, 0x0d, 0x00, 0x0c, 0x00, 0x00, 0x00, 0x00, 0x0e, 0x00, 0x00,
  0x0b, 0x0d, 0x00, 0x0a, 0x08, 0x0e, 0x00, 0x09, 0x0a, 0x0c, 0x00, 0x0b, 0x00, 0x00, 0x0c, 0x00,
  0x0b, 0x00, 0x00, 0x0a, 0x00, 0x0d, 0x0a, 0x0a, 0x0f, 0x0c, 0x0a, 0x00, 0x0d, 0x00, 0x0e, 0x0b,
  0x00, 0x00, 0x00, 0x0c, 0x0a, 0x00, 0x0b, 0x00, 0x00, 0x00, 0x09, 0x0d, 0x00, 0x0c, 0x00, 0x0e,
  0x00, 0x09, 0x00, 0x00, 0x0c, 0x0d, 0x09, 0x00, 0x00, 0x00, 0x0b, 0x00, 0x00, 0x00, 0x07, 0x0b,
  0x0d, 0x0d, 0x00, 0x0d, 0x00, 0x00, 0x00, 0x0c, 0x0e, 0x0e, 0x00, 0x0c, 0x00, 0x0d, 0x0b, 0x0c,
  0x08, 0x00, 0x0d, 0x00, 0x0d, 0x0c, 0x00, 0x0d, 0x0f, 0x0d, 0x00, 0x00, 0x00, 0x00, 0x00, 0x00,
  0x00, 0x0e, 0x00, 0x00, 0x0d, 0x00, 0x00, 0x00, 0x0a, 0x0d, 0x00, 0x0d, 0x00, 0x0b, 0x00, 0x00,
  0x0a, 0x00, 0x0b, 0x00, 0x08, 0x00, 0x00, 0x00, 0x0d, 0x00, 0x00, 0x0e, 0x00, 0x00, 0x0f, 0x0a,
  0x00, 0x0f, 0x0e, 0x0c, 0x0b, 0x0c, 0x0b, 0x00, 0x00, 0x00, 0x00, 0x00, 0x0c, 0x00, 0x0d, 0x0a,
  0x0b, 0x00, 0x0c, 0x06, 0x00, 0x05, 0x00, 0x00, 0x07, 0x0c, 0x0c, 0x09, 0x0e, 0x00, 0x0b, 0x00,
  0x00, 0x09, 0x00, 0x0a, 0x00, 0x00, 0x0e, 0x09, 0x00, 0x00, 0x00, 0x00, 0x00, 0x0d, 0x00, 0x0c,
  0x00, 0x08, 0x00, 0x00, 0x00, 0x00, 0x0a, 0x00, 0x00, 0x0d, 0x00, 0x0b, 0x0e, 0x09, 0x0e, 0x0b,
  0x08, 0x00, 0x00, 0x00, 0x0d, 0x0d, 0x0e, 0x00, 0x00, 0x00, 0x00, 0x00, 0x0b, 0x00, 0x00, 0x0d,
  0x0e, 0x0c, 0x00, 0x0c, 0x0b, 0x00, 0x0c, 0x00, 0x0c, 0x0d, 0x0d, 0x00, 0x0d, 0x00, 0x00, 0x0d,
  0x00, 0x00, 0x00, 0x00, 0x0e, 0x0c, 0x0d, 0x00, 0x0e, 0x0d, 0x0b, 0x00, 0x0b, 0x00, 0x0d, 0x00,
  0x00, 0x0a, 0x00, 0x00, 0x00, 0x00, 0x05, 0x00, 0x00, 0x00, 0x00, 0x0b, 0x00, 0x00, 0x00, 0x00,
  0x00, 0x04, 0x00, 0x00, 0x00, 0x00, 0x0c, 0x00, 0x0d, 0x0a, 0x00, 0x00, 0x00, 0x0c, 0x0c, 0x00,
  0x00, 0x00, 0x00, 0x0c, 0x0c, 0x00, 0x0e, 0x00, 0x08, 0x00, 0x00, 0x00, 0x0d, 0x0d, 0x03, 0x06,
  0x0a, 0x00, 0x00, 0x0d, 0x00, 0x0c, 0x00, 0x0d, 0x0c, 0x0d, 0x0c, 0x00, 0x00, 0x0d, 0x00, 0x00,
  0x00, 0x0d, 0x09, 0x0c, 0x0c, 0x00, 0x00, 0x00, 0x00, 0x0c, 0x00, 0x0e, 0x03, 0x00, 0x00, 0x00,
  0x00, 0x00, 0x00, 0x00, 0x00, 0x00, 0x05, 0x00, 0x00, 0x00, 0x00, 0x00, 0x00, 0x00, 0x0d, 0x0d,
  0x00, 0x0d, 0x0b, 0x0e, 0x0f, 0x0f, 0x0f, 0x0a, 0x09, 0x0c, 0x0c, 0x00, 0x0c, 0x00, 0x0b, 0x0c,
  0x0c, 0x00, 0x00, 0x00, 0x0c, 0x00, 0x0a, 0x00, 0x00, 0x00, 0x00, 0x0c, 0x00, 0x00, 0x0e, 0x07,
  0x0e, 0x00, 0x0e, 0x00, 0x09, 0x00, 0x0c, 0x0c, 0x00, 0x0a, 0x00, 0x00, 0x0a, 0x00, 0x07, 0x00,
  0x00, 0x0b, 0x0b, 0x00, 0x00, 0x0b, 0x00, 0x0c, 0x0c, 0x00, 0x00, 0x00, 0x0b, 0x00, 0x0c, 0x0e,
  0x0e, 0x0c, 0x0e, 0x00, 0x0d, 0x0d, 0x0d, 0x00, 0x0d, 0x0b, 0x00, 0x0d, 0x0c, 0x0a, 0x0d, 0x0a,
  0x0a, 0x07, 0x0a, 0x0b, 0x00, 0x0e, 0x00, 0x0d, 0x0d, 0x00, 0x0d, 0x0f, 0x0c, 0x0c, 0x0e, 0x0d,
  0x0b, 0x00, 0x0b, 0x09, 0x00, 0x00, 0x0a, 0x0c, 0x00, 0x00, 0x00, 0x00, 0x09, 0x00, 0x00, 0x00,
  0x0d, 0x0c, 0x0e, 0x00, 0x0e, 0x00, 0x00, 0x0d, 0x00, 0x00, 0x00, 0x0a, 0x00, 0x00, 0x08, 0x00,
  0x0d, 0x00, 0x0d, 0x0b, 0x00, 0x0a, 0x00, 0x00, 0x00, 0x00, 0x00, 0x0c, 0x0e, 0x0a, 0x0a, 0x00,
  0x08, 0x0c, 0x00, 0x00, 0x09, 0x0e, 0x0b, 0x00, 0x0f, 0x0d, 0x00, 0x00, 0x05, 0x00, 0x0a, 0x0d,
  0x09, 0x0d, 0x00, 0x00, 0x0b, 0x0d, 0x0e, 0x0b, 0x0b, 0x08, 0x00, 0x00, 0x09, 0x00, 0x00, 0x0e,
  0x0a, 0x0b, 0x00, 0x00, 0x0d, 0x00, 0x00, 0x0d, 0x0f, 0x00, 0x0c, 0x00, 0x00, 0x00, 0x00, 0x0c,
  0x00, 0x0b, 0x00, 0x0d, 0x00, 0x00, 0x0e, 0x0c, 0x00, 0x00, 0x0b, 0x07, 0x0b, 0x0d, 0x0a, 0x0c,
  0x0a, 0x00, 0x0f, 0x00, 0x00, 0x0c, 0x0b, 0x00, 0x0b, 0x0e, 0x00, 0x00, 0x0b, 0x00, 0x0d, 0x0d,
  0x00, 0x0e, 0x00, 0x00, 0x00, 0x00, 0x00, 0x00, 0x00, 0x06, 0x0f, 0x00, 0x09, 0x09, 0x00, 0x0d,
  0x00, 0x00, 0x0d, 0x0e, 0x00, 0x00, 0x00, 0x0d, 0x0d, 0x00, 0x00, 0x00, 0x0d, 0x0a, 0x0c, 0x08,
  0x00, 0x00, 0x00, 0x00, 0x0b, 0x0f, 0x0e, 0x00, 0x00, 0x0c, 0x0e, 0x0c, 0x0f, 0x0b, 0x00, 0x04,
  0x00, 0x00, 0x0e, 0x00, 0x0d, 0x0a, 0x0c, 0x00, 0x0c, 0x0c, 0x0f, 0x0a, 0x00, 0x0d, 0x00, 0x00,
  0x0d, 0x0d, 0x09, 0x0d, 0x0c, 0x02, 0x00, 0x00, 0x0d, 0x00, 0x0c, 0x00, 0x0d, 0x0c, 0x00, 0x0d,
  0x00, 0x00, 0x0e, 0x0c, 0x00, 0x00, 0x0b, 0x07, 0x0c, 0x00, 0x09, 0x00, 0x0f, 0x00, 0x00, 0x0d,
  0x00, 0x00, 0x00, 0x0b, 0x00, 0x0b, 0x08, 0x00, 0x00, 0x00, 0x00, 0x00, 0x0d, 0x00, 0x00, 0x00,
  0x0c, 0x00, 0x00, 0x0e, 0x0a, 0x00, 0x00, 0x03, 0x0e, 0x0d, 0x00, 0x00, 0x00, 0x00, 0x00, 0x00,
  0x07, 0x00, 0x0b, 0x05, 0x09, 0x00, 0x00, 0x00, 0x00, 0x0e, 0x0d, 0x07, 0x00, 0x00, 0x0a, 0x0a,
  0x00, 0x0a, 0x00, 0x00, 0x0d, 0x00, 0x00, 0x0a, 0x0e, 0x00, 0x00, 0x00, 0x08, 0x00, 0x0b, 0x0e,
  0x00, 0x00, 0x0d, 0x0d, 0x00, 0x0a, 0x0e, 0x00, 0x06, 0x00, 0x00, 0x0c, 0x0d, 0x00, 0x00, 0x0b,
  0x00, 0x00, 0x00, 0x0b, 0x0c, 0x00, 0x0e, 0x0e, 0x09, 0x0e, 0x00, 0x00, 0x00, 0x0c, 0x00, 0x0e,
  0x0a, 0x0d, 0x0c, 0x0e, 0x00, 0x00, 0x00, 0x0f, 0x0d, 0x08, 0x04, 0x0d, 0x0a, 0x00, 0x0c, 0x00,
  0x00, 0x00, 0x0e, 0x03, 0x0c, 0x0c, 0x07, 0x00, 0x0e, 0x04, 0x00, 0x0d, 0x00, 0x00, 0x00, 0x0c,
  0x0b, 0x0e, 0x0c, 0x00, 0x0e, 0x0b, 0x0a, 0x0c, 0x00, 0x00, 0x08, 0x0d, 0x0c, 0x00, 0x00, 0x00,
  0x00, 0x0d, 0x00, 0x0b, 0x0b, 0x0c, 0x0b, 0x00, 0x00, 0x00, 0x0e, 0x00, 0x00, 0x0b, 0x0c, 0x00,
  0x00, 0x00, 0x00, 0x00, 0x0d, 0x0e, 0x0b, 0x0e, 0x0e, 0x00, 0x00, 0x00, 0x04, 0x0b, 0x00, 0x0e,
  0x0d, 0x00, 0x0b, 0x0b, 0x00, 0x0b, 0x09, 0x0e, 0x09, 0x0d, 0x09, 0x00, 0x00, 0x0d, 0x0a, 0x00,
  0x0e, 0x09, 0x00, 0x0d, 0x0b, 0x00, 0x00, 0x0b, 0x0e, 0x0f, 0x00, 0x00, 0x00, 0x00, 0x0e, 0x00,
  0x0c, 0x00, 0x0d, 0x0d, 0x0c, 0x0d, 0x0b, 0x00, 0x00, 0x00, 0x0d, 0x0f, 0x00, 0x0e, 0x0e, 0x0e,
  0x0a, 0x00, 0x00, 0x00, 0x0d, 0x00, 0x0e, 0x00, 0x00, 0x0b, 0x09, 0x0c, 0x0c, 0x00, 0x00, 0x08,
  0x0d, 0x0b, 0x0e, 0x00, 0x0b, 0x0a, 0x00, 0x0e, 0x00, 0x00, 0x0b, 0x00, 0x00, 0x00, 0x0d, 0x00,
  0x0b, 0x06, 0x00, 0x00, 0x0e, 0x00, 0x08, 0x0e, 0x0d, 0x0f, 0x00, 0x0c, 0x00, 0x0d, 0x0d, 0x06,
  0x00, 0x0c, 0x0a, 0x0e, 0x05, 0x0d, 0x0a, 0x00, 0x00, 0x00, 0x0c, 0x0e, 0x00, 0x00, 0x0e, 0x0b,
  0x0d, 0x00, 0x0c, 0x00, 0x00, 0x0c, 0x0b, 0x00, 0x0d, 0x00, 0x00, 0x0c, 0x0e, 0x0d, 0x00, 0x08,
  0x04, 0x09, 0x00, 0x0a, 0x00, 0x00, 0x0e, 0x00, 0x0e, 0x0d, 0x0c, 0x00, 0x0a, 0x0d, 0x0b, 0x0d,
  0x00, 0x0b, 0x0c, 0x0d, 0x00, 0x08, 0x0d, 0x0e, 0x09, 0x0c, 0x00, 0x00, 0x0c, 0x0a, 0x00, 0x0d,
  0x00, 0x00, 0x0d, 0x0d, 0x0e, 0x00, 0x00, 0x00, 0x0e, 0x0b, 0x00, 0x00, 0x0b, 0x0d, 0x00, 0x00,
  0x06, 0x0c, 0x00, 0x07, 0x0b, 0x00, 0x09, 0x00, 0x0d, 0x00, 0x0b, 0x00, 0x04, 0x0e, 0x0e, 0x00,
  0x00, 0x00, 0x0e, 0x00, 0x0d, 0x09, 0x0b, 0x00, 0x00, 0x00, 0x0b, 0x00, 0x00, 0x0a, 0x03, 0x0c,
  0x0d, 0x00, 0x00, 0x00, 0x00, 0x0b, 0x00, 0x0a, 0x00, 0x0a, 0x0d, 0x0c, 0x00, 0x0b, 0x00, 0x00,
  0x07, 0x0d, 0x00, 0x0e, 0x0b, 0x00, 0x0b, 0x00, 0x00, 0x09, 0x0a, 0x00, 0x06, 0x00, 0x0c, 0x0e,
  0x0b, 0x0f, 0x0a, 0x00, 0x00, 0x0c, 0x00, 0x00, 0x0d, 0x00, 0x0c, 0x0b, 0x08, 0x00, 0x00, 0x00,
  0x00, 0x0d, 0x00, 0x00, 0x07, 0x00, 0x0c, 0x0d, 0x00, 0x0c, 0x00, 0x00, 0x00, 0x00, 0x0b, 0x00,
  0x0b, 0x0d, 0x0d, 0x0b, 0x00, 0x0f, 0x0c, 0x00, 0x00, 0x00, 0x09, 0x0e, 0x00, 0x00, 0x06, 0x00,
  0x00, 0x00, 0x00, 0x00, 0x00, 0x00, 0x00, 0x00, 0x00, 0x00, 0x00, 0x00, 0x00, 0x0e, 0x0e, 0x00,
  0x00, 0x0b, 0x0c, 0x00, 0x04, 0x0f, 0x00, 0x00, 0x00, 0x08, 0x00, 0x0a, 0x00, 0x00, 0x08, 0x00,
  0x00, 0x00, 0x00, 0x0a, 0x0a, 0x00, 0x09, 0x00, 0x0d, 0x0e, 0x00, 0x0b, 0x00, 0x00, 0x0d, 0x06,
  0x00, 0x0d, 0x00, 0x0d, 0x0d, 0x0d, 0x0d, 0x0c, 0x00, 0x00, 0x00, 0x00, 0x00, 0x0a, 0x00, 0x00,
  0x09, 0x00, 0x00, 0x00, 0x00, 0x00, 0x0c, 0x00, 0x0a, 0x0d, 0x00, 0x00, 0x00, 0x00, 0x00, 0x00,
  0x09, 0x0b, 0x00, 0x0e, 0x0e, 0x0d, 0x00, 0x00, 0x0e, 0x09, 0x09, 0x0c, 0x0d, 0x00, 0x00, 0x00,
  0x00, 0x08, 0x00, 0x00, 0x00, 0x0b, 0x07, 0x00, 0x00, 0x00, 0x0d, 0x0d, 0x0e, 0x09, 0x09, 0x08,
  0x00, 0x0a, 0x00, 0x0a, 0x00, 0x0d, 0x00, 0x00, 0x00, 0x0c, 0x0b, 0x00, 0x00, 0x00, 0x0d, 0x0d,
  0x00, 0x0c, 0x00, 0x0b, 0x0a, 0x0b, 0x00, 0x00, 0x0d, 0x0a, 0x00, 0x0f, 0x0b, 0x0c, 0x00, 0x0c,
  0x0a, 0x0e, 0x0d, 0x08, 0x00, 0x00, 0x00, 0x0e, 0x0d, 0x00, 0x00, 0x0c, 0x0d, 0x0c, 0x00, 0x08,
  0x0e, 0x0c, 0x0d, 0x07, 0x0e, 0x00, 0x0e, 0x00, 0x0d, 0x00, 0x00, 0x0c, 0x05, 0x00, 0x00, 0x00,
  0x0e, 0x00, 0x00, 0x0e, 0x0a, 0x0b, 0x09, 0x00, 0x0c, 0x0e, 0x00, 0x0d, 0x00, 0x0b, 0x00, 0x00,
  0x00, 0x00, 0x0e, 0x0d, 0x0a, 0x00, 0x0e, 0x08, 0x0e, 0x00, 0x00, 0x0c, 0x0c, 0x0c, 0x00, 0x0e,
  0x0c, 0x00, 0x08, 0x00, 0x0b, 0x0d, 0x00, 0x0e, 0x00, 0x0d, 0x0a, 0x0a, 0x0b, 0x00, 0x0c, 0x00,
  0x0d, 0x00, 0x0e, 0x00, 0x0b, 0x0e, 0x0b, 0x0e, 0x00, 0x0c, 0x0b, 0x00, 0x00, 0x0d, 0x0a, 0x09,
  0x0e, 0x00, 0x00, 0x0a, 0x0b, 0x0d, 0x00, 0x00, 0x00, 0x00, 0x0b, 0x00, 0x0e, 0x0a, 0x0b, 0x00,
  0x00, 0x00, 0x0d, 0x00, 0x0d, 0x09, 0x00, 0x0a, 0x0c, 0x0e, 0x0c, 0x00, 0x00, 0x00, 0x0d, 0x08,
  0x00, 0x00, 0x00, 0x00, 0x0c, 0x00, 0x0b, 0x0e, 0x0c, 0x0d, 0x0a, 0x00, 0x0b, 0x08, 0x00, 0x00,
  0x0e, 0x0c, 0x00, 0x0c, 0x00, 0x00, 0x00, 0x0d, 0x00, 0x0d, 0x00, 0x0a, 0x00, 0x0b, 0x00, 0x00,
  0x00, 0x0c, 0x00, 0x0c, 0x0b, 0x0e, 0x0c, 0x08, 0x00, 0x0c, 0x09, 0x0c, 0x0d, 0x0d, 0x0b, 0x09,
  0x0e, 0x08, 0x0d, 0x00, 0x00, 0x00, 0x0c, 0x00, 0x00, 0x0e, 0x00, 0x09, 0x0d, 0x00, 0x00, 0x00,
  0x0b, 0x00, 0x00, 0x00, 0x00, 0x00, 0x00, 0x00, 0x0c, 0x0d, 0x00, 0x00, 0x0d, 0x00, 0x00, 0x06,
  0x00, 0x09, 0x07, 0x0d, 0x0d, 0x0d, 0x08, 0x0a, 0x00, 0x0a, 0x0a, 0x0d, 0x0b, 0x00, 0x0d, 0x00,
  0x0d, 0x09, 0x00, 0x0c, 0x00, 0x06, 0x00, 0x00, 0x08, 0x0e, 0x0d, 0x00, 0x0c, 0x0b, 0x0c, 0x0e,
  0x00, 0x00, 0x00, 0x0e, 0x00, 0x0a, 0x0d, 0x0c, 0x09, 0x09, 0x00, 0x00, 0x0b, 0x00, 0x00, 0x00,
  0x07, 0x0c, 0x00, 0x00, 0x0c, 0x0b, 0x00, 0x00, 0x0a, 0x09, 0x00, 0x00, 0x00, 0x00, 0x0b, 0x00,
  0x0d, 0x00, 0x00, 0x09, 0x0c, 0x00, 0x0b, 0x00, 0x00, 0x00, 0x0e, 0x00, 0x00, 0x00, 0x09, 0x0e,
  0x00, 0x00, 0x09, 0x0b, 0x0c, 0x0c, 0x0c, 0x0d, 0x0d, 0x0b, 0x0d, 0x0e, 0x0b, 0x00, 0x0c, 0x00,
  0x0a, 0x00, 0x00, 0x0c, 0x0d, 0x0c, 0x0b, 0x0c, 0x00, 0x00, 0x0b, 0x0d, 0x00, 0x00, 0x00, 0x0d,
  0x00, 0x0b, 0x0d, 0x0b, 0x0d, 0x0d, 0x00, 0x00, 0x0b, 0x00, 0x0e, 0x00, 0x00, 0x00, 0x0a, 0x00,
  0x00, 0x0d, 0x0b, 0x00, 0x0d, 0x00, 0x00, 0x00, 0x00, 0x00, 0x00, 0x0b, 0x00, 0x00, 0x00, 0x09,
  0x00, 0x0c, 0x00, 0x00, 0x00, 0x0c, 0x00, 0x09, 0x0a, 0x0d, 0x00, 0x00, 0x0a, 0x00, 0x0b, 0x0a,
  0x0d, 0x00, 0x0d, 0x0c, 0x00, 0x00, 0x07, 0x0f, 0x0d, 0x00, 0x00, 0x00, 0x0e, 0x00, 0x0d, 0x00,
  0x00, 0x0d, 0x0d, 0x0a, 0x0d, 0x09, 0x0c, 0x0d, 0x0b, 0x0b, 0x0c, 0x0d, 0x0d, 0x00, 0x00, 0x00,
  0x00, 0x00, 0x00, 0x0b, 0x0c, 0x00, 0x0d, 0x00, 0x0b, 0x0c, 0x0d, 0x00, 0x00, 0x00, 0x00, 0x00,
  0x0b, 0x0d, 0x0b, 0x0a, 0x00, 0x0d, 0x0d, 0x0b, 0x0b, 0x00, 0x00, 0x00, 0x00, 0x09, 0x0b, 0x00,
  0x00, 0x00, 0x00, 0x00, 0x0e, 0x0f, 0x00, 0x00, 0x0d, 0x00, 0x00, 0x09, 0x0e, 0x00, 0x0f, 0x00,
  0x0d, 0x00, 0x0c, 0x0c, 0x0b, 0x0d, 0x00, 0x0d, 0x00, 0x00, 0x06, 0x00, 0x0a, 0x00, 0x00, 0x0e,
  0x0e, 0x09, 0x00, 0x0e, 0x00, 0x00, 0x00, 0x00, 0x0f, 0x0c, 0x0a, 0x00, 0x00, 0x00, 0x0d, 0x00,
  0x00, 0x00, 0x0d, 0x00, 0x00, 0x00, 0x00, 0x0d, 0x0e, 0x00, 0x00, 0x09, 0x00, 0x0c, 0x00, 0x0e,
  0x0c, 0x0c, 0x00, 0x0e, 0x05, 0x0c, 0x0d, 0x00, 0x00, 0x0a, 0x00, 0x00, 0x0b, 0x0e, 0x0d, 0x0b,
  0x01, 0x00, 0x08, 0x0a, 0x00, 0x00, 0x0e, 0x0d, 0x00, 0x00, 0x0b, 0x0e, 0x0b, 0x0f, 0x0b, 0x0d,
  0x0d, 0x00, 0x00, 0x09, 0x00, 0x0e, 0x00, 0x0c, 0x00, 0x00, 0x00, 0x0b, 0x00, 0x00, 0x00, 0x00,
  0x0c, 0x00, 0x0c, 0x00, 0x0a, 0x00, 0x00, 0x0e, 0x0b, 0x0e, 0x00, 0x00, 0x00, 0x0c, 0x0e, 0x0c,
  0x09, 0x00, 0x0c, 0x0d, 0x0d, 0x00, 0x0a, 0x0c, 0x00, 0x00, 0x00, 0x0e, 0x0c, 0x0b, 0x0e, 0x0c,
  0x00, 0x0c, 0x00, 0x00, 0x00, 0x0c, 0x00, 0x00, 0x00, 0x0d, 0x0a, 0x0c, 0x09, 0x0d, 0x00, 0x0e,
  0x0d, 0x00, 0x00, 0x00, 0x0d, 0x00, 0x0e, 0x00, 0x00, 0x0c, 0x00, 0x0e, 0x0e, 0x00, 0x00, 0x0d,
  0x00, 0x0c, 0x0e, 0x00, 0x09, 0x00, 0x00, 0x05, 0x0b, 0x0d, 0x00, 0x00, 0x0d, 0x09, 0x0e, 0x00,
  0x0e, 0x0d, 0x0e, 0x00, 0x0d, 0x00, 0x0d, 0x00, 0x00, 0x00, 0x00, 0x0e, 0x00, 0x0e, 0x0c, 0x00,
  0x0d, 0x0b, 0x0c, 0x00, 0x0e, 0x0c, 0x00, 0x0c, 0x0e, 0x00, 0x09, 0x0e, 0x00, 0x00, 0x0c, 0x0c,
  0x0e, 0x0d, 0x0c, 0x0c, 0x0e, 0x00, 0x0a, 0x00, 0x0b, 0x0c, 0x00, 0x00, 0x0d, 0x00, 0x00, 0x0e,
  0x00, 0x00, 0x00, 0x00, 0x00, 0x09, 0x06, 0x00, 0x00, 0x0c, 0x00, 0x00, 0x0d, 0x00, 0x00, 0x08,
  0x00, 0x0e, 0x00, 0x00, 0x00, 0x0e, 0x0d, 0x0c, 0x00, 0x0e, 0x00, 0x00, 0x0d, 0x00, 0x00, 0x00,
  0x08, 0x00, 0x0c, 0x00, 0x00, 0x09, 0x00, 0x00, 0x09, 0x00, 0x0d, 0x0c, 0x00, 0x0e, 0x00, 0x0d,
  0x0c, 0x00, 0x09, 0x08, 0x00, 0x00, 0x0b, 0x00, 0x0e, 0x00, 0x00, 0x0d, 0x00, 0x0c, 0x00, 0x00,
  0x00, 0x00, 0x0b, 0x00, 0x0a, 0x08, 0x0e, 0x00, 0x0d, 0x0c, 0x00, 0x0c, 0x0c, 0x00, 0x0e, 0x00,
  0x00, 0x0b, 0x0a, 0x0c, 0x00, 0x00, 0x00, 0x0e, 0x0a, 0x00, 0x00, 0x00, 0x00, 0x0d, 0x0d, 0x00,
  0x0a, 0x0c, 0x0c, 0x0a, 0x00, 0x0a, 0x0e, 0x00, 0x0b, 0x0e, 0x0a, 0x00, 0x0e, 0x0d, 0x00, 0x0e,
  0x00, 0x0e, 0x0c, 0x00, 0x00, 0x00, 0x0e, 0x00, 0x00, 0x00, 0x0e, 0x00, 0x00, 0x0a, 0x00, 0x0a,
  0x0e, 0x06, 0x0b, 0x00, 0x00, 0x0d, 0x0c, 0x0a, 0x0b, 0x0d, 0x00, 0x07, 0x0b, 0x00, 0x07, 0x00,
  0x0f, 0x00, 0x00, 0x00, 0x00, 0x0b, 0x00, 0x0d, 0x0c, 0x00, 0x00, 0x0d, 0x00, 0x08, 0x0b, 0x00,
  0x06, 0x0d, 0x00, 0x07, 0x0c, 0x06, 0x00, 0x0a, 0x0e, 0x00, 0x00, 0x0d, 0x0b, 0x0b, 0x00, 0x0b,
  0x0d, 0x00, 0x0b, 0x0c, 0x0e, 0x00, 0x00, 0x00, 0x00, 0x0c, 0x06, 0x0b, 0x09, 0x0c, 0x00, 0x00,
  0x08, 0x00, 0x0d, 0x00, 0x00, 0x0a, 0x00, 0x0c, 0x0a, 0x0b, 0x0c, 0x00, 0x00, 0x00, 0x00, 0x00,
  0x0d, 0x0c, 0x0e, 0x0d, 0x00, 0x0b, 0x00, 0x00, 0x0e, 0x00, 0x00, 0x0d, 0x00, 0x00, 0x00, 0x0a,
  0x0d, 0x0d, 0x0e, 0x00, 0x00, 0x0b, 0x0c, 0x00, 0x00, 0x00, 0x00, 0x0a, 0x0e, 0x0e, 0x00, 0x00,
  0x00, 0x08, 0x00, 0x00, 0x0d, 0x00, 0x00, 0x00, 0x00, 0x00, 0x00, 0x00, 0x0b, 0x0d, 0x00, 0x00,
  0x0d, 0x00, 0x0b, 0x00, 0x00, 0x0a, 0x0d, 0x0d, 0x00, 0x00, 0x0d, 0x00, 0x09, 0x00, 0x00, 0x08,
  0x09, 0x00, 0x00, 0x0e, 0x0b, 0x0e, 0x0d, 0x00, 0x00, 0x0c, 0x0c, 0x00, 0x0c, 0x0c, 0x00, 0x00,
  0x00, 0x0e, 0x0c, 0x00, 0x00, 0x0d, 0x00, 0x00, 0x00, 0x00, 0x00, 0x0d, 0x00, 0x00, 0x00, 0x0c,
  0x08, 0x00, 0x0c, 0x0b, 0x00, 0x00, 0x0b, 0x00, 0x00, 0x0d, 0x00, 0x00, 0x00, 0x00, 0x00, 0x00,
  0x0d, 0x00, 0x0c, 0x00, 0x0c, 0x0d, 0x00, 0x03, 0x00, 0x00, 0x00, 0x0e, 0x0d, 0x06, 0x00, 0x0b,
  0x00, 0x0c, 0x0d, 0x0c, 0x00, 0x00, 0x0b, 0x00, 0x00, 0x00, 0x00, 0x00, 0x00, 0x00, 0x0d, 0x08,
  0x00, 0x00, 0x0e, 0x00, 0x0d, 0x00, 0x00, 0x0e, 0x00, 0x0d, 0x0e, 0x0d, 0x0d, 0x00, 0x00, 0x0d,
  0x0e, 0x0a, 0x09, 0x0e, 0x0c, 0x00, 0x00, 0x0d, 0x0a, 0x0b, 0x0d, 0x00, 0x00, 0x06, 0x00, 0x00,
  0x05, 0x0d, 0x00, 0x0c, 0x0b, 0x0c, 0x09, 0x00, 0x00, 0x0b, 0x0c, 0x00, 0x0b, 0x0c, 0x00, 0x00,
  0x0d, 0x08, 0x09, 0x00, 0x00, 0x00, 0x00, 0x0c, 0x0a, 0x0e, 0x00, 0x09, 0x0c, 0x0d, 0x0f, 0x00,
  0x00, 0x0e, 0x0a, 0x0c, 0x00, 0x00, 0x0c, 0x0e, 0x0b, 0x0c, 0x0a, 0x00, 0x0e, 0x00, 0x09, 0x0c,
  0x0f, 0x00, 0x00, 0x0c, 0x00, 0x0a, 0x00, 0x0d, 0x00, 0x00, 0x00, 0x00, 0x09, 0x0d, 0x00, 0x0c,
  0x00, 0x0d, 0x00, 0x00, 0x00, 0x00, 0x0c, 0x00, 0x0c, 0x00, 0x00, 0x00, 0x00, 0x0d, 0x0d, 0x00,
  0x00, 0x0e, 0x00, 0x00, 0x00, 0x0d, 0x0c, 0x00, 0x00, 0x00, 0x0e, 0x00, 0x00, 0x00, 0x0c, 0x00,
  0x0e, 0x0a, 0x0d, 0x00, 0x0d, 0x00, 0x0b, 0x00, 0x0d, 0x00, 0x00, 0x00, 0x00, 0x00, 0x0d, 0x00,
  0x00, 0x00, 0x00, 0x00, 0x0b, 0x00, 0x0d, 0x0a, 0x00, 0x00, 0x00, 0x0b, 0x0e, 0x06, 0x0b, 0x00,
  0x09, 0x0c, 0x0d, 0x08, 0x00, 0x0d, 0x00, 0x00, 0x00, 0x00, 0x00, 0x0e, 0x00, 0x0d, 0x00, 0x0d,
  0x00, 0x0e, 0x0c, 0x08, 0x00, 0x00, 0x0d, 0x00, 0x00, 0x00, 0x00, 0x00, 0x0b, 0x0c, 0x00, 0x00,
  0x06, 0x07, 0x0e, 0x00, 0x00, 0x00, 0x00, 0x00, 0x00, 0x00, 0x0e, 0x0d, 0x0a, 0x0b, 0x00, 0x00,
  0x0d, 0x0d, 0x09, 0x0d, 0x0d, 0x0d, 0x0c, 0x00, 0x00, 0x00, 0x00, 0x0d, 0x00, 0x00, 0x00, 0x00,
  0x00, 0x00, 0x0d, 0x00, 0x00, 0x0b, 0x00, 0x09, 0x00, 0x00, 0x0e, 0x07, 0x0e, 0x00, 0x08, 0x0e,
  0x0e, 0x00, 0x00, 0x00, 0x00, 0x00, 0x0d, 0x09, 0x00, 0x00, 0x00, 0x00, 0x00, 0x0b, 0x00, 0x00,
  0x0d, 0x09, 0x00, 0x00, 0x00, 0x0e, 0x0c, 0x0c, 0x00, 0x0b, 0x0a, 0x00, 0x0b, 0x00, 0x00, 0x0d,
  0x00, 0x0d, 0x0e, 0x00, 0x06, 0x00, 0x0b, 0x0d, 0x0c, 0x00, 0x00, 0x0c, 0x00, 0x08, 0x0b, 0x00,
  0x00, 0x0b, 0x0d, 0x00, 0x00, 0x0c, 0x00, 0x0d, 0x0a, 0x0b, 0x00, 0x00, 0x0e, 0x0a, 0x00, 0x0c,
  0x0d, 0x0b, 0x09, 0x0d, 0x00, 0x0c, 0x00, 0x00, 0x08, 0x0c, 0x0c, 0x0c, 0x04, 0x0d, 0x0d, 0x00,
  0x00, 0x00, 0x00, 0x00, 0x0c, 0x00, 0x00, 0x0d, 0x0d, 0x00, 0x0c, 0x08, 0x00, 0x0d, 0x00, 0x0b,
  0x0e, 0x00, 0x00, 0x00, 0x0e, 0x00, 0x00, 0x0f, 0x00, 0x0a, 0x0e, 0x0e, 0x00, 0x0d, 0x0e, 0x00,
  0x0b, 0x00, 0x0b, 0x00, 0x07, 0x00, 0x0d, 0x00, 0x00, 0x0c, 0x0b, 0x00, 0x00, 0x0c, 0x0a, 0x00,
  0x0a, 0x00, 0x0e, 0x09, 0x0d, 0x0c, 0x0c, 0x09, 0x0a, 0x00, 0x0e, 0x0f, 0x0b, 0x0d, 0x00, 0x0d,
  0x00, 0x00, 0x00, 0x00, 0x00, 0x00, 0x0d, 0x00, 0x0b, 0x0d, 0x00, 0x00, 0x00, 0x08, 0x00, 0x0d,
  0x00, 0x0c, 0x0e, 0x0a, 0x0c, 0x06, 0x0b, 0x00, 0x00, 0x0e, 0x00, 0x00, 0x00, 0x00, 0x00, 0x00,
  0x09, 0x0b, 0x0d, 0x0e, 0x00, 0x0d, 0x00, 0x0a, 0x0e, 0x0e, 0x0d, 0x00, 0x00, 0x0d, 0x0e, 0x00,
  0x0e, 0x08, 0x0d, 0x00, 0x00, 0x00, 0x00, 0x0c, 0x00, 0x0b, 0x0c, 0x0b, 0x0c, 0x00, 0x0d, 0x08,
  0x08, 0x0c, 0x08, 0x00, 0x00, 0x00, 0x06, 0x00, 0x0a, 0x0d, 0x0c, 0x00, 0x0e, 0x00, 0x0c, 0x0e,
  0x00, 0x0d, 0x00, 0x0c, 0x00, 0x0d, 0x0f, 0x00, 0x00, 0x00, 0x02, 0x00, 0x0d, 0x00, 0x00, 0x0d,
  0x00, 0x0c, 0x0a, 0x0c, 0x00, 0x0c, 0x00, 0x07, 0x00, 0x0e, 0x0c, 0x0a, 0x00, 0x00, 0x08, 0x0f,
  0x0d, 0x0d, 0x00, 0x0d, 0x0d, 0x00, 0x00, 0x0e, 0x00, 0x0a, 0x0b, 0x0c, 0x00, 0x00, 0x00, 0x00,
  0x00, 0x09, 0x0d, 0x00, 0x0e, 0x00, 0x00, 0x0d, 0x00, 0x0d, 0x00, 0x0d, 0x0c, 0x00, 0x00, 0x0c,
  0x0d, 0x00, 0x0c, 0x0f, 0x00, 0x0c, 0x00, 0x00, 0x00, 0x0d, 0x00, 0x0c, 0x0c, 0x00, 0x00, 0x0e,
  0x0c, 0x00, 0x00, 0x00, 0x00, 0x09, 0x00, 0x0b, 0x0d, 0x00, 0x0a, 0x00, 0x0d, 0x00, 0x00, 0x0d,
  0x00, 0x00, 0x00, 0x00, 0x0a, 0x00, 0x0d, 0x00, 0x00, 0x00, 0x00, 0x00, 0x00, 0x0d, 0x00, 0x0c,
  0x0a, 0x00, 0x0c, 0x07, 0x0d, 0x0d, 0x0d, 0x0d, 0x0b, 0x00, 0x0a, 0x0a, 0x00, 0x00, 0x0c, 0x09,
  0x09, 0x0d, 0x0d, 0x0b, 0x05, 0x00, 0x00, 0x00, 0x00, 0x00, 0x00, 0x00, 0x00, 0x00, 0x00, 0x00,
  0x0e, 0x0d, 0x0b, 0x00, 0x00, 0x00, 0x0e, 0x04, 0x0d, 0x00, 0x00, 0x00, 0x00, 0x00, 0x0e, 0x00,
  0x00, 0x00, 0x0c, 0x0b, 0x00, 0x00, 0x00, 0x0a, 0x06, 0x00, 0x00, 0x00, 0x00, 0x0d, 0x00, 0x00,
  0x0c, 0x0e, 0x00, 0x0d, 0x00, 0x08, 0x0d, 0x0d, 0x0c, 0x00, 0x00, 0x08, 0x0c, 0x00, 0x00, 0x0e,
  0x0d, 0x0c, 0x00, 0x00, 0x0c, 0x07, 0x00, 0x0c, 0x00, 0x00, 0x08, 0x00, 0x00, 0x00, 0x00, 0x0e,
  0x00, 0x00, 0x00, 0x0d, 0x00, 0x00, 0x0b, 0x0e, 0x0a, 0x00, 0x08, 0x00, 0x0d, 0x00, 0x0b, 0x00,
  0x00, 0x00, 0x0e, 0x00, 0x00, 0x00, 0x0b, 0x00, 0x0e, 0x0e, 0x00, 0x00, 0x0c, 0x0a, 0x00, 0x0b,
  0x0e, 0x08, 0x00, 0x00, 0x00, 0x00, 0x00, 0x00, 0x0d, 0x0b, 0x09, 0x0e, 0x07, 0x00, 0x0e, 0x00,
  0x0c, 0x00, 0x00, 0x0a, 0x00, 0x0c, 0x00, 0x0b, 0x0a, 0x09, 0x00, 0x00, 0x0d, 0x00, 0x00, 0x0a,
  0x00, 0x09, 0x00, 0x05, 0x00, 0x0b, 0x00, 0x0c, 0x00, 0x00, 0x00, 0x0e, 0x0d, 0x08, 0x00, 0x0e,
  0x00, 0x00, 0x00, 0x0c, 0x00, 0x00, 0x0c, 0x0a, 0x0e, 0x09, 0x0b, 0x0d, 0x0c, 0x0e, 0x00, 0x00,
  0x00, 0x0d, 0x0c, 0x0c, 0x00, 0x0c, 0x00, 0x00, 0x00, 0x00, 0x0b, 0x0b, 0x00, 0x0a, 0x00, 0x0d,
  0x00, 0x0a, 0x0d, 0x00, 0x00, 0x00, 0x0d, 0x00, 0x0c, 0x00, 0x0c, 0x0b, 0x0c, 0x0d, 0x00, 0x0b,
  0x00, 0x0e, 0x0c, 0x00, 0x0b, 0x00, 0x09, 0x00, 0x00, 0x00, 0x00, 0x00, 0x0e, 0x00, 0x00, 0x0d,
  0x0d, 0x00, 0x0a, 0x00, 0x00, 0x0f, 0x08, 0x0c, 0x00, 0x0e, 0x0b, 0x00, 0x00, 0x0d, 0x0d, 0x0e,
  0x0c, 0x00, 0x0b, 0x00, 0x00, 0x0c, 0x00, 0x0d, 0x00, 0x00, 0x0e, 0x08, 0x0d, 0x05, 0x00, 0x0d,
  0x0a, 0x0b, 0x00, 0x0e, 0x0e, 0x0e, 0x00, 0x00, 0x0c, 0x0e, 0x00, 0x0b, 0x00, 0x0c, 0x00, 0x04,
  0x0c, 0x0a, 0x00, 0x00, 0x00, 0x00, 0x00, 0x0e, 0x08, 0x00, 0x0b, 0x0e, 0x00, 0x0e, 0x00, 0x00,
  0x0d, 0x09, 0x00, 0x0c, 0x00, 0x0d, 0x00, 0x0c, 0x00, 0x07, 0x00, 0x0e, 0x00, 0x00, 0x00, 0x0d,
  0x00, 0x00, 0x00, 0x00, 0x0e, 0x00, 0x00, 0x00, 0x0d, 0x00, 0x0f, 0x00, 0x0c, 0x00, 0x00, 0x0d,
  0x0c, 0x06, 0x00, 0x0e, 0x00, 0x00, 0x0e, 0x0c, 0x0d, 0x0c, 0x0c, 0x00, 0x00, 0x0d, 0x0e, 0x00,
  0x0e, 0x00, 0x0e, 0x00, 0x00, 0x0d, 0x00, 0x00, 0x00, 0x00, 0x00, 0x00, 0x00, 0x0e, 0x0a, 0x0c,
  0x0b, 0x00, 0x0c, 0x00, 0x08, 0x0a, 0x00, 0x0b, 0x00, 0x0c, 0x00, 0x00, 0x0c, 0x00, 0x00, 0x0e,
  0x00, 0x0d, 0x0d, 0x00, 0x00, 0x0c, 0x0c, 0x0f, 0x00, 0x0c, 0x04, 0x0d, 0x0a, 0x0d, 0x00, 0x0d,
  0x0f, 0x0d, 0x0e, 0x0d, 0x00, 0x00, 0x0a, 0x00, 0x09, 0x00, 0x00, 0x09, 0x00, 0x00, 0x00, 0x0c,
  0x0e, 0x00, 0x00, 0x07, 0x00, 0x0e, 0x00, 0x0d, 0x0c, 0x0f, 0x00, 0x0d, 0x00, 0x0e, 0x0d, 0x00,
  0x06, 0x0c, 0x09, 0x0d, 0x00, 0x00, 0x00, 0x0b, 0x0d, 0x0b, 0x00, 0x0d, 0x00, 0x00, 0x00, 0x00,
  0x0a, 0x0b, 0x00, 0x0c, 0x0e, 0x00, 0x00, 0x00, 0x0b, 0x00, 0x00, 0x0d, 0x0e, 0x0c, 0x00, 0x00,
  0x00, 0x0d, 0x0c, 0x00, 0x09, 0x0c, 0x00, 0x0d, 0x00, 0x00, 0x0c, 0x0d, 0x09, 0x00, 0x0e, 0x0e,
  0x0c, 0x0c, 0x00, 0x00, 0x00, 0x00, 0x0d, 0x0d, 0x00, 0x00, 0x08, 0x00, 0x0b, 0x00, 0x0d, 0x00,
  0x0e, 0x00, 0x00, 0x00, 0x0c, 0x00, 0x00, 0x0e, 0x00, 0x00, 0x0d, 0x0d, 0x0d, 0x00, 0x09, 0x00,
  0x09, 0x0d, 0x00, 0x0d, 0x00, 0x00, 0x0c, 0x0f, 0x09, 0x00, 0x0c, 0x00, 0x0b, 0x0e, 0x00, 0x0c,
  0x0c, 0x00, 0x00, 0x00, 0x0d, 0x0c, 0x0c, 0x00, 0x00, 0x0b, 0x0c, 0x0c, 0x00, 0x00, 0x09, 0x0d,
  0x00, 0x0e, 0x00, 0x08, 0x0d, 0x0b, 0x0e, 0x00, 0x00, 0x00, 0x0d, 0x00, 0x0d, 0x0e, 0x0b, 0x00,
  0x0c, 0x0d, 0x00, 0x00, 0x00, 0x00, 0x0c, 0x0d, 0x0e, 0x0c, 0x00, 0x07, 0x08, 0x0d, 0x0b, 0x0a,
  0x0c, 0x00, 0x00, 0x0b, 0x00, 0x00, 0x00, 0x0e, 0x00, 0x00, 0x00, 0x0d, 0x0b, 0x0a, 0x0c, 0x0b,
  0x0c, 0x0a, 0x0a, 0x0a, 0x00, 0x0b, 0x00, 0x00, 0x0d, 0x00, 0x00, 0x0e, 0x00, 0x00, 0x00, 0x00,
  0x00, 0x00, 0x00, 0x00, 0x00, 0x00, 0x09, 0x00, 0x0d, 0x00, 0x00, 0x00, 0x00, 0x00, 0x00, 0x00,
  0x0b, 0x00, 0x09, 0x09, 0x0c, 0x0e, 0x00, 0x00, 0x00, 0x0a, 0x00, 0x0d, 0x08, 0x00, 0x0c, 0x00,
  0x0d, 0x00, 0x0a, 0x00, 0x00, 0x00, 0x0b, 0x0e, 0x0f, 0x00, 0x0e, 0x0c, 0x00, 0x09, 0x00, 0x0e,
  0x0d, 0x0c, 0x0a, 0x00, 0x00, 0x00, 0x00, 0x0e, 0x09, 0x00, 0x00, 0x05, 0x00, 0x09, 0x00, 0x08,
  0x00, 0x0d, 0x0e, 0x0b, 0x00, 0x00, 0x00, 0x00, 0x0e, 0x09, 0x09, 0x00, 0x0c, 0x0e, 0x08, 0x0b,
  0x0c, 0x00, 0x00, 0x00, 0x00, 0x00, 0x00, 0x00, 0x00, 0x00, 0x0a, 0x00, 0x00, 0x0d, 0x00, 0x0d,
  0x00, 0x0c, 0x00, 0x0b, 0x00, 0x00, 0x08, 0x00, 0x00, 0x00, 0x0c, 0x00, 0x0a, 0x00, 0x00, 0x0e,
  0x00, 0x00, 0x07, 0x0f, 0x00, 0x07, 0x00, 0x00, 0x0c, 0x00, 0x0d, 0x00, 0x0b, 0x00, 0x00, 0x06,
  0x00, 0x0d, 0x07, 0x0b, 0x00, 0x00, 0x0e, 0x0d, 0x0c, 0x0e, 0x0b, 0x0d, 0x00, 0x00, 0x0c, 0x00,
  0x00, 0x0d, 0x0c, 0x09, 0x0b, 0x00, 0x0d, 0x09, 0x00, 0x00, 0x0d, 0x00, 0x0b, 0x00, 0x0d, 0x0a,
  0x09, 0x0d, 0x0d, 0x00, 0x00, 0x00, 0x0b, 0x0d, 0x0d, 0x0c, 0x0b, 0x00, 0x0e, 0x00, 0x00, 0x01,
  0x0c, 0x07, 0x0b, 0x0d, 0x00, 0x0e, 0x0f, 0x0d, 0x0a, 0x00, 0x09, 0x00, 0x0e, 0x00, 0x00, 0x00,
  0x0d, 0x0e, 0x0d, 0x0e, 0x0d, 0x09, 0x00, 0x0b, 0x0b, 0x0d, 0x07, 0x0e, 0x00, 0x00, 0x0b, 0x0d,
  0x0c, 0x00, 0x00, 0x0b, 0x0e, 0x00, 0x00, 0x0d, 0x0a, 0x00, 0x00, 0x00, 0x00, 0x00, 0x00, 0x0d,
  0x0d, 0x0a, 0x0a, 0x00, 0x0d, 0x00, 0x0b, 0x00, 0x0a, 0x0d, 0x00, 0x0b, 0x0d, 0x00, 0x0d, 0x00,
  0x0c, 0x09, 0x00, 0x0c, 0x0b, 0x00, 0x00, 0x02, 0x00, 0x00, 0x00, 0x00, 0x0c, 0x00, 0x0c, 0x00,
  0x00, 0x00, 0x00, 0x0c, 0x00, 0x00, 0x00, 0x0e, 0x00, 0x0e, 0x00, 0x00, 0x0d, 0x00, 0x00, 0x00,
  0x00, 0x0f, 0x00, 0x00, 0x00, 0x08, 0x00, 0x0c, 0x00, 0x00, 0x00, 0x00, 0x00, 0x00, 0x0a, 0x0b,
  0x00, 0x0d, 0x0d, 0x00, 0x0d, 0x05, 0x0e, 0x00, 0x0a, 0x00, 0x00, 0x00, 0x00, 0x00, 0x0d, 0x0c,
  0x00, 0x0c, 0x00, 0x0d, 0x0d, 0x08, 0x04, 0x0b, 0x00, 0x0e, 0x0e, 0x0b, 0x00, 0x00, 0x0d, 0x0a,
  0x0c, 0x00, 0x0d, 0x0b, 0x00, 0x00, 0x0e, 0x0e, 0x0e, 0x00, 0x00, 0x00, 0x0c, 0x00, 0x00, 0x00,
  0x00, 0x00, 0x00, 0x0e, 0x00, 0x09, 0x0b, 0x00, 0x00, 0x09, 0x00, 0x00, 0x0c, 0x0d, 0x00, 0x0c,
  0x0c, 0x0d, 0x0c, 0x00, 0x00, 0x0b, 0x00, 0x00, 0x0c, 0x08, 0x0d, 0x0b, 0x00, 0x00, 0x0c, 0x00,
  0x0a, 0x0c, 0x00, 0x00, 0x07, 0x08, 0x00, 0x00, 0x0e, 0x0b, 0x00, 0x0c, 0x0c, 0x0d, 0x0b, 0x00,
  0x08, 0x00, 0x00, 0x0a, 0x00, 0x00, 0x00, 0x0d, 0x0a, 0x0c, 0x00, 0x0d, 0x0e, 0x00, 0x00, 0x0b,
  0x0b, 0x00, 0x0c, 0x00, 0x0c, 0x00, 0x00, 0x09, 0x0e, 0x0a, 0x00, 0x0e, 0x00, 0x08, 0x00, 0x00,
  0x00, 0x00, 0x00, 0x00, 0x0e, 0x00, 0x0b, 0x00, 0x0e, 0x0a, 0x05, 0x00, 0x00, 0x07, 0x00, 0x00,
  0x0e, 0x00, 0x00, 0x00, 0x00, 0x00, 0x00, 0x07, 0x0b, 0x0c, 0x0e, 0x00, 0x00, 0x00, 0x00, 0x00,
  0x00, 0x08, 0x0b, 0x00, 0x00, 0x0b, 0x00, 0x00, 0x09, 0x00, 0x00, 0x08, 0x0e, 0x00, 0x05, 0x0d,
  0x0c, 0x0d, 0x09, 0x00, 0x00, 0x00, 0x0d, 0x00, 0x00, 0x00, 0x00, 0x00, 0x0b, 0x0b, 0x00, 0x08,
  0x0b, 0x00, 0x0b, 0x0e, 0x00, 0x0c, 0x0d, 0x00, 0x00, 0x00, 0x05, 0x00, 0x00, 0x0c, 0x00, 0x00,
  0x0e, 0x00, 0x0c, 0x00, 0x0b, 0x0b, 0x0e, 0x0e, 0x0d, 0x00, 0x0e, 0x0a, 0x0e, 0x0d, 0x0b, 0x00,
  0x00, 0x00, 0x0e, 0x00, 0x00, 0x00, 0x00, 0x09, 0x00, 0x00, 0x0d, 0x00, 0x0f, 0x00, 0x00, 0x0c,
  0x0b, 0x00, 0x00, 0x00, 0x00, 0x0d, 0x00, 0x08, 0x0d, 0x0a, 0x00, 0x0c, 0x0d, 0x0a, 0x0d, 0x0b,
  0x00, 0x0f, 0x00, 0x0e, 0x00, 0x00, 0x00, 0x0d, 0x00, 0x00, 0x0f, 0x00, 0x00, 0x0c, 0x00, 0x0e,
  0x0e, 0x0e, 0x0d, 0x0e, 0x0b, 0x0f, 0x0c, 0x00, 0x0b, 0x0e, 0x0c, 0x00, 0x0d, 0x00, 0x00, 0x0b,
  0x0c, 0x0d, 0x0e, 0x00, 0x00, 0x00, 0x00, 0x0d, 0x0c, 0x0b, 0x0d, 0x0e, 0x00, 0x0b, 0x0d, 0x00,
  0x0d, 0x00, 0x0b, 0x0b, 0x00, 0x0e, 0x00, 0x0c, 0x00, 0x08, 0x00, 0x0d, 0x00, 0x00, 0x07, 0x05,
  0x0f, 0x00, 0x0d, 0x0a, 0x0d, 0x00, 0x00, 0x00, 0x0e, 0x00, 0x0e, 0x0d, 0x0d, 0x00, 0x00, 0x0e,
  0x09, 0x00, 0x0b, 0x0e, 0x0e, 0x0c, 0x0f, 0x0d, 0x00, 0x0a, 0x00, 0x06, 0x00, 0x00, 0x00, 0x0d,
  0x0a, 0x0d, 0x05, 0x00, 0x00, 0x00, 0x0d, 0x0d, 0x0c, 0x00, 0x0b, 0x0c, 0x00, 0x00, 0x00, 0x00,
  0x0e, 0x00, 0x0f, 0x00, 0x00, 0x0c, 0x0d, 0x00, 0x00, 0x09, 0x00, 0x00, 0x0b, 0x0a, 0x0d, 0x00,
  0x00, 0x00, 0x00, 0x00, 0x00, 0x0d, 0x0c, 0x0f, 0x00, 0x0e, 0x0e, 0x0c, 0x0a, 0x0d, 0x00, 0x00,
  0x0b, 0x00, 0x00, 0x0f, 0x0b, 0x0d, 0x00, 0x00, 0x0a, 0x0d, 0x00, 0x00, 0x00, 0x0c, 0x0c, 0x0d,
  0x0c, 0x00, 0x00, 0x0e, 0x00, 0x0c, 0x00, 0x08, 0x0c, 0x0e, 0x00, 0x0e, 0x0e, 0x0c, 0x0b, 0x0c,
  0x0c, 0x07, 0x00, 0x00, 0x0a, 0x00, 0x00, 0x00, 0x00, 0x00, 0x00, 0x00, 0x08, 0x08, 0x00, 0x0a,
  0x00, 0x09, 0x0b, 0x00, 0x00, 0x0d, 0x00, 0x0c, 0x00, 0x0d, 0x00, 0x0c, 0x06, 0x00, 0x00, 0x06,
  0x0c, 0x00, 0x0c, 0x00, 0x00, 0x00, 0x0c, 0x0d, 0x00, 0x00, 0x0a, 0x00, 0x00, 0x0a, 0x00, 0x00,
  0x00, 0x00, 0x00, 0x0c, 0x0e, 0x09, 0x0d, 0x0e, 0x00, 0x00, 0x00, 0x0d, 0x00, 0x0b, 0x0c, 0x00,
  0x08, 0x0c, 0x00, 0x0e, 0x00, 0x0a, 0x0c, 0x00, 0x00, 0x0d, 0x0b, 0x00, 0x0c, 0x0f, 0x0c, 0x00,
  0x0e, 0x04, 0x0c, 0x0d, 0x00, 0x00, 0x0a, 0x0e, 0x0d, 0x0b, 0x00, 0x00, 0x00, 0x00, 0x08, 0x00,
  0x0a, 0x05, 0x00, 0x00, 0x00, 0x00, 0x0e, 0x0b, 0x0d, 0x00, 0x00, 0x00, 0x00, 0x00, 0x00, 0x00,
  0x00, 0x00, 0x0d, 0x08, 0x0d, 0x00, 0x0e, 0x00, 0x09, 0x0d, 0x0c, 0x00, 0x00, 0x00, 0x00, 0x00,
  0x00, 0x00, 0x09, 0x09, 0x00, 0x00, 0x0d, 0x0d, 0x00, 0x00, 0x00, 0x0a, 0x0d, 0x00, 0x0c, 0x0b,
  0x0f, 0x00, 0x00, 0x0f, 0x0a, 0x0a, 0x0b, 0x0d, 0x00, 0x00, 0x00, 0x0d, 0x00, 0x00, 0x00, 0x0e,
  0x0c, 0x09, 0x00, 0x00, 0x0c, 0x0c, 0x07, 0x0e, 0x0d, 0x00, 0x00, 0x0e, 0x00, 0x00, 0x00, 0x00,
  0x0c, 0x08, 0x00, 0x07, 0x00, 0x0b, 0x00, 0x00, 0x00, 0x00, 0x00, 0x09, 0x00, 0x00, 0x00, 0x09,
  0x00, 0x00, 0x0b, 0x0a, 0x00, 0x0b, 0x0b, 0x00, 0x00, 0x0c, 0x0c, 0x00, 0x00, 0x0d, 0x00, 0x0d,
  0x0d, 0x00, 0x00, 0x00, 0x0b, 0x0b, 0x00, 0x00, 0x00, 0x00, 0x0d, 0x0b, 0x00, 0x0c, 0x00, 0x0e,
  0x0a, 0x00, 0x0c, 0x0b, 0x00, 0x08, 0x0b, 0x00, 0x0b, 0x09, 0x00, 0x0c, 0x00, 0x0b, 0x0c, 0x00,
  0x0c, 0x0e, 0x0d, 0x0c, 0x00, 0x00, 0x00, 0x09, 0x0d, 0x08, 0x0c, 0x0e, 0x0e, 0x00, 0x0e, 0x08,
  0x00, 0x0c, 0x0a, 0x0e, 0x00, 0x0a, 0x00, 0x07, 0x0c, 0x0e, 0x00, 0x00, 0x0c, 0x0c, 0x00, 0x00,
  0x0c, 0x0e, 0x0c, 0x00, 0x0c, 0x09, 0x00, 0x0c, 0x00, 0x0d, 0x0e, 0x00, 0x00, 0x00, 0x00, 0x0f,
  0x0e, 0x00, 0x0c, 0x0e, 0x0b, 0x0a, 0x00, 0x00, 0x0d, 0x0e, 0x07, 0x00, 0x0f, 0x00, 0x00, 0x0b,
  0x00, 0x0b, 0x0e, 0x09, 0x00, 0x00, 0x00, 0x0e, 0x0c, 0x00, 0x0d, 0x0d, 0x00, 0x00, 0x08, 0x0b,
  0x0d, 0x0d, 0x0c, 0x09, 0x0b, 0x0c, 0x00, 0x00, 0x00, 0x0c, 0x08, 0x00, 0x00, 0x00, 0x00, 0x06,
  0x0c, 0x0b, 0x00, 0x00, 0x00, 0x00, 0x00, 0x00, 0x0c, 0x00, 0x00, 0x00, 0x0c, 0x0d, 0x00, 0x0d,
  0x0d, 0x00, 0x0d, 0x00, 0x04, 0x00, 0x0f, 0x00, 0x00, 0x00, 0x00, 0x00, 0x0d, 0x00, 0x00, 0x0d,
  0x00, 0x00, 0x0b, 0x0e, 0x00, 0x00, 0x00, 0x0c, 0x07, 0x00, 0x00, 0x0d, 0x00, 0x00, 0x00, 0x0b,
  0x0d, 0x0e, 0x00, 0x00, 0x0a, 0x00, 0x00, 0x0c, 0x00, 0x00, 0x00, 0x0d, 0x00, 0x00, 0x0e, 0x00,
  0x00, 0x00, 0x0e, 0x0a, 0x0c, 0x0d, 0x00, 0x0d, 0x0b, 0x0d, 0x00, 0x06, 0x0c, 0x0e, 0x0f, 0x00,
  0x08, 0x0c, 0x09, 0x0b, 0x09, 0x08, 0x00, 0x00, 0x00, 0x00, 0x0c, 0x00, 0x00, 0x00, 0x00, 0x00,
  0x00, 0x00, 0x05, 0x00, 0x0a, 0x0e, 0x00, 0x0b, 0x00, 0x0d, 0x00, 0x0f, 0x0e, 0x0b, 0x00, 0x0d,
  0x05, 0x00, 0x0c, 0x00, 0x00, 0x0e, 0x00, 0x07, 0x0e, 0x0e, 0x00, 0x00, 0x00, 0x0d, 0x0b, 0x00,
  0x0c, 0x00, 0x0b, 0x00, 0x00, 0x0b, 0x00, 0x00, 0x00, 0x0a, 0x00, 0x0b, 0x00, 0x0d, 0x0d, 0x00,
  0x0c, 0x0a, 0x00, 0x00, 0x00, 0x00, 0x00, 0x00, 0x00, 0x00, 0x0a, 0x0c, 0x00, 0x0d, 0x00, 0x0d,
  0x08, 0x0d, 0x0d, 0x00, 0x0c, 0x0c, 0x09, 0x00, 0x00, 0x00, 0x0e, 0x0e, 0x0a, 0x00, 0x00, 0x00,
  0x00, 0x0c, 0x00, 0x00, 0x00, 0x06, 0x00, 0x00, 0x00, 0x00, 0x00, 0x00, 0x0a, 0x0e, 0x00, 0x00,
  0x00, 0x08, 0x00, 0x00, 0x00, 0x0a, 0x07, 0x00, 0x00, 0x00, 0x0d, 0x0c, 0x0a, 0x0d, 0x0d, 0x00,
  0x00, 0x0f, 0x00, 0x00, 0x0b, 0x0d, 0x00, 0x00, 0x0e, 0x00, 0x0e, 0x0e, 0x00, 0x0b, 0x0c, 0x00,
  0x0c, 0x0b, 0x00, 0x0c, 0x00, 0x00, 0x00, 0x00, 0x0e, 0x0c, 0x00, 0x0e, 0x05, 0x00, 0x0e, 0x00,
  0x06, 0x00, 0x0c, 0x00, 0x0d, 0x00, 0x0b, 0x0c, 0x0c, 0x00, 0x00, 0x0c, 0x0a, 0x00, 0x00, 0x00,
  0x00, 0x00, 0x00, 0x00, 0x0a, 0x00, 0x00, 0x0c, 0x00, 0x0b, 0x06, 0x0e, 0x00, 0x0d, 0x0d, 0x00,
  0x0e, 0x00, 0x00, 0x0d, 0x00, 0x0d, 0x0e, 0x0c, 0x00, 0x0c, 0x00, 0x00, 0x00, 0x00, 0x00, 0x00,
  0x00, 0x0c, 0x00, 0x00, 0x0b, 0x00, 0x0d, 0x00, 0x0d, 0x00, 0x00, 0x00, 0x09, 0x00, 0x00, 0x00,
  0x00, 0x00, 0x0b, 0x00, 0x00, 0x0b, 0x0c, 0x07, 0x00, 0x0c, 0x00, 0x0d, 0x0a, 0x00, 0x00, 0x0c,
  0x0b, 0x00, 0x00, 0x00, 0x0e, 0x00, 0x00, 0x00, 0x08, 0x0d, 0x00, 0x00, 0x00, 0x00, 0x0c, 0x0b,
  0x0c, 0x0c, 0x0d, 0x0b, 0x00, 0x0d, 0x0d, 0x0d, 0x00, 0x07, 0x00, 0x0b, 0x00, 0x00, 0x00, 0x0b,
  0x0b, 0x09, 0x0b, 0x0d, 0x0d, 0x00, 0x00, 0x0c, 0x00, 0x0b, 0x0d, 0x00, 0x00, 0x00, 0x00, 0x06,
  0x00, 0x00, 0x00, 0x0a, 0x00, 0x0d, 0x00, 0x0c, 0x00, 0x0a, 0x00, 0x00, 0x00, 0x0e, 0x00, 0x00,
  0x00, 0x0d, 0x0a, 0x00, 0x0d, 0x07, 0x00, 0x00, 0x00, 0x00, 0x09, 0x0e, 0x0d, 0x0d, 0x00, 0x0c,
  0x00, 0x0e, 0x0d, 0x0c, 0x0b, 0x0d, 0x0f, 0x0a, 0x0d, 0x00, 0x0d, 0x0d, 0x0e, 0x00, 0x00, 0x07,
  0x00, 0x00, 0x0e, 0x00, 0x0a, 0x00, 0x0b, 0x0c, 0x0d, 0x0e, 0x0b, 0x0e, 0x00, 0x00, 0x00, 0x0c,
  0x00, 0x0b, 0x0b, 0x00, 0x0d, 0x0c, 0x0c, 0x00, 0x00, 0x00, 0x00, 0x00, 0x00, 0x00, 0x00, 0x00,
  0x00, 0x00, 0x00, 0x0d, 0x00, 0x0d, 0x0d, 0x00, 0x0b, 0x08, 0x0d, 0x00, 0x0d, 0x0d, 0x00, 0x07,
  0x0d, 0x00, 0x0d, 0x00, 0x0c, 0x00, 0x0e, 0x0d, 0x0d, 0x00, 0x00, 0x00, 0x00, 0x00, 0x00, 0x0b,
  0x00, 0x0e, 0x00, 0x00, 0x00, 0x00, 0x00, 0x07, 0x00, 0x00, 0x00, 0x09, 0x00, 0x0e, 0x00, 0x00,
  0x00, 0x00, 0x00, 0x00, 0x00, 0x00, 0x07, 0x00, 0x00, 0x0c, 0x00, 0x0c, 0x00, 0x0d, 0x0e, 0x0b,
  0x00, 0x00, 0x00, 0x00, 0x00, 0x06, 0x00, 0x09, 0x00, 0x0e, 0x0b, 0x0e, 0x00, 0x0d, 0x00, 0x09,
  0x09, 0x0e, 0x00, 0x00, 0x0e, 0x00, 0x00, 0x00, 0x0e, 0x0f, 0x06, 0x00, 0x00, 0x0c, 0x00, 0x0a,
  0x0c, 0x00, 0x07, 0x00, 0x0e, 0x00, 0x00, 0x00, 0x0d, 0x0e, 0x00, 0x0d, 0x00, 0x0c, 0x00, 0x00,
  0x0c, 0x0d, 0x0e, 0x09, 0x0a, 0x00, 0x0d, 0x0b, 0x0d, 0x08, 0x00, 0x00, 0x0d, 0x0d, 0x0d, 0x00,
  0x0d, 0x0c, 0x0f, 0x00, 0x00, 0x0a, 0x00, 0x0d, 0x00, 0x00, 0x0d, 0x00, 0x00, 0x0a, 0x00, 0x00,
  0x00, 0x00, 0x00, 0x05, 0x0e, 0x0d, 0x0c, 0x0c, 0x00, 0x00, 0x00, 0x0e, 0x0e, 0x0b, 0x00, 0x00,
  0x05, 0x00, 0x00, 0x03, 0x00, 0x00, 0x0e, 0x00, 0x0c, 0x00, 0x00, 0x00, 0x0c, 0x00, 0x00, 0x00,
  0x0b, 0x0b, 0x00, 0x00, 0x0e, 0x00, 0x00, 0x00, 0x0b, 0x00, 0x0c, 0x0d, 0x00, 0x00, 0x00, 0x00,
  0x0c, 0x00, 0x00, 0x00, 0x00, 0x0d, 0x00, 0x0d, 0x0a, 0x00, 0x0e, 0x00, 0x00, 0x00, 0x00, 0x00,
  0x0a, 0x0c, 0x00, 0x0d, 0x00, 0x0d, 0x0b, 0x0d, 0x0c, 0x0b, 0x00, 0x00, 0x00, 0x0c, 0x0e, 0x09,
  0x00, 0x0c, 0x0c, 0x08, 0x00, 0x0e, 0x0b, 0x05, 0x00, 0x06, 0x00, 0x0e, 0x08, 0x00, 0x0c, 0x00,
  0x00, 0x00, 0x00, 0x00, 0x00, 0x0e, 0x00, 0x00, 0x0b, 0x00, 0x00, 0x0d, 0x0e, 0x00, 0x00, 0x0b,
  0x00, 0x00, 0x0d, 0x0d, 0x00, 0x0e, 0x0a, 0x00, 0x0b, 0x00, 0x00, 0x00, 0x00, 0x00, 0x0b, 0x0b,
  0x00, 0x09, 0x04, 0x00, 0x08, 0x00, 0x00, 0x09, 0x0c, 0x00, 0x0d, 0x0a, 0x00, 0x0b, 0x08, 0x00,
  0x0b, 0x00, 0x0d, 0x00, 0x00, 0x0c, 0x00, 0x0b, 0x00, 0x00, 0x00, 0x0a, 0x00, 0x0d, 0x09, 0x09,
  0x00, 0x00, 0x00, 0x00, 0x00, 0x00, 0x0a, 0x0d, 0x0d, 0x0a, 0x0e, 0x00, 0x0b, 0x00, 0x00, 0x0e,
  0x00, 0x00, 0x00, 0x0d, 0x0e, 0x00, 0x0d, 0x0c, 0x08, 0x00, 0x0e, 0x0d, 0x00, 0x0b, 0x0c, 0x0d,
  0x00, 0x00, 0x00, 0x0c, 0x0c, 0x00, 0x00, 0x0e, 0x0e, 0x00, 0x00, 0x0b, 0x0d, 0x0b, 0x0d, 0x0a,
  0x0c, 0x00, 0x0d, 0x0e, 0x00, 0x00, 0x00, 0x0c, 0x00, 0x00, 0x08, 0x00, 0x00, 0x0c, 0x0d, 0x0d,
  0x00, 0x0e, 0x0b, 0x00, 0x00, 0x00, 0x00, 0x00, 0x00, 0x0c, 0x0b, 0x00, 0x0d, 0x00, 0x00, 0x00,
  0x0d, 0x09, 0x0e, 0x00, 0x0f, 0x00, 0x00, 0x00, 0x00, 0x0f, 0x0e, 0x00, 0x0e, 0x00, 0x00, 0x0e,
  0x00, 0x0d, 0x0c, 0x0b, 0x00, 0x0e, 0x00, 0x09, 0x0d, 0x00, 0x00, 0x0b, 0x06, 0x0d, 0x00, 0x0e,
  0x0b, 0x00, 0x00, 0x00, 0x0e, 0x0a, 0x00, 0x0c, 0x0d, 0x09, 0x00, 0x00, 0x00, 0x00, 0x0c, 0x0d,
  0x0e, 0x0a, 0x00, 0x00, 0x09, 0x00, 0x0c, 0x0b, 0x00, 0x0d, 0x0d, 0x0c, 0x00, 0x00, 0x00, 0x00,
  0x0e, 0x00, 0x0d, 0x00, 0x0c, 0x00, 0x00, 0x0d, 0x0b, 0x0a, 0x09, 0x0e, 0x0f, 0x0f, 0x0c, 0x0c,
  0x0f, 0x0f, 0x00, 0x0e, 0x0b, 0x00, 0x0d, 0x00, 0x00, 0x00, 0x00, 0x0f, 0x00, 0x00, 0x05, 0x0d,
  0x0b, 0x00, 0x00, 0x0b, 0x00, 0x0e, 0x0e, 0x0b, 0x00, 0x00, 0x0d, 0x0e, 0x0e, 0x00, 0x00, 0x00,
  0x0c, 0x0b, 0x0b, 0x00, 0x00, 0x0d, 0x00, 0x0c, 0x00, 0x0e, 0x0c, 0x0e, 0x00, 0x0c, 0x0c, 0x00,
  0x0e, 0x00, 0x0c, 0x00, 0x00, 0x00, 0x00, 0x00, 0x00, 0x00, 0x00, 0x00, 0x04, 0x0e, 0x0e, 0x00,
  0x07, 0x0d, 0x00, 0x00, 0x0c, 0x00, 0x00, 0x00, 0x00, 0x00, 0x00, 0x00, 0x0c, 0x07, 0x00, 0x00,
  0x0d, 0x00, 0x09, 0x0d, 0x00, 0x00, 0x00, 0x08, 0x0b, 0x0d, 0x08, 0x00, 0x0c, 0x0b, 0x00, 0x0d,
  0x00, 0x00, 0x0d, 0x00, 0x00, 0x0c, 0x09, 0x0b, 0x0a, 0x0a, 0x00, 0x00, 0x0e, 0x0e, 0x00, 0x0c,
  0x00, 0x0e, 0x0b, 0x0e, 0x00, 0x00, 0x0e, 0x0d, 0x00, 0x00, 0x00, 0x00, 0x00, 0x0c, 0x00, 0x00,
  0x00, 0x0d, 0x00, 0x0d, 0x0d, 0x00, 0x00, 0x00, 0x00, 0x00, 0x00, 0x00, 0x00, 0x00, 0x0e, 0x00,
  0x00, 0x00, 0x0e, 0x09, 0x03, 0x0d, 0x0c, 0x0b, 0x0e, 0x0a, 0x00, 0x0d, 0x00, 0x0d, 0x00, 0x00,
  0x00, 0x00, 0x00, 0x00, 0x0c, 0x09, 0x0c, 0x07, 0x0a, 0x0a, 0x00, 0x00, 0x0e, 0x0e, 0x00, 0x00,
  0x07, 0x0e, 0x00, 0x00, 0x00, 0x00, 0x0b, 0x00, 0x00, 0x00, 0x00, 0x00, 0x00, 0x0b, 0x0c, 0x00,
  0x00, 0x0e, 0x00, 0x0b, 0x0a, 0x0d, 0x0c, 0x0d, 0x00, 0x0c, 0x00, 0x00, 0x0c, 0x00, 0x00, 0x0e,
  0x0c, 0x0c, 0x0f, 0x00, 0x0c, 0x00, 0x00, 0x0d, 0x0e, 0x0a, 0x00, 0x00, 0x00, 0x0e, 0x00, 0x00,
  0x0e, 0x0c, 0x00, 0x0a, 0x00, 0x0b, 0x00, 0x00, 0x00, 0x0d, 0x08, 0x00, 0x00, 0x0e, 0x00, 0x00,
  0x0c, 0x00, 0x00, 0x06, 0x0d, 0x0b, 0x00, 0x00, 0x0b, 0x0b, 0x00, 0x00, 0x00, 0x00, 0x0e, 0x00,
  0x00, 0x00, 0x0d, 0x00, 0x00, 0x0c, 0x08, 0x0a, 0x00, 0x0e, 0x00, 0x00, 0x0d, 0x0d, 0x0e, 0x00,
  0x00, 0x00, 0x00, 0x00, 0x0c, 0x00, 0x00, 0x0d, 0x0c, 0x06, 0x0a, 0x00, 0x0d, 0x00, 0x00, 0x00,
  0x07, 0x0c, 0x00, 0x00, 0x0e, 0x00, 0x00, 0x0d, 0x00, 0x00, 0x00, 0x0e, 0x00, 0x00, 0x00, 0x00,
  0x0c, 0x00, 0x0b, 0x0e, 0x00, 0x08, 0x0c, 0x0f, 0x0d, 0x00, 0x00, 0x0b, 0x00, 0x0b, 0x0d, 0x0d,
  0x0c, 0x0e, 0x0e, 0x00, 0x0d, 0x00, 0x0d, 0x00, 0x00, 0x0d, 0x0d, 0x00, 0x0d, 0x0b, 0x0c, 0x0d,
  0x00, 0x00, 0x00, 0x0e, 0x0b, 0x00, 0x0a, 0x0b, 0x00, 0x0c, 0x00, 0x0b, 0x0a, 0x00, 0x0c, 0x0d,
  0x00, 0x00, 0x0a, 0x0e, 0x0e, 0x00, 0x0c, 0x00, 0x0c, 0x0e, 0x00, 0x00, 0x00, 0x00, 0x00, 0x00,
  0x0c, 0x0c, 0x00, 0x0d, 0x08, 0x0c, 0x00, 0x0e, 0x0c, 0x0a, 0x00, 0x0c, 0x00, 0x0a, 0x0e, 0x0e,
  0x00, 0x0f, 0x0e, 0x0c, 0x0b, 0x00, 0x0b, 0x0d, 0x0c, 0x0d, 0x08, 0x0e, 0x0b, 0x00, 0x00, 0x00,
  0x00, 0x00, 0x00, 0x0c, 0x0d, 0x00, 0x0d, 0x0d, 0x0b, 0x0c, 0x00, 0x00, 0x0e, 0x00, 0x00, 0x0e,
  0x00, 0x0d, 0x0d, 0x0f, 0x00, 0x00, 0x08, 0x0e, 0x07, 0x00, 0x0e, 0x00, 0x0b, 0x09, 0x0d, 0x09,
  0x00, 0x07, 0x0b, 0x00, 0x0e, 0x00, 0x0d, 0x00, 0x0e, 0x0c, 0x0e, 0x0d, 0x00, 0x00, 0x00, 0x08,
  0x00, 0x00, 0x00, 0x0e, 0x00, 0x00, 0x00, 0x00, 0x0d, 0x0c, 0x0a, 0x00, 0x00, 0x00, 0x0b, 0x00,
  0x00, 0x0d, 0x00, 0x00, 0x00, 0x00, 0x00, 0x00, 0x00, 0x0e, 0x0d, 0x0c, 0x00, 0x00, 0x00, 0x00,
  0x00, 0x00, 0x00, 0x00, 0x00, 0x00, 0x0f, 0x00, 0x00, 0x0b, 0x00, 0x00, 0x0a, 0x00, 0x0d, 0x0d,
  0x00, 0x00, 0x00, 0x0d, 0x00, 0x00, 0x00, 0x0c, 0x00, 0x0b, 0x00, 0x08, 0x0b, 0x0e, 0x00, 0x0c,
  0x00, 0x0c, 0x0d, 0x0e, 0x00, 0x0b, 0x00, 0x0b, 0x0d, 0x00, 0x00, 0x00, 0x09, 0x00, 0x00, 0x00,
  0x0d, 0x06, 0x00, 0x00, 0x08, 0x08, 0x00, 0x00, 0x0c, 0x00, 0x00, 0x0f, 0x07, 0x0c, 0x00, 0x00,
  0x00, 0x0e, 0x00, 0x0b, 0x0b, 0x00, 0x09, 0x00, 0x00, 0x00, 0x00, 0x0e, 0x00, 0x00, 0x06, 0x0c,
  0x0b, 0x0a, 0x04, 0x00, 0x00, 0x00, 0x09, 0x0d, 0x00, 0x00, 0x00, 0x00, 0x0d, 0x00, 0x00, 0x0d,
  0x0e, 0x09, 0x00, 0x00, 0x0d, 0x09, 0x00, 0x00, 0x0d, 0x0d, 0x0d, 0x00, 0x0e, 0x0b, 0x00, 0x08,
  0x0e, 0x0e, 0x0d, 0x0b, 0x00, 0x0c, 0x0d, 0x0d, 0x09, 0x00, 0x0c, 0x00, 0x0e, 0x0e, 0x00, 0x00,
};

const uint8_t golden_s0_w_neg[196*64] = {
  0x00, 0x00, 0x0e, 0x0a, 0x0b, 0x0e, 0x0e, 0x00, 0x0e, 0x00, 0x0a, 0x00, 0x09, 0x00, 0x00, 0x0a,
  0x0c, 0x00, 0x00, 0x0c, 0x00, 0x00, 0x0c, 0x0e, 0x00, 0x0c, 0x0c, 0x00, 0x0f, 0x00, 0x09, 0x07,
  0x00, 0x00, 0x00, 0x0e, 0x0b, 0x00, 0x00, 0x00, 0x00, 0x09, 0x09, 0x09, 0x0e, 0x00, 0x0c, 0x0c,
  0x00, 0x0d, 0x00, 0x00, 0x0a, 0x0e, 0x0d, 0x00, 0x00, 0x00, 0x0b, 0x00, 0x0e, 0x00, 0x00, 0x0d,
  0x0e, 0x0e, 0x00, 0x00, 0x0f, 0x00, 0x00, 0x00, 0x0e, 0x00, 0x0c, 0x0f, 0x0e, 0x00, 0x0b, 0x0c,
  0x0d, 0x00, 0x00, 0x00, 0x0c, 0x00, 0x00, 0x00, 0x0c, 0x0e, 0x0d, 0x00, 0x0d, 0x00, 0x00, 0x0b,
  0x09, 0x00, 0x00, 0x00, 0x0d, 0x00, 0x00, 0x07, 0x00, 0x00, 0x00, 0x00, 0x0c, 0x0c, 0x00, 0x00,
  0x00, 0x00, 0x06, 0x00, 0x0c, 0x0b, 0x07, 0x0d, 0x00, 0x0c, 0x0f, 0x00, 0x0c, 0x0c, 0x0d, 0x00,
  0x0e, 0x0d, 0x0d, 0x0c, 0x00, 0x0e, 0x0c, 0x0b, 0x07, 0x0b, 0x00, 0x0d, 0x00, 0x00, 0x0c, 0x00,
  0x00, 0x09, 0x0c, 0x00, 0x00, 0x00, 0x0c, 0x00, 0x0d, 0x08, 0x0e, 0x0f, 0x0d, 0x00, 0x00, 0x09,
  0x0c, 0x00, 0x06, 0x00, 0x00, 0x0b, 0x00, 0x00, 0x0b, 0x00, 0x0e, 0x00, 0x00, 0x0d, 0x05, 0x0d,
  0x0d, 0x0e, 0x00, 0x00, 0x0c, 0x0c, 0x00, 0x00, 0x00, 0x00, 0x05, 0x00, 0x00, 0x0a, 0x00, 0x00,
  0x00, 0x0c, 0x00, 0x0d, 0x00, 0x0b, 0x00, 0x0f, 0x00, 0x0c, 0x0b, 0x08, 0x0e, 0x00, 0x0e, 0x08,
  0x00, 0x00, 0x0b, 0x00, 0x0d, 0x0e, 0x00, 0x00, 0x0e, 0x0c, 0x0e, 0x09, 0x0b, 0x00, 0x0f, 0x00,
  0x06, 0x00, 0x00, 0x00, 0x00, 0x00, 0x00, 0x00, 0x0e, 0x00, 0x0c, 0x00, 0x00, 0x00, 0x0e, 0x00,
  0x0b, 0x00, 0x00, 0x00, 0x0e, 0x0e, 0x00, 0x0e, 0x00, 0x00, 0x00, 0x00, 0x0f, 0x0d, 0x0c, 0x00,
  0x0e, 0x00, 0x00, 0x00, 0x0e, 0x0c, 0x0e, 0x0d, 0x0a, 0x0e, 0x00, 0x0c, 0x0f, 0x0d, 0x00, 0x0e,
  0x0f, 0x00, 0x00, 0x0c, 0x0d, 0x00, 0x00, 0x00, 0x0a, 0x0c, 0x00, 0x00, 0x00, 0x0d, 0x08, 0x0e,
  0x00, 0x00, 0x0c, 0x0d, 0x0a, 0x0b, 0x00, 0x00, 0x0e, 0x00, 0x00, 0x00, 0x00, 0x00, 0x00, 0x00,
  0x0e, 0x00, 0x0f, 0x08, 0x00, 0x05, 0x00, 0x0c, 0x0e, 0x00, 0x0b, 0x00, 0x0e, 0x0d, 0x00, 0x00,
  0x00, 0x00, 0x00, 0x00, 0x0c, 0x00, 0x0d, 0x00, 0x0d, 0x00, 0x00, 0x00, 0x00, 0x00, 0x00, 0x0e,
  0x0e, 0x0c, 0x00, 0x0e, 0x00, 0x0d, 0x00, 0x00, 0x00, 0x0b, 0x00, 0x00, 0x00, 0x00, 0x00, 0x00,
  0x0e, 0x00, 0x0d, 0x09, 0x0e, 0x00, 0x00, 0x0e, 0x0c, 0x00, 0x00, 0x0b, 0x00, 0x00, 0x00, 0x00,
  0x0d, 0x0f, 0x0f, 0x0c, 0x0d, 0x09, 0x00, 0x00, 0x0f, 0x0e, 0x0e, 0x0d, 0x00, 0x0f, 0x00, 0x00,
  0x00, 0x0f, 0x0d, 0x00, 0x0d, 0x0d, 0x00, 0x00, 0x0d, 0x00, 0x00, 0x00, 0x0c, 0x00, 0x00, 0x00,
  0x0c, 0x0e, 0x0b, 0x00, 0x00, 0x08, 0x00, 0x0d, 0x0a, 0x0f, 0x00, 0x00, 0x0c, 0x0b, 0x0d, 0x00,
  0x00, 0x00, 0x0c, 0x00, 0x00, 0x0d, 0x00, 0x0c, 0x00, 0x00, 0x0b, 0x0b, 0x0b, 0x0c, 0x0d, 0x0e,
  0x03, 0x06, 0x00, 0x0d, 0x06, 0x00, 0x00, 0x0d, 0x0d, 0x0d, 0x0b, 0x00, 0x0c, 0x00, 0x08, 0x0c,
  0x00, 0x0f, 0x0d, 0x0d, 0x0a, 0x00, 0x00, 0x00, 0x00, 0x00, 0x00, 0x00, 0x00, 0x00, 0x09, 0x00,
  0x00, 0x0f, 0x09, 0x0a, 0x00, 0x0e, 0x00, 0x0e, 0x0d, 0x00, 0x00, 0x0c, 0x0b, 0x00, 0x0d, 0x0a,
  0x00, 0x00, 0x0d, 0x00, 0x00, 0x0b, 0x00, 0x0c, 0x00, 0x00, 0x0c, 0x00, 0x0f, 0x0a, 0x00, 0x00,
  0x00, 0x0f, 0x00, 0x0e, 0x00, 0x04, 0x00, 0x00, 0x0d, 0x0e, 0x09, 0x0e, 0x09, 0x00, 0x0c, 0x0b,
  0x0a, 0x05, 0x0b, 0x00, 0x00, 0x00, 0x0d, 0x0e, 0x00, 0x00, 0x00, 0x00, 0x0d, 0x0e, 0x0e, 0x0d,
  0x0b, 0x0d, 0x00, 0x00, 0x00, 0x00, 0x00, 0x00, 0x00, 0x0e, 0x00, 0x00, 0x0d, 0x00, 0x00, 0x00,
  0x00, 0x0d, 0x07, 0x0d, 0x0d, 0x00, 0x00, 0x0b, 0x0d, 0x0b, 0x00, 0x0e, 0x08, 0x00, 0x00, 0x00,
  0x0d, 0x0f, 0x0d, 0x00, 0x0b, 0x00, 0x00, 0x0b, 0x0f, 0x0e, 0x0b, 0x00, 0x00, 0x0e, 0x0c, 0x00,
  0x0c, 0x00, 0x0d, 0x00, 0x00, 0x00, 0x00, 0x0c, 0x00, 0x00, 0x00, 0x0d, 0x00, 0x0c, 0x0c, 0x0f,
  0x00, 0x0d, 0x00, 0x0b, 0x00, 0x0d, 0x0f, 0x00, 0x00, 0x00, 0x00, 0x00, 0x0d, 0x00, 0x00, 0x0e,
  0x00, 0x0c, 0x00, 0x00, 0x06, 0x00, 0x00, 0x00, 0x0f, 0x0a, 0x00, 0x00, 0x00, 0x0d, 0x00, 0x0e,
  0x0f, 0x0f, 0x0f, 0x00, 0x00, 0x0c, 0x0f, 0x0c, 0x0f, 0x0d, 0x00, 0x0f, 0x00, 0x0f, 0x0c, 0x00,
  0x00, 0x0e, 0x00, 0x0e, 0x0b, 0x00, 0x00, 0x0d, 0x0b, 0x00, 0x00, 0x0d, 0x00, 0x00, 0x00, 0x0c,
  0x0c, 0x00, 0x0e, 0x0a, 0x0c, 0x0c, 0x00, 0x00, 0x0e, 0x00, 0x0e, 0x0b, 0x0d, 0x00, 0x0e, 0x0f,
  0x00, 0x00, 0x00, 0x00, 0x00, 0x0b, 0x00, 0x00, 0x00, 0x0c, 0x00, 0x00, 0x00, 0x00, 0x00, 0x0b,
  0x0e, 0x0e, 0x00, 0x00, 0x0b, 0x00, 0x00, 0x00, 0x08, 0x0a, 0x00, 0x0b, 0x0f, 0x00, 0x0c, 0x0b,
  0x0b, 0x00, 0x00, 0x0c, 0x0d, 0x00, 0x00, 0x09, 0x00, 0x00, 0x0e, 0x00, 0x00, 0x0b, 0x00, 0x00,
  0x08, 0x0d, 0x0c, 0x0c, 0x0f, 0x0e, 0x08, 0x0d, 0x0c, 0x0e, 0x00, 0x08, 0x00, 0x0d, 0x0b, 0x00,
  0x0b, 0x00, 0x00, 0x00, 0x00, 0x00, 0x0b, 0x0c, 0x00, 0x0e, 0x00, 0x0b, 0x00, 0x00, 0x00, 0x0c,
  0x00, 0x00, 0x00, 0x00, 0x0d, 0x0c, 0x0a, 0x0d, 0x0d, 0x0a, 0x00, 0x00, 0x0e, 0x0a, 0x00, 0x00,
  0x0d, 0x09, 0x00, 0x00, 0x00, 0x0d, 0x0c, 0x09, 0x0e, 0x0c, 0x0c, 0x08, 0x0d, 0x0d, 0x00, 0x09,
  0x00, 0x0b, 0x0e, 0x00, 0x0e, 0x00, 0x08, 0x06, 0x05, 0x0e, 0x00, 0x00, 0x0b, 0x00, 0x00, 0x09,
  0x00, 0x00, 0x0b, 0x00, 0x00, 0x0e, 0x00, 0x09, 0x00, 0x0e, 0x00, 0x00, 0x00, 0x00, 0x04, 0x0b,
  0x00, 0x00, 0x00, 0x0b, 0x0d, 0x0e, 0x08, 0x00, 0x0b, 0x0d, 0x0e, 0x00, 0x0c, 0x0c, 0x00, 0x0d,
  0x0e, 0x0d, 0x00, 0x0d, 0x00, 0x00, 0x00, 0x00, 0x00, 0x00, 0x00, 0x0d, 0x0c, 0x0c, 0x00, 0x0b,
  0x00, 0x00, 0x00, 0x09, 0x0c, 0x0b, 0x00, 0x0a, 0x00, 0x00, 0x0b, 0x0e, 0x0f, 0x0d, 0x0b, 0x00,
  0x0e, 0x00, 0x00, 0x0e, 0x00, 0x0d, 0x00, 0x00, 0x00, 0x0b, 0x0a, 0x09, 0x00, 0x00, 0x0d, 0x00,
  0x00, 0x00, 0x0c, 0x0e, 0x05, 0x0d, 0x0c, 0x0d, 0x0d, 0x00, 0x09, 0x02, 0x00, 0x00, 0x00, 0x00,
  0x0d, 0x00, 0x00, 0x00, 0x0c, 0x0f, 0x0c, 0x00, 0x0e, 0x07, 0x00, 0x08, 0x0c, 0x00, 0x0b, 0x00,
  0x00, 0x00, 0x00, 0x0e, 0x00, 0x0b, 0x00, 0x0c, 0x09, 0x0b, 0x05, 0x00, 0x00, 0x0e, 0x00, 0x0c,
  0x0d, 0x0b, 0x00, 0x00, 0x0f, 0x00, 0x0c, 0x0b, 0x0d, 0x0e, 0x00, 0x00, 0x0c, 0x00, 0x0c, 0x00,
  0x0e, 0x00, 0x0a, 0x00, 0x0b, 0x00, 0x08, 0x00, 0x07, 0x00, 0x00, 0x0a, 0x0c, 0x09, 0x00, 0x00,
  0x00, 0x00, 0x08, 0x0a, 0x00, 0x00, 0x00, 0x00, 0x00, 0x0b, 0x0e, 0x0d, 0x0d, 0x0c, 0x00, 0x0d,
  0x09, 0x00, 0x00, 0x00, 0x0b, 0x00, 0x0d, 0x0d, 0x0d, 0x09, 0x0c, 0x0d, 0x00, 0x00, 0x00, 0x00,
  0x00, 0x00, 0x0c, 0x00, 0x0a, 0x00, 0x00, 0x0c, 0x0b, 0x00, 0x00, 0x00, 0x0d, 0x0d, 0x0b, 0x06,
  0x00, 0x00, 0x00, 0x00, 0x00, 0x0b, 0x00, 0x0e, 0x0c, 0x00, 0x00, 0x00, 0x0d, 0x0c, 0x00, 0x0e,
  0x00, 0x09, 0x00, 0x0e, 0x00, 0x0a, 0x00, 0x09, 0x0a, 0x00, 0x0c, 0x0d, 0x0c, 0x08, 0x00, 0x0a,
  0x0e, 0x00, 0x07, 0x00, 0x07, 0x00, 0x00, 0x00, 0x00, 0x0c, 0x0f, 0x00, 0x0c, 0x0e, 0x0c, 0x0c,
  0x0d, 0x00, 0x00, 0x00, 0x0a, 0x00, 0x00, 0x00, 0x0d, 0x0e, 0x07, 0x0e, 0x00, 0x00, 0x0e, 0x0c,
  0x0e, 0x00, 0x0a, 0x00, 0x00, 0x00, 0x0d, 0x0d, 0x00, 0x00, 0x0e, 0x00, 0x00, 0x0b, 0x00, 0x0e,
  0x0f, 0x00, 0x0b, 0x0f, 0x0d, 0x00, 0x00, 0x0c, 0x00, 0x00, 0x0e, 0x0d, 0x00, 0x0b, 0x0e, 0x00,
  0x0e, 0x00, 0x00, 0x00, 0x0a, 0x00, 0x0d, 0x0b, 0x00, 0x00, 0x0d, 0x00, 0x0d, 0x00, 0x0d, 0x0f,
  0x00, 0x0d, 0x0a, 0x00, 0x0c, 0x00, 0x00, 0x00, 0x0e, 0x0e, 0x00, 0x0b, 0x00, 0x0c, 0x0d, 0x0b,
  0x0d, 0x00, 0x00, 0x0a, 0x00, 0x0a, 0x00, 0x00, 0x00, 0x0e, 0x0d, 0x05, 0x0e, 0x0d, 0x0b, 0x00,
  0x00, 0x00, 0x08, 0x0e, 0x0c, 0x0b, 0x0a, 0x0e, 0x00, 0x0a, 0x0f, 0x0f, 0x00, 0x00, 0x00, 0x00,
  0x0e, 0x0a, 0x00, 0x0d, 0x0b, 0x0d, 0x0c, 0x0a, 0x00, 0x0a, 0x0d, 0x00, 0x0c, 0x0a, 0x00, 0x0d,
  0x0e, 0x0d, 0x0e, 0x0b, 0x00, 0x0d, 0x00, 0x0c, 0x0a, 0x00, 0x00, 0x0e, 0x05, 0x0f, 0x0d, 0x00,
  0x0a, 0x0a, 0x00, 0x09, 0x00, 0x00, 0x0e, 0x0e, 0x0f, 0x0d, 0x0c, 0x00, 0x0c, 0x0d, 0x00, 0x00,
  0x00, 0x00, 0x07, 0x0c, 0x0d, 0x00, 0x00, 0x0a, 0x00, 0x00, 0x00, 0x0b, 0x00, 0x0e, 0x00, 0x00,
  0x0b, 0x0d, 0x0d, 0x08, 0x00, 0x0c, 0x00, 0x0c, 0x00, 0x0d, 0x0c, 0x0d, 0x00, 0x0e, 0x00, 0x0c,
  0x00, 0x00, 0x0c, 0x0c, 0x0c, 0x00, 0x00, 0x00, 0x0f, 0x00, 0x00, 0x0c, 0x00, 0x0d, 0x0b, 0x0f,
  0x0e, 0x00, 0x0c, 0x00, 0x00, 0x0b, 0x0d, 0x00, 0x0f, 0x0d, 0x00, 0x00, 0x00, 0x00, 0x09, 0x0e,
  0x00, 0x00, 0x00, 0x07, 0x0e, 0x00, 0x00, 0x00, 0x00, 0x00, 0x00, 0x00, 0x00, 0x00, 0x00, 0x00,
  0x0e, 0x00, 0x0c, 0x0e, 0x0b, 0x0b, 0x0c, 0x0e, 0x00, 0x00, 0x00, 0x0c, 0x0c, 0x0e, 0x0d, 0x0e,
  0x00, 0x0f, 0x0d, 0x00, 0x00, 0x0c, 0x00, 0x0e, 0x00, 0x06, 0x0e, 0x0e, 0x00, 0x0b, 0x00, 0x0b,
  0x00, 0x0a, 0x00, 0x0c, 0x0b, 0x0e, 0x00, 0x0c, 0x00, 0x0f, 0x0d, 0x0d, 0x0c, 0x00, 0x0d, 0x09,
  0x00, 0x00, 0x0d, 0x09, 0x00, 0x0e, 0x0a, 0x00, 0x00, 0x0e, 0x00, 0x00, 0x0f, 0x00, 0x00, 0x00,
  0x0a, 0x0e, 0x0d, 0x00, 0x00, 0x00, 0x0c, 0x00, 0x00, 0x09, 0x0c, 0x0e, 0x0e, 0x0d, 0x0c, 0x0b,
  0x0b, 0x0c, 0x0c, 0x00, 0x0d, 0x00, 0x00, 0x0e, 0x00, 0x00, 0x0b, 0x0e, 0x0c, 0x00, 0x09, 0x0d,
  0x0c, 0x0b, 0x00, 0x00, 0x0c, 0x09, 0x0d, 0x0d, 0x09, 0x0d, 0x0d, 0x0d, 0x0b, 0x00, 0x0f, 0x0b,
  0x08, 0x0a, 0x0c, 0x00, 0x00, 0x0a, 0x09, 0x00, 0x0c, 0x0d, 0x0c, 0x0d, 0x0c, 0x00, 0x0d, 0x0a,
  0x09, 0x00, 0x00, 0x00, 0x00, 0x09, 0x0d, 0x00, 0x0a, 0x0a, 0x00, 0x00, 0x00, 0x00, 0x05, 0x00,
  0x00, 0x0f, 0x0b, 0x04, 0x09, 0x05, 0x0d, 0x0a, 0x0b, 0x00, 0x00, 0x00, 0x0c, 0x0b, 0x0c, 0x0d,
  0x0b, 0x00, 0x00, 0x00, 0x09, 0x00, 0x0b, 0x0d, 0x0b, 0x0b, 0x0e, 0x00, 0x0e, 0x00, 0x0d, 0x0a,
  0x00, 0x00, 0x00, 0x0c, 0x0d, 0x00, 0x0a, 0x0d, 0x00, 0x0e, 0x0f, 0x0c, 0x0e, 0x00, 0x00, 0x0e,
  0x0f, 0x00, 0x00, 0x0e, 0x0d, 0x00, 0x0c, 0x00, 0x00, 0x00, 0x0b, 0x00, 0x0c, 0x0c, 0x0d, 0x0e,
  0x00, 0x0d, 0x00, 0x00, 0x00, 0x0a, 0x09, 0x00, 0x00, 0x00, 0x00, 0x0e, 0x00, 0x00, 0x00, 0x0c,
  0x00, 0x05, 0x00, 0x00, 0x00, 0x00, 0x0c, 0x0e, 0x0f, 0x0c, 0x0c, 0x00, 0x00, 0x0b, 0x0a, 0x08,
  0x0d, 0x00, 0x00, 0x0f, 0x0d, 0x00, 0x0c, 0x00, 0x00, 0x0e, 0x0f, 0x0e, 0x0c, 0x0d, 0x0d, 0x0f,
  0x0d, 0x08, 0x00, 0x0d, 0x0b, 0x00, 0x00, 0x00, 0x00, 0x00, 0x0e, 0x0b, 0x0e, 0x00, 0x0c, 0x0f,
  0x00, 0x0d, 0x00, 0x00, 0x0e, 0x00, 0x00, 0x00, 0x0e, 0x0d, 0x0d, 0x0d, 0x00, 0x09, 0x0d, 0x00,
  0x00, 0x00, 0x00, 0x00, 0x0e, 0x00, 0x0a, 0x0c, 0x00, 0x0e, 0x00, 0x00, 0x08, 0x0b, 0x0e, 0x00,
  0x00, 0x00, 0x00, 0x00, 0x0d, 0x00, 0x0f, 0x0b, 0x00, 0x00, 0x00, 0x0b, 0x0c, 0x0d, 0x0e, 0x0d,
  0x0c, 0x0d, 0x0d, 0x00, 0x00, 0x00, 0x00, 0x0a, 0x00, 0x0d, 0x00, 0x0e, 0x00, 0x00, 0x0c, 0x0b,
  0x0c, 0x00, 0x00, 0x00, 0x0c, 0x03, 0x0f, 0x00, 0x0e, 0x0f, 0x00, 0x0d, 0x00, 0x00, 0x00, 0x00,
  0x00, 0x00, 0x0a, 0x00, 0x0b, 0x00, 0x00, 0x00, 0x00, 0x00, 0x09, 0x00, 0x00, 0x0e, 0x0c, 0x00,
  0x09, 0x0c, 0x09, 0x0c, 0x00, 0x0c, 0x00, 0x0f, 0x00, 0x00, 0x00, 0x00, 0x0d, 0x0a, 0x00, 0x0f,
  0x00, 0x0b, 0x0d, 0x00, 0x0e, 0x00, 0x00, 0x0e, 0x0d, 0x00, 0x00, 0x00, 0x00, 0x00, 0x0c, 0x00,
  0x00, 0x0d, 0x00, 0x0b, 0x0d, 0x0d, 0x0a, 0x00, 0x0e, 0x0c, 0x00, 0x00, 0x0e, 0x0d, 0x08, 0x0c,
  0x00, 0x0e, 0x00, 0x0a, 0x0c, 0x00, 0x0c, 0x00, 0x00, 0x0b, 0x0a, 0x00, 0x00, 0x0c, 0x00, 0x00,
  0x00, 0x00, 0x0e, 0x09, 0x0e, 0x0b, 0x00, 0x0a, 0x0d, 0x00, 0x04, 0x00, 0x0e, 0x06, 0x00, 0x0b,
  0x0d, 0x0e, 0x07, 0x09, 0x00, 0x00, 0x00, 0x00, 0x09, 0x0c, 0x09, 0x00, 0x00, 0x00, 0x00, 0x00,
  0x00, 0x00, 0x0c, 0x00, 0x0b, 0x0d, 0x09, 0x00, 0x00, 0x00, 0x0c, 0x00, 0x0a, 0x0c, 0x0d, 0x0e,
  0x00, 0x0d, 0x00, 0x00, 0x00, 0x0c, 0x00, 0x0e, 0x0c, 0x0b, 0x09, 0x0c, 0x00, 0x00, 0x0e, 0x0a,
  0x00, 0x0c, 0x0a, 0x0d, 0x00, 0x0d, 0x08, 0x00, 0x00, 0x00, 0x00, 0x00, 0x00, 0x00, 0x00, 0x00,
  0x00, 0x0e, 0x0a, 0x06, 0x00, 0x0e, 0x08, 0x00, 0x0c, 0x00, 0x00, 0x09, 0x0d, 0x0e, 0x0c, 0x00,
  0x00, 0x0e, 0x00, 0x0e, 0x00, 0x00, 0x0c, 0x09, 0x00, 0x0c, 0x0b, 0x00, 0x0c, 0x00, 0x00, 0x00,
  0x0c, 0x0c, 0x00, 0x0d, 0x00, 0x0b, 0x0b, 0x0e, 0x0e, 0x07, 0x0c, 0x00, 0x0c, 0x0c, 0x08, 0x00,
  0x08, 0x00, 0x00, 0x00, 0x00, 0x0b, 0x00, 0x0a, 0x00, 0x0c, 0x0d, 0x0b, 0x00, 0x0b, 0x0d, 0x0b,
  0x0c, 0x05, 0x00, 0x0a, 0x0c, 0x0a, 0x0a, 0x00, 0x0a, 0x07, 0x0e, 0x00, 0x0a, 0x00, 0x00, 0x0c,
  0x09, 0x00, 0x0b, 0x0e, 0x09, 0x00, 0x08, 0x00, 0x00, 0x00, 0x00, 0x00, 0x0c, 0x00, 0x00, 0x00,
  0x0d, 0x07, 0x00, 0x00, 0x0b, 0x00, 0x0d, 0x05, 0x09, 0x00, 0x0c, 0x0c, 0x0c, 0x00, 0x00, 0x0d,
  0x00, 0x00, 0x00, 0x00, 0x00, 0x0b, 0x0e, 0x00, 0x00, 0x00, 0x00, 0x0d, 0x00, 0x0d, 0x0d, 0x0d,
  0x0d, 0x00, 0x0c, 0x0c, 0x00, 0x0b, 0x0b, 0x00, 0x00, 0x0a, 0x00, 0x0e, 0x0a, 0x0b, 0x00, 0x0a,
  0x00, 0x00, 0x0c, 0x00, 0x0d, 0x00, 0x00, 0x00, 0x00, 0x0e, 0x0b, 0x00, 0x00, 0x00, 0x0d, 0x00,
  0x00, 0x00, 0x00, 0x0b, 0x00, 0x0a, 0x00, 0x0e, 0x0e, 0x0e, 0x00, 0x0e, 0x00, 0x0d, 0x0b, 0x0e,
  0x00, 0x00, 0x07, 0x0d, 0x06, 0x0c, 0x00, 0x0d, 0x00, 0x0f, 0x0e, 0x0e, 0x00, 0x00, 0x00, 0x09,
  0x0b, 0x00, 0x06, 0x00, 0x0d, 0x0b, 0x00, 0x0c, 0x0b, 0x00, 0x0f, 0x0c, 0x0c, 0x00, 0x0d, 0x0f,
  0x0b, 0x0e, 0x00, 0x00, 0x08, 0x05, 0x00, 0x00, 0x0d, 0x00, 0x06, 0x00, 0x00, 0x0d, 0x0e, 0x0d,
  0x09, 0x00, 0x0b, 0x0d, 0x00, 0x04, 0x00, 0x0e, 0x00, 0x0e, 0x0c, 0x0a, 0x0d, 0x00, 0x0e, 0x00,
  0x0e, 0x00, 0x0d, 0x0e, 0x00, 0x0d, 0x0a, 0x00, 0x00, 0x0e, 0x0d, 0x00, 0x00, 0x00, 0x00, 0x0d,
  0x0d, 0x00, 0x0d, 0x00, 0x08, 0x0f, 0x00, 0x00, 0x0e, 0x0c, 0x0c, 0x00, 0x0b, 0x00, 0x00, 0x06,
  0x00, 0x00, 0x00, 0x00, 0x00, 0x00, 0x0c, 0x00, 0x00, 0x00, 0x0d, 0x00, 0x00, 0x00, 0x0d, 0x00,
  0x0a, 0x0d, 0x0c, 0x0c, 0x00, 0x00, 0x0c, 0x00, 0x08, 0x00, 0x00, 0x0d, 0x00, 0x0c, 0x00, 0x0b,
  0x09, 0x0a, 0x0d, 0x00, 0x00, 0x00, 0x00, 0x00, 0x00, 0x0e, 0x0c, 0x00, 0x00, 0x00, 0x0c, 0x00,
  0x0e, 0x02, 0x0d, 0x0b, 0x00, 0x0e, 0x00, 0x0e, 0x00, 0x00, 0x0a, 0x0a, 0x00, 0x0b, 0x00, 0x00,
  0x0d, 0x0b, 0x0c, 0x0c, 0x0c, 0x0e, 0x00, 0x0c, 0x0b, 0x00, 0x0b, 0x00, 0x00, 0x0e, 0x00, 0x00,
  0x00, 0x0e, 0x0f, 0x00, 0x0c, 0x00, 0x0b, 0x00, 0x0d, 0x0d, 0x06, 0x0c, 0x00, 0x0d, 0x0e, 0x00,
  0x00, 0x0d, 0x0d, 0x0f, 0x0e, 0x00, 0x00, 0x00, 0x00, 0x00, 0x00, 0x00, 0x00, 0x00, 0x00, 0x00,
  0x0a, 0x0d, 0x00, 0x00, 0x00, 0x00, 0x0e, 0x0b, 0x0d, 0x0d, 0x0e, 0x07, 0x0e, 0x0c, 0x00, 0x0a,
  0x00, 0x00, 0x0d, 0x08, 0x0b, 0x0b, 0x0c, 0x00, 0x00, 0x00, 0x06, 0x0a, 0x00, 0x00, 0x06, 0x0f,
  0x0a, 0x0b, 0x0c, 0x0c, 0x0d, 0x09, 0x0b, 0x00, 0x00, 0x0d, 0x00, 0x0d, 0x0e, 0x0e, 0x0d, 0x00,
  0x00, 0x0d, 0x00, 0x00, 0x0c, 0x00, 0x00, 0x00, 0x02, 0x0e, 0x07, 0x00, 0x0b, 0x00, 0x00, 0x00,
  0x0e, 0x00, 0x0c, 0x00, 0x00, 0x00, 0x0a, 0x00, 0x0b, 0x0c, 0x08, 0x0b, 0x00, 0x0c, 0x00, 0x00,
  0x0b, 0x0b, 0x00, 0x0d, 0x0d, 0x0d, 0x0c, 0x0f, 0x00, 0x00, 0x00, 0x00, 0x0d, 0x00, 0x09, 0x0d,
  0x00, 0x07, 0x00, 0x03, 0x0d, 0x00, 0x0d, 0x0a, 0x0e, 0x0d, 0x0c, 0x0e, 0x00, 0x00, 0x0e, 0x0d,
  0x00, 0x00, 0x00, 0x00, 0x0e, 0x00, 0x0b, 0x00, 0x0c, 0x00, 0x00, 0x05, 0x0d, 0x0e, 0x00, 0x08,
  0x0c, 0x00, 0x08, 0x00, 0x0c, 0x0d, 0x0f, 0x00, 0x0a, 0x00, 0x0b, 0x00, 0x0a, 0x00, 0x00, 0x00,
  0x0c, 0x0c, 0x00, 0x0c, 0x0b, 0x0c, 0x0c, 0x0d, 0x07, 0x00, 0x00, 0x00, 0x0d, 0x0d, 0x0b, 0x09,
  0x00, 0x0e, 0x0c, 0x00, 0x00, 0x0c, 0x00, 0x0c, 0x0c, 0x00, 0x0c, 0x0d, 0x00, 0x0d, 0x0f, 0x0d,
  0x00, 0x00, 0x00, 0x0e, 0x00, 0x00, 0x0e, 0x0c, 0x00, 0x0a, 0x0d, 0x06, 0x0c, 0x0b, 0x0c, 0x0c,
  0x0d, 0x00, 0x00, 0x00, 0x00, 0x0a, 0x0e, 0x00, 0x00, 0x0a, 0x00, 0x00, 0x00, 0x00, 0x00, 0x0e,
  0x00, 0x00, 0x00, 0x00, 0x00, 0x0e, 0x0c, 0x0d, 0x0b, 0x00, 0x00, 0x09, 0x08, 0x0c, 0x00, 0x0b,
  0x00, 0x0b, 0x0d, 0x0d, 0x00, 0x00, 0x0d, 0x0c, 0x08, 0x0e, 0x00, 0x0b, 0x00, 0x0e, 0x0c, 0x00,
  0x0e, 0x00, 0x00, 0x0b, 0x00, 0x0a, 0x09, 0x00, 0x00, 0x0f, 0x0d, 0x0c, 0x00, 0x0d, 0x00, 0x0c,
  0x0b, 0x00, 0x00, 0x0e, 0x0c, 0x09, 0x08, 0x0c, 0x0f, 0x00, 0x0d, 0x0c, 0x00, 0x00, 0x00, 0x0e,
  0x00, 0x00, 0x00, 0x0a, 0x08, 0x00, 0x00, 0x00, 0x0d, 0x00, 0x0c, 0x00, 0x0c, 0x0d, 0x00, 0x00,
  0x0e, 0x00, 0x00, 0x00, 0x00, 0x00, 0x0b, 0x0e, 0x00, 0x00, 0x00, 0x00, 0x0d, 0x00, 0x00, 0x00,
  0x06, 0x00, 0x00, 0x0a, 0x00, 0x09, 0x09, 0x00, 0x00, 0x0d, 0x00, 0x00, 0x0b, 0x0e, 0x0d, 0x0c,
  0x00, 0x00, 0x00, 0x00, 0x08, 0x00, 0x0e, 0x00, 0x00, 0x09, 0x0d, 0x0c, 0x00, 0x0d, 0x0a, 0x00,
  0x0b, 0x0e, 0x00, 0x00, 0x00, 0x00, 0x0d, 0x00, 0x08, 0x0e, 0x00, 0x00, 0x00, 0x00, 0x00, 0x00,
  0x0d, 0x07, 0x00, 0x00, 0x0e, 0x00, 0x0a, 0x0d, 0x0d, 0x09, 0x0e, 0x00, 0x09, 0x0d, 0x00, 0x0f,
  0x00, 0x0b, 0x00, 0x0b, 0x0f, 0x00, 0x00, 0x07, 0x0c, 0x00, 0x0d, 0x0d, 0x00, 0x0e, 0x0c, 0x0e,
  0x0c, 0x0b, 0x00, 0x0c, 0x00, 0x00, 0x09, 0x0c, 0x0c, 0x00, 0x09, 0x00, 0x00, 0x00, 0x0d, 0x00,
  0x00, 0x00, 0x00, 0x0b, 0x00, 0x0e, 0x06, 0x0a, 0x0c, 0x0d, 0x0b, 0x0d, 0x00, 0x00, 0x0e, 0x00,
  0x00, 0x00, 0x00, 0x0c, 0x00, 0x0d, 0x00, 0x0b, 0x00, 0x00, 0x00, 0x00, 0x09, 0x0d, 0x00, 0x00,
  0x06, 0x0b, 0x0d, 0x00, 0x00, 0x00, 0x00, 0x0c, 0x0d, 0x00, 0x00, 0x0a, 0x0c, 0x00, 0x00, 0x0c,
  0x00, 0x0a, 0x07, 0x00, 0x0d, 0x0e, 0x0e, 0x0d, 0x06, 0x0c, 0x00, 0x08, 0x00, 0x0b, 0x0d, 0x00,
  0x00, 0x0e, 0x0d, 0x00, 0x0e, 0x00, 0x0b, 0x00, 0x09, 0x05, 0x00, 0x00, 0x00, 0x00, 0x0e, 0x0c,
  0x00, 0x00, 0x00, 0x0a, 0x05, 0x00, 0x00, 0x0d, 0x00, 0x0a, 0x09, 0x0b, 0x00, 0x00, 0x0d, 0x00,
  0x00, 0x00, 0x09, 0x0b, 0x00, 0x00, 0x00, 0x08, 0x00, 0x00, 0x00, 0x0d, 0x0c, 0x0c, 0x0b, 0x08,
  0x00, 0x00, 0x0b, 0x00, 0x0d, 0x0d, 0x0c, 0x0c, 0x00, 0x0a, 0x00, 0x00, 0x0d, 0x0c, 0x00, 0x00,
  0x0c, 0x00, 0x0d, 0x00, 0x00, 0x00, 0x00, 0x00, 0x0e, 0x00, 0x0a, 0x00, 0x09, 0x00, 0x00, 0x0c,
  0x00, 0x00, 0x00, 0x00, 0x00, 0x00, 0x00, 0x09, 0x00, 0x05, 0x00, 0x00, 0x00, 0x09, 0x0c, 0x0e,
  0x00, 0x00, 0x0c, 0x0a, 0x0c, 0x0b, 0x0f, 0x0c, 0x0c, 0x00, 0x00, 0x00, 0x00, 0x0c, 0x00, 0x0c,
  0x00, 0x0c, 0x0b, 0x0b, 0x0e, 0x00, 0x00, 0x0e, 0x0d, 0x0e, 0x00, 0x09, 0x0a, 0x00, 0x00, 0x0d,
  0x00, 0x00, 0x0b, 0x0d, 0x00, 0x00, 0x00, 0x0d, 0x07, 0x0e, 0x0d, 0x0a, 0x00, 0x0c, 0x00, 0x0b,
  0x00, 0x0c, 0x00, 0x00, 0x00, 0x00, 0x00, 0x0d, 0x00, 0x00, 0x00, 0x00, 0x00, 0x00, 0x00, 0x0c,
  0x00, 0x00, 0x08, 0x0c, 0x0d, 0x0d, 0x0b, 0x00, 0x00, 0x00, 0x00, 0x0c, 0x0a, 0x0d, 0x0e, 0x0a,
  0x0b, 0x0e, 0x00, 0x0d, 0x00, 0x00, 0x0c, 0x00, 0x00, 0x00, 0x0e, 0x0b, 0x0d, 0x00, 0x0c, 0x0e,
  0x00, 0x0d, 0x00, 0x00, 0x0d, 0x09, 0x00, 0x0a, 0x0d, 0x0c, 0x00, 0x00, 0x00, 0x00, 0x00, 0x0d,
  0x00, 0x00, 0x0d, 0x0d, 0x00, 0x0d, 0x00, 0x00, 0x0b, 0x0e, 0x00, 0x0e, 0x00, 0x00, 0x00, 0x00,
  0x0d, 0x0d, 0x0b, 0x05, 0x08, 0x00, 0x0a, 0x00, 0x00, 0x0e, 0x00, 0x00, 0x00, 0x00, 0x00, 0x0d,
  0x00, 0x00, 0x06, 0x0d, 0x00, 0x00, 0x0e, 0x00, 0x00, 0x0d, 0x00, 0x0d, 0x00, 0x0c, 0x00, 0x0c,
  0x0e, 0x0e, 0x0d, 0x00, 0x00, 0x08, 0x00, 0x00, 0x0f, 0x0d, 0x09, 0x00, 0x00, 0x00, 0x00, 0x00,
  0x0e, 0x00, 0x0f, 0x0b, 0x00, 0x00, 0x0c, 0x00, 0x0c, 0x0e, 0x00, 0x0e, 0x00, 0x05, 0x0c, 0x0b,
  0x0b, 0x00, 0x0d, 0x0d, 0x00, 0x0a, 0x00, 0x00, 0x00, 0x00, 0x00, 0x0d, 0x00, 0x00, 0x00, 0x00,
  0x0c, 0x00, 0x0d, 0x00, 0x06, 0x0b, 0x0c, 0x0f, 0x0c, 0x08, 0x00, 0x00, 0x0f, 0x00, 0x00, 0x0d,
  0x00, 0x00, 0x0a, 0x0a, 0x0e, 0x0e, 0x0a, 0x00, 0x08, 0x00, 0x05, 0x00, 0x00, 0x00, 0x00, 0x0e,
  0x00, 0x0c, 0x06, 0x00, 0x00, 0x0e, 0x0e, 0x0c, 0x00, 0x0b, 0x00, 0x0b, 0x0c, 0x00, 0x0f, 0x0c,
  0x0e, 0x0d, 0x00, 0x00, 0x0c, 0x0c, 0x0c, 0x00, 0x00, 0x0c, 0x00, 0x00, 0x00, 0x00, 0x00, 0x0c,
  0x00, 0x0d, 0x0d, 0x00, 0x0b, 0x00, 0x00, 0x00, 0x0d, 0x0a, 0x09, 0x00, 0x00, 0x00, 0x00, 0x00,
  0x02, 0x00, 0x0b, 0x0e, 0x0e, 0x00, 0x00, 0x0e, 0x09, 0x0b, 0x0d, 0x00, 0x0a, 0x08, 0x00, 0x00,
  0x00, 0x0b, 0x00, 0x0e, 0x00, 0x00, 0x09, 0x0a, 0x00, 0x0e, 0x00, 0x0c, 0x0c, 0x0b, 0x00, 0x00,
  0x00, 0x00, 0x00, 0x00, 0x0e, 0x0c, 0x00, 0x00, 0x00, 0x00, 0x00, 0x0c, 0x00, 0x0c, 0x0c, 0x00,
  0x00, 0x00, 0x0e, 0x00, 0x00, 0x0c, 0x00, 0x08, 0x0c, 0x00, 0x0e, 0x00, 0x07, 0x0c, 0x00, 0x00,
  0x00, 0x00, 0x08, 0x00, 0x0e, 0x00, 0x00, 0x0e, 0x0b, 0x00, 0x0d, 0x0d, 0x0e, 0x00, 0x0f, 0x0f,
  0x00, 0x0b, 0x00, 0x00, 0x0d, 0x0b, 0x00, 0x0b, 0x09, 0x00, 0x0e, 0x00, 0x0e, 0x0b, 0x0e, 0x09,
  0x00, 0x09, 0x0d, 0x07, 0x00, 0x0a, 0x00, 0x0c, 0x00, 0x0a, 0x00, 0x00, 0x00, 0x0d, 0x00, 0x0a,
  0x0e, 0x0d, 0x00, 0x0d, 0x00, 0x00, 0x00, 0x00, 0x00, 0x00, 0x00, 0x09, 0x0a, 0x0c, 0x00, 0x0c,
  0x0d, 0x00, 0x00, 0x00, 0x0c, 0x00, 0x00, 0x0e, 0x0a, 0x00, 0x00, 0x00, 0x0b, 0x00, 0x0c, 0x00,
  0x00, 0x0c, 0x0c, 0x09, 0x0d, 0x00, 0x05, 0x0c, 0x00, 0x00, 0x0a, 0x0d, 0x0d, 0x00, 0x00, 0x00,
  0x00, 0x0d, 0x0b, 0x00, 0x00, 0x00, 0x08, 0x00, 0x0d, 0x00, 0x00, 0x0b, 0x00, 0x0c, 0x0c, 0x0a,
  0x0c, 0x0a, 0x0c, 0x0d, 0x0b, 0x00, 0x00, 0x00, 0x0c, 0x0c, 0x00, 0x00, 0x0b, 0x0c, 0x00, 0x00,
  0x00, 0x07, 0x0e, 0x00, 0x00, 0x0d, 0x0e, 0x00, 0x00, 0x00, 0x00, 0x00, 0x0c, 0x0b, 0x0b, 0x00,
  0x0d, 0x0d, 0x00, 0x00, 0x00, 0x00, 0x0d, 0x0c, 0x0e, 0x0b, 0x0b, 0x00, 0x00, 0x00, 0x0c, 0x0d,
  0x0a, 0x0d, 0x0f, 0x0d, 0x0e, 0x0a, 0x0f, 0x0d, 0x00, 0x00, 0x00, 0x00, 0x0a, 0x0d, 0x00, 0x08,
  0x0c, 0x00, 0x0a, 0x00, 0x00, 0x0e, 0x00, 0x0c, 0x00, 0x00, 0x0d, 0x00, 0x0f, 0x00, 0x0e, 0x0d,
  0x00, 0x0a, 0x0d, 0x0e, 0x00, 0x0e, 0x0d, 0x0b, 0x00, 0x00, 0x00, 0x00, 0x00, 0x00, 0x00, 0x00,
  0x0d, 0x00, 0x0d, 0x0d, 0x00, 0x00, 0x00, 0x0e, 0x0e, 0x00, 0x0b, 0x0e, 0x00, 0x0a, 0x0e, 0x0b,
  0x0b, 0x0c, 0x00, 0x00, 0x00, 0x0f, 0x0e, 0x00, 0x0d, 0x0d, 0x0a, 0x00, 0x00, 0x0a, 0x0c, 0x00,
  0x0f, 0x0b, 0x0b, 0x0e, 0x0c, 0x0d, 0x0b, 0x00, 0x00, 0x0b, 0x0a, 0x0e, 0x00, 0x00, 0x0b, 0x0e,
  0x0b, 0x00, 0x00, 0x0d, 0x0e, 0x00, 0x00, 0x00, 0x0b, 0x0d, 0x00, 0x06, 0x00, 0x0e, 0x0e, 0x0e,
  0x0c, 0x00, 0x0d, 0x00, 0x0b, 0x0d, 0x00, 0x0b, 0x0a, 0x0b, 0x00, 0x09, 0x00, 0x00, 0x0c, 0x00,
  0x00, 0x0b, 0x00, 0x00, 0x0e, 0x00, 0x00, 0x00, 0x00, 0x0e, 0x00, 0x0c, 0x07, 0x0d, 0x0f, 0x0e,
  0x0c, 0x00, 0x00, 0x00, 0x00, 0x00, 0x00, 0x00, 0x00, 0x00, 0x09, 0x0e, 0x00, 0x00, 0x00, 0x0a,
  0x00, 0x00, 0x0d, 0x00, 0x0d, 0x0b, 0x0b, 0x0a, 0x0c, 0x0f, 0x00, 0x00, 0x00, 0x0c, 0x0d, 0x00,
  0x00, 0x00, 0x0b, 0x08, 0x0d, 0x00, 0x00, 0x0e, 0x00, 0x00, 0x0a, 0x0c, 0x00, 0x00, 0x00, 0x0e,
  0x00, 0x00, 0x0a, 0x04, 0x0c, 0x00, 0x00, 0x00, 0x0d, 0x00, 0x09, 0x0a, 0x0c, 0x0d, 0x0d, 0x0a,
  0x00, 0x0c, 0x00, 0x00, 0x0c, 0x0e, 0x00, 0x09, 0x00, 0x0e, 0x00, 0x00, 0x00, 0x00, 0x00, 0x00,
  0x0d, 0x0b, 0x00, 0x00, 0x0e, 0x0c, 0x00, 0x0d, 0x0e, 0x0d, 0x0c, 0x00, 0x00, 0x09, 0x00, 0x0b,
  0x0c, 0x0b, 0x0d, 0x00, 0x08, 0x00, 0x00, 0x00, 0x04, 0x00, 0x00, 0x0a, 0x08, 0x00, 0x00, 0x00,
  0x00, 0x00, 0x07, 0x09, 0x0c, 0x00, 0x0c, 0x00, 0x00, 0x0e, 0x0a, 0x0e, 0x00, 0x00, 0x0d, 0x0d,
  0x00, 0x0b, 0x00, 0x00, 0x00, 0x09, 0x0d, 0x09, 0x0d, 0x08, 0x00, 0x00, 0x00, 0x0b, 0x0d, 0x00,
  0x0c, 0x07, 0x0e, 0x00, 0x08, 0x00, 0x00, 0x0d, 0x0d, 0x0e, 0x00, 0x00, 0x0e, 0x00, 0x0c, 0x00,
  0x00, 0x0c, 0x00, 0x00, 0x00, 0x0a, 0x0d, 0x00, 0x08, 0x0e, 0x0b, 0x00, 0x0e, 0x08, 0x00, 0x0b,
  0x00, 0x00, 0x0d, 0x0e, 0x0d, 0x00, 0x0b, 0x0c, 0x00, 0x00, 0x00, 0x00, 0x0e, 0x0c, 0x0c, 0x0c,
  0x00, 0x00, 0x0c, 0x0d, 0x00, 0x0c, 0x0c, 0x0e, 0x00, 0x0b, 0x00, 0x0b, 0x0a, 0x00, 0x00, 0x00,
  0x00, 0x08, 0x00, 0x0c, 0x0e, 0x09, 0x0d, 0x00, 0x0e, 0x00, 0x0c, 0x0d, 0x00, 0x0c, 0x00, 0x00,
  0x01, 0x00, 0x00, 0x0d, 0x00, 0x0b, 0x09, 0x00, 0x00, 0x0a, 0x00, 0x00, 0x04, 0x00, 0x00, 0x0e,
  0x00, 0x0b, 0x08, 0x0d, 0x00, 0x00, 0x00, 0x00, 0x0c, 0x0e, 0x07, 0x0e, 0x00, 0x0c, 0x0f, 0x00,
  0x00, 0x00, 0x0f, 0x0c, 0x09, 0x00, 0x00, 0x0d, 0x0e, 0x00, 0x0c, 0x00, 0x0b, 0x00, 0x00, 0x00,
  0x00, 0x00, 0x00, 0x00, 0x00, 0x00, 0x00, 0x00, 0x00, 0x0f, 0x0d, 0x0e, 0x0d, 0x0c, 0x00, 0x0d,
  0x00, 0x00, 0x00, 0x0c, 0x00, 0x00, 0x0b, 0x0d, 0x0c, 0x00, 0x0b, 0x0e, 0x00, 0x00, 0x00, 0x00,
  0x00, 0x0b, 0x08, 0x0d, 0x00, 0x00, 0x0c, 0x00, 0x00, 0x00, 0x0b, 0x00, 0x00, 0x00, 0x0e, 0x00,
  0x00, 0x00, 0x00, 0x0d, 0x00, 0x0d, 0x0a, 0x00, 0x00, 0x00, 0x0c, 0x0e, 0x00, 0x0d, 0x00, 0x00,
  0x0e, 0x08, 0x0b, 0x00, 0x00, 0x0b, 0x00, 0x07, 0x0b, 0x00, 0x00, 0x0c, 0x00, 0x0b, 0x00, 0x00,
  0x09, 0x0e, 0x0c, 0x00, 0x00, 0x0c, 0x0e, 0x00, 0x0d, 0x0e, 0x00, 0x0e, 0x00, 0x00, 0x0c, 0x0e,
  0x0c, 0x00, 0x0e, 0x00, 0x0b, 0x00, 0x0c, 0x00, 0x00, 0x0d, 0x00, 0x00, 0x00, 0x00, 0x00, 0x00,
  0x00, 0x09, 0x0a, 0x09, 0x00, 0x0c, 0x00, 0x00, 0x0b, 0x0c, 0x00, 0x0c, 0x0d, 0x00, 0x00, 0x0d,
  0x0d, 0x0b, 0x00, 0x00, 0x0d, 0x00, 0x00, 0x00, 0x0a, 0x0a, 0x0b, 0x00, 0x0e, 0x00, 0x09, 0x0d,
  0x0d, 0x00, 0x00, 0x00, 0x0c, 0x0e, 0x07, 0x0d, 0x00, 0x0e, 0x0d, 0x0d, 0x00, 0x00, 0x0f, 0x0f,
  0x00, 0x0e, 0x0c, 0x00, 0x00, 0x00, 0x09, 0x07, 0x00, 0x09, 0x00, 0x00, 0x0c, 0x00, 0x0e, 0x0c,
  0x00, 0x00, 0x0d, 0x00, 0x00, 0x0b, 0x00, 0x00, 0x0d, 0x08, 0x00, 0x00, 0x0d, 0x00, 0x00, 0x0c,
  0x0c, 0x05, 0x0b, 0x00, 0x07, 0x0d, 0x00, 0x00, 0x0c, 0x00, 0x0d, 0x00, 0x00, 0x00, 0x00, 0x00,
  0x00, 0x00, 0x0b, 0x00, 0x0e, 0x00, 0x0d, 0x0f, 0x00, 0x0c, 0x00, 0x0e, 0x0f, 0x00, 0x00, 0x0f,
  0x00, 0x0d, 0x00, 0x00, 0x00, 0x08, 0x00, 0x00, 0x0a, 0x00, 0x00, 0x0d, 0x0b, 0x00, 0x0c, 0x0e,
  0x00, 0x00, 0x0e, 0x00, 0x00, 0x00, 0x00, 0x0a, 0x05, 0x00, 0x00, 0x00, 0x06, 0x00, 0x0d, 0x06,
  0x0d, 0x00, 0x0c, 0x00, 0x00, 0x00, 0x0e, 0x0a, 0x0e, 0x0b, 0x0f, 0x00, 0x0c, 0x08, 0x00, 0x0d,
  0x00, 0x08, 0x0d, 0x0e, 0x0d, 0x00, 0x00, 0x0a, 0x00, 0x0e, 0x00, 0x0c, 0x0d, 0x0a, 0x0d, 0x0a,
  0x0a, 0x00, 0x09, 0x00, 0x0c, 0x00, 0x0d, 0x0c, 0x0c, 0x0a, 0x00, 0x00, 0x00, 0x0d, 0x00, 0x0e,
  0x00, 0x0e, 0x00, 0x00, 0x0f, 0x00, 0x0d, 0x00, 0x0e, 0x0d, 0x00, 0x00, 0x00, 0x00, 0x00, 0x00,
  0x00, 0x0d, 0x00, 0x0a, 0x00, 0x00, 0x0c, 0x00, 0x00, 0x00, 0x00, 0x0d, 0x00, 0x00, 0x0e, 0x0d,
  0x00, 0x0c, 0x0c, 0x00, 0x0b, 0x00, 0x0a, 0x0c, 0x00, 0x07, 0x00, 0x00, 0x0d, 0x0d, 0x00, 0x00,
  0x00, 0x0c, 0x0c, 0x00, 0x00, 0x0b, 0x0c, 0x0d, 0x00, 0x0d, 0x00, 0x0c, 0x0b, 0x0c, 0x00, 0x00,
  0x0e, 0x0e, 0x00, 0x04, 0x05, 0x0d, 0x0e, 0x00, 0x0d, 0x0f, 0x0c, 0x00, 0x0e, 0x00, 0x00, 0x0e,
  0x00, 0x0d, 0x0b, 0x00, 0x00, 0x00, 0x0b, 0x09, 0x0d, 0x00, 0x0a, 0x0b, 0x00, 0x0d, 0x0c, 0x0e,
  0x00, 0x0b, 0x00, 0x0e, 0x00, 0x00, 0x00, 0x0e, 0x0d, 0x0c, 0x00, 0x0a, 0x0e, 0x00, 0x00, 0x0d,
  0x0c, 0x0e, 0x00, 0x08, 0x00, 0x0a, 0x00, 0x07, 0x00, 0x00, 0x00, 0x0a, 0x0e, 0x00, 0x0d, 0x00,
  0x0e, 0x0b, 0x0a, 0x00, 0x06, 0x00, 0x0c, 0x0e, 0x09, 0x00, 0x00, 0x00, 0x00, 0x06, 0x00, 0x0b,
  0x0f, 0x0e, 0x0b, 0x00, 0x0d, 0x0e, 0x00, 0x00, 0x00, 0x0c, 0x00, 0x0d, 0x00, 0x0d, 0x0d, 0x0d,
  0x0d, 0x0c, 0x04, 0x0f, 0x0c, 0x00, 0x00, 0x0c, 0x02, 0x0e, 0x00, 0x00, 0x0e, 0x0c, 0x0d, 0x00,
  0x00, 0x0f, 0x00, 0x06, 0x0c, 0x0e, 0x00, 0x00, 0x00, 0x0e, 0x00, 0x00, 0x0e, 0x0b, 0x00, 0x05,
  0x00, 0x00, 0x00, 0x0c, 0x08, 0x00, 0x0c, 0x0b, 0x0e, 0x00, 0x00, 0x00, 0x0d, 0x0d, 0x0f, 0x0d,
  0x00, 0x0c, 0x00, 0x00, 0x0a, 0x0d, 0x0a, 0x00, 0x00, 0x0e, 0x06, 0x0e, 0x00, 0x0a, 0x0b, 0x00,
  0x0d, 0x0e, 0x00, 0x09, 0x0d, 0x00, 0x00, 0x0a, 0x0d, 0x00, 0x00, 0x0d, 0x0f, 0x00, 0x0f, 0x0d,
  0x00, 0x00, 0x00, 0x00, 0x00, 0x0c, 0x00, 0x0c, 0x00, 0x00, 0x0e, 0x0d, 0x0d, 0x0d, 0x0a, 0x0e,
  0x0c, 0x0d, 0x00, 0x0b, 0x0d, 0x0b, 0x0a, 0x0c, 0x00, 0x0c, 0x00, 0x0f, 0x0d, 0x0e, 0x00, 0x0b,
  0x00, 0x0e, 0x0b, 0x00, 0x0b, 0x00, 0x00, 0x00, 0x00, 0x00, 0x0a, 0x0d, 0x0d, 0x0f, 0x0e, 0x00,
  0x00, 0x00, 0x0d, 0x0e, 0x00, 0x00, 0x00, 0x0e, 0x0a, 0x0d, 0x00, 0x0d, 0x0b, 0x00, 0x0b, 0x00,
  0x00, 0x00, 0x0d, 0x0b, 0x0a, 0x00, 0x0d, 0x00, 0x00, 0x0c, 0x00, 0x08, 0x0c, 0x0f, 0x0d, 0x0e,
  0x0c, 0x0d, 0x0c, 0x09, 0x0a, 0x09, 0x0c, 0x00, 0x00, 0x0d, 0x00, 0x0a, 0x00, 0x00, 0x0c, 0x00,
  0x00, 0x0d, 0x00, 0x00, 0x00, 0x0c, 0x00, 0x0d, 0x00, 0x0e, 0x00, 0x0c, 0x00, 0x00, 0x0b, 0x00,
  0x00, 0x04, 0x00, 0x00, 0x0e, 0x00, 0x00, 0x0d, 0x0c, 0x0b, 0x00, 0x00, 0x00, 0x09, 0x0c, 0x06,
  0x0a, 0x0d, 0x0a, 0x0e, 0x0a, 0x0b, 0x0e, 0x00, 0x00, 0x00, 0x00, 0x0e, 0x00, 0x0f, 0x0e, 0x07,
  0x0a, 0x00, 0x00, 0x00, 0x00, 0x00, 0x00, 0x0d, 0x00, 0x0c, 0x00, 0x0a, 0x02, 0x00, 0x0b, 0x00,
  0x05, 0x00, 0x0e, 0x00, 0x00, 0x00, 0x00, 0x0c, 0x0e, 0x0f, 0x0c, 0x00, 0x09, 0x0d, 0x00, 0x09,
  0x00, 0x0c, 0x00, 0x00, 0x0c, 0x00, 0x0a, 0x0e, 0x00, 0x00, 0x00, 0x00, 0x00, 0x0c, 0x00, 0x00,
  0x00, 0x00, 0x00, 0x0d, 0x00, 0x0b, 0x00, 0x0c, 0x09, 0x0d, 0x0b, 0x00, 0x0d, 0x00, 0x0c, 0x0e,
  0x00, 0x0c, 0x00, 0x00, 0x00, 0x0e, 0x0d, 0x00, 0x0d, 0x09, 0x0b, 0x00, 0x00, 0x0c, 0x00, 0x00,
  0x09, 0x0d, 0x0c, 0x00, 0x0e, 0x00, 0x09, 0x0d, 0x00, 0x0b, 0x0c, 0x00, 0x00, 0x00, 0x0d, 0x0e,
  0x00, 0x0d, 0x0d, 0x00, 0x0d, 0x00, 0x00, 0x0d, 0x06, 0x00, 0x07, 0x0e, 0x00, 0x0e, 0x0d, 0x0c,
  0x0a, 0x0c, 0x00, 0x00, 0x00, 0x0e, 0x0c, 0x0d, 0x00, 0x00, 0x0c, 0x00, 0x00, 0x0c, 0x0f, 0x00,
  0x00, 0x00, 0x0d, 0x09, 0x0d, 0x0d, 0x0e, 0x0e, 0x0c, 0x00, 0x00, 0x0c, 0x00, 0x00, 0x00, 0x0b,
  0x00, 0x00, 0x0c, 0x0c, 0x0e, 0x00, 0x00, 0x00, 0x00, 0x0d, 0x0f, 0x00, 0x00, 0x00, 0x0b, 0x0c,
  0x00, 0x0c, 0x0c, 0x00, 0x09, 0x00, 0x0d, 0x08, 0x0b, 0x0d, 0x00, 0x00, 0x0b, 0x05, 0x0c, 0x00,
  0x00, 0x00, 0x00, 0x0b, 0x0b, 0x0d, 0x07, 0x09, 0x00, 0x08, 0x0c, 0x0c, 0x0c, 0x00, 0x00, 0x0d,
  0x00, 0x00, 0x00, 0x00, 0x0b, 0x0d, 0x0d, 0x00, 0x09, 0x0d, 0x0e, 0x00, 0x0e, 0x00, 0x0c, 0x00,
  0x0d, 0x00, 0x00, 0x00, 0x0e, 0x00, 0x00, 0x00, 0x00, 0x0b, 0x00, 0x00, 0x0d, 0x0e, 0x00, 0x00,
  0x0c, 0x00, 0x0b, 0x0d, 0x00, 0x00, 0x0a, 0x00, 0x00, 0x0e, 0x00, 0x0d, 0x00, 0x0d, 0x0e, 0x0a,
  0x00, 0x00, 0x0a, 0x00, 0x0a, 0x00, 0x00, 0x0e, 0x00, 0x00, 0x09, 0x0e, 0x09, 0x0d, 0x0d, 0x0e,
  0x00, 0x00, 0x08, 0x0d, 0x00, 0x0b, 0x09, 0x0d, 0x00, 0x09, 0x00, 0x00, 0x0e, 0x00, 0x09, 0x00,
  0x00, 0x00, 0x00, 0x00, 0x0e, 0x00, 0x00, 0x0d, 0x0c, 0x00, 0x0d, 0x0c, 0x00, 0x0c, 0x0b, 0x0e,
  0x0b, 0x00, 0x09, 0x00, 0x0f, 0x0e, 0x09, 0x00, 0x00, 0x0d, 0x0e, 0x0e, 0x0a, 0x00, 0x0b, 0x0c,
  0x07, 0x00, 0x0e, 0x00, 0x00, 0x00, 0x00, 0x00, 0x00, 0x00, 0x00, 0x00, 0x0e, 0x00, 0x0d, 0x0a,
  0x00, 0x00, 0x0e, 0x0d, 0x0f, 0x00, 0x00, 0x0b, 0x0b, 0x09, 0x00, 0x0b, 0x0c, 0x0d, 0x00, 0x00,
  0x00, 0x00, 0x00, 0x06, 0x0d, 0x07, 0x00, 0x00, 0x00, 0x00, 0x00, 0x0c, 0x00, 0x0b, 0x00, 0x0c,
  0x00, 0x00, 0x0e, 0x00, 0x00, 0x0d, 0x08, 0x0d, 0x00, 0x0e, 0x00, 0x0c, 0x00, 0x00, 0x00, 0x0d,
  0x00, 0x0e, 0x0d, 0x00, 0x00, 0x00, 0x0e, 0x00, 0x00, 0x0d, 0x0a, 0x00, 0x00, 0x08, 0x00, 0x00,
  0x00, 0x00, 0x0e, 0x0c, 0x0a, 0x00, 0x00, 0x0e, 0x00, 0x00, 0x00, 0x06, 0x0f, 0x0d, 0x0e, 0x0d,
  0x0d, 0x00, 0x0a, 0x00, 0x00, 0x00, 0x00, 0x0d, 0x0d, 0x00, 0x00, 0x0d, 0x00, 0x00, 0x00, 0x0e,
  0x00, 0x00, 0x0a, 0x00, 0x00, 0x00, 0x00, 0x08, 0x00, 0x09, 0x00, 0x09, 0x00, 0x00, 0x00, 0x0e,
  0x08, 0x09, 0x08, 0x00, 0x00, 0x0c, 0x0c, 0x00, 0x00, 0x00, 0x00, 0x00, 0x0b, 0x00, 0x00, 0x0c,
  0x00, 0x0b, 0x0f, 0x00, 0x00, 0x00, 0x0b, 0x0c, 0x00, 0x0d, 0x00, 0x0b, 0x00, 0x06, 0x00, 0x0c,
  0x0d, 0x00, 0x07, 0x00, 0x00, 0x00, 0x00, 0x00, 0x0c, 0x08, 0x00, 0x00, 0x0e, 0x0c, 0x00, 0x00,
  0x0d, 0x0b, 0x0b, 0x00, 0x00, 0x00, 0x00, 0x00, 0x0d, 0x0a, 0x00, 0x0b, 0x00, 0x0b, 0x0d, 0x00,
  0x0d, 0x00, 0x0e, 0x0b, 0x0c, 0x00, 0x08, 0x0d, 0x00, 0x00, 0x00, 0x0e, 0x00, 0x00, 0x08, 0x0d,
  0x0f, 0x00, 0x0b, 0x08, 0x0e, 0x0b, 0x0d, 0x00, 0x00, 0x0b, 0x0b, 0x00, 0x00, 0x0d, 0x0d, 0x0d,
  0x00, 0x06, 0x00, 0x00, 0x0e, 0x0d, 0x0a, 0x0e, 0x00, 0x00, 0x00, 0x0b, 0x0c, 0x09, 0x0a, 0x08,
  0x00, 0x00, 0x0c, 0x0c, 0x00, 0x00, 0x00, 0x00, 0x0c, 0x08, 0x00, 0x0d, 0x07, 0x00, 0x0d, 0x00,
  0x00, 0x07, 0x0d, 0x0d, 0x0e, 0x00, 0x0e, 0x00, 0x00, 0x0a, 0x00, 0x00, 0x00, 0x0d, 0x00, 0x0d,
  0x00, 0x0a, 0x00, 0x0a, 0x00, 0x00, 0x00, 0x00, 0x0e, 0x00, 0x0b, 0x00, 0x00, 0x0d, 0x00, 0x0d,
  0x0a, 0x0d, 0x0e, 0x00, 0x0e, 0x00, 0x00, 0x00, 0x00, 0x00, 0x00, 0x0e, 0x00, 0x00, 0x0b, 0x00,
  0x0a, 0x00, 0x09, 0x00, 0x00, 0x09, 0x00, 0x0d, 0x0d, 0x0b, 0x00, 0x00, 0x0f, 0x00, 0x00, 0x00,
  0x00, 0x00, 0x00, 0x00, 0x0b, 0x0c, 0x0d, 0x0d, 0x00, 0x00, 0x00, 0x00, 0x0e, 0x00, 0x00, 0x0c,
  0x0b, 0x0c, 0x00, 0x00, 0x00, 0x00, 0x00, 0x08, 0x0e, 0x0b, 0x00, 0x0a, 0x00, 0x0e, 0x0c, 0x00,
  0x0d, 0x0e, 0x00, 0x09, 0x09, 0x00, 0x0a, 0x00, 0x0e, 0x0e, 0x00, 0x0b, 0x00, 0x0b, 0x0d, 0x00,
  0x0e, 0x00, 0x00, 0x0b, 0x0e, 0x00, 0x0e, 0x0c, 0x0c, 0x00, 0x00, 0x0d, 0x00, 0x0e, 0x00, 0x00,
  0x00, 0x0f, 0x00, 0x00, 0x00, 0x00, 0x00, 0x0d, 0x00, 0x0a, 0x0d, 0x00, 0x0d, 0x0c, 0x00, 0x00,
  0x00, 0x0e, 0x00, 0x00, 0x00, 0x00, 0x0c, 0x0c, 0x0e, 0x00, 0x00, 0x00, 0x00, 0x00, 0x0f, 0x0e,
  0x00, 0x0a, 0x04, 0x00, 0x0d, 0x0b, 0x00, 0x0c, 0x0c, 0x06, 0x09, 0x0d, 0x00, 0x0c, 0x0c, 0x00,
  0x00, 0x00, 0x0c, 0x00, 0x0e, 0x00, 0x0c, 0x08, 0x0c, 0x0d, 0x00, 0x0c, 0x0d, 0x00, 0x00, 0x0e,
  0x00, 0x00, 0x0a, 0x00, 0x00, 0x00, 0x00, 0x00, 0x07, 0x0d, 0x0c, 0x0d, 0x0e, 0x0d, 0x00, 0x0d,
  0x00, 0x0e, 0x00, 0x0b, 0x0c, 0x00, 0x00, 0x00, 0x0e, 0x00, 0x0c, 0x0d, 0x00, 0x0c, 0x0a, 0x0c,
  0x00, 0x0d, 0x00, 0x00, 0x0c, 0x00, 0x00, 0x00, 0x00, 0x00, 0x00, 0x00, 0x00, 0x0c, 0x00, 0x00,
  0x00, 0x00, 0x0a, 0x0c, 0x0d, 0x00, 0x0e, 0x0e, 0x00, 0x00, 0x00, 0x0c, 0x0a, 0x00, 0x00, 0x0b,
  0x00, 0x00, 0x00, 0x0d, 0x00, 0x00, 0x00, 0x00, 0x0a, 0x00, 0x00, 0x0d, 0x00, 0x0e, 0x0c, 0x0a,
  0x0e, 0x00, 0x00, 0x0c, 0x00, 0x0d, 0x00, 0x00, 0x0b, 0x0b, 0x00, 0x00, 0x0b, 0x0a, 0x0d, 0x0a,
  0x00, 0x0e, 0x0d, 0x0e, 0x0c, 0x0d, 0x00, 0x00, 0x00, 0x0e, 0x08, 0x00, 0x0c, 0x0d, 0x00, 0x0f,
  0x09, 0x0d, 0x00, 0x00, 0x00, 0x00, 0x0e, 0x0b, 0x0d, 0x0c, 0x00, 0x0e, 0x0a, 0x0d, 0x00, 0x00,
  0x00, 0x00, 0x0d, 0x00, 0x00, 0x00, 0x0e, 0x00, 0x09, 0x00, 0x0b, 0x0a, 0x0d, 0x0d, 0x00, 0x00,
  0x0a, 0x00, 0x00, 0x00, 0x00, 0x00, 0x00, 0x0d, 0x0d, 0x00, 0x00, 0x00, 0x00, 0x00, 0x00, 0x00,
  0x00, 0x0c, 0x0d, 0x0c, 0x00, 0x07, 0x00, 0x0c, 0x00, 0x0e, 0x0b, 0x0d, 0x00, 0x00, 0x00, 0x00,
  0x0d, 0x00, 0x00, 0x00, 0x0c, 0x00, 0x0d, 0x0a, 0x0b, 0x00, 0x00, 0x09, 0x0a, 0x0a, 0x00, 0x0d,
  0x0d, 0x0e, 0x00, 0x00, 0x0d, 0x0d, 0x00, 0x00, 0x00, 0x00, 0x00, 0x0b, 0x0c, 0x0e, 0x0c, 0x00,
  0x00, 0x00, 0x0d, 0x00, 0x00, 0x09, 0x00, 0x0e, 0x0e, 0x0e, 0x0c, 0x0e, 0x09, 0x0c, 0x0c, 0x00,
  0x0c, 0x0c, 0x0a, 0x0d, 0x0e, 0x00, 0x0d, 0x00, 0x00, 0x0e, 0x0c, 0x0e, 0x0b, 0x00, 0x0c, 0x0c,
  0x0b, 0x0b, 0x07, 0x0c, 0x0d, 0x00, 0x00, 0x0c, 0x00, 0x00, 0x00, 0x00, 0x00, 0x0d, 0x00, 0x0e,
  0x00, 0x0b, 0x09, 0x0d, 0x0b, 0x09, 0x0b, 0x0e, 0x00, 0x00, 0x0c, 0x00, 0x00, 0x00, 0x0e, 0x0a,
  0x00, 0x00, 0x0f, 0x0c, 0x0a, 0x00, 0x00, 0x00, 0x0d, 0x00, 0x00, 0x00, 0x00, 0x0c, 0x00, 0x00,
  0x06, 0x00, 0x00, 0x00, 0x00, 0x00, 0x0d, 0x07, 0x0d, 0x0c, 0x00, 0x00, 0x00, 0x00, 0x00, 0x00,
  0x00, 0x0c, 0x0c, 0x00, 0x00, 0x00, 0x0a, 0x0b, 0x00, 0x00, 0x00, 0x0d, 0x00, 0x0e, 0x0b, 0x09,
  0x00, 0x0e, 0x00, 0x0d, 0x00, 0x00, 0x00, 0x00, 0x00, 0x09, 0x08, 0x00, 0x00, 0x00, 0x00, 0x0c,
  0x00, 0x0d, 0x0e, 0x00, 0x00, 0x00, 0x0d, 0x0a, 0x0e, 0x0e, 0x00, 0x0a, 0x00, 0x02, 0x08, 0x00,
  0x0e, 0x0c, 0x0a, 0x0d, 0x0b, 0x0e, 0x00, 0x00, 0x00, 0x00, 0x07, 0x04, 0x08, 0x00, 0x00, 0x0d,
  0x00, 0x00, 0x00, 0x09, 0x06, 0x0d, 0x0d, 0x00, 0x00, 0x00, 0x00, 0x0d, 0x00, 0x0c, 0x09, 0x0b,
  0x00, 0x00, 0x0e, 0x00, 0x00, 0x00, 0x00, 0x0b, 0x0e, 0x00, 0x0d, 0x00, 0x00, 0x09, 0x00, 0x00,
  0x00, 0x00, 0x0e, 0x00, 0x0a, 0x00, 0x0d, 0x0c, 0x00, 0x00, 0x00, 0x0d, 0x0c, 0x00, 0x08, 0x0c,
  0x00, 0x0a, 0x00, 0x00, 0x00, 0x00, 0x00, 0x0e, 0x00, 0x0e, 0x00, 0x00, 0x0e, 0x08, 0x00, 0x00,
  0x00, 0x00, 0x0a, 0x0c, 0x0c, 0x0d, 0x00, 0x00, 0x00, 0x0d, 0x00, 0x00, 0x0d, 0x00, 0x0c, 0x00,
  0x0f, 0x0d, 0x00, 0x00, 0x0e, 0x00, 0x0d, 0x00, 0x00, 0x0e, 0x00, 0x0c, 0x00, 0x00, 0x00, 0x0a,
  0x0d, 0x0f, 0x0e, 0x00, 0x08, 0x00, 0x00, 0x0b, 0x08, 0x00, 0x0a, 0x0c, 0x0d, 0x0d, 0x00, 0x00,
  0x00, 0x0c, 0x00, 0x0e, 0x00, 0x0a, 0x0b, 0x00, 0x0c, 0x00, 0x00, 0x00, 0x00, 0x0c, 0x00, 0x0c,
  0x00, 0x09, 0x00, 0x0e, 0x00, 0x0c, 0x00, 0x0c, 0x00, 0x00, 0x0c, 0x0c, 0x00, 0x0e, 0x00, 0x00,
  0x00, 0x00, 0x00, 0x0b, 0x00, 0x00, 0x0c, 0x0b, 0x00, 0x0c, 0x00, 0x00, 0x00, 0x00, 0x00, 0x00,
  0x00, 0x07, 0x0f, 0x00, 0x08, 0x0d, 0x00, 0x0f, 0x00, 0x00, 0x00, 0x0d, 0x0c, 0x0b, 0x0d, 0x00,
  0x0d, 0x00, 0x00, 0x0b, 0x00, 0x00, 0x0b, 0x00, 0x00, 0x0a, 0x00, 0x00, 0x0a, 0x00, 0x00, 0x0e,
  0x08, 0x00, 0x09, 0x0d, 0x0a, 0x00, 0x08, 0x0c, 0x00, 0x00, 0x0d, 0x0f, 0x0e, 0x0b, 0x0e, 0x0e,
  0x0d, 0x00, 0x00, 0x00, 0x0e, 0x0e, 0x00, 0x0d, 0x0d, 0x00, 0x00, 0x0c, 0x00, 0x00, 0x00, 0x00,
  0x00, 0x09, 0x00, 0x0b, 0x0d, 0x00, 0x00, 0x0d, 0x00, 0x0c, 0x00, 0x00, 0x0d, 0x09, 0x00, 0x00,
  0x00, 0x0d, 0x07, 0x0d, 0x0b, 0x0d, 0x0d, 0x0a, 0x0c, 0x0d, 0x0d, 0x0c, 0x00, 0x0a, 0x00, 0x0e,
  0x0d, 0x0a, 0x0a, 0x00, 0x0c, 0x00, 0x0e, 0x00, 0x0d, 0x0b, 0x0c, 0x0e, 0x00, 0x0b, 0x0f, 0x00,
  0x00, 0x00, 0x0d, 0x0e, 0x0b, 0x00, 0x0d, 0x00, 0x0d, 0x00, 0x00, 0x0d, 0x00, 0x0d, 0x0b, 0x00,
  0x05, 0x00, 0x0c, 0x00, 0x09, 0x00, 0x04, 0x00, 0x0b, 0x0b, 0x0d, 0x00, 0x0c, 0x00, 0x00, 0x0a,
  0x0d, 0x00, 0x0e, 0x0b, 0x00, 0x00, 0x00, 0x09, 0x0c, 0x00, 0x00, 0x0f, 0x00, 0x0b, 0x0a, 0x00,
  0x0a, 0x00, 0x00, 0x0b, 0x0c, 0x00, 0x00, 0x0b, 0x0c, 0x00, 0x0a, 0x0b, 0x0c, 0x00, 0x0f, 0x00,
  0x00, 0x00, 0x0e, 0x0e, 0x00, 0x0a, 0x00, 0x0d, 0x00, 0x00, 0x00, 0x00, 0x0c, 0x0b, 0x0b, 0x0c,
  0x0b, 0x0c, 0x00, 0x05, 0x0d, 0x00, 0x00, 0x0b, 0x0a, 0x00, 0x00, 0x0c, 0x00, 0x00, 0x0c, 0x0d,
  0x00, 0x00, 0x00, 0x00, 0x0f, 0x00, 0x00, 0x00, 0x00, 0x00, 0x0e, 0x00, 0x0b, 0x0c, 0x00, 0x00,
  0x00, 0x00, 0x00, 0x08, 0x00, 0x00, 0x00, 0x0b, 0x0d, 0x00, 0x0a, 0x00, 0x0c, 0x0d, 0x0e, 0x00,
  0x0d, 0x00, 0x0d, 0x00, 0x0c, 0x00, 0x0f, 0x00, 0x0c, 0x00, 0x00, 0x00, 0x0b, 0x08, 0x0e, 0x0a,
  0x00, 0x00, 0x00, 0x0d, 0x00, 0x0e, 0x0e, 0x09, 0x0c, 0x00, 0x0c, 0x00, 0x00, 0x00, 0x00, 0x0e,
  0x00, 0x0a, 0x0b, 0x0d, 0x00, 0x0e, 0x0c, 0x00, 0x00, 0x0e, 0x00, 0x00, 0x0d, 0x0a, 0x08, 0x08,
  0x00, 0x00, 0x0c, 0x00, 0x00, 0x00, 0x0c, 0x0d, 0x0d, 0x00, 0x0e, 0x00, 0x0e, 0x0b, 0x0c, 0x00,
  0x00, 0x0e, 0x0a, 0x0d, 0x00, 0x08, 0x0c, 0x00, 0x00, 0x00, 0x0b, 0x00, 0x0c, 0x0e, 0x00, 0x00,
  0x00, 0x00, 0x0d, 0x0b, 0x0b, 0x0c, 0x0e, 0x00, 0x0b, 0x00, 0x09, 0x00, 0x00, 0x00, 0x0e, 0x00,
  0x00, 0x00, 0x00, 0x00, 0x00, 0x09, 0x0b, 0x08, 0x00, 0x00, 0x0d, 0x0e, 0x0b, 0x0b, 0x0f, 0x00,
  0x00, 0x00, 0x00, 0x0d, 0x00, 0x00, 0x0a, 0x00, 0x00, 0x00, 0x00, 0x00, 0x09, 0x0d, 0x0c, 0x0b,
  0x00, 0x00, 0x09, 0x00, 0x0e, 0x0f, 0x09, 0x00, 0x00, 0x00, 0x03, 0x00, 0x00, 0x00, 0x0a, 0x00,
  0x0c, 0x0b, 0x00, 0x00, 0x0e, 0x00, 0x00, 0x00, 0x0a, 0x00, 0x00, 0x09, 0x00, 0x0d, 0x00, 0x0e,
  0x00, 0x0c, 0x0c, 0x0e, 0x00, 0x0d, 0x00, 0x00, 0x00, 0x0a, 0x08, 0x00, 0x0e, 0x0d, 0x00, 0x09,
  0x00, 0x00, 0x00, 0x0e, 0x00, 0x00, 0x0f, 0x00, 0x09, 0x0c, 0x00, 0x00, 0x09, 0x00, 0x00, 0x00,
  0x00, 0x00, 0x00, 0x0d, 0x00, 0x0d, 0x0a, 0x00, 0x00, 0x00, 0x00, 0x00, 0x00, 0x0b, 0x00, 0x00,
  0x0e, 0x00, 0x00, 0x0d, 0x00, 0x0e, 0x0d, 0x00, 0x0d, 0x0d, 0x00, 0x0d, 0x00, 0x0a, 0x0d, 0x00,
  0x00, 0x0c, 0x0e, 0x0c, 0x00, 0x00, 0x00, 0x00, 0x0d, 0x00, 0x0d, 0x07, 0x0c, 0x00, 0x0b, 0x00,
  0x00, 0x0d, 0x0b, 0x0f, 0x00, 0x00, 0x0f, 0x0e, 0x00, 0x00, 0x09, 0x00, 0x0b, 0x00, 0x0a, 0x0c,
  0x0d, 0x00, 0x0d, 0x0b, 0x00, 0x0d, 0x0a, 0x0b, 0x00, 0x00, 0x09, 0x00, 0x0b, 0x00, 0x09, 0x0c,
  0x00, 0x00, 0x00, 0x0d, 0x09, 0x0c, 0x00, 0x00, 0x0b, 0x0e, 0x00, 0x00, 0x0a, 0x0c, 0x00, 0x08,
  0x0c, 0x0d, 0x0a, 0x0c, 0x0b, 0x0d, 0x0c, 0x00, 0x00, 0x0c, 0x0e, 0x0c, 0x08, 0x00, 0x0c, 0x00,
  0x0e, 0x0d, 0x00, 0x00, 0x0e, 0x00, 0x0e, 0x0e, 0x00, 0x0d, 0x00, 0x00, 0x00, 0x00, 0x00, 0x0c,
  0x0b, 0x0b, 0x00, 0x09, 0x00, 0x0b, 0x0c, 0x0d, 0x00, 0x00, 0x00, 0x05, 0x00, 0x00, 0x05, 0x00,
  0x00, 0x00, 0x07, 0x00, 0x00, 0x00, 0x00, 0x00, 0x0a, 0x0d, 0x00, 0x00, 0x00, 0x0d, 0x0d, 0x00,
  0x09, 0x00, 0x0e, 0x0b, 0x0a, 0x0e, 0x0d, 0x00, 0x0a, 0x0d, 0x0a, 0x06, 0x0d, 0x0e, 0x00, 0x00,
  0x0c, 0x00, 0x09, 0x00, 0x0d, 0x00, 0x0e, 0x00, 0x0f, 0x00, 0x00, 0x00, 0x00, 0x00, 0x00, 0x0b,
  0x00, 0x09, 0x0a, 0x0e, 0x00, 0x00, 0x00, 0x0c, 0x0c, 0x00, 0x0a, 0x00, 0x0e, 0x0c, 0x0c, 0x00,
  0x00, 0x0c, 0x00, 0x0e, 0x0f, 0x07, 0x0d, 0x0e, 0x08, 0x08, 0x00, 0x00, 0x0b, 0x0c, 0x00, 0x00,
  0x0e, 0x00, 0x00, 0x0d, 0x00, 0x0d, 0x0a, 0x00, 0x0c, 0x0c, 0x00, 0x0c, 0x00, 0x0a, 0x0e, 0x00,
  0x00, 0x00, 0x00, 0x0b, 0x00, 0x00, 0x08, 0x0d, 0x00, 0x00, 0x00, 0x00, 0x08, 0x0c, 0x00, 0x0c,
  0x0d, 0x0d, 0x0d, 0x0f, 0x0a, 0x00, 0x0e, 0x0c, 0x00, 0x0c, 0x07, 0x0d, 0x0c, 0x0e, 0x0d, 0x00,
  0x0b, 0x00, 0x00, 0x00, 0x0e, 0x00, 0x0c, 0x0a, 0x08, 0x0c, 0x05, 0x0b, 0x07, 0x07, 0x00, 0x00,
  0x0e, 0x00, 0x00, 0x00, 0x00, 0x0e, 0x0e, 0x00, 0x00, 0x00, 0x0e, 0x0d, 0x0d, 0x00, 0x0c, 0x00,
  0x0e, 0x00, 0x00, 0x00, 0x0d, 0x00, 0x0d, 0x0b, 0x00, 0x00, 0x0e, 0x0e, 0x00, 0x0e, 0x00, 0x0e,
  0x00, 0x0d, 0x0d, 0x00, 0x00, 0x00, 0x00, 0x0b, 0x0d, 0x0e, 0x00, 0x00, 0x0e, 0x00, 0x00, 0x07,
  0x00, 0x00, 0x00, 0x0c, 0x00, 0x0a, 0x00, 0x00, 0x0c, 0x0d, 0x0a, 0x00, 0x00, 0x00, 0x0d, 0x00,
  0x00, 0x0c, 0x00, 0x00, 0x00, 0x00, 0x0b, 0x0c, 0x00, 0x00, 0x0d, 0x00, 0x0e, 0x09, 0x0b, 0x0d,
  0x09, 0x0c, 0x00, 0x00, 0x00, 0x0c, 0x00, 0x00, 0x00, 0x0c, 0x0e, 0x0e, 0x0c, 0x00, 0x00, 0x0e,
  0x0d, 0x0d, 0x00, 0x00, 0x00, 0x00, 0x0e, 0x0c, 0x0e, 0x0a, 0x00, 0x00, 0x00, 0x00, 0x00, 0x00,
  0x00, 0x0e, 0x0c, 0x00, 0x0c, 0x0a, 0x00, 0x0d, 0x00, 0x09, 0x07, 0x0b, 0x0d, 0x00, 0x01, 0x0b,
  0x00, 0x00, 0x0b, 0x00, 0x00, 0x00, 0x07, 0x00, 0x00, 0x00, 0x0a, 0x00, 0x0c, 0x0b, 0x00, 0x0d,
  0x00, 0x0d, 0x0d, 0x00, 0x0d, 0x00, 0x00, 0x00, 0x00, 0x00, 0x00, 0x0a, 0x00, 0x0c, 0x00, 0x00,
  0x0c, 0x0c, 0x01, 0x00, 0x00, 0x0c, 0x00, 0x0e, 0x0a, 0x0d, 0x00, 0x00, 0x06, 0x00, 0x0d, 0x00,
  0x0c, 0x00, 0x0e, 0x0b, 0x00, 0x00, 0x00, 0x0d, 0x0d, 0x0e, 0x00, 0x0d, 0x0c, 0x0d, 0x00, 0x00,
  0x00, 0x00, 0x0e, 0x00, 0x0d, 0x0b, 0x0b, 0x00, 0x00, 0x00, 0x0d, 0x00, 0x0c, 0x00, 0x00, 0x00,
  0x00, 0x0a, 0x00, 0x0e, 0x00, 0x00, 0x0b, 0x00, 0x00, 0x00, 0x0a, 0x0c, 0x05, 0x0a, 0x0b, 0x06,
  0x0e, 0x00, 0x0e, 0x0c, 0x00, 0x0d, 0x0e, 0x0d, 0x00, 0x00, 0x0b, 0x00, 0x0d, 0x00, 0x0e, 0x0c,
  0x00, 0x0e, 0x00, 0x08, 0x00, 0x0e, 0x0e, 0x0d, 0x00, 0x0f, 0x09, 0x00, 0x0b, 0x07, 0x00, 0x00,
  0x0c, 0x00, 0x00, 0x00, 0x00, 0x00, 0x00, 0x0a, 0x05, 0x09, 0x0e, 0x0c, 0x00, 0x0d, 0x00, 0x00,
  0x00, 0x0c, 0x00, 0x00, 0x0d, 0x00, 0x0c, 0x0a, 0x00, 0x00, 0x00, 0x00, 0x00, 0x0e, 0x00, 0x0b,
  0x0d, 0x00, 0x0c, 0x00, 0x0e, 0x0b, 0x00, 0x00, 0x0c, 0x0b, 0x0c, 0x0d, 0x0e, 0x00, 0x0b, 0x00,
  0x08, 0x00, 0x0b, 0x0b, 0x0b, 0x0d, 0x00, 0x08, 0x08, 0x00, 0x0a, 0x00, 0x00, 0x00, 0x00, 0x00,
  0x00, 0x09, 0x08, 0x0d, 0x00, 0x00, 0x00, 0x0c, 0x0b, 0x0b, 0x0c, 0x0b, 0x00, 0x0b, 0x0b, 0x00,
  0x00, 0x00, 0x0d, 0x00, 0x00, 0x0b, 0x00, 0x0b, 0x00, 0x00, 0x00, 0x0d, 0x00, 0x0e, 0x0c, 0x00,
  0x0d, 0x0a, 0x0d, 0x05, 0x00, 0x00, 0x00, 0x09, 0x00, 0x00, 0x00, 0x09, 0x00, 0x0e, 0x00, 0x0c,
  0x0d, 0x00, 0x09, 0x0c, 0x0e, 0x0d, 0x00, 0x0c, 0x0c, 0x0e, 0x0b, 0x00, 0x07, 0x0f, 0x0d, 0x0c,
  0x0d, 0x00, 0x0d, 0x0b, 0x0e, 0x0c, 0x00, 0x0e, 0x00, 0x00, 0x0b, 0x0a, 0x0e, 0x00, 0x00, 0x0c,
  0x0c, 0x0d, 0x0d, 0x00, 0x00, 0x0a, 0x00, 0x0c, 0x00, 0x0d, 0x0e, 0x0b, 0x00, 0x00, 0x00, 0x00,
  0x00, 0x0d, 0x0f, 0x00, 0x0c, 0x00, 0x0c, 0x00, 0x00, 0x00, 0x00, 0x09, 0x0c, 0x00, 0x0c, 0x0e,
  0x0c, 0x00, 0x00, 0x00, 0x00, 0x0e, 0x0a, 0x0c, 0x0a, 0x00, 0x06, 0x00, 0x00, 0x0e, 0x0e, 0x0e,
  0x0d, 0x0a, 0x0c, 0x0b, 0x06, 0x0e, 0x00, 0x0a, 0x0c, 0x0e, 0x0d, 0x0b, 0x0d, 0x0c, 0x00, 0x00,
  0x0d, 0x00, 0x00, 0x00, 0x00, 0x00, 0x00, 0x00, 0x00, 0x00, 0x00, 0x0f, 0x00, 0x0d, 0x00, 0x00,
  0x00, 0x0b, 0x0d, 0x0c, 0x00, 0x0c, 0x00, 0x0a, 0x0c, 0x0c, 0x0e, 0x00, 0x06, 0x0c, 0x00, 0x00,
  0x00, 0x04, 0x00, 0x03, 0x00, 0x0d, 0x00, 0x00, 0x0f, 0x00, 0x0d, 0x0b, 0x00, 0x0e, 0x00, 0x0a,
  0x08, 0x00, 0x00, 0x0c, 0x07, 0x00, 0x0b, 0x00, 0x00, 0x0b, 0x09, 0x0b, 0x00, 0x05, 0x00, 0x00,
  0x00, 0x00, 0x00, 0x0d, 0x00, 0x00, 0x00, 0x0e, 0x00, 0x00, 0x0e, 0x00, 0x00, 0x00, 0x00, 0x00,
  0x00, 0x00, 0x00, 0x00, 0x09, 0x00, 0x0e, 0x00, 0x00, 0x0f, 0x00, 0x00, 0x00, 0x00, 0x00, 0x00,
  0x00, 0x09, 0x00, 0x00, 0x0a, 0x0c, 0x00, 0x00, 0x0f, 0x0f, 0x0a, 0x0e, 0x00, 0x0a, 0x0b, 0x0c,
  0x00, 0x00, 0x00, 0x0d, 0x00, 0x0a, 0x09, 0x00, 0x0c, 0x0d, 0x0d, 0x00, 0x0f, 0x0b, 0x00, 0x0d,
  0x00, 0x0c, 0x00, 0x00, 0x0d, 0x00, 0x0d, 0x0a, 0x0c, 0x0c, 0x0c, 0x00, 0x00, 0x00, 0x00, 0x0d,
  0x00, 0x00, 0x0a, 0x0e, 0x00, 0x00, 0x00, 0x04, 0x00, 0x00, 0x0d, 0x08, 0x00, 0x0d, 0x00, 0x00,
  0x00, 0x00, 0x0d, 0x0e, 0x00, 0x00, 0x00, 0x00, 0x00, 0x00, 0x0c, 0x0c, 0x00, 0x0e, 0x0a, 0x00,
  0x00, 0x00, 0x0b, 0x09, 0x00, 0x0c, 0x0d, 0x00, 0x00, 0x0c, 0x00, 0x0d, 0x0e, 0x0c, 0x0b, 0x00,
  0x09, 0x00, 0x0a, 0x00, 0x0a, 0x0c, 0x00, 0x00, 0x0a, 0x0d, 0x00, 0x00, 0x00, 0x00, 0x00, 0x00,
  0x00, 0x0f, 0x00, 0x0e, 0x09, 0x00, 0x00, 0x0e, 0x00, 0x00, 0x0d, 0x0c, 0x00, 0x0a, 0x00, 0x00,
  0x0d, 0x00, 0x09, 0x0e, 0x09, 0x09, 0x0e, 0x0c, 0x0c, 0x00, 0x00, 0x0b, 0x00, 0x00, 0x0c, 0x00,
  0x0c, 0x0e, 0x00, 0x00, 0x0e, 0x0e, 0x0b, 0x00, 0x00, 0x0e, 0x0b, 0x0c, 0x00, 0x00, 0x00, 0x00,
  0x0d, 0x0b, 0x0e, 0x0a, 0x00, 0x00, 0x00, 0x0c, 0x0e, 0x00, 0x00, 0x00, 0x00, 0x00, 0x0d, 0x00,
  0x09, 0x0e, 0x00, 0x0f, 0x00, 0x00, 0x00, 0x0d, 0x00, 0x00, 0x00, 0x00, 0x0a, 0x00, 0x0d, 0x0d,
  0x00, 0x00, 0x00, 0x00, 0x00, 0x00, 0x0c, 0x0d, 0x00, 0x0d, 0x00, 0x0b, 0x00, 0x00, 0x0d, 0x00,
  0x0d, 0x0a, 0x00, 0x00, 0x0d, 0x0c, 0x00, 0x00, 0x00, 0x0d, 0x00, 0x0e, 0x00, 0x0d, 0x0d, 0x00,
  0x0d, 0x0b, 0x0c, 0x00, 0x0d, 0x00, 0x00, 0x0d, 0x0d, 0x0c, 0x06, 0x0a, 0x00, 0x0d, 0x09, 0x0b,
  0x00, 0x0d, 0x0c, 0x00, 0x00, 0x0c, 0x0b, 0x00, 0x00, 0x00, 0x0c, 0x0d, 0x0d, 0x0e, 0x0a, 0x0b,
  0x00, 0x0c, 0x00, 0x00, 0x00, 0x0c, 0x0d, 0x0b, 0x08, 0x00, 0x00, 0x00, 0x0a, 0x0c, 0x00, 0x00,
  0x0f, 0x00, 0x09, 0x0c, 0x00, 0x0a, 0x0f, 0x00, 0x00, 0x0e, 0x0b, 0x0d, 0x00, 0x0e, 0x00, 0x00,
  0x0b, 0x0d, 0x00, 0x00, 0x0c, 0x00, 0x00, 0x0d, 0x00, 0x0b, 0x0d, 0x00, 0x00, 0x0e, 0x0c, 0x00,
  0x0a, 0x0b, 0x0e, 0x00, 0x00, 0x0c, 0x00, 0x00, 0x00, 0x00, 0x0b, 0x0e, 0x0e, 0x00, 0x0c, 0x00,
  0x00, 0x00, 0x00, 0x00, 0x09, 0x0c, 0x0b, 0x00, 0x00, 0x00, 0x00, 0x00, 0x00, 0x0d, 0x00, 0x0d,
  0x0d, 0x0f, 0x00, 0x00, 0x00, 0x00, 0x00, 0x0b, 0x00, 0x00, 0x0c, 0x00, 0x0c, 0x0d, 0x0e, 0x00,
  0x00, 0x00, 0x00, 0x0d, 0x00, 0x00, 0x00, 0x00, 0x0d, 0x08, 0x00, 0x00, 0x00, 0x0e, 0x0f, 0x0e,
  0x0e, 0x00, 0x0b, 0x00, 0x00, 0x00, 0x00, 0x0c, 0x09, 0x0e, 0x00, 0x0d, 0x0b, 0x00, 0x00, 0x0d,
  0x0c, 0x0c, 0x0c, 0x0d, 0x00, 0x00, 0x00, 0x00, 0x00, 0x0d, 0x0c, 0x0b, 0x00, 0x00, 0x0d, 0x00,
  0x00, 0x09, 0x00, 0x00, 0x0c, 0x00, 0x00, 0x00, 0x00, 0x00, 0x00, 0x0c, 0x0e, 0x00, 0x00, 0x0d,
  0x00, 0x00, 0x0a, 0x00, 0x00, 0x0d, 0x0a, 0x00, 0x00, 0x00, 0x0d, 0x0d, 0x09, 0x08, 0x00, 0x08,
  0x00, 0x0b, 0x00, 0x00, 0x00, 0x00, 0x00, 0x0c, 0x0d, 0x0f, 0x00, 0x00, 0x0b, 0x00, 0x00, 0x00,
  0x00, 0x09, 0x0f, 0x0c, 0x00, 0x0d, 0x00, 0x0c, 0x0b, 0x00, 0x00, 0x00, 0x00, 0x0e, 0x0c, 0x00,
  0x00, 0x00, 0x00, 0x0e, 0x00, 0x00, 0x0d, 0x00, 0x0e, 0x06, 0x00, 0x0d, 0x0d, 0x0e, 0x00, 0x0a,
  0x00, 0x00, 0x0c, 0x0e, 0x00, 0x0c, 0x00, 0x00, 0x00, 0x00, 0x07, 0x00, 0x0c, 0x00, 0x00, 0x00,
  0x0c, 0x00, 0x00, 0x00, 0x00, 0x00, 0x00, 0x0e, 0x0e, 0x09, 0x00, 0x00, 0x0c, 0x0d, 0x00, 0x00,
  0x00, 0x09, 0x00, 0x09, 0x0b, 0x00, 0x00, 0x0d, 0x00, 0x0d, 0x0c, 0x00, 0x00, 0x00, 0x0d, 0x00,
  0x00, 0x00, 0x0d, 0x00, 0x0b, 0x0d, 0x00, 0x0d, 0x00, 0x00, 0x00, 0x0f, 0x00, 0x00, 0x00, 0x00,
  0x0c, 0x00, 0x00, 0x00, 0x0c, 0x00, 0x00, 0x00, 0x00, 0x00, 0x0e, 0x09, 0x00, 0x00, 0x0d, 0x00,
  0x05, 0x0a, 0x00, 0x00, 0x00, 0x0c, 0x0b, 0x0c, 0x00, 0x00, 0x07, 0x0c, 0x00, 0x00, 0x0d, 0x0c,
  0x00, 0x00, 0x09, 0x00, 0x00, 0x0a, 0x00, 0x0c, 0x00, 0x0c, 0x00, 0x0b, 0x00, 0x00, 0x00, 0x0c,
  0x0b, 0x0d, 0x00, 0x0d, 0x00, 0x00, 0x00, 0x0d, 0x0e, 0x0c, 0x00, 0x0c, 0x09, 0x00, 0x00, 0x00,
  0x00, 0x0e, 0x0b, 0x0d, 0x0d, 0x00, 0x0e, 0x00, 0x0d, 0x00, 0x00, 0x00, 0x0a, 0x00, 0x0c, 0x07,
  0x00, 0x00, 0x0e, 0x00, 0x00, 0x0d, 0x00, 0x0d, 0x0d, 0x00, 0x00, 0x0f, 0x00, 0x0c, 0x00, 0x00,
  0x00, 0x00, 0x00, 0x0b, 0x0b, 0x00, 0x0d, 0x0d, 0x00, 0x0c, 0x00, 0x00, 0x00, 0x0a, 0x0a, 0x0c,
  0x09, 0x00, 0x0a, 0x05, 0x00, 0x09, 0x00, 0x00, 0x0c, 0x00, 0x09, 0x0c, 0x0c, 0x0e, 0x00, 0x0d,
  0x00, 0x00, 0x00, 0x00, 0x0e, 0x00, 0x00, 0x0d, 0x0a, 0x09, 0x00, 0x00, 0x0c, 0x0d, 0x00, 0x0b,
  0x0d, 0x09, 0x0d, 0x0d, 0x0e, 0x0e, 0x0d, 0x0e, 0x0b, 0x0d, 0x0d, 0x0e, 0x0b, 0x00, 0x00, 0x0e,
  0x0d, 0x00, 0x00, 0x0d, 0x00, 0x00, 0x0c, 0x0b, 0x0d, 0x00, 0x0c, 0x00, 0x0b, 0x08, 0x00, 0x0c,
  0x0d, 0x0b, 0x07, 0x00, 0x00, 0x06, 0x00, 0x0b, 0x00, 0x00, 0x0e, 0x00, 0x07, 0x0d, 0x00, 0x00,
  0x0b, 0x00, 0x0b, 0x00, 0x00, 0x00, 0x00, 0x00, 0x0d, 0x0a, 0x0f, 0x0b, 0x0c, 0x00, 0x0b, 0x0c,
  0x00, 0x0c, 0x0d, 0x0d, 0x0e, 0x09, 0x00, 0x0b, 0x00, 0x00, 0x0c, 0x06, 0x0b, 0x06, 0x0a, 0x0b,
  0x00, 0x00, 0x0c, 0x00, 0x00, 0x00, 0x0d, 0x0c, 0x00, 0x00, 0x00, 0x00, 0x00, 0x0c, 0x07, 0x0d,
  0x0b, 0x00, 0x0e, 0x0c, 0x0c, 0x00, 0x00, 0x06, 0x0a, 0x0e, 0x00, 0x00, 0x00, 0x00, 0x00, 0x00,
  0x0a, 0x00, 0x0f, 0x00, 0x03, 0x00, 0x0d, 0x0b, 0x0c, 0x00, 0x00, 0x0d, 0x0c, 0x0a, 0x00, 0x00,
  0x0b, 0x00, 0x0d, 0x00, 0x00, 0x00, 0x0c, 0x0e, 0x00, 0x00, 0x0c, 0x00, 0x00, 0x00, 0x0c, 0x00,
  0x00, 0x00, 0x00, 0x00, 0x0a, 0x0a, 0x0d, 0x00, 0x00, 0x0b, 0x0d, 0x00, 0x00, 0x00, 0x0d, 0x00,
  0x00, 0x00, 0x00, 0x00, 0x00, 0x0d, 0x00, 0x0d, 0x00, 0x0d, 0x0d, 0x00, 0x00, 0x09, 0x0b, 0x0b,
  0x00, 0x0b, 0x0c, 0x00, 0x00, 0x00, 0x00, 0x0c, 0x00, 0x00, 0x0e, 0x00, 0x09, 0x00, 0x0d, 0x09,
  0x0e, 0x0e, 0x00, 0x00, 0x00, 0x0c, 0x00, 0x00, 0x00, 0x0b, 0x0e, 0x00, 0x00, 0x00, 0x0e, 0x00,
  0x00, 0x0d, 0x00, 0x0c, 0x00, 0x00, 0x0c, 0x00, 0x08, 0x00, 0x00, 0x00, 0x00, 0x0c, 0x00, 0x0c,
  0x00, 0x0d, 0x00, 0x0d, 0x00, 0x00, 0x00, 0x00, 0x0a, 0x00, 0x00, 0x0c, 0x0c, 0x00, 0x00, 0x00,
  0x00, 0x0c, 0x0c, 0x00, 0x00, 0x00, 0x0c, 0x0b, 0x0c, 0x0c, 0x00, 0x0c, 0x00, 0x00, 0x00, 0x07,
  0x0c, 0x0d, 0x00, 0x0e, 0x00, 0x00, 0x0d, 0x00, 0x00, 0x00, 0x00, 0x0b, 0x0f, 0x0d, 0x00, 0x00,
  0x0d, 0x09, 0x0d, 0x0d, 0x00, 0x0d, 0x00, 0x00, 0x00, 0x00, 0x00, 0x0e, 0x00, 0x00, 0x0c, 0x0e,
  0x00, 0x00, 0x0b, 0x00, 0x0c, 0x0e, 0x0d, 0x00, 0x0a, 0x00, 0x0e, 0x00, 0x0d, 0x00, 0x0e, 0x02,
  0x0c, 0x00, 0x0e, 0x00, 0x00, 0x00, 0x00, 0x00, 0x0e, 0x00, 0x00, 0x00, 0x00, 0x00, 0x00, 0x00,
  0x00, 0x00, 0x00, 0x0e, 0x0c, 0x0f, 0x00, 0x0e, 0x0c, 0x00, 0x0f, 0x00, 0x00, 0x08, 0x0c, 0x0a,
  0x00, 0x0b, 0x0d, 0x0d, 0x0d, 0x0b, 0x0f, 0x0c, 0x00, 0x00, 0x05, 0x0b, 0x00, 0x08, 0x08, 0x00,
  0x0e, 0x00, 0x00, 0x00, 0x00, 0x00, 0x00, 0x00, 0x08, 0x00, 0x00, 0x00, 0x00, 0x0d, 0x00, 0x0b,
  0x00, 0x00, 0x07, 0x00, 0x0a, 0x00, 0x0b, 0x0a, 0x00, 0x00, 0x00, 0x0e, 0x00, 0x00, 0x00, 0x00,
  0x0c, 0x09, 0x0d, 0x00, 0x0b, 0x00, 0x00, 0x00, 0x00, 0x00, 0x0f, 0x0c, 0x00, 0x06, 0x0d, 0x0c,
  0x00, 0x00, 0x0e, 0x0d, 0x00, 0x00, 0x0d, 0x05, 0x00, 0x00, 0x0a, 0x0a, 0x0b, 0x0c, 0x00, 0x0d,
  0x00, 0x0b, 0x0d, 0x00, 0x00, 0x08, 0x00, 0x0c, 0x0d, 0x0f, 0x00, 0x0a, 0x0d, 0x0e, 0x00, 0x00,
  0x0c, 0x0b, 0x00, 0x00, 0x00, 0x00, 0x00, 0x00, 0x00, 0x00, 0x00, 0x00, 0x00, 0x0b, 0x00, 0x0d,
  0x00, 0x0d, 0x06, 0x00, 0x00, 0x00, 0x00, 0x00, 0x0b, 0x0b, 0x00, 0x00, 0x07, 0x0a, 0x0c, 0x00,
  0x0d, 0x00, 0x00, 0x00, 0x00, 0x00, 0x0e, 0x0c, 0x00, 0x0c, 0x00, 0x0c, 0x09, 0x0d, 0x00, 0x0f,
  0x0a, 0x00, 0x00, 0x0d, 0x00, 0x0d, 0x09, 0x0d, 0x0d, 0x0b, 0x0e, 0x00, 0x0e, 0x09, 0x0a, 0x00,
  0x0b, 0x00, 0x05, 0x0d, 0x0e, 0x00, 0x0d, 0x00, 0x00, 0x00, 0x0d, 0x0d, 0x00, 0x0e, 0x00, 0x00,
  0x00, 0x0e, 0x00, 0x00, 0x0c, 0x0a, 0x00, 0x00, 0x00, 0x0b, 0x0a, 0x0d, 0x00, 0x0c, 0x00, 0x0d,
  0x0c, 0x00, 0x00, 0x00, 0x00, 0x00, 0x00, 0x00, 0x00, 0x00, 0x00, 0x00, 0x00, 0x0d, 0x0b, 0x02,
  0x0d, 0x0d, 0x0c, 0x00, 0x00, 0x0e, 0x00, 0x0c, 0x00, 0x00, 0x00, 0x0c, 0x0d, 0x0c, 0x0d, 0x0a,
  0x00, 0x00, 0x00, 0x00, 0x0c, 0x00, 0x00, 0x00, 0x00, 0x0d, 0x0d, 0x0f, 0x0c, 0x00, 0x00, 0x0e,
  0x0d, 0x09, 0x0a, 0x0e, 0x00, 0x00, 0x0e, 0x0d, 0x00, 0x0c, 0x0b, 0x00, 0x00, 0x09, 0x00, 0x09,
  0x00, 0x0d, 0x00, 0x00, 0x00, 0x00, 0x05, 0x00, 0x09, 0x0b, 0x00, 0x0e, 0x00, 0x0e, 0x0c, 0x00,
  0x00, 0x00, 0x0b, 0x00, 0x0c, 0x0f, 0x0d, 0x0e, 0x00, 0x00, 0x00, 0x0e, 0x0d, 0x0d, 0x00, 0x0d,
  0x0e, 0x0d, 0x00, 0x0f, 0x0d, 0x0a, 0x0c, 0x00, 0x00, 0x08, 0x0a, 0x00, 0x09, 0x00, 0x0a, 0x00,
  0x00, 0x00, 0x0b, 0x00, 0x00, 0x00, 0x00, 0x0e, 0x0c, 0x00, 0x0c, 0x09, 0x00, 0x00, 0x00, 0x00,
  0x00, 0x0e, 0x00, 0x00, 0x08, 0x0e, 0x00, 0x00, 0x02, 0x0c, 0x00, 0x00, 0x00, 0x00, 0x00, 0x00,
  0x00, 0x08, 0x0d, 0x00, 0x0a, 0x00, 0x0d, 0x00, 0x08, 0x0a, 0x0b, 0x00, 0x0d, 0x0f, 0x0b, 0x0b,
  0x00, 0x0d, 0x00, 0x0c, 0x00, 0x0d, 0x0d, 0x00, 0x00, 0x00, 0x0a, 0x0d, 0x0a, 0x00, 0x00, 0x00,
  0x00, 0x0b, 0x00, 0x00, 0x00, 0x0b, 0x00, 0x00, 0x0a, 0x0b, 0x0c, 0x00, 0x00, 0x00, 0x00, 0x00,
  0x0b, 0x00, 0x0c, 0x0d, 0x0a, 0x00, 0x0d, 0x0e, 0x0c, 0x00, 0x00, 0x00, 0x00, 0x00, 0x0e, 0x00,
  0x00, 0x0c, 0x0e, 0x09, 0x00, 0x06, 0x00, 0x0d, 0x0c, 0x00, 0x0e, 0x00, 0x00, 0x0d, 0x0b, 0x00,
  0x0d, 0x00, 0x00, 0x0d, 0x00, 0x0b, 0x0c, 0x00, 0x00, 0x00, 0x0a, 0x0c, 0x00, 0x00, 0x00, 0x09,
  0x00, 0x00, 0x00, 0x0b, 0x00, 0x0b, 0x00, 0x0d, 0x0c, 0x0d, 0x0b, 0x00, 0x0b, 0x00, 0x00, 0x0e,
  0x00, 0x00, 0x00, 0x0f, 0x00, 0x00, 0x0d, 0x00, 0x00, 0x0e, 0x00, 0x00, 0x0d, 0x0c, 0x00, 0x00,
  0x00, 0x00, 0x00, 0x00, 0x00, 0x0d, 0x00, 0x0a, 0x00, 0x00, 0x0a, 0x0d, 0x00, 0x08, 0x0d, 0x00,
  0x0c, 0x0c, 0x0d, 0x0d, 0x0c, 0x00, 0x00, 0x08, 0x0e, 0x00, 0x0c, 0x0c, 0x00, 0x0e, 0x0e, 0x00,
  0x0c, 0x00, 0x0c, 0x0c, 0x0e, 0x00, 0x00, 0x00, 0x07, 0x00, 0x0b, 0x0e, 0x00, 0x0e, 0x04, 0x0c,
  0x00, 0x0a, 0x00, 0x0e, 0x0d, 0x00, 0x0e, 0x0c, 0x00, 0x0b, 0x00, 0x00, 0x0c, 0x00, 0x0c, 0x00,
  0x00, 0x09, 0x00, 0x00, 0x0c, 0x0d, 0x00, 0x0d, 0x00, 0x0a, 0x0f, 0x00, 0x0d, 0x00, 0x0e, 0x08,
  0x07, 0x0b, 0x00, 0x0d, 0x00, 0x00, 0x00, 0x0e, 0x00, 0x00, 0x06, 0x00, 0x00, 0x0d, 0x00, 0x0c,
  0x0f, 0x00, 0x00, 0x00, 0x0b, 0x0e, 0x0d, 0x00, 0x00, 0x06, 0x0f, 0x0e, 0x0d, 0x00, 0x00, 0x0a,
  0x00, 0x00, 0x00, 0x00, 0x0e, 0x00, 0x00, 0x0b, 0x00, 0x00, 0x00, 0x0d, 0x00, 0x00, 0x0b, 0x00,
  0x0b, 0x00, 0x00, 0x0d, 0x0e, 0x0b, 0x00, 0x07, 0x0a, 0x0d, 0x00, 0x0d, 0x0e, 0x00, 0x0b, 0x00,
  0x00, 0x00, 0x00, 0x0b, 0x0c, 0x00, 0x00, 0x00, 0x00, 0x00, 0x08, 0x00, 0x00, 0x0b, 0x00, 0x0b,
  0x00, 0x0c, 0x0d, 0x0e, 0x0e, 0x00, 0x0c, 0x00, 0x00, 0x0d, 0x09, 0x00, 0x0e, 0x00, 0x00, 0x0d,
  0x00, 0x00, 0x0b, 0x00, 0x00, 0x00, 0x0d, 0x00, 0x00, 0x0e, 0x0e, 0x00, 0x00, 0x00, 0x07, 0x00,
  0x00, 0x0a, 0x00, 0x00, 0x00, 0x0e, 0x0e, 0x0a, 0x0a, 0x00, 0x00, 0x00, 0x00, 0x00, 0x06, 0x0a,
  0x00, 0x0d, 0x00, 0x0c, 0x0c, 0x00, 0x0d, 0x00, 0x00, 0x00, 0x00, 0x0b, 0x0a, 0x0c, 0x0e, 0x0e,
  0x00, 0x00, 0x00, 0x00, 0x0a, 0x00, 0x0a, 0x0d, 0x00, 0x0d, 0x0b, 0x00, 0x05, 0x0c, 0x0d, 0x00,
  0x00, 0x00, 0x00, 0x0c, 0x0a, 0x00, 0x00, 0x0f, 0x07, 0x0c, 0x09, 0x00, 0x00, 0x00, 0x0d, 0x09,
  0x08, 0x00, 0x0e, 0x0d, 0x00, 0x0c, 0x0c, 0x0e, 0x0b, 0x0a, 0x08, 0x0b, 0x00, 0x00, 0x0d, 0x0b,
  0x00, 0x0b, 0x00, 0x0c, 0x0c, 0x00, 0x00, 0x00, 0x09, 0x0c, 0x00, 0x0d, 0x00, 0x0c, 0x08, 0x00,
  0x00, 0x0e, 0x0d, 0x00, 0x00, 0x00, 0x00, 0x0b, 0x0d, 0x00, 0x00, 0x08, 0x00, 0x00, 0x0f, 0x0c,
  0x0d, 0x00, 0x00, 0x09, 0x0d, 0x00, 0x0a, 0x0d, 0x0d, 0x0b, 0x09, 0x00, 0x0d, 0x0d, 0x0d, 0x00,
  0x00, 0x0c, 0x00, 0x00, 0x0e, 0x09, 0x00, 0x0f, 0x0d, 0x00, 0x0a, 0x0a, 0x09, 0x0b, 0x0c, 0x0c,
  0x00, 0x09, 0x00, 0x0b, 0x00, 0x00, 0x0b, 0x00, 0x0a, 0x09, 0x0c, 0x00, 0x00, 0x00, 0x0c, 0x00,
  0x09, 0x00, 0x00, 0x00, 0x0e, 0x06, 0x00, 0x07, 0x0d, 0x0a, 0x0d, 0x0b, 0x0b, 0x0d, 0x00, 0x00,
  0x0a, 0x0b, 0x00, 0x0b, 0x00, 0x0c, 0x0c, 0x00, 0x09, 0x00, 0x00, 0x00, 0x00, 0x0b, 0x0d, 0x00,
  0x00, 0x00, 0x00, 0x00, 0x00, 0x0b, 0x0b, 0x00, 0x00, 0x00, 0x00, 0x0a, 0x0e, 0x00, 0x08, 0x0d,
  0x00, 0x00, 0x0d, 0x00, 0x00, 0x00, 0x00, 0x0c, 0x0a, 0x00, 0x00, 0x0c, 0x00, 0x00, 0x0d, 0x0d,
  0x00, 0x00, 0x00, 0x0c, 0x0d, 0x0b, 0x0f, 0x00, 0x00, 0x00, 0x0e, 0x00, 0x00, 0x00, 0x00, 0x0d,
  0x09, 0x00, 0x00, 0x00, 0x0b, 0x0c, 0x00, 0x00, 0x00, 0x00, 0x00, 0x0d, 0x00, 0x0f, 0x00, 0x00,
  0x00, 0x0d, 0x0c, 0x00, 0x0c, 0x00, 0x0c, 0x00, 0x0e, 0x0a, 0x0d, 0x0e, 0x00, 0x00, 0x06, 0x00,
  0x09, 0x00, 0x0e, 0x0c, 0x0c, 0x0c, 0x00, 0x0d, 0x00, 0x0c, 0x0b, 0x0c, 0x09, 0x00, 0x00, 0x0b,
  0x0c, 0x00, 0x0f, 0x0b, 0x0d, 0x00, 0x00, 0x0f, 0x0b, 0x0c, 0x00, 0x0d, 0x0c, 0x0d, 0x00, 0x0e,
  0x00, 0x00, 0x00, 0x09, 0x00, 0x0c, 0x00, 0x0b, 0x00, 0x0b, 0x0c, 0x0d, 0x07, 0x0d, 0x00, 0x0e,
  0x0e, 0x0b, 0x0e, 0x0d, 0x00, 0x0d, 0x00, 0x00, 0x09, 0x0a, 0x08, 0x00, 0x00, 0x00, 0x00, 0x0d,
  0x00, 0x00, 0x00, 0x00, 0x0d, 0x00, 0x0c, 0x0d, 0x0f, 0x0c, 0x0d, 0x00, 0x0a, 0x00, 0x09, 0x00,
  0x0e, 0x00, 0x00, 0x00, 0x0c, 0x0b, 0x00, 0x0b, 0x0c, 0x0d, 0x0a, 0x09, 0x00, 0x00, 0x0c, 0x0b,
  0x00, 0x00, 0x00, 0x0c, 0x0e, 0x0b, 0x0e, 0x0c, 0x0c, 0x0b, 0x00, 0x00, 0x00, 0x00, 0x0d, 0x0c,
  0x00, 0x00, 0x00, 0x00, 0x00, 0x00, 0x00, 0x0a, 0x0c, 0x0e, 0x04, 0x00, 0x0a, 0x0c, 0x08, 0x0b,
  0x0b, 0x06, 0x00, 0x0d, 0x0b, 0x00, 0x0b, 0x00, 0x0b, 0x0c, 0x00, 0x00, 0x00, 0x0d, 0x00, 0x00,
  0x00, 0x0e, 0x0d, 0x0e, 0x0c, 0x0e, 0x00, 0x00, 0x0e, 0x0a, 0x0c, 0x0b, 0x0c, 0x00, 0x0d, 0x0a,
  0x00, 0x00, 0x0d, 0x0c, 0x0a, 0x00, 0x00, 0x00, 0x06, 0x00, 0x00, 0x0e, 0x00, 0x0c, 0x0b, 0x00,
  0x0c, 0x00, 0x00, 0x0e, 0x00, 0x0b, 0x00, 0x00, 0x00, 0x0b, 0x0a, 0x00, 0x0f, 0x00, 0x00, 0x08,
  0x0d, 0x00, 0x00, 0x0e, 0x0d, 0x00, 0x09, 0x00, 0x00, 0x00, 0x0e, 0x0c, 0x00, 0x00, 0x0c, 0x00,
  0x00, 0x00, 0x00, 0x00, 0x0e, 0x00, 0x0b, 0x0d, 0x00, 0x00, 0x00, 0x00, 0x00, 0x00, 0x00, 0x0c,
  0x08, 0x0f, 0x0e, 0x0e, 0x00, 0x0e, 0x0d, 0x00, 0x00, 0x0a, 0x00, 0x00, 0x0b, 0x00, 0x0d, 0x00,
  0x00, 0x0c, 0x0d, 0x0c, 0x00, 0x0d, 0x0c, 0x00, 0x0d, 0x00, 0x00, 0x00, 0x0f, 0x00, 0x00, 0x0d,
  0x00, 0x0b, 0x00, 0x0e, 0x00, 0x0b, 0x00, 0x0e, 0x0e, 0x00, 0x00, 0x0b, 0x0d, 0x00, 0x00, 0x0c,
  0x00, 0x0d, 0x00, 0x00, 0x00, 0x00, 0x00, 0x00, 0x00, 0x08, 0x00, 0x00, 0x00, 0x00, 0x0e, 0x00,
  0x0d, 0x0b, 0x08, 0x0b, 0x0d, 0x0c, 0x00, 0x0e, 0x00, 0x00, 0x0c, 0x0e, 0x0c, 0x00, 0x0e, 0x00,
  0x0c, 0x00, 0x00, 0x00, 0x00, 0x00, 0x00, 0x0d, 0x0b, 0x00, 0x0c, 0x0d, 0x0b, 0x0b, 0x0c, 0x0a,
  0x00, 0x00, 0x00, 0x00, 0x03, 0x00, 0x0b, 0x00, 0x00, 0x00, 0x00, 0x0d, 0x0b, 0x00, 0x00, 0x0d,
  0x00, 0x00, 0x00, 0x0d, 0x0d, 0x0a, 0x0d, 0x00, 0x0e, 0x00, 0x00, 0x00, 0x00, 0x0c, 0x00, 0x00,
  0x00, 0x00, 0x00, 0x0b, 0x0c, 0x0c, 0x00, 0x0b, 0x00, 0x00, 0x00, 0x0d, 0x00, 0x0d, 0x00, 0x00,
  0x0c, 0x00, 0x0d, 0x00, 0x0d, 0x00, 0x00, 0x0e, 0x0e, 0x0a, 0x00, 0x0a, 0x00, 0x0e, 0x0b, 0x00,
  0x0d, 0x00, 0x00, 0x00, 0x0e, 0x00, 0x0d, 0x00, 0x05, 0x00, 0x00, 0x00, 0x0e, 0x0d, 0x00, 0x00,
  0x00, 0x00, 0x0d, 0x00, 0x00, 0x0c, 0x0c, 0x00, 0x0b, 0x00, 0x00, 0x00, 0x0c, 0x0d, 0x0c, 0x0a,
  0x06, 0x00, 0x00, 0x0c, 0x00, 0x0a, 0x0c, 0x00, 0x0e, 0x00, 0x09, 0x00, 0x00, 0x0c, 0x07, 0x00,
  0x00, 0x0b, 0x00, 0x00, 0x0a, 0x00, 0x0e, 0x0a, 0x0c, 0x00, 0x0c, 0x00, 0x00, 0x0d, 0x0c, 0x00,
  0x00, 0x0d, 0x0b, 0x0d, 0x0c, 0x00, 0x09, 0x00, 0x00, 0x0d, 0x00, 0x09, 0x00, 0x0b, 0x0d, 0x00,
  0x0d, 0x09, 0x0e, 0x09, 0x00, 0x0a, 0x00, 0x0a, 0x0d, 0x0a, 0x0b, 0x0e, 0x0c, 0x00, 0x0e, 0x00,
  0x00, 0x08, 0x00, 0x00, 0x00, 0x00, 0x00, 0x00, 0x00, 0x0c, 0x00, 0x00, 0x08, 0x0a, 0x00, 0x00,
  0x00, 0x00, 0x00, 0x00, 0x00, 0x0e, 0x0d, 0x0b, 0x0c, 0x05, 0x0d, 0x0e, 0x0e, 0x0c, 0x09, 0x0a,
  0x00, 0x00, 0x00, 0x0d, 0x0d, 0x0a, 0x00, 0x00, 0x00, 0x0d, 0x0e, 0x0a, 0x0d, 0x0a, 0x00, 0x0a,
  0x0f, 0x0d, 0x00, 0x00, 0x0c, 0x0b, 0x0d, 0x00, 0x00, 0x07, 0x0e, 0x0c, 0x0e, 0x00, 0x0d, 0x04,
  0x00, 0x00, 0x0e, 0x00, 0x0e, 0x00, 0x00, 0x00, 0x00, 0x09, 0x0d, 0x00, 0x00, 0x0a, 0x0d, 0x00,
  0x00, 0x00, 0x07, 0x0b, 0x00, 0x00, 0x0c, 0x00, 0x07, 0x0b, 0x00, 0x0d, 0x0c, 0x0c, 0x0e, 0x00,
  0x09, 0x0c, 0x0b, 0x00, 0x0c, 0x0c, 0x00, 0x00, 0x00, 0x0c, 0x00, 0x0c, 0x00, 0x0b, 0x00, 0x0e,
  0x0f, 0x0c, 0x00, 0x0b, 0x0c, 0x0e, 0x00, 0x0b, 0x00, 0x00, 0x06, 0x0c, 0x00, 0x00, 0x0c, 0x00,
  0x00, 0x00, 0x0b, 0x0b, 0x0e, 0x09, 0x0c, 0x0e, 0x00, 0x00, 0x00, 0x00, 0x00, 0x0e, 0x00, 0x0c,
  0x00, 0x0e, 0x0e, 0x00, 0x0b, 0x00, 0x0e, 0x00, 0x00, 0x00, 0x0d, 0x0e, 0x00, 0x09, 0x0e, 0x00,
  0x0b, 0x00, 0x0b, 0x00, 0x07, 0x00, 0x0b, 0x00, 0x0d, 0x0d, 0x0a, 0x00, 0x00, 0x00, 0x0e, 0x00,
  0x0d, 0x0b, 0x09, 0x00, 0x09, 0x0b, 0x00, 0x00, 0x00, 0x00, 0x00, 0x00, 0x00, 0x00, 0x0d, 0x0b,
  0x0c, 0x00, 0x00, 0x00, 0x0e, 0x00, 0x0d, 0x0e, 0x0e, 0x0b, 0x00, 0x00, 0x0e, 0x00, 0x0e, 0x00,
  0x0b, 0x00, 0x00, 0x0f, 0x0d, 0x0f, 0x00, 0x0c, 0x00, 0x0d, 0x00, 0x00, 0x00, 0x00, 0x0c, 0x00,
  0x0d, 0x00, 0x00, 0x0c, 0x00, 0x0d, 0x00, 0x0c, 0x08, 0x0c, 0x0a, 0x0a, 0x00, 0x0c, 0x0b, 0x00,
  0x00, 0x0f, 0x00, 0x0d, 0x0a, 0x00, 0x00, 0x00, 0x0c, 0x00, 0x00, 0x0d, 0x0f, 0x00, 0x00, 0x00,
  0x00, 0x09, 0x00, 0x0d, 0x0e, 0x00, 0x09, 0x00, 0x0d, 0x06, 0x00, 0x00, 0x00, 0x00, 0x0c, 0x00,
  0x00, 0x00, 0x08, 0x00, 0x00, 0x00, 0x0a, 0x0c, 0x00, 0x00, 0x0c, 0x00, 0x0e, 0x00, 0x0c, 0x00,
  0x00, 0x00, 0x0b, 0x0f, 0x0d, 0x0e, 0x0c, 0x00, 0x00, 0x0b, 0x00, 0x00, 0x0d, 0x00, 0x0d, 0x0c,
  0x00, 0x00, 0x0d, 0x00, 0x06, 0x00, 0x05, 0x00, 0x0d, 0x00, 0x0d, 0x00, 0x0c, 0x0d, 0x05, 0x00,
  0x0d, 0x0d, 0x09, 0x0c, 0x00, 0x0c, 0x0b, 0x0c, 0x00, 0x0d, 0x00, 0x0b, 0x00, 0x0f, 0x0a, 0x00,
  0x00, 0x00, 0x0c, 0x00, 0x0d, 0x0c, 0x00, 0x00, 0x00, 0x00, 0x00, 0x0d, 0x0f, 0x00, 0x00, 0x0e,
  0x00, 0x0c, 0x00, 0x0a, 0x0e, 0x00, 0x0a, 0x0d, 0x0e, 0x0b, 0x0b, 0x0a, 0x0d, 0x00, 0x00, 0x00,
  0x00, 0x0a, 0x00, 0x0c, 0x00, 0x00, 0x0e, 0x00, 0x0d, 0x00, 0x0d, 0x0f, 0x00, 0x0f, 0x0c, 0x00,
  0x0b, 0x00, 0x00, 0x0e, 0x0c, 0x00, 0x00, 0x00, 0x0e, 0x00, 0x00, 0x00, 0x00, 0x00, 0x0d, 0x00,
  0x00, 0x00, 0x00, 0x00, 0x0d, 0x0d, 0x00, 0x0b, 0x00, 0x09, 0x0d, 0x00, 0x0d, 0x0e, 0x0b, 0x00,
  0x00, 0x0a, 0x0a, 0x00, 0x0b, 0x00, 0x0a, 0x00, 0x00, 0x00, 0x0c, 0x00, 0x0e, 0x00, 0x00, 0x0d,
  0x00, 0x00, 0x00, 0x00, 0x0d, 0x0d, 0x0d, 0x00, 0x00, 0x00, 0x09, 0x00, 0x0d, 0x0d, 0x0f, 0x0b,
  0x00, 0x00, 0x0b, 0x00, 0x00, 0x06, 0x06, 0x0a, 0x00, 0x0b, 0x0a, 0x00, 0x00, 0x00, 0x06, 0x0b,
  0x0d, 0x00, 0x00, 0x0e, 0x00, 0x00, 0x08, 0x00, 0x0c, 0x0d, 0x00, 0x00, 0x00, 0x0b, 0x00, 0x00,
  0x00, 0x00, 0x09, 0x0a, 0x09, 0x0e, 0x00, 0x00, 0x0a, 0x0d, 0x00, 0x0b, 0x00, 0x0d, 0x00, 0x0c,
  0x00, 0x0a, 0x0b, 0x0a, 0x00, 0x0e, 0x07, 0x00, 0x0d, 0x0d, 0x00, 0x00, 0x00, 0x0c, 0x00, 0x0c,
  0x00, 0x00, 0x0d, 0x00, 0x0e, 0x0b, 0x00, 0x00, 0x00, 0x0e, 0x00, 0x09, 0x00, 0x00, 0x0b, 0x00,
  0x00, 0x0b, 0x0c, 0x0c, 0x00, 0x00, 0x00, 0x09, 0x0d, 0x00, 0x00, 0x00, 0x0d, 0x0f, 0x00, 0x00,
  0x0e, 0x00, 0x0b, 0x00, 0x00, 0x00, 0x00, 0x0d, 0x0c, 0x0b, 0x00, 0x0a, 0x00, 0x00, 0x00, 0x0b,
  0x00, 0x00, 0x0d, 0x0d, 0x0c, 0x0b, 0x00, 0x00, 0x00, 0x00, 0x0a, 0x00, 0x00, 0x00, 0x00, 0x00,
  0x00, 0x0c, 0x0a, 0x00, 0x0e, 0x0d, 0x0d, 0x00, 0x0d, 0x07, 0x00, 0x00, 0x00, 0x00, 0x00, 0x00,
  0x00, 0x00, 0x00, 0x00, 0x0e, 0x00, 0x0d, 0x0e, 0x00, 0x0d, 0x0d, 0x00, 0x0e, 0x0d, 0x00, 0x0b,
  0x08, 0x08, 0x0e, 0x0e, 0x04, 0x0d, 0x00, 0x0a, 0x00, 0x0c, 0x0d, 0x0b, 0x0d, 0x0a, 0x0a, 0x0d,
  0x00, 0x03, 0x00, 0x00, 0x00, 0x00, 0x0d, 0x05, 0x08, 0x00, 0x0d, 0x00, 0x00, 0x0d, 0x00, 0x0c,
  0x00, 0x0e, 0x00, 0x0a, 0x0e, 0x0c, 0x00, 0x00, 0x00, 0x0d, 0x00, 0x00, 0x0d, 0x00, 0x0d, 0x00,
  0x00, 0x00, 0x00, 0x0e, 0x09, 0x0a, 0x0a, 0x00, 0x00, 0x0e, 0x0c, 0x00, 0x0e, 0x00, 0x0b, 0x00,
  0x0d, 0x00, 0x00, 0x00, 0x0e, 0x05, 0x0b, 0x0c, 0x00, 0x00, 0x00, 0x0c, 0x00, 0x00, 0x00, 0x00,
  0x00, 0x0c, 0x0c, 0x0b, 0x0d, 0x0e, 0x0d, 0x09, 0x07, 0x0c, 0x00, 0x09, 0x0e, 0x00, 0x0c, 0x00,
  0x0a, 0x00, 0x0d, 0x00, 0x0d, 0x0c, 0x00, 0x0e, 0x0e, 0x0d, 0x00, 0x0a, 0x00, 0x0c, 0x0e, 0x00,
  0x06, 0x0f, 0x00, 0x00, 0x0f, 0x00, 0x0c, 0x0e, 0x00, 0x0d, 0x00, 0x0d, 0x00, 0x0e, 0x0c, 0x00,
  0x0f, 0x00, 0x00, 0x00, 0x0b, 0x0e, 0x00, 0x00, 0x00, 0x00, 0x00, 0x00, 0x0d, 0x0d, 0x00, 0x0d,
  0x0d, 0x00, 0x00, 0x00, 0x00, 0x06, 0x00, 0x00, 0x0e, 0x0a, 0x00, 0x0d, 0x00, 0x0c, 0x00, 0x00,
  0x00, 0x00, 0x00, 0x0b, 0x0e, 0x0b, 0x00, 0x00, 0x00, 0x00, 0x00, 0x0b, 0x00, 0x0d, 0x0b, 0x00,
  0x00, 0x00, 0x00, 0x00, 0x0b, 0x00, 0x00, 0x00, 0x00, 0x0d, 0x00, 0x0e, 0x00, 0x0c, 0x0e, 0x0a,
  0x00, 0x00, 0x00, 0x00, 0x00, 0x00, 0x0a, 0x00, 0x00, 0x00, 0x00, 0x00, 0x0b, 0x0d, 0x00, 0x00,
  0x00, 0x09, 0x0d, 0x00, 0x00, 0x07, 0x0b, 0x00, 0x00, 0x0c, 0x0d, 0x0a, 0x09, 0x0c, 0x0c, 0x00,
  0x00, 0x00, 0x00, 0x0f, 0x00, 0x04, 0x00, 0x0a, 0x00, 0x00, 0x0c, 0x00, 0x00, 0x0c, 0x00, 0x06,
  0x00, 0x00, 0x0b, 0x00, 0x00, 0x0d, 0x0c, 0x00, 0x0c, 0x0e, 0x0e, 0x09, 0x00, 0x0b, 0x00, 0x0e,
  0x0c, 0x0e, 0x0c, 0x00, 0x0d, 0x0b, 0x0e, 0x00, 0x07, 0x00, 0x0e, 0x08, 0x00, 0x0a, 0x09, 0x06,
  0x0d, 0x00, 0x0a, 0x08, 0x0d, 0x00, 0x0e, 0x00, 0x09, 0x0b, 0x0e, 0x0e, 0x0b, 0x0b, 0x00, 0x00,
  0x0b, 0x00, 0x00, 0x0d, 0x00, 0x00, 0x00, 0x07, 0x00, 0x0c, 0x0d, 0x05, 0x0b, 0x0e, 0x00, 0x00,
  0x0c, 0x00, 0x06, 0x00, 0x00, 0x00, 0x00, 0x00, 0x0b, 0x00, 0x00, 0x00, 0x0c, 0x0c, 0x00, 0x00,
  0x00, 0x0e, 0x00, 0x00, 0x0b, 0x0d, 0x00, 0x00, 0x00, 0x0d, 0x0e, 0x0b, 0x00, 0x0a, 0x09, 0x0b,
  0x0e, 0x06, 0x08, 0x00, 0x0b, 0x00, 0x00, 0x0e, 0x0e, 0x00, 0x0e, 0x0b, 0x00, 0x00, 0x0b, 0x00,
  0x00, 0x00, 0x00, 0x0a, 0x0f, 0x00, 0x07, 0x0d, 0x00, 0x00, 0x00, 0x00, 0x0b, 0x0e, 0x00, 0x0c,
  0x00, 0x00, 0x0d, 0x0c, 0x00, 0x00, 0x08, 0x0a, 0x00, 0x00, 0x0c, 0x00, 0x00, 0x00, 0x00, 0x0a,
  0x00, 0x0c, 0x0c, 0x00, 0x0b, 0x0c, 0x09, 0x00, 0x00, 0x00, 0x0b, 0x00, 0x00, 0x0e, 0x0d, 0x00,
  0x00, 0x0d, 0x00, 0x0e, 0x00, 0x0d, 0x0d, 0x00, 0x00, 0x00, 0x06, 0x00, 0x0a, 0x00, 0x0e, 0x0e,
  0x0c, 0x0a, 0x0d, 0x0c, 0x00, 0x0d, 0x00, 0x0a, 0x00, 0x00, 0x00, 0x0b, 0x0e, 0x00, 0x0c, 0x0d,
  0x00, 0x0c, 0x0b, 0x0e, 0x0b, 0x0d, 0x0e, 0x00, 0x00, 0x00, 0x00, 0x0d, 0x0d, 0x0c, 0x0c, 0x0d,
  0x0e, 0x00, 0x00, 0x0c, 0x0d, 0x00, 0x0d, 0x00, 0x00, 0x0e, 0x00, 0x00, 0x00, 0x08, 0x00, 0x00,
  0x00, 0x00, 0x00, 0x0f, 0x0d, 0x0d, 0x00, 0x0e, 0x0e, 0x0d, 0x0a, 0x0b, 0x00, 0x00, 0x06, 0x00,
  0x00, 0x09, 0x00, 0x00, 0x09, 0x00, 0x00, 0x0d, 0x0d, 0x0f, 0x00, 0x09, 0x0c, 0x00, 0x0e, 0x0e,
  0x00, 0x0a, 0x00, 0x0c, 0x00, 0x00, 0x00, 0x00, 0x00, 0x07, 0x00, 0x00, 0x00, 0x00, 0x00, 0x0d,
  0x0f, 0x0d, 0x00, 0x0b, 0x0c, 0x0c, 0x0c, 0x00, 0x0c, 0x0d, 0x00, 0x0e, 0x00, 0x0a, 0x0a, 0x00,
  0x00, 0x0e, 0x0d, 0x0d, 0x0e, 0x00, 0x09, 0x00, 0x00, 0x00, 0x0e, 0x00, 0x00, 0x00, 0x00, 0x00,
  0x0c, 0x00, 0x0c, 0x00, 0x0e, 0x0b, 0x0d, 0x00, 0x0c, 0x0c, 0x00, 0x0d, 0x0b, 0x00, 0x0e, 0x00,
  0x00, 0x00, 0x00, 0x00, 0x00, 0x00, 0x00, 0x0d, 0x00, 0x00, 0x00, 0x0d, 0x00, 0x09, 0x0c, 0x00,
  0x00, 0x00, 0x00, 0x08, 0x0b, 0x0d, 0x0c, 0x00, 0x00, 0x00, 0x00, 0x00, 0x0f, 0x00, 0x00, 0x0e,
  0x00, 0x0e, 0x00, 0x00, 0x0d, 0x00, 0x0e, 0x00, 0x0b, 0x00, 0x0c, 0x00, 0x0c, 0x0c, 0x00, 0x00,
  0x00, 0x0e, 0x00, 0x00, 0x00, 0x0d, 0x0e, 0x09, 0x00, 0x0d, 0x00, 0x00, 0x00, 0x0b, 0x0e, 0x00,
  0x00, 0x0c, 0x00, 0x00, 0x00, 0x00, 0x00, 0x00, 0x0d, 0x00, 0x0c, 0x00, 0x06, 0x0e, 0x0e, 0x00,
  0x00, 0x00, 0x00, 0x0a, 0x0d, 0x0d, 0x00, 0x00, 0x00, 0x0a, 0x00, 0x00, 0x02, 0x0d, 0x0b, 0x0e,
  0x00, 0x0a, 0x00, 0x07, 0x0a, 0x00, 0x00, 0x0c, 0x0d, 0x00, 0x0f, 0x08, 0x00, 0x00, 0x00, 0x0d,
  0x0a, 0x0c, 0x09, 0x0c, 0x0d, 0x00, 0x00, 0x00, 0x0b, 0x00, 0x00, 0x00, 0x00, 0x00, 0x08, 0x0e,
  0x00, 0x07, 0x0d, 0x00, 0x00, 0x00, 0x0d, 0x09, 0x00, 0x00, 0x0c, 0x0c, 0x0e, 0x00, 0x00, 0x00,
  0x00, 0x0e, 0x0d, 0x00, 0x0b, 0x00, 0x08, 0x00, 0x00, 0x00, 0x0d, 0x00, 0x00, 0x00, 0x00, 0x00,
  0x00, 0x00, 0x0d, 0x0d, 0x00, 0x0c, 0x0b, 0x0d, 0x03, 0x0d, 0x0e, 0x0d, 0x00, 0x00, 0x0c, 0x00,
  0x08, 0x00, 0x00, 0x0c, 0x0b, 0x00, 0x0e, 0x00, 0x0c, 0x00, 0x0c, 0x00, 0x00, 0x0d, 0x0d, 0x00,
  0x00, 0x0e, 0x00, 0x0d, 0x0d, 0x04, 0x00, 0x00, 0x0c, 0x0e, 0x00, 0x0a, 0x0d, 0x00, 0x0a, 0x0c,
  0x0c, 0x08, 0x0d, 0x00, 0x00, 0x00, 0x00, 0x00, 0x0d, 0x0c, 0x0b, 0x00, 0x0d, 0x00, 0x00, 0x0c,
  0x00, 0x00, 0x0d, 0x00, 0x0d, 0x00, 0x00, 0x0a, 0x0e, 0x00, 0x00, 0x0a, 0x00, 0x00, 0x00, 0x09,
  0x00, 0x00, 0x00, 0x00, 0x0e, 0x0b, 0x00, 0x00, 0x00, 0x00, 0x09, 0x0b, 0x0b, 0x0b, 0x00, 0x0a,
  0x00, 0x00, 0x0c, 0x0c, 0x0c, 0x0e, 0x00, 0x00, 0x00, 0x0b, 0x0e, 0x04, 0x0e, 0x0d, 0x0e, 0x0c,
  0x0c, 0x09, 0x00, 0x00, 0x00, 0x0d, 0x00, 0x0a, 0x00, 0x00, 0x00, 0x0e, 0x0a, 0x09, 0x0c, 0x0d,
  0x0c, 0x0d, 0x00, 0x00, 0x0c, 0x0e, 0x00, 0x00, 0x06, 0x0c, 0x0a, 0x00, 0x00, 0x0e, 0x00, 0x00,
  0x00, 0x0e, 0x0c, 0x00, 0x00, 0x00, 0x00, 0x00, 0x0a, 0x0d, 0x0c, 0x00, 0x08, 0x0f, 0x0c, 0x00,
  0x00, 0x00, 0x0d, 0x0d, 0x00, 0x00, 0x00, 0x00, 0x00, 0x0c, 0x0a, 0x00, 0x0d, 0x0a, 0x0d, 0x0d,
  0x00, 0x00, 0x0d, 0x00, 0x0e, 0x00, 0x0e, 0x0d, 0x08, 0x0c, 0x0a, 0x00, 0x0c, 0x0b, 0x0c, 0x00,
  0x0b, 0x08, 0x00, 0x00, 0x0e, 0x00, 0x00, 0x09, 0x0a, 0x00, 0x00, 0x08, 0x0d, 0x00, 0x0e, 0x00,
  0x00, 0x0f, 0x0e, 0x07, 0x00, 0x00, 0x0f, 0x0a, 0x0b, 0x0b, 0x00, 0x00, 0x0a, 0x00, 0x0c, 0x00,
  0x00, 0x0c, 0x00, 0x00, 0x09, 0x00, 0x00, 0x0e, 0x00, 0x00, 0x09, 0x00, 0x0e, 0x00, 0x00, 0x0b,
  0x00, 0x00, 0x00, 0x00, 0x0d, 0x0b, 0x0d, 0x00, 0x00, 0x00, 0x00, 0x00, 0x00, 0x0b, 0x00, 0x00,
  0x0d, 0x00, 0x00, 0x00, 0x0c, 0x00, 0x0b, 0x00, 0x00, 0x00, 0x0e, 0x0d, 0x00, 0x00, 0x00, 0x0d,
  0x00, 0x00, 0x00, 0x09, 0x00, 0x00, 0x0d, 0x00, 0x0f, 0x00, 0x00, 0x0c, 0x08, 0x07, 0x0e, 0x00,
  0x00, 0x0d, 0x00, 0x00, 0x00, 0x00, 0x09, 0x0b, 0x00, 0x00, 0x00, 0x0e, 0x00, 0x0c, 0x0e, 0x00,
  0x0b, 0x00, 0x00, 0x00, 0x0d, 0x0c, 0x07, 0x00, 0x00, 0x0a, 0x00, 0x00, 0x0c, 0x0a, 0x00, 0x00,
  0x00, 0x00, 0x00, 0x00, 0x00, 0x00, 0x07, 0x0a, 0x0e, 0x00, 0x00, 0x0b, 0x0d, 0x0d, 0x07, 0x00,
  0x00, 0x00, 0x0b, 0x0a, 0x09, 0x0c, 0x0d, 0x0b, 0x00, 0x0b, 0x08, 0x0e, 0x00, 0x00, 0x0c, 0x00,
  0x00, 0x0d, 0x00, 0x0e, 0x00, 0x0d, 0x00, 0x0c, 0x0c, 0x0c, 0x0d, 0x0d, 0x00, 0x09, 0x0c, 0x00,
  0x0e, 0x0c, 0x00, 0x00, 0x0b, 0x0e, 0x0c, 0x00, 0x00, 0x0a, 0x09, 0x00, 0x0e, 0x0b, 0x0a, 0x00,
  0x00, 0x00, 0x0a, 0x0a, 0x00, 0x07, 0x0b, 0x00, 0x09, 0x0c, 0x0c, 0x00, 0x0c, 0x0b, 0x00, 0x0b,
  0x0d, 0x0d, 0x00, 0x00, 0x00, 0x00, 0x0e, 0x00, 0x00, 0x00, 0x0b, 0x00, 0x00, 0x00, 0x00, 0x0e,
  0x00, 0x00, 0x00, 0x00, 0x00, 0x00, 0x0b, 0x09, 0x0b, 0x0c, 0x00, 0x0d, 0x09, 0x0e, 0x0a, 0x0d,
  0x09, 0x0f, 0x00, 0x06, 0x00, 0x00, 0x0e, 0x00, 0x0a, 0x00, 0x09, 0x00, 0x00, 0x00, 0x0a, 0x00,
  0x00, 0x09, 0x00, 0x0d, 0x0d, 0x00, 0x06, 0x00, 0x00, 0x00, 0x0b, 0x0f, 0x0e, 0x00, 0x00, 0x0d,
  0x00, 0x0d, 0x00, 0x0b, 0x0d, 0x00, 0x0e, 0x0a, 0x0d, 0x00, 0x0e, 0x00, 0x0c, 0x00, 0x00, 0x0e,
  0x00, 0x00, 0x0e, 0x0e, 0x0b, 0x09, 0x0d, 0x0b, 0x08, 0x0d, 0x00, 0x00, 0x0c, 0x00, 0x0c, 0x00,
  0x00, 0x00, 0x00, 0x0c, 0x00, 0x00, 0x00, 0x0d, 0x04, 0x09, 0x00, 0x00, 0x00, 0x0b, 0x0b, 0x0b,
  0x0f, 0x00, 0x0c, 0x0d, 0x09, 0x00, 0x0e, 0x03, 0x0c, 0x0e, 0x0d, 0x0a, 0x00, 0x00, 0x0a, 0x0c,
  0x09, 0x00, 0x0a, 0x0d, 0x0f, 0x00, 0x00, 0x0d, 0x0c, 0x0f, 0x00, 0x00, 0x00, 0x00, 0x00, 0x0d,
  0x09, 0x00, 0x0d, 0x0a, 0x00, 0x00, 0x0c, 0x0c, 0x00, 0x0c, 0x00, 0x00, 0x0b, 0x00, 0x00, 0x0d,
  0x00, 0x00, 0x0e, 0x00, 0x09, 0x0d, 0x07, 0x0a, 0x00, 0x00, 0x0d, 0x00, 0x00, 0x0a, 0x00, 0x0f,
  0x00, 0x0c, 0x00, 0x0e, 0x00, 0x08, 0x00, 0x00, 0x00, 0x05, 0x0d, 0x00, 0x00, 0x0d, 0x0e, 0x0d,
  0x09, 0x0e, 0x0c, 0x0c, 0x00, 0x0f, 0x0d, 0x00, 0x0c, 0x00, 0x00, 0x00, 0x0d, 0x00, 0x00, 0x0c,
  0x00, 0x0b, 0x0a, 0x00, 0x0d, 0x00, 0x00, 0x00, 0x0c, 0x00, 0x0c, 0x08, 0x0b, 0x0e, 0x0c, 0x0a,
  0x08, 0x00, 0x0e, 0x0e, 0x00, 0x0d, 0x00, 0x0d, 0x00, 0x0c, 0x0d, 0x09, 0x00, 0x0b, 0x0c, 0x09,
  0x0c, 0x0d, 0x00, 0x0d, 0x00, 0x00, 0x00, 0x00, 0x0c, 0x00, 0x0d, 0x00, 0x00, 0x0a, 0x09, 0x00,
  0x00, 0x0c, 0x0b, 0x09, 0x00, 0x08, 0x0b, 0x0e, 0x00, 0x00, 0x0e, 0x0d, 0x08, 0x08, 0x00, 0x00,
  0x00, 0x00, 0x00, 0x00, 0x0a, 0x00, 0x00, 0x00, 0x0e, 0x00, 0x0a, 0x00, 0x0c, 0x0e, 0x0a, 0x00,
  0x00, 0x00, 0x00, 0x00, 0x00, 0x0e, 0x04, 0x00, 0x0d, 0x00, 0x00, 0x0b, 0x0a, 0x0d, 0x09, 0x00,
  0x0b, 0x0b, 0x08, 0x00, 0x07, 0x00, 0x0c, 0x00, 0x0d, 0x00, 0x0b, 0x0b, 0x09, 0x00, 0x09, 0x0e,
  0x0c, 0x00, 0x00, 0x0e, 0x00, 0x00, 0x0d, 0x0c, 0x0d, 0x08, 0x00, 0x00, 0x00, 0x00, 0x0c, 0x00,
  0x0c, 0x00, 0x00, 0x00, 0x00, 0x00, 0x00, 0x00, 0x00, 0x0c, 0x00, 0x00, 0x00, 0x0d, 0x0d, 0x00,
  0x06, 0x0e, 0x00, 0x0c, 0x00, 0x0c, 0x00, 0x00, 0x00, 0x00, 0x00, 0x00, 0x0e, 0x0d, 0x0e, 0x00,
  0x0e, 0x00, 0x00, 0x06, 0x00, 0x00, 0x00, 0x0e, 0x0d, 0x0c, 0x0b, 0x0e, 0x0a, 0x0d, 0x0c, 0x0a,
  0x0a, 0x0c, 0x0d, 0x00, 0x07, 0x00, 0x00, 0x0b, 0x00, 0x00, 0x00, 0x0d, 0x00, 0x00, 0x0c, 0x00,
  0x00, 0x09, 0x00, 0x0a, 0x00, 0x0a, 0x00, 0x00, 0x00, 0x0c, 0x0f, 0x00, 0x0e, 0x06, 0x0c, 0x00,
  0x0b, 0x00, 0x09, 0x0b, 0x0d, 0x0d, 0x08, 0x00, 0x0d, 0x0e, 0x0c, 0x00, 0x09, 0x00, 0x0c, 0x0d,
  0x0b, 0x0d, 0x0c, 0x0d, 0x0f, 0x0b, 0x00, 0x0d, 0x0c, 0x00, 0x0b, 0x00, 0x0d, 0x00, 0x00, 0x00,
  0x0c, 0x0e, 0x0c, 0x0d, 0x0c, 0x00, 0x0c, 0x00, 0x0c, 0x00, 0x00, 0x00, 0x0a, 0x00, 0x0e, 0x00,
  0x00, 0x00, 0x0e, 0x09, 0x00, 0x0b, 0x0b, 0x0e, 0x00, 0x00, 0x00, 0x0d, 0x09, 0x00, 0x0a, 0x00,
  0x00, 0x0c, 0x00, 0x0b, 0x00, 0x0e, 0x04, 0x0a, 0x00, 0x00, 0x0b, 0x00, 0x0c, 0x00, 0x0a, 0x0e,
  0x00, 0x00, 0x00, 0x00, 0x00, 0x0d, 0x00, 0x00, 0x00, 0x00, 0x0a, 0x0e, 0x00, 0x00, 0x00, 0x0b,
  0x00, 0x00, 0x00, 0x0e, 0x0e, 0x00, 0x0a, 0x00, 0x09, 0x0c, 0x00, 0x07, 0x0c, 0x00, 0x0b, 0x0d,
  0x08, 0x0b, 0x0a, 0x00, 0x00, 0x00, 0x00, 0x00, 0x0e, 0x0c, 0x03, 0x00, 0x00, 0x00, 0x0a, 0x0c,
  0x00, 0x0e, 0x0a, 0x00, 0x0b, 0x0d, 0x00, 0x0f, 0x00, 0x0b, 0x0e, 0x0b, 0x00, 0x08, 0x0a, 0x0d,
  0x00, 0x00, 0x06, 0x0e, 0x00, 0x0d, 0x0e, 0x0c, 0x00, 0x0e, 0x00, 0x00, 0x0c, 0x0d, 0x0f, 0x0d,
  0x00, 0x0b, 0x0d, 0x0d, 0x0d, 0x00, 0x0c, 0x00, 0x00, 0x0d, 0x00, 0x0c, 0x0b, 0x0a, 0x0d, 0x0c,
  0x00, 0x00, 0x0c, 0x00, 0x0a, 0x00, 0x00, 0x00, 0x00, 0x00, 0x0c, 0x09, 0x09, 0x00, 0x00, 0x00,
  0x0d, 0x00, 0x00, 0x00, 0x0d, 0x00, 0x00, 0x00, 0x0a, 0x00, 0x04, 0x00, 0x00, 0x07, 0x00, 0x0b,
  0x0d, 0x09, 0x0c, 0x0e, 0x0c, 0x00, 0x0c, 0x0e, 0x00, 0x0c, 0x0a, 0x00, 0x00, 0x0c, 0x0c, 0x00,
  0x0d, 0x0e, 0x00, 0x00, 0x0d, 0x00, 0x00, 0x09, 0x00, 0x0e, 0x0c, 0x08, 0x09, 0x0b, 0x00, 0x00,
  0x0a, 0x00, 0x00, 0x09, 0x00, 0x0e, 0x0c, 0x00, 0x00, 0x0b, 0x00, 0x00, 0x0d, 0x00, 0x00, 0x0e,
  0x00, 0x0c, 0x00, 0x0a, 0x0a, 0x00, 0x0d, 0x00, 0x07, 0x0b, 0x0e, 0x00, 0x0e, 0x00, 0x00, 0x00,
  0x0e, 0x0a, 0x0c, 0x0b, 0x0b, 0x0d, 0x00, 0x00, 0x00, 0x00, 0x00, 0x07, 0x00, 0x06, 0x0a, 0x00,
  0x0e, 0x0c, 0x06, 0x00, 0x00, 0x0d, 0x00, 0x00, 0x00, 0x0d, 0x00, 0x00, 0x0e, 0x00, 0x00, 0x00,
  0x0c, 0x0c, 0x0c, 0x00, 0x00, 0x0b, 0x09, 0x00, 0x00, 0x07, 0x0e, 0x00, 0x00, 0x00, 0x00, 0x00,
  0x00, 0x0e, 0x00, 0x00, 0x0d, 0x08, 0x0c, 0x00, 0x08, 0x06, 0x00, 0x0d, 0x0b, 0x00, 0x00, 0x00,
  0x0b, 0x00, 0x00, 0x0b, 0x0b, 0x0b, 0x0e, 0x0d, 0x0e, 0x00, 0x00, 0x0c, 0x00, 0x0b, 0x0f, 0x0f,
  0x00, 0x00, 0x00, 0x0c, 0x00, 0x0b, 0x0b, 0x0e, 0x0c, 0x00, 0x00, 0x0a, 0x00, 0x05, 0x0c, 0x00,
  0x0d, 0x00, 0x00, 0x00, 0x0b, 0x00, 0x0b, 0x00, 0x00, 0x0d, 0x0b, 0x00, 0x00, 0x00, 0x09, 0x00,
  0x00, 0x0c, 0x0d, 0x0c, 0x00, 0x00, 0x09, 0x00, 0x00, 0x00, 0x0d, 0x0b, 0x0e, 0x0c, 0x00, 0x00,
  0x00, 0x00, 0x0d, 0x0a, 0x00, 0x07, 0x00, 0x00, 0x0d, 0x00, 0x00, 0x00, 0x0c, 0x0f, 0x0e, 0x0e,
  0x00, 0x0d, 0x00, 0x0b, 0x00, 0x0c, 0x0d, 0x00, 0x00, 0x00, 0x00, 0x00, 0x00, 0x00, 0x00, 0x00,
  0x00, 0x00, 0x0a, 0x00, 0x00, 0x0b, 0x00, 0x0e, 0x08, 0x0b, 0x0b, 0x00, 0x07, 0x0a, 0x00, 0x00,
  0x00, 0x0f, 0x0d, 0x00, 0x0e, 0x00, 0x00, 0x00, 0x0e, 0x0c, 0x00, 0x00, 0x00, 0x0f, 0x0c, 0x0c,
  0x00, 0x00, 0x00, 0x0e, 0x0d, 0x00, 0x0e, 0x00, 0x0c, 0x00, 0x00, 0x00, 0x0d, 0x00, 0x00, 0x0e,
  0x00, 0x0e, 0x00, 0x0d, 0x0a, 0x0c, 0x0d, 0x0b, 0x0d, 0x0d, 0x0f, 0x0c, 0x00, 0x00, 0x00, 0x0b,
  0x00, 0x00, 0x0c, 0x0c, 0x00, 0x0c, 0x0e, 0x09, 0x0f, 0x0b, 0x0c, 0x0d, 0x00, 0x00, 0x0c, 0x0e,
  0x00, 0x0e, 0x00, 0x00, 0x0f, 0x0c, 0x0f, 0x00, 0x00, 0x00, 0x00, 0x0b, 0x00, 0x00, 0x0d, 0x00,
  0x0a, 0x0b, 0x00, 0x0f, 0x0b, 0x00, 0x00, 0x00, 0x00, 0x00, 0x0a, 0x0f, 0x00, 0x00, 0x09, 0x00,
  0x0d, 0x00, 0x00, 0x00, 0x0f, 0x0b, 0x00, 0x00, 0x07, 0x0a, 0x0f, 0x0e, 0x0a, 0x00, 0x0d, 0x0c,
  0x09, 0x00, 0x0b, 0x00, 0x00, 0x0a, 0x08, 0x0a, 0x0d, 0x0e, 0x0b, 0x0e, 0x0d, 0x04, 0x00, 0x0e,
  0x0c, 0x07, 0x00, 0x00, 0x00, 0x00, 0x00, 0x00, 0x00, 0x00, 0x0d, 0x00, 0x0d, 0x00, 0x0c, 0x0e,
  0x0e, 0x0c, 0x07, 0x0e, 0x00, 0x00, 0x00, 0x00, 0x00, 0x00, 0x0f, 0x0f, 0x00, 0x00, 0x0e, 0x0b,
  0x00, 0x00, 0x0e, 0x0c, 0x0f, 0x0e, 0x00, 0x0b, 0x0b, 0x0c, 0x0f, 0x0f, 0x0e, 0x00, 0x00, 0x0f,
  0x09, 0x00, 0x0e, 0x00, 0x00, 0x00, 0x00, 0x00, 0x0b, 0x00, 0x0d, 0x04, 0x00, 0x0d, 0x08, 0x00,
  0x00, 0x00, 0x00, 0x08, 0x00, 0x0d, 0x0d, 0x00, 0x00, 0x00, 0x0d, 0x0e, 0x0d, 0x00, 0x09, 0x0c,
  0x00, 0x00, 0x0b, 0x00, 0x08, 0x00, 0x09, 0x0e, 0x0c, 0x00, 0x00, 0x08, 0x0b, 0x00, 0x0a, 0x09,
  0x00, 0x08, 0x0d, 0x00, 0x00, 0x00, 0x00, 0x0c, 0x00, 0x00, 0x0f, 0x0d, 0x09, 0x06, 0x00, 0x0c,
  0x0b, 0x0d, 0x00, 0x0f, 0x0e, 0x00, 0x00, 0x00, 0x0d, 0x00, 0x0b, 0x0c, 0x00, 0x00, 0x00, 0x09,
  0x09, 0x0b, 0x0c, 0x0d, 0x00, 0x0d, 0x0d, 0x00, 0x00, 0x00, 0x00, 0x0b, 0x00, 0x0c, 0x0a, 0x0e,
  0x00, 0x00, 0x0e, 0x0d, 0x00, 0x0d, 0x0c, 0x00, 0x0c, 0x0a, 0x0e, 0x00, 0x0a, 0x08, 0x0a, 0x0a,
  0x00, 0x0d, 0x00, 0x00, 0x0d, 0x00, 0x00, 0x00, 0x00, 0x0b, 0x0c, 0x00, 0x0c, 0x00, 0x00, 0x00,
  0x00, 0x00, 0x00, 0x0b, 0x00, 0x0d, 0x00, 0x0d, 0x0a, 0x00, 0x00, 0x0e, 0x00, 0x00, 0x00, 0x00,
  0x0f, 0x0d, 0x0c, 0x00, 0x00, 0x0d, 0x00, 0x00, 0x0f, 0x00, 0x0b, 0x00, 0x00, 0x0d, 0x00, 0x00,
  0x0e, 0x0c, 0x00, 0x00, 0x00, 0x08, 0x00, 0x0b, 0x00, 0x00, 0x08, 0x0b, 0x0f, 0x08, 0x0d, 0x0d,
  0x00, 0x00, 0x0c, 0x00, 0x00, 0x00, 0x0d, 0x00, 0x00, 0x00, 0x0c, 0x00, 0x0c, 0x00, 0x00, 0x00,
  0x0c, 0x00, 0x00, 0x00, 0x00, 0x0c, 0x00, 0x00, 0x00, 0x00, 0x00, 0x00, 0x00, 0x07, 0x0e, 0x0c,
  0x0d, 0x0c, 0x0f, 0x00, 0x00, 0x0d, 0x00, 0x00, 0x00, 0x00, 0x0a, 0x0d, 0x00, 0x0f, 0x0b, 0x00,
  0x0c, 0x00, 0x00, 0x00, 0x0f, 0x0e, 0x00, 0x00, 0x00, 0x0d, 0x00, 0x0e, 0x00, 0x00, 0x00, 0x00,
  0x0d, 0x00, 0x00, 0x0d, 0x00, 0x0e, 0x00, 0x09, 0x00, 0x00, 0x00, 0x00, 0x0b, 0x0d, 0x0b, 0x00,
  0x0b, 0x0e, 0x0c, 0x00, 0x0d, 0x0b, 0x0a, 0x0d, 0x00, 0x00, 0x00, 0x0e, 0x0e, 0x0c, 0x00, 0x07,
  0x0d, 0x00, 0x0b, 0x0a, 0x0c, 0x0e, 0x0d, 0x0e, 0x0b, 0x00, 0x00, 0x00, 0x0b, 0x0d, 0x0f, 0x09,
  0x0d, 0x09, 0x07, 0x0f, 0x0c, 0x0c, 0x00, 0x0a, 0x0a, 0x00, 0x0c, 0x0d, 0x00, 0x0e, 0x00, 0x00,
  0x07, 0x0d, 0x09, 0x00, 0x0e, 0x0b, 0x07, 0x00, 0x0d, 0x00, 0x0d, 0x00, 0x00, 0x00, 0x0d, 0x00,
  0x09, 0x00, 0x00, 0x00, 0x0d, 0x00, 0x0c, 0x00, 0x00, 0x0b, 0x0c, 0x07, 0x00, 0x0a, 0x0c, 0x0d,
  0x00, 0x00, 0x0e, 0x0c, 0x00, 0x00, 0x0b, 0x0a, 0x00, 0x08, 0x0b, 0x00, 0x00, 0x00, 0x0e, 0x0c,
  0x0c, 0x00, 0x0c, 0x00, 0x00, 0x07, 0x00, 0x0c, 0x0a, 0x0b, 0x0b, 0x00, 0x0e, 0x0d, 0x00, 0x00,
  0x00, 0x00, 0x00, 0x08, 0x0c, 0x0a, 0x00, 0x00, 0x06, 0x0c, 0x0d, 0x0a, 0x00, 0x0d, 0x0d, 0x00,
  0x00, 0x00, 0x0e, 0x0c, 0x00, 0x00, 0x0c, 0x0e, 0x00, 0x00, 0x00, 0x0e, 0x00, 0x00, 0x0c, 0x00,
  0x00, 0x00, 0x00, 0x00, 0x0a, 0x00, 0x00, 0x00, 0x00, 0x0d, 0x00, 0x0d, 0x00, 0x00, 0x09, 0x0e,
};

const uint8_t golden_s1_w_pos[64*10] = {
  0x0b, 0x0f, 0x00, 0x00, 0x0d, 0x00, 0x00, 0x00, 0x0c, 0x00, 0x00, 0x00, 0x0a, 0x0d, 0x00, 0x0e,
  0x00, 0x00, 0x00, 0x00, 0x00, 0x00, 0x00, 0x00, 0x00, 0x0f, 0x00, 0x00, 0x00, 0x00, 0x0d, 0x00,
  0x0e, 0x0b, 0x0c, 0x0f, 0x00, 0x00, 0x00, 0x00, 0x00, 0x0b, 0x00, 0x0e, 0x00, 0x0d, 0x00, 0x00,
  0x0c, 0x0b, 0x0b, 0x0c, 0x0c, 0x00, 0x00, 0x0c, 0x0c, 0x00, 0x00, 0x00, 0x0b, 0x0d, 0x00, 0x09,
  0x0d, 0x0d, 0x00, 0x00, 0x00, 0x0e, 0x0b, 0x00, 0x00, 0x00, 0x0b, 0x00, 0x00, 0x00, 0x00, 0x0e,
  0x00, 0x00, 0x00, 0x00, 0x0d, 0x00, 0x00, 0x0d, 0x00, 0x00, 0x00, 0x0c, 0x00, 0x00, 0x00, 0x00,
  0x00, 0x06, 0x0d, 0x0d, 0x0d, 0x0e, 0x0a, 0x00, 0x00, 0x00, 0x00, 0x0e, 0x00, 0x00, 0x00, 0x0f,
  0x00, 0x00, 0x0e, 0x0d, 0x00, 0x0b, 0x0d, 0x00, 0x0a, 0x00, 0x0c, 0x0d, 0x00, 0x0b, 0x00, 0x0b,
  0x06, 0x0e, 0x00, 0x00, 0x00, 0x0d, 0x00, 0x00, 0x0e, 0x00, 0x00, 0x00, 0x00, 0x02, 0x00, 0x0a,
  0x0e, 0x0d, 0x0e, 0x00, 0x00, 0x00, 0x00, 0x00, 0x00, 0x00, 0x0e, 0x00, 0x00, 0x0c, 0x00, 0x00,
  0x00, 0x00, 0x00, 0x00, 0x00, 0x00, 0x00, 0x00, 0x0f, 0x00, 0x0f, 0x00, 0x00, 0x00, 0x00, 0x00,
  0x0e, 0x0c, 0x0a, 0x0b, 0x00, 0x00, 0x00, 0x00, 0x00, 0x0d, 0x00, 0x0d, 0x00, 0x0f, 0x0b, 0x00,
  0x0d, 0x0a, 0x00, 0x0e, 0x0c, 0x0c, 0x00, 0x00, 0x00, 0x0e, 0x0c, 0x00, 0x0a, 0x00, 0x00, 0x00,
  0x00, 0x08, 0x00, 0x0d, 0x00, 0x00, 0x0a, 0x0e, 0x00, 0x0c, 0x0b, 0x00, 0x00, 0x00, 0x0b, 0x00,
  0x0a, 0x0c, 0x0b, 0x05, 0x00, 0x00, 0x00, 0x0e, 0x0f, 0x00, 0x0d, 0x0b, 0x0e, 0x00, 0x00, 0x0f,
  0x0b, 0x00, 0x0e, 0x00, 0x00, 0x0d, 0x00, 0x0c, 0x00, 0x00, 0x0e, 0x0b, 0x00, 0x0b, 0x00, 0x0d,
  0x00, 0x00, 0x00, 0x00, 0x00, 0x00, 0x0f, 0x00, 0x0e, 0x00, 0x00, 0x0e, 0x0e, 0x0d, 0x00, 0x0e,
  0x0a, 0x0f, 0x0e, 0x00, 0x00, 0x0a, 0x0c, 0x0c, 0x00, 0x00, 0x00, 0x00, 0x00, 0x0b, 0x00, 0x0e,
  0x0c, 0x00, 0x0c, 0x08, 0x00, 0x0d, 0x00, 0x00, 0x00, 0x0b, 0x0a, 0x05, 0x00, 0x0d, 0x00, 0x0d,
  0x00, 0x00, 0x00, 0x00, 0x00, 0x00, 0x00, 0x00, 0x00, 0x07, 0x0f, 0x0e, 0x00, 0x00, 0x0d, 0x00,
  0x00, 0x00, 0x0b, 0x0d, 0x00, 0x0f, 0x0e, 0x00, 0x0b, 0x00, 0x0c, 0x09, 0x00, 0x0e, 0x0f, 0x00,
  0x00, 0x00, 0x0e, 0x00, 0x00, 0x0f, 0x0a, 0x00, 0x00, 0x0e, 0x0b, 0x00, 0x00, 0x00, 0x0d, 0x00,
  0x0c, 0x00, 0x00, 0x09, 0x0b, 0x00, 0x00, 0x08, 0x0b, 0x00, 0x09, 0x00, 0x00, 0x0e, 0x08, 0x0a,
  0x0b, 0x00, 0x00, 0x0b, 0x0b, 0x00, 0x00, 0x00, 0x0c, 0x00, 0x00, 0x0a, 0x0f, 0x00, 0x0d, 0x0e,
  0x00, 0x00, 0x0f, 0x00, 0x0b, 0x0c, 0x00, 0x0a, 0x0d, 0x0d, 0x00, 0x00, 0x0d, 0x0a, 0x0a, 0x00,
  0x00, 0x00, 0x00, 0x0a, 0x0f, 0x00, 0x08, 0x0e, 0x00, 0x0b, 0x00, 0x0f, 0x0e, 0x0d, 0x0f, 0x00,
  0x0e, 0x00, 0x00, 0x00, 0x08, 0x00, 0x00, 0x08, 0x0c, 0x0b, 0x0c, 0x0a, 0x0a, 0x09, 0x00, 0x0e,
  0x0a, 0x00, 0x0c, 0x00, 0x0d, 0x0e, 0x0a, 0x0e, 0x0f, 0x0d, 0x00, 0x00, 0x00, 0x0e, 0x0e, 0x00,
  0x00, 0x00, 0x00, 0x0c, 0x05, 0x00, 0x0c, 0x00, 0x00, 0x00, 0x0b, 0x00, 0x00, 0x00, 0x09, 0x00,
  0x00, 0x0d, 0x00, 0x00, 0x0b, 0x00, 0x0e, 0x00, 0x00, 0x00, 0x00, 0x00, 0x00, 0x0d, 0x00, 0x0d,
  0x00, 0x00, 0x00, 0x08, 0x0e, 0x0c, 0x00, 0x00, 0x0d, 0x0d, 0x00, 0x07, 0x0b, 0x00, 0x00, 0x00,
  0x0f, 0x0d, 0x0d, 0x0c, 0x00, 0x00, 0x00, 0x00, 0x00, 0x08, 0x0d, 0x0c, 0x08, 0x0c, 0x00, 0x00,
  0x0a, 0x0c, 0x0b, 0x0f, 0x00, 0x00, 0x00, 0x00, 0x0e, 0x00, 0x00, 0x00, 0x0a, 0x0f, 0x0b, 0x00,
  0x00, 0x00, 0x0c, 0x00, 0x00, 0x0d, 0x00, 0x0e, 0x00, 0x0e, 0x00, 0x00, 0x00, 0x0d, 0x00, 0x00,
  0x00, 0x0f, 0x0d, 0x00, 0x00, 0x00, 0x00, 0x0c, 0x0c, 0x0c, 0x00, 0x00, 0x00, 0x08, 0x0f, 0x0d,
  0x0c, 0x00, 0x00, 0x00, 0x00, 0x0d, 0x0e, 0x00, 0x0e, 0x00, 0x00, 0x00, 0x00, 0x00, 0x00, 0x0e,
  0x00, 0x00, 0x00, 0x00, 0x0c, 0x00, 0x00, 0x0d, 0x00, 0x0f, 0x00, 0x00, 0x0d, 0x00, 0x00, 0x00,
  0x00, 0x00, 0x00, 0x0d, 0x00, 0x00, 0x00, 0x0a, 0x00, 0x00, 0x0d, 0x05, 0x09, 0x00, 0x00, 0x0e,
  0x0b, 0x00, 0x00, 0x00, 0x00, 0x00, 0x00, 0x0c, 0x0e, 0x00, 0x00, 0x00, 0x0b, 0x00, 0x00, 0x00,
  0x00, 0x0f, 0x00, 0x00, 0x00, 0x00, 0x00, 0x0c, 0x00, 0x0d, 0x00, 0x0e, 0x00, 0x0d, 0x00, 0x00,
};

const uint8_t golden_s1_w_neg[64*10] = {
  0x00, 0x00, 0x0d, 0x0f, 0x00, 0x0e, 0x0d, 0x0d, 0x00, 0x08, 0x09, 0x0d, 0x00, 0x00, 0x0f, 0x00,
  0x0e, 0x0e, 0x0d, 0x0c, 0x0b, 0x0e, 0x0e, 0x0c, 0x0b, 0x00, 0x0c, 0x0d, 0x0e, 0x0e, 0x00, 0x0d,
  0x00, 0x00, 0x00, 0x00, 0x0f, 0x0e, 0x0b, 0x0d, 0x03, 0x00, 0x0d, 0x00, 0x01, 0x00, 0x09, 0x09,
  0x00, 0x00, 0x00, 0x00, 0x00, 0x0b, 0x0d, 0x00, 0x00, 0x0d, 0x0b, 0x0b, 0x00, 0x00, 0x08, 0x00,
  0x00, 0x00, 0x0c, 0x0c, 0x0b, 0x00, 0x00, 0x0e, 0x08, 0x0e, 0x00, 0x0e, 0x0d, 0x0e, 0x0c, 0x00,
  0x09, 0x0b, 0x0d, 0x0f, 0x00, 0x0f, 0x09, 0x00, 0x0b, 0x07, 0x0a, 0x00, 0x0b, 0x0c, 0x0f, 0x0e,
  0x0b, 0x00, 0x00, 0x00, 0x00, 0x00, 0x00, 0x0f, 0x0c, 0x0d, 0x0f, 0x00, 0x0c, 0x0d, 0x0e, 0x00,
  0x07, 0x0f, 0x00, 0x00, 0x0e, 0x00, 0x00, 0x0f, 0x00, 0x08, 0x00, 0x00, 0x0c, 0x00, 0x0c, 0x00,
  0x00, 0x00, 0x0d, 0x0b, 0x0a, 0x00, 0x0a, 0x0f, 0x00, 0x0e, 0x09, 0x0f, 0x0e, 0x00, 0x0c, 0x00,
  0x00, 0x00, 0x00, 0x0d, 0x0e, 0x0b, 0x0d, 0x0e, 0x0d, 0x0e, 0x00, 0x0b, 0x0c, 0x00, 0x0f, 0x0d,
  0x0b, 0x0b, 0x0f, 0x0f, 0x0e, 0x0d, 0x0e, 0x0e, 0x00, 0x0a, 0x00, 0x0f, 0x0c, 0x0b, 0x0e, 0x0e,
  0x00, 0x00, 0x00, 0x00, 0x0d, 0x0c, 0x0f, 0x0d, 0x0e, 0x00, 0x0f, 0x00, 0x0f, 0x00, 0x00, 0x0c,
  0x00, 0x00, 0x0c, 0x00, 0x00, 0x00, 0x09, 0x0c, 0x0c, 0x00, 0x00, 0x0f, 0x00, 0x0e, 0x0f, 0x0f,
  0x0c, 0x00, 0x0e, 0x00, 0x0d, 0x0b, 0x00, 0x00, 0x0d, 0x00, 0x00, 0x0d, 0x0c, 0x09, 0x00, 0x0b,
  0x00, 0x00, 0x00, 0x00, 0x0b, 0x0a, 0x0d, 0x00, 0x00, 0x08, 0x00, 0x00, 0x00, 0x0e, 0x0f, 0x00,
  0x00, 0x0e, 0x00, 0x0e, 0x0c, 0x00, 0x0e, 0x00, 0x0d, 0x0e, 0x00, 0x00, 0x0a, 0x00, 0x0c, 0x00,
  0x0e, 0x0e, 0x0c, 0x0d, 0x0f, 0x0e, 0x00, 0x0f, 0x00, 0x0d, 0x0f, 0x00, 0x00, 0x00, 0x0c, 0x00,
  0x00, 0x00, 0x00, 0x0e, 0x0f, 0x00, 0x00, 0x00, 0x0f, 0x0b, 0x0e, 0x0a, 0x0d, 0x00, 0x0d, 0x00,
  0x00, 0x0c, 0x00, 0x00, 0x06, 0x00, 0x0c, 0x0d, 0x0d, 0x00, 0x00, 0x00, 0x0e, 0x00, 0x0f, 0x00,
  0x0f, 0x0d, 0x0f, 0x0d, 0x0d, 0x0b, 0x0f, 0x0d, 0x0e, 0x00, 0x00, 0x00, 0x0f, 0x0d, 0x00, 0x0a,
  0x0d, 0x0e, 0x00, 0x00, 0x0b, 0x00, 0x00, 0x0f, 0x00, 0x0a, 0x00, 0x00, 0x0b, 0x00, 0x00, 0x0c,
  0x0e, 0x0e, 0x00, 0x0d, 0x0b, 0x00, 0x00, 0x0d, 0x0b, 0x00, 0x00, 0x0e, 0x08, 0x0d, 0x00, 0x0d,
  0x00, 0x0d, 0x0d, 0x00, 0x00, 0x0f, 0x0c, 0x00, 0x00, 0x0c, 0x00, 0x0d, 0x0f, 0x00, 0x00, 0x00,
  0x00, 0x0d, 0x04, 0x00, 0x00, 0x0d, 0x0c, 0x0e, 0x00, 0x0d, 0x0e, 0x00, 0x00, 0x0f, 0x00, 0x00,
  0x0d, 0x0f, 0x00, 0x0e, 0x00, 0x00, 0x0c, 0x00, 0x00, 0x00, 0x0f, 0x0d, 0x00, 0x00, 0x00, 0x0e,
  0x0a, 0x0d, 0x0d, 0x00, 0x00, 0x0c, 0x00, 0x00, 0x0c, 0x00, 0x0e, 0x00, 0x00, 0x00, 0x00, 0x0f,
  0x00, 0x0c, 0x0f, 0x0e, 0x00, 0x0c, 0x0c, 0x00, 0x00, 0x00, 0x00, 0x00, 0x00, 0x00, 0x0e, 0x00,
  0x00, 0x0d, 0x00, 0x0e, 0x00, 0x00, 0x00, 0x00, 0x00, 0x00, 0x0f, 0x0e, 0x0f, 0x00, 0x00, 0x0c,
  0x0f, 0x0d, 0x09, 0x00, 0x00, 0x0a, 0x00, 0x0d, 0x0c, 0x0d, 0x00, 0x09, 0x0a, 0x0e, 0x00, 0x0c,
  0x08, 0x00, 0x0b, 0x0d, 0x00, 0x0b, 0x00, 0x0c, 0x0a, 0x0e, 0x0d, 0x0c, 0x0b, 0x00, 0x0e, 0x00,
  0x0d, 0x0f, 0x0e, 0x00, 0x00, 0x00, 0x0c, 0x0e, 0x00, 0x00, 0x07, 0x00, 0x00, 0x0f, 0x0d, 0x0c,
  0x00, 0x00, 0x00, 0x00, 0x09, 0x0d, 0x0f, 0x0c, 0x0c, 0x00, 0x00, 0x00, 0x00, 0x00, 0x0a, 0x0d,
  0x00, 0x00, 0x00, 0x00, 0x0d, 0x0e, 0x0c, 0x0e, 0x00, 0x09, 0x0c, 0x0d, 0x00, 0x00, 0x00, 0x0f,
  0x0c, 0x0c, 0x00, 0x0a, 0x0b, 0x00, 0x0e, 0x00, 0x0e, 0x00, 0x0d, 0x0f, 0x0c, 0x00, 0x0e, 0x0b,
  0x0b, 0x00, 0x00, 0x0f, 0x0c, 0x09, 0x0c, 0x00, 0x00, 0x00, 0x0d, 0x0f, 0x0d, 0x00, 0x00, 0x00,
  0x00, 0x0d, 0x08, 0x0f, 0x0c, 0x00, 0x00, 0x0f, 0x00, 0x0f, 0x0d, 0x0d, 0x0f, 0x0f, 0x0f, 0x00,
  0x0f, 0x01, 0x0c, 0x0d, 0x00, 0x0e, 0x0d, 0x00, 0x0c, 0x00, 0x09, 0x09, 0x00, 0x0f, 0x0e, 0x09,
  0x0d, 0x0c, 0x09, 0x00, 0x0e, 0x0e, 0x0a, 0x00, 0x0d, 0x0e, 0x00, 0x00, 0x00, 0x0e, 0x0f, 0x00,
  0x00, 0x08, 0x0d, 0x0e, 0x0f, 0x0a, 0x0c, 0x00, 0x00, 0x0c, 0x09, 0x0e, 0x00, 0x0c, 0x0b, 0x0d,
  0x0c, 0x00, 0x0c, 0x0f, 0x0e, 0x06, 0x0f, 0x00, 0x0d, 0x00, 0x0e, 0x00, 0x0c, 0x00, 0x0e, 0x0d,
};

const v2b_fashion_sample_t golden_fashion10[10] = {
  /* sample 0 (predicted class = 0) */
  {
    .pixel_196 = {
  0x00, 0x00, 0x00, 0x1e, 0x71, 0xb6, 0x79, 0x7b, 0xb2, 0x69, 0x16, 0x00, 0x00, 0x00, 0x00, 0x00,
  0x3e, 0xba, 0xbc, 0xbb, 0xc2, 0xc0, 0xbd, 0xba, 0xc0, 0x30, 0x00, 0x00, 0x00, 0x00, 0xa6, 0xbf,
  0xbe, 0xb7, 0xbb, 0xbc, 0xba, 0xbc, 0xbc, 0x89, 0x00, 0x00, 0x00, 0x10, 0xe5, 0xc4, 0xc3, 0xcc,
  0xbf, 0xcc, 0xd0, 0xc9, 0xbf, 0xb8, 0x0c, 0x00, 0x00, 0x21, 0xc6, 0xcf, 0xc6, 0xaa, 0xc4, 0xc6,
  0xa4, 0xd5, 0xc1, 0xa6, 0x1d, 0x00, 0x00, 0x00, 0x00, 0x86, 0xc9, 0xd4, 0xc0, 0xbf, 0xdc, 0xd6,
  0x82, 0x01, 0x00, 0x00, 0x00, 0x00, 0x01, 0x6e, 0xc5, 0xc5, 0xc3, 0xc0, 0xe2, 0xdc, 0x5e, 0x00,
  0x00, 0x00, 0x00, 0x00, 0x01, 0x6c, 0xc6, 0xc7, 0xc8, 0xc7, 0xc2, 0xc2, 0x5c, 0x00, 0x00, 0x00,
  0x00, 0x00, 0x01, 0x6a, 0xc7, 0xc8, 0xca, 0xc7, 0xc6, 0xc2, 0x5c, 0x00, 0x00, 0x00, 0x00, 0x00,
  0x01, 0x6c, 0xc8, 0xca, 0xcb, 0xc9, 0xc6, 0xc3, 0x62, 0x00, 0x00, 0x00, 0x00, 0x00, 0x01, 0x6e,
  0xc6, 0xcc, 0xcb, 0xc9, 0xc8, 0xc3, 0x64, 0x00, 0x00, 0x00, 0x00, 0x00, 0x01, 0x6a, 0xc7, 0xc8,
  0xc7, 0xc7, 0xc6, 0xc5, 0x61, 0x00, 0x00, 0x00, 0x00, 0x00, 0x01, 0x65, 0xc4, 0xc3, 0xc4, 0xc5,
  0xc5, 0xc5, 0x65, 0x00, 0x00, 0x00, 0x00, 0x00, 0x01, 0x60, 0xbd, 0xc6, 0xc5, 0xc4, 0xc8, 0xc0,
  0x5c, 0x00, 0x00, 0x00,
    },
    .expected_counts = {  63, 0, 0, 34, 0, 0, 0, 0, 0, 0},
    .expected_class = 0u,
  },
  /* sample 1 (predicted class = 1) */
  {
    .pixel_196 = {
  0x00, 0x00, 0x00, 0x00, 0x01, 0xae, 0xc6, 0xb8, 0xc5, 0x7e, 0x00, 0x00, 0x00, 0x00, 0x00, 0x00,
  0x00, 0x00, 0x00, 0xf2, 0xe3, 0xe2, 0xde, 0xc1, 0x00, 0x00, 0x00, 0x00, 0x00, 0x00, 0x00, 0x00,
  0x16, 0xf1, 0xe8, 0xe3, 0xe1, 0xcf, 0x00, 0x00, 0x00, 0x00, 0x00, 0x00, 0x00, 0x00, 0x46, 0xeb,
  0xee, 0xe6, 0xe3, 0xcc, 0x00, 0x00, 0x00, 0x00, 0x00, 0x00, 0x00, 0x00, 0x6c, 0xe8, 0xdd, 0x80,
  0xe6, 0xc2, 0x00, 0x00, 0x00, 0x00, 0x00, 0x00, 0x00, 0x00, 0x7d, 0xe5, 0x93, 0x6e, 0xeb, 0xc3,
  0x00, 0x00, 0x00, 0x00, 0x00, 0x00, 0x00, 0x00, 0x80, 0xe9, 0x75, 0x48, 0xec, 0xb7, 0x00, 0x00,
  0x00, 0x00, 0x00, 0x00, 0x00, 0x00, 0x80, 0xec, 0x4e, 0x11, 0xee, 0xb4, 0x00, 0x00, 0x00, 0x00,
  0x00, 0x00, 0x00, 0x00, 0x6c, 0xf1, 0x42, 0x02, 0xf2, 0xae, 0x00, 0x00, 0x00, 0x00, 0x00, 0x00,
  0x00, 0x00, 0x3c, 0xf1, 0x70, 0x00, 0xf4, 0xad, 0x00, 0x00, 0x00, 0x00, 0x00, 0x00, 0x00, 0x00,
  0x08, 0xe8, 0x7c, 0x00, 0xed, 0xae, 0x00, 0x00, 0x00, 0x00, 0x00, 0x00, 0x00, 0x00, 0x00, 0xd8,
  0xab, 0x00, 0xde, 0xa4, 0x00, 0x00, 0x00, 0x00, 0x00, 0x00, 0x00, 0x00, 0x02, 0x89, 0xe0, 0x00,
  0xd4, 0xa2, 0x00, 0x00, 0x00, 0x00, 0x00, 0x00, 0x00, 0x00, 0x00, 0x4a, 0xb7, 0x0e, 0xa5, 0x94,
  0x00, 0x00, 0x00, 0x00,
    },
    .expected_counts = {  0, 63, 0, 0, 1, 0, 0, 0, 0, 0},
    .expected_class = 1u,
  },
  /* sample 2 (predicted class = 2) */
  {
    .pixel_196 = {
  0x00, 0x00, 0x00, 0x02, 0x52, 0x8a, 0x7b, 0x80, 0x8f, 0x66, 0x12, 0x00, 0x00, 0x00, 0x00, 0x00,
  0x1a, 0xd8, 0xee, 0xe7, 0xec, 0xec, 0xe8, 0xec, 0xe6, 0x2d, 0x00, 0x00, 0x00, 0x00, 0x78, 0xec,
  0xde, 0xc6, 0xeb, 0xec, 0xe8, 0xec, 0xe6, 0x8d, 0x00, 0x00, 0x00, 0x00, 0x81, 0xed, 0xb0, 0x80,
  0xab, 0x3e, 0x91, 0x36, 0xf5, 0xc2, 0x00, 0x00, 0x00, 0x00, 0x95, 0xf2, 0xeb, 0x80, 0x1a, 0x87,
  0x50, 0x78, 0xf3, 0xe5, 0x00, 0x00, 0x00, 0x00, 0xad, 0xf4, 0xf6, 0x44, 0xa5, 0x68, 0xc6, 0x52,
  0xf7, 0xf6, 0x00, 0x00, 0x00, 0x00, 0xc4, 0xf2, 0xe2, 0xf0, 0xea, 0xec, 0xec, 0xf2, 0xf0, 0xf6,
  0x0a, 0x00, 0x00, 0x00, 0xd5, 0xe6, 0xa6, 0xe8, 0xeb, 0xea, 0xea, 0xee, 0xb0, 0xf3, 0x1c, 0x00,
  0x00, 0x00, 0xde, 0xd4, 0xbf, 0xe5, 0xea, 0xea, 0xeb, 0xf5, 0x9c, 0xf3, 0x2c, 0x00, 0x00, 0x00,
  0xdd, 0xb6, 0xdf, 0xe8, 0xec, 0xec, 0xed, 0xf1, 0x7e, 0xf8, 0x3a, 0x00, 0x00, 0x00, 0xdb, 0xc2,
  0xec, 0xea, 0xec, 0xec, 0xec, 0xf3, 0x95, 0xf8, 0x46, 0x00, 0x00, 0x00, 0xd6, 0xb8, 0xf0, 0xec,
  0xeb, 0xeb, 0xec, 0xf1, 0x91, 0xf8, 0x4d, 0x00, 0x00, 0x00, 0xc9, 0x90, 0x76, 0x6e, 0x6f, 0x70,
  0x70, 0x76, 0x37, 0xf4, 0x51, 0x00, 0x00, 0x00, 0x92, 0x78, 0x01, 0x01, 0x01, 0x01, 0x01, 0x01,
  0x0a, 0xd9, 0x30, 0x00,
    },
    .expected_counts = {  0, 0, 61, 0, 1, 0, 0, 0, 0, 0},
    .expected_class = 2u,
  },
  /* sample 3 (predicted class = 3) */
  {
    .pixel_196 = {
  0x00, 0x00, 0x00, 0x00, 0x00, 0x1c, 0x00, 0x01, 0x1d, 0x00, 0x00, 0x00, 0x00, 0x00, 0x00, 0x00,
  0x00, 0x00, 0x00, 0x62, 0x6d, 0x44, 0xa0, 0x00, 0x00, 0x00, 0x00, 0x00, 0x00, 0x00, 0x00, 0x00,
  0x00, 0x62, 0xd2, 0xd3, 0xa9, 0x00, 0x00, 0x00, 0x00, 0x00, 0x00, 0x00, 0x00, 0x00, 0x00, 0x48,
  0xdb, 0xca, 0xa1, 0x00, 0x00, 0x00, 0x00, 0x00, 0x00, 0x00, 0x00, 0x00, 0x00, 0x68, 0xd4, 0xcd,
  0xb3, 0x00, 0x00, 0x00, 0x00, 0x00, 0x00, 0x00, 0x00, 0x00, 0x00, 0x8e, 0xcc, 0xc6, 0xcf, 0x00,
  0x00, 0x00, 0x00, 0x00, 0x00, 0x00, 0x00, 0x00, 0x00, 0xc0, 0xce, 0xc8, 0xca, 0x17, 0x00, 0x00,
  0x00, 0x00, 0x00, 0x00, 0x00, 0x00, 0x00, 0xdd, 0xd2, 0xc6, 0xce, 0x39, 0x00, 0x00, 0x00, 0x00,
  0x00, 0x00, 0x00, 0x00, 0x09, 0xe4, 0xd6, 0xc6, 0xcd, 0x58, 0x00, 0x00, 0x00, 0x00, 0x00, 0x00,
  0x00, 0x00, 0x2c, 0xe0, 0xd9, 0xc7, 0xcb, 0x70, 0x00, 0x00, 0x00, 0x00, 0x00, 0x00, 0x00, 0x00,
  0x40, 0xe0, 0xdd, 0xc8, 0xcb, 0x78, 0x00, 0x00, 0x00, 0x00, 0x00, 0x00, 0x00, 0x00, 0x50, 0xdb,
  0xdd, 0xc7, 0xc8, 0x8a, 0x00, 0x00, 0x00, 0x00, 0x00, 0x00, 0x00, 0x00, 0x66, 0xd5, 0xdb, 0xc5,
  0xc5, 0x8e, 0x00, 0x00, 0x00, 0x00, 0x00, 0x00, 0x00, 0x00, 0x20, 0xac, 0xb5, 0x90, 0x93, 0x4b,
  0x00, 0x00, 0x00, 0x00,
    },
    .expected_counts = {  0, 0, 0, 63, 0, 0, 0, 4, 0, 0},
    .expected_class = 3u,
  },
  /* sample 4 (predicted class = 4) */
  {
    .pixel_196 = {
  0x00, 0x00, 0x00, 0x01, 0x00, 0x82, 0x86, 0x93, 0x6a, 0x00, 0x00, 0x00, 0x00, 0x00, 0x00, 0x00,
  0x00, 0x00, 0x2b, 0x62, 0xc4, 0xeb, 0x40, 0x01, 0x00, 0x00, 0x00, 0x00, 0x00, 0x00, 0x00, 0x37,
  0x48, 0x49, 0x5a, 0x3f, 0x18, 0x2d, 0x18, 0x00, 0x00, 0x00, 0x00, 0x00, 0x03, 0x43, 0x4b, 0x37,
  0x38, 0x30, 0x39, 0x20, 0x1e, 0x00, 0x00, 0x00, 0x00, 0x00, 0x12, 0x34, 0x68, 0x2b, 0x2e, 0x2b,
  0x1c, 0x19, 0x26, 0x07, 0x00, 0x00, 0x00, 0x00, 0x1c, 0x27, 0x7e, 0x28, 0x2f, 0x25, 0x1c, 0x1f,
  0x1c, 0x07, 0x00, 0x00, 0x00, 0x00, 0x23, 0x1d, 0x8a, 0x2b, 0x2d, 0x24, 0x18, 0x65, 0x1a, 0x0c,
  0x00, 0x00, 0x00, 0x00, 0x27, 0x19, 0x9e, 0x30, 0x2a, 0x22, 0x0e, 0x7a, 0x2c, 0x0e, 0x00, 0x00,
  0x00, 0x00, 0x2b, 0x2c, 0x9a, 0x2e, 0x2d, 0x22, 0x0f, 0x6b, 0x4f, 0x11, 0x00, 0x00, 0x00, 0x00,
  0x30, 0x40, 0x8e, 0x36, 0x2e, 0x24, 0x16, 0x5b, 0x60, 0x12, 0x00, 0x00, 0x00, 0x00, 0x32, 0x55,
  0x70, 0x3a, 0x32, 0x26, 0x1a, 0x40, 0x6d, 0x10, 0x00, 0x00, 0x00, 0x00, 0x36, 0x69, 0x5a, 0x43,
  0x36, 0x2a, 0x1c, 0x35, 0x7c, 0x10, 0x00, 0x00, 0x00, 0x00, 0x34, 0x7e, 0x22, 0x26, 0x1e, 0x15,
  0x14, 0x0f, 0x97, 0x0a, 0x00, 0x00, 0x00, 0x00, 0x45, 0x3c, 0x00, 0x00, 0x00, 0x00, 0x00, 0x00,
  0x42, 0x1a, 0x00, 0x00,
    },
    .expected_counts = {  0, 0, 0, 0, 63, 0, 1, 0, 0, 0},
    .expected_class = 4u,
  },
  /* sample 5 (predicted class = 5) */
  {
    .pixel_196 = {
  0x00, 0x00, 0x00, 0x00, 0x00, 0x00, 0x00, 0x00, 0x00, 0x00, 0x00, 0x00, 0x00, 0x00, 0x00, 0x00,
  0x00, 0x00, 0x00, 0x00, 0x00, 0x00, 0x00, 0x00, 0x00, 0x00, 0x00, 0x00, 0x00, 0x00, 0x00, 0x00,
  0x00, 0x00, 0x00, 0x00, 0x00, 0x00, 0x00, 0x00, 0x00, 0x00, 0x00, 0x00, 0x00, 0x00, 0x00, 0x00,
  0x00, 0x00, 0x00, 0x00, 0x00, 0x00, 0x00, 0x00, 0x00, 0x00, 0x00, 0x00, 0x00, 0x00, 0x00, 0x00,
  0x00, 0x00, 0x00, 0x00, 0x00, 0x00, 0x00, 0x00, 0x00, 0x05, 0x1d, 0x24, 0x34, 0x0c, 0x00, 0x00,
  0x00, 0x00, 0x00, 0x00, 0x02, 0x00, 0x0d, 0x8b, 0x8a, 0x7f, 0x9d, 0xc4, 0x78, 0x14, 0x02, 0x00,
  0x00, 0x00, 0x18, 0x1a, 0x6e, 0x19, 0x27, 0x2c, 0x4e, 0x72, 0x8a, 0x6d, 0x75, 0x76, 0x7b, 0x5f,
  0x16, 0x37, 0x37, 0x3e, 0x40, 0x33, 0x15, 0x00, 0x00, 0x00, 0x06, 0x07, 0x08, 0x04, 0x00, 0x00,
  0x00, 0x00, 0x00, 0x00, 0x00, 0x00, 0x00, 0x00, 0x00, 0x00, 0x00, 0x00, 0x00, 0x00, 0x00, 0x00,
  0x00, 0x00, 0x00, 0x00, 0x00, 0x00, 0x00, 0x00, 0x00, 0x00, 0x00, 0x00, 0x00, 0x00, 0x00, 0x00,
  0x00, 0x00, 0x00, 0x00, 0x00, 0x00, 0x00, 0x00, 0x00, 0x00, 0x00, 0x00, 0x00, 0x00, 0x00, 0x00,
  0x00, 0x00, 0x00, 0x00, 0x00, 0x00, 0x00, 0x00, 0x00, 0x00, 0x00, 0x00, 0x00, 0x00, 0x00, 0x00,
  0x00, 0x00, 0x00, 0x00,
    },
    .expected_counts = {  1, 1, 0, 0, 0, 63, 0, 63, 0, 0},
    .expected_class = 5u,
  },
  /* sample 6 (predicted class = 5) */
  {
    .pixel_196 = {
  0x00, 0x01, 0x01, 0x00, 0x17, 0x60, 0x74, 0x81, 0x7c, 0x49, 0x08, 0x00, 0x00, 0x00, 0x00, 0x00,
  0x00, 0x53, 0x7b, 0x68, 0x95, 0x9b, 0x7b, 0x8c, 0x98, 0x2e, 0x00, 0x00, 0x00, 0x00, 0x18, 0x76,
  0x6c, 0x68, 0x64, 0xb6, 0x82, 0x78, 0x90, 0x8d, 0x00, 0x00, 0x00, 0x00, 0x3d, 0x77, 0x64, 0x62,
  0x65, 0x75, 0x69, 0x87, 0xa1, 0xad, 0x02, 0x00, 0x00, 0x00, 0x55, 0x8f, 0x5f, 0x65, 0x6c, 0x6f,
  0x68, 0x9c, 0xb1, 0xaa, 0x22, 0x00, 0x00, 0x00, 0x6b, 0x8d, 0x78, 0x64, 0x66, 0x6e, 0x71, 0x98,
  0xb4, 0x9b, 0x49, 0x00, 0x00, 0x00, 0x7a, 0x94, 0x56, 0x61, 0x6d, 0x71, 0x73, 0x91, 0x96, 0x8e,
  0x5d, 0x00, 0x00, 0x07, 0x7f, 0x91, 0x43, 0x66, 0x6f, 0x71, 0x6c, 0x92, 0x7b, 0x8e, 0x72, 0x00,
  0x00, 0x14, 0x78, 0x87, 0x40, 0x68, 0x6c, 0x78, 0x69, 0x9f, 0x61, 0x8e, 0x86, 0x00, 0x00, 0x2a,
  0x7e, 0x85, 0x57, 0x69, 0x6b, 0x74, 0x70, 0x9d, 0x59, 0x9a, 0x8c, 0x00, 0x00, 0x18, 0x51, 0x47,
  0x67, 0x71, 0x6c, 0x7b, 0x66, 0x92, 0x61, 0x70, 0x45, 0x00, 0x00, 0x00, 0x01, 0x16, 0x76, 0x69,
  0x7a, 0x7e, 0x6e, 0x84, 0x8e, 0x00, 0x00, 0x00, 0x00, 0x00, 0x01, 0x40, 0x79, 0x70, 0x68, 0x84,
  0x71, 0x78, 0xa6, 0x02, 0x01, 0x00, 0x00, 0x00, 0x00, 0x02, 0x4e, 0x75, 0x86, 0x87, 0x86, 0x74,
  0x38, 0x00, 0x00, 0x00,
    },
    .expected_counts = {  0, 0, 0, 0, 0, 11, 6, 0, 0, 0},
    .expected_class = 5u,
  },
  /* sample 7 (predicted class = 7) */
  {
    .pixel_196 = {
  0x00, 0x00, 0x00, 0x00, 0x00, 0x00, 0x00, 0x00, 0x00, 0x00, 0x00, 0x00, 0x00, 0x00, 0x00, 0x00,
  0x00, 0x00, 0x00, 0x00, 0x00, 0x00, 0x00, 0x00, 0x00, 0x00, 0x00, 0x00, 0x00, 0x00, 0x00, 0x00,
  0x00, 0x00, 0x00, 0x00, 0x00, 0x00, 0x00, 0x00, 0x00, 0x00, 0x00, 0x00, 0x00, 0x00, 0x00, 0x00,
  0x00, 0x00, 0x00, 0x00, 0x00, 0x00, 0x00, 0x00, 0x00, 0x00, 0x00, 0x00, 0x00, 0x01, 0x00, 0x50,
  0x5a, 0x07, 0x00, 0x01, 0x1d, 0x38, 0x00, 0x00, 0x00, 0x00, 0x02, 0x42, 0x80, 0x70, 0x80, 0x97,
  0x26, 0x1f, 0xae, 0x74, 0x00, 0x00, 0x09, 0x42, 0x7e, 0x69, 0x68, 0x7b, 0x86, 0x7e, 0xa7, 0xc0,
  0x82, 0x78, 0x7b, 0x90, 0x94, 0x76, 0x6b, 0x82, 0x99, 0xb6, 0xc9, 0xcb, 0xaa, 0xb2, 0xaf, 0x83,
  0x38, 0x52, 0x61, 0x76, 0x91, 0x70, 0x62, 0x56, 0x2f, 0x47, 0x0c, 0x11, 0x12, 0x1b, 0x07, 0x24,
  0x32, 0x2e, 0x28, 0x2c, 0x32, 0x30, 0x32, 0x2f, 0x38, 0x2f, 0x32, 0x26, 0x00, 0x00, 0x00, 0x00,
  0x00, 0x00, 0x00, 0x00, 0x00, 0x00, 0x00, 0x00, 0x00, 0x00, 0x00, 0x00, 0x00, 0x00, 0x00, 0x00,
  0x00, 0x00, 0x00, 0x00, 0x00, 0x00, 0x00, 0x00, 0x00, 0x00, 0x00, 0x00, 0x00, 0x00, 0x00, 0x00,
  0x00, 0x00, 0x00, 0x00, 0x00, 0x00, 0x00, 0x00, 0x00, 0x00, 0x00, 0x00, 0x00, 0x00, 0x00, 0x00,
  0x00, 0x00, 0x00, 0x00,
    },
    .expected_counts = {  0, 0, 0, 0, 0, 0, 0, 63, 0, 0},
    .expected_class = 7u,
  },
  /* sample 8 (predicted class = 8) */
  {
    .pixel_196 = {
  0x00, 0x00, 0x00, 0x00, 0x00, 0x00, 0x00, 0x00, 0x00, 0x00, 0x00, 0x00, 0x00, 0x00, 0x00, 0x00,
  0x00, 0x00, 0x00, 0x00, 0x00, 0x00, 0x00, 0x00, 0x00, 0x00, 0x00, 0x00, 0x00, 0x00, 0x00, 0x1a,
  0x00, 0x00, 0x00, 0x00, 0x00, 0x00, 0x00, 0x00, 0x00, 0x00, 0x00, 0x00, 0x02, 0x7e, 0x71, 0x64,
  0x59, 0x5a, 0x5a, 0x58, 0x58, 0x56, 0x4a, 0x19, 0x00, 0x00, 0x50, 0xac, 0xac, 0xb0, 0xb5, 0xb8,
  0xba, 0xb8, 0xc0, 0xb4, 0xb6, 0x67, 0x02, 0x14, 0x51, 0xb9, 0xb5, 0xb3, 0xb6, 0xb6, 0xb4, 0xb4,
  0xb6, 0xb4, 0xb1, 0x88, 0x02, 0x2e, 0x43, 0xb8, 0xb4, 0xb0, 0xb4, 0xb3, 0xb1, 0xb1, 0xb8, 0xb5,
  0xac, 0x95, 0x02, 0x16, 0x4e, 0xb8, 0xb6, 0xb2, 0xb2, 0xb2, 0xb6, 0xb4, 0xb4, 0xb0, 0xad, 0x8a,
  0x00, 0x01, 0x65, 0xb8, 0xb5, 0xae, 0xad, 0xae, 0xb3, 0xb2, 0xb2, 0xb0, 0xac, 0x88, 0x01, 0x00,
  0x3e, 0xbb, 0xa8, 0xbc, 0xb9, 0xb8, 0xb8, 0xb8, 0xb6, 0xb6, 0xb5, 0x82, 0x06, 0x38, 0x9c, 0xc0,
  0xc7, 0xb4, 0xc8, 0xc6, 0xc1, 0xbf, 0xbe, 0xbe, 0xb6, 0x7b, 0x26, 0x08, 0x13, 0x38, 0x3b, 0x52,
  0x24, 0x07, 0x09, 0x0a, 0x0a, 0x0a, 0x0a, 0x08, 0x00, 0x00, 0x00, 0x00, 0x00, 0x00, 0x00, 0x00,
  0x00, 0x00, 0x00, 0x00, 0x00, 0x00, 0x00, 0x00, 0x00, 0x00, 0x00, 0x00, 0x00, 0x00, 0x00, 0x00,
  0x00, 0x00, 0x00, 0x00,
    },
    .expected_counts = {  0, 0, 0, 0, 0, 6, 0, 0, 63, 0},
    .expected_class = 8u,
  },
  /* sample 9 (predicted class = 5) */
  {
    .pixel_196 = {
  0x00, 0x00, 0x00, 0x00, 0x00, 0x00, 0x00, 0x00, 0x00, 0x00, 0x00, 0x00, 0x00, 0x00, 0x00, 0x00,
  0x00, 0x00, 0x00, 0x00, 0x00, 0x00, 0x00, 0x00, 0x00, 0x00, 0x00, 0x00, 0x00, 0x00, 0x00, 0x00,
  0x00, 0x00, 0x00, 0x00, 0x00, 0x00, 0x00, 0x00, 0x00, 0x00, 0x00, 0x00, 0x00, 0x00, 0x00, 0x00,
  0x00, 0x00, 0x00, 0x01, 0x00, 0x02, 0x09, 0x00, 0x00, 0x00, 0x00, 0x00, 0x00, 0x00, 0x00, 0x00,
  0x56, 0x1e, 0x00, 0x06, 0x50, 0x00, 0x00, 0x00, 0x00, 0x00, 0x00, 0x00, 0x02, 0x32, 0x7f, 0xa4,
  0xa2, 0x9a, 0x97, 0x00, 0x00, 0x00, 0x00, 0x00, 0x01, 0x02, 0x16, 0x72, 0x7a, 0x96, 0xa0, 0x9c,
  0xa1, 0x0f, 0x00, 0x01, 0x01, 0x02, 0x00, 0x22, 0x70, 0x70, 0x8d, 0x8e, 0x9a, 0x99, 0x9e, 0x4a,
  0x01, 0x13, 0x23, 0x38, 0x63, 0x71, 0x74, 0x84, 0x8e, 0x9f, 0x9b, 0x95, 0x9b, 0x73, 0x4d, 0x68,
  0x6a, 0x68, 0x6e, 0x79, 0x7f, 0x8b, 0x9b, 0xa3, 0xb4, 0xa7, 0xaf, 0x76, 0x24, 0x5d, 0x88, 0xa8,
  0xa6, 0xa8, 0xb6, 0x9f, 0x76, 0x60, 0xdd, 0xd8, 0xc5, 0x68, 0x00, 0x00, 0x00, 0x00, 0x00, 0x00,
  0x00, 0x00, 0x00, 0x00, 0x00, 0x00, 0x00, 0x00, 0x00, 0x00, 0x00, 0x00, 0x00, 0x00, 0x00, 0x00,
  0x00, 0x00, 0x00, 0x00, 0x00, 0x00, 0x00, 0x00, 0x00, 0x00, 0x00, 0x00, 0x00, 0x00, 0x00, 0x00,
  0x00, 0x00, 0x00, 0x00,
    },
    .expected_counts = {  0, 0, 0, 0, 0, 63, 0, 0, 62, 7},
    .expected_class = 5u,
  },
};
