Copyright 1986-2022 Xilinx, Inc. All Rights Reserved.
--------------------------------------------------------------------------------------------------------------------------------------------------------------------------------------------------------------------------
| Tool Version      : Vivado v.2022.2 (win64) Build 3671981 Fri Oct 14 05:00:03 MDT 2022
| Date              : Wed Mar  4 00:39:03 2026
| Host              : Sakura running 64-bit major release  (build 9200)
| Command           : report_timing_summary -max_paths 10 -report_unconstrained -file top_fpga_timing_summary_routed.rpt -pb top_fpga_timing_summary_routed.pb -rpx top_fpga_timing_summary_routed.rpx -warn_on_violation
| Design            : top_fpga
| Device            : xczu9eg-ffvb1156
| Speed File        : -2  PRODUCTION 1.30 05-15-2022
| Temperature Grade : E
--------------------------------------------------------------------------------------------------------------------------------------------------------------------------------------------------------------------------

Timing Summary Report

------------------------------------------------------------------------------------------------
| Timer Settings
| --------------
------------------------------------------------------------------------------------------------

  Enable Multi Corner Analysis               :  Yes
  Enable Pessimism Removal                   :  Yes
  Pessimism Removal Resolution               :  Nearest Common Node
  Enable Input Delay Default Clock           :  No
  Enable Preset / Clear Arcs                 :  No
  Disable Flight Delays                      :  No
  Ignore I/O Paths                           :  No
  Timing Early Launch at Borrowing Latches   :  No
  Borrow Time for Max Delay Exceptions       :  Yes
  Merge Timing Exceptions                    :  Yes

  Corner  Analyze    Analyze    
  Name    Max Paths  Min Paths  
  ------  ---------  ---------  
  Slow    Yes        Yes        
  Fast    Yes        Yes        


------------------------------------------------------------------------------------------------
| Report Methodology
| ------------------
------------------------------------------------------------------------------------------------

Rule     Severity  Description                                                Violations  
-------  --------  ---------------------------------------------------------  ----------  
LUTAR-1  Warning   LUT drives async reset alert                               1           
SYNTH-5  Warning   Mapped onto distributed RAM because of timing constraints  20          
CLKC-40  Advisory  Substitute PLLE4 for MMCME4 check                          1           
CLKC-56  Advisory  MMCME4 with global clock driver has no LOC                 1           

Note: This report is based on the most recent report_methodology run and may not be up-to-date. Run report_methodology on the current design for the latest report.



check_timing report

Table of Contents
-----------------
1. checking no_clock (0)
2. checking constant_clock (0)
3. checking pulse_width_clock (0)
4. checking unconstrained_internal_endpoints (0)
5. checking no_input_delay (1)
6. checking no_output_delay (3)
7. checking multiple_clock (0)
8. checking generated_clocks (0)
9. checking loops (0)
10. checking partial_input_delay (0)
11. checking partial_output_delay (0)
12. checking latch_loops (0)

1. checking no_clock (0)
------------------------
 There are 0 register/latch pins with no clock.


2. checking constant_clock (0)
------------------------------
 There are 0 register/latch pins with constant_clock.


3. checking pulse_width_clock (0)
---------------------------------
 There are 0 register/latch pins which need pulse_width check


4. checking unconstrained_internal_endpoints (0)
------------------------------------------------
 There are 0 pins that are not constrained for maximum delay.

 There are 0 pins that are not constrained for maximum delay due to constant clock.


5. checking no_input_delay (1)
------------------------------
 There are 0 input ports with no input delay specified.

 There is 1 input port with no input delay but user has a false path constraint. (MEDIUM)


6. checking no_output_delay (3)
-------------------------------
 There are 0 ports with no output delay specified.

 There are 3 ports with no output delay but user has a false path constraint (MEDIUM)

 There are 0 ports with no output delay but with a timing clock defined on it or propagating through it


7. checking multiple_clock (0)
------------------------------
 There are 0 register/latch pins with multiple clocks.


8. checking generated_clocks (0)
--------------------------------
 There are 0 generated clocks that are not connected to a clock source.


9. checking loops (0)
---------------------
 There are 0 combinational loops in the design.


10. checking partial_input_delay (0)
------------------------------------
 There are 0 input ports with partial input delay specified.


11. checking partial_output_delay (0)
-------------------------------------
 There are 0 ports with partial output delay specified.


12. checking latch_loops (0)
----------------------------
 There are 0 combinational latch loops in the design through latch input



------------------------------------------------------------------------------------------------
| Design Timing Summary
| ---------------------
------------------------------------------------------------------------------------------------

    WNS(ns)      TNS(ns)  TNS Failing Endpoints  TNS Total Endpoints      WHS(ns)      THS(ns)  THS Failing Endpoints  THS Total Endpoints     WPWS(ns)     TPWS(ns)  TPWS Failing Endpoints  TPWS Total Endpoints  
    -------      -------  ---------------------  -------------------      -------      -------  ---------------------  -------------------     --------     --------  ----------------------  --------------------  
      6.271        0.000                      0                17711        0.016        0.000                      0                17711        0.500        0.000                       0                  7708  


All user specified timing constraints are met.


------------------------------------------------------------------------------------------------
| Clock Summary
| -------------
------------------------------------------------------------------------------------------------

Clock           Waveform(ns)         Period(ns)      Frequency(MHz)
-----           ------------         ----------      --------------
sys_clk         {0.000 1.666}        3.333           300.030         
  clk_mmcm_out  {0.000 9.999}        19.998          50.005          


------------------------------------------------------------------------------------------------
| Intra Clock Table
| -----------------
------------------------------------------------------------------------------------------------

Clock               WNS(ns)      TNS(ns)  TNS Failing Endpoints  TNS Total Endpoints      WHS(ns)      THS(ns)  THS Failing Endpoints  THS Total Endpoints     WPWS(ns)     TPWS(ns)  TPWS Failing Endpoints  TPWS Total Endpoints  
-----               -------      -------  ---------------------  -------------------      -------      -------  ---------------------  -------------------     --------     --------  ----------------------  --------------------  
sys_clk                                                                                                                                                           0.500        0.000                       0                     2  
  clk_mmcm_out        6.271        0.000                      0                16442        0.016        0.000                      0                16442        9.467        0.000                       0                  7706  


------------------------------------------------------------------------------------------------
| Inter Clock Table
| -----------------
------------------------------------------------------------------------------------------------

From Clock    To Clock          WNS(ns)      TNS(ns)  TNS Failing Endpoints  TNS Total Endpoints      WHS(ns)      THS(ns)  THS Failing Endpoints  THS Total Endpoints  
----------    --------          -------      -------  ---------------------  -------------------      -------      -------  ---------------------  -------------------  


------------------------------------------------------------------------------------------------
| Other Path Groups Table
| -----------------------
------------------------------------------------------------------------------------------------

Path Group         From Clock         To Clock               WNS(ns)      TNS(ns)  TNS Failing Endpoints  TNS Total Endpoints      WHS(ns)      THS(ns)  THS Failing Endpoints  THS Total Endpoints  
----------         ----------         --------               -------      -------  ---------------------  -------------------      -------      -------  ---------------------  -------------------  
**async_default**  clk_mmcm_out       clk_mmcm_out            16.907        0.000                      0                 1269        1.172        0.000                      0                 1269  


------------------------------------------------------------------------------------------------
| User Ignored Path Table
| -----------------------
------------------------------------------------------------------------------------------------

Path Group    From Clock    To Clock    
----------    ----------    --------    
(none)                                    
(none)        clk_mmcm_out                
(none)                      clk_mmcm_out  


------------------------------------------------------------------------------------------------
| Unconstrained Path Table
| ------------------------
------------------------------------------------------------------------------------------------

Path Group    From Clock    To Clock    
----------    ----------    --------    
(none)                      clk_mmcm_out  


------------------------------------------------------------------------------------------------
| Timing Details
| --------------
------------------------------------------------------------------------------------------------


---------------------------------------------------------------------------------------------------
From Clock:  sys_clk
  To Clock:  sys_clk

Setup :           NA  Failing Endpoints,  Worst Slack           NA  ,  Total Violation           NA
Hold  :           NA  Failing Endpoints,  Worst Slack           NA  ,  Total Violation           NA
PW    :            0  Failing Endpoints,  Worst Slack        0.500ns,  Total Violation        0.000ns
---------------------------------------------------------------------------------------------------


Pulse Width Checks
--------------------------------------------------------------------------------------
Clock Name:         sys_clk
Waveform(ns):       { 0.000 1.666 }
Period(ns):         3.333
Sources:            { sys_clk_p }

Check Type        Corner  Lib Pin            Reference Pin  Required(ns)  Actual(ns)  Slack(ns)  Location      Pin
Min Period        n/a     BUFGCE/I           n/a            1.290         3.333       2.043      BUFGCE_X0Y12  sys_clk_ibuf_BUFG_inst/I
Min Period        n/a     MMCME4_ADV/CLKIN1  n/a            1.071         3.333       2.262      MMCM_X0Y3     u_mmcm/CLKIN1
Max Period        n/a     MMCME4_ADV/CLKIN1  n/a            100.000       3.333       96.667     MMCM_X0Y3     u_mmcm/CLKIN1
Low Pulse Width   Slow    MMCME4_ADV/CLKIN1  n/a            1.167         1.667       0.500      MMCM_X0Y3     u_mmcm/CLKIN1
Low Pulse Width   Fast    MMCME4_ADV/CLKIN1  n/a            1.167         1.667       0.500      MMCM_X0Y3     u_mmcm/CLKIN1
High Pulse Width  Slow    MMCME4_ADV/CLKIN1  n/a            1.167         1.666       0.500      MMCM_X0Y3     u_mmcm/CLKIN1
High Pulse Width  Fast    MMCME4_ADV/CLKIN1  n/a            1.167         1.666       0.500      MMCM_X0Y3     u_mmcm/CLKIN1



---------------------------------------------------------------------------------------------------
From Clock:  clk_mmcm_out
  To Clock:  clk_mmcm_out

Setup :            0  Failing Endpoints,  Worst Slack        6.271ns,  Total Violation        0.000ns
Hold  :            0  Failing Endpoints,  Worst Slack        0.016ns,  Total Violation        0.000ns
PW    :            0  Failing Endpoints,  Worst Slack        9.467ns,  Total Violation        0.000ns
---------------------------------------------------------------------------------------------------


Max Delay Paths
--------------------------------------------------------------------------------------
Slack (MET) :             6.271ns  (required time - arrival time)
  Source:                 u_soc/u_cim_ctrl/bitplane_shift_reg[2]/C
                            (rising edge-triggered cell FDPE clocked by clk_mmcm_out  {rise@0.000ns fall@9.999ns period=19.998ns})
  Destination:            u_soc/u_lif/spike_q_reg[25][3]/D
                            (rising edge-triggered cell FDRE clocked by clk_mmcm_out  {rise@0.000ns fall@9.999ns period=19.998ns})
  Path Group:             clk_mmcm_out
  Path Type:              Setup (Max at Slow Process Corner)
  Requirement:            19.998ns  (clk_mmcm_out rise@19.998ns - clk_mmcm_out rise@0.000ns)
  Data Path Delay:        13.630ns  (logic 4.127ns (30.279%)  route 9.503ns (69.721%))
  Logic Levels:           36  (CARRY8=13 LUT2=7 LUT4=6 LUT5=2 LUT6=8)
  Clock Path Skew:        -0.054ns (DCD - SCD + CPR)
    Destination Clock Delay (DCD):    5.358ns = ( 25.356 - 19.998 ) 
    Source Clock Delay      (SCD):    5.156ns
    Clock Pessimism Removal (CPR):    -0.255ns
  Clock Uncertainty:      0.068ns  ((TSJ^2 + DJ^2)^1/2) / 2 + PE
    Total System Jitter     (TSJ):    0.071ns
    Discrete Jitter          (DJ):    0.116ns
    Phase Error              (PE):    0.000ns
  Clock Net Delay (Source):      2.195ns (routing 1.189ns, distribution 1.006ns)
  Clock Net Delay (Destination): 2.030ns (routing 1.082ns, distribution 0.948ns)

    Location             Delay type                Incr(ns)  Path(ns)    Netlist Resource(s)
  -------------------------------------------------------------------    -------------------
                         (clock clk_mmcm_out rise edge)
                                                      0.000     0.000 r  
    AL8                                               0.000     0.000 r  sys_clk_p (IN)
                         net (fo=0)                   0.100     0.100    u_ibufds/I
    HPIOBDIFFINBUF_X0Y11 DIFFINBUF (Prop_DIFFINBUF_HPIOBDIFFINBUF_DIFF_IN_P_O)
                                                      0.634     0.734 r  u_ibufds/DIFFINBUF_INST/O
                         net (fo=1, routed)           0.050     0.784    u_ibufds/OUT
    AL8                  IBUFCTRL (Prop_IBUFCTRL_HPIOB_M_I_O)
                                                      0.000     0.784 r  u_ibufds/IBUFCTRL_INST/O
                         net (fo=1, routed)           0.332     1.116    sys_clk_ibuf
    BUFGCE_X0Y12         BUFGCE (Prop_BUFCE_BUFGCE_I_O)
                                                      0.028     1.144 r  sys_clk_ibuf_BUFG_inst/O
                         net (fo=1, routed)           1.671     2.815    sys_clk_ibuf_BUFGCE
    MMCM_X0Y3            MMCME4_ADV (Prop_MMCM_CLKIN1_CLKOUT0)
                                                     -0.127     2.688 r  u_mmcm/CLKOUT0
                         net (fo=1, routed)           0.245     2.933    clk_mmcm_out
    BUFGCE_X0Y95         BUFGCE (Prop_BUFCE_BUFGCE_I_O)
                                                      0.028     2.961 r  u_bufg/O
    X2Y1 (CLOCK_ROOT)    net (fo=7704, routed)        2.195     5.156    u_soc/u_cim_ctrl/clk_50m
    SLICE_X74Y105        FDPE                                         r  u_soc/u_cim_ctrl/bitplane_shift_reg[2]/C
  -------------------------------------------------------------------    -------------------
    SLICE_X74Y105        FDPE (Prop_FFF_SLICEM_C_Q)
                                                      0.076     5.232 f  u_soc/u_cim_ctrl/bitplane_shift_reg[2]/Q
                         net (fo=163, routed)         0.633     5.866    u_soc/u_adc/membrane[9][7]_i_9[2]
    SLICE_X67Y101        LUT4 (Prop_B5LUT_SLICEM_I3_O)
                                                      0.116     5.982 r  u_soc/u_adc/membrane[0][7]_i_24/O
                         net (fo=2, routed)           0.131     6.112    u_soc/u_adc/neuron_in_data_reg[0][0]_0
    SLICE_X67Y102        LUT4 (Prop_D6LUT_SLICEM_I3_O)
                                                      0.088     6.200 r  u_soc/u_adc/membrane[0][7]_i_8/O
                         net (fo=1, routed)           0.025     6.225    u_soc/u_lif/membrane_reg[0][7]_0[3]
    SLICE_X67Y102        CARRY8 (Prop_CARRY8_SLICEM_S[3]_CO[7])
                                                      0.163     6.388 r  u_soc/u_lif/membrane_reg[0][7]_i_2/CO[7]
                         net (fo=1, routed)           0.026     6.414    u_soc/u_lif/membrane_reg[0][7]_i_2_n_0
    SLICE_X67Y103        CARRY8 (Prop_CARRY8_SLICEM_CI_CO[7])
                                                      0.015     6.429 r  u_soc/u_lif/membrane_reg[0][15]_i_2/CO[7]
                         net (fo=1, routed)           0.026     6.455    u_soc/u_lif/membrane_reg[0][15]_i_2_n_0
    SLICE_X67Y104        CARRY8 (Prop_CARRY8_SLICEM_CI_CO[7])
                                                      0.015     6.470 r  u_soc/u_lif/membrane_reg[0][23]_i_2/CO[7]
                         net (fo=1, routed)           0.026     6.496    u_soc/u_lif/membrane_reg[0][23]_i_2_n_0
    SLICE_X67Y105        CARRY8 (Prop_CARRY8_SLICEM_CI_O[3])
                                                      0.082     6.578 f  u_soc/u_lif/membrane_reg[0][31]_i_3/O[3]
                         net (fo=5, routed)           0.322     6.900    u_soc/u_lif/lif_ff.temp_count2[27]
    SLICE_X65Y104        LUT2 (Prop_F6LUT_SLICEL_I0_O)
                                                      0.148     7.048 r  u_soc/u_lif/membrane[0][31]_i_25/O
                         net (fo=1, routed)           0.011     7.059    u_soc/u_lif/membrane[0][31]_i_25_n_0
    SLICE_X65Y104        CARRY8 (Prop_CARRY8_SLICEL_S[5]_CO[7])
                                                      0.162     7.221 r  u_soc/u_lif/membrane_reg[0][31]_i_4/CO[7]
                         net (fo=39, routed)          1.181     8.402    u_soc/u_lif/neuron_threshold_reg[16]_7[0]
    SLICE_X74Y33         LUT5 (Prop_F6LUT_SLICEM_I4_O)
                                                      0.123     8.525 r  u_soc/u_lif/spike_q[15][0]_i_12/O
                         net (fo=30, routed)          0.220     8.745    u_soc/u_lif/spike_q[15][0]_i_12_n_0
    SLICE_X76Y34         LUT4 (Prop_A6LUT_SLICEM_I1_O)
                                                      0.090     8.835 r  u_soc/u_lif/spike_q[15][0]_i_15/O
                         net (fo=1, routed)           0.013     8.848    u_soc/u_lif/spike_q[15][0]_i_15_n_0
    SLICE_X76Y34         CARRY8 (Prop_CARRY8_SLICEM_S[0]_CO[1])
                                                      0.109     8.957 r  u_soc/u_lif/spike_q_reg[15][0]_i_10/CO[1]
                         net (fo=58, routed)          0.201     9.158    u_soc/u_lif/spike_q_reg[15][0]_i_10_n_6
    SLICE_X76Y34         LUT6 (Prop_H6LUT_SLICEM_I2_O)
                                                      0.101     9.259 r  u_soc/u_lif/q_count[1]_i_37/O
                         net (fo=1, routed)           0.287     9.546    u_soc/u_lif/q_count[1]_i_37_n_0
    SLICE_X75Y33         CARRY8 (Prop_CARRY8_SLICEL_S[0]_O[5])
                                                      0.238     9.784 f  u_soc/u_lif/q_count_reg[1]_i_26/O[5]
                         net (fo=2, routed)           0.186     9.970    u_soc/u_lif/q_count_reg[1]_i_26_n_10
    SLICE_X75Y32         LUT4 (Prop_F6LUT_SLICEL_I0_O)
                                                      0.123    10.093 f  u_soc/u_lif/spike_q[30][1]_i_46/O
                         net (fo=3, routed)           0.171    10.264    u_soc/u_lif/spike_q[30][1]_i_46_n_0
    SLICE_X75Y30         LUT6 (Prop_B6LUT_SLICEL_I5_O)
                                                      0.090    10.354 r  u_soc/u_lif/spike_q[30][1]_i_26/O
                         net (fo=1, routed)           0.009    10.363    u_soc/u_lif/spike_q[30][1]_i_26_n_0
    SLICE_X75Y30         CARRY8 (Prop_CARRY8_SLICEL_S[1]_CO[2])
                                                      0.095    10.458 r  u_soc/u_lif/spike_q_reg[30][1]_i_11/CO[2]
                         net (fo=46, routed)          0.474    10.932    u_soc/u_lif/spike_q_reg[30][1]_i_11_n_5
    SLICE_X76Y20         LUT2 (Prop_D6LUT_SLICEM_I1_O)
                                                      0.122    11.054 r  u_soc/u_lif/spike_q[25][2]_i_10/O
                         net (fo=29, routed)          0.328    11.382    u_soc/u_lif/spike_q[25][2]_i_10_n_0
    SLICE_X76Y32         LUT6 (Prop_F6LUT_SLICEM_I1_O)
                                                      0.098    11.480 r  u_soc/u_lif/wr_ptr[4]_i_59/O
                         net (fo=1, routed)           0.286    11.766    u_soc/u_lif/wr_ptr[4]_i_59_n_0
    SLICE_X76Y31         CARRY8 (Prop_CARRY8_SLICEM_S[0]_O[4])
                                                      0.206    11.972 r  u_soc/u_lif/wr_ptr_reg[4]_i_38/O[4]
                         net (fo=2, routed)           0.155    12.127    u_soc/u_lif/wr_ptr_reg[4]_i_38_n_11
    SLICE_X76Y29         LUT4 (Prop_C5LUT_SLICEM_I0_O)
                                                      0.137    12.264 f  u_soc/u_lif/wr_ptr[4]_i_32/O
                         net (fo=6, routed)           0.277    12.541    u_soc/u_lif/q_count[1]_i_12_n_0
    SLICE_X78Y30         LUT2 (Prop_A6LUT_SLICEL_I0_O)
                                                      0.050    12.591 r  u_soc/u_lif/q_count[1]_i_16/O
                         net (fo=1, routed)           0.009    12.600    u_soc/u_lif/q_count[1]_i_16_n_0
    SLICE_X78Y30         CARRY8 (Prop_CARRY8_SLICEL_S[0]_CO[3])
                                                      0.184    12.784 r  u_soc/u_lif/q_count_reg[1]_i_9/CO[3]
                         net (fo=65, routed)          0.486    13.270    u_soc/u_lif/q_count_reg[1]_i_9_n_4
    SLICE_X74Y20         LUT2 (Prop_A6LUT_SLICEM_I1_O)
                                                      0.053    13.323 r  u_soc/u_lif/spike_q[30][3]_i_28/O
                         net (fo=33, routed)          0.441    13.764    u_soc/u_lif/spike_q[30][3]_i_28_n_0
    SLICE_X79Y30         LUT6 (Prop_B6LUT_SLICEM_I3_O)
                                                      0.089    13.853 r  u_soc/u_lif/wr_ptr[4]_i_27/O
                         net (fo=1, routed)           0.016    13.869    u_soc/u_lif/wr_ptr[4]_i_27_n_0
    SLICE_X79Y30         CARRY8 (Prop_CARRY8_SLICEM_S[1]_CO[3])
                                                      0.184    14.053 r  u_soc/u_lif/wr_ptr_reg[4]_i_13/CO[3]
                         net (fo=54, routed)          0.419    14.472    u_soc/u_lif/wr_ptr_reg[4]_i_13_n_4
    SLICE_X77Y21         LUT2 (Prop_B6LUT_SLICEM_I1_O)
                                                      0.100    14.572 r  u_soc/u_lif/q_count[1]_i_7/O
                         net (fo=44, routed)          0.480    15.051    u_soc/u_lif/q_count[1]_i_7_n_0
    SLICE_X77Y33         LUT6 (Prop_D6LUT_SLICEM_I4_O)
                                                      0.145    15.196 r  u_soc/u_lif/q_count[0]_i_15/O
                         net (fo=1, routed)           0.025    15.221    u_soc/u_lif/q_count[0]_i_15_n_0
    SLICE_X77Y33         CARRY8 (Prop_CARRY8_SLICEM_S[3]_CO[4])
                                                      0.159    15.380 r  u_soc/u_lif/q_count_reg[0]_i_5/CO[4]
                         net (fo=47, routed)          0.409    15.789    u_soc/u_lif/q_count_reg[0]_i_5_n_3
    SLICE_X78Y25         LUT2 (Prop_D6LUT_SLICEL_I1_O)
                                                      0.122    15.911 r  u_soc/u_lif/q_count[1]_i_6/O
                         net (fo=21, routed)          0.243    16.154    u_soc/u_lif/q_count[1]_i_6_n_0
    SLICE_X78Y23         LUT6 (Prop_G6LUT_SLICEL_I5_O)
                                                      0.050    16.204 f  u_soc/u_lif/spike_q[25][1]_i_7/O
                         net (fo=21, routed)          0.162    16.366    u_soc/u_lif/spike_q[25][1]_i_7_n_0
    SLICE_X78Y25         LUT5 (Prop_B5LUT_SLICEL_I3_O)
                                                      0.073    16.439 r  u_soc/u_lif/wr_ptr[4]_i_14/O
                         net (fo=8, routed)           0.276    16.716    u_soc/u_lif/wr_ptr[4]_i_14_n_0
    SLICE_X78Y23         LUT6 (Prop_B6LUT_SLICEL_I3_O)
                                                      0.051    16.767 r  u_soc/u_lif/spike_q[30][2]_i_17/O
                         net (fo=1, routed)           0.009    16.776    u_soc/u_lif/spike_q[30][2]_i_17_n_0
    SLICE_X78Y23         CARRY8 (Prop_CARRY8_SLICEL_S[1]_CO[3])
                                                      0.180    16.956 r  u_soc/u_lif/spike_q_reg[30][2]_i_8/CO[3]
                         net (fo=8, routed)           0.483    17.439    u_soc/u_lif/spike_q_reg[30][2]_i_8_n_4
    SLICE_X81Y6          LUT2 (Prop_C5LUT_SLICEL_I1_O)
                                                      0.068    17.507 r  u_soc/u_lif/spike_q[30][3]_i_11/O
                         net (fo=1, routed)           0.469    17.976    u_soc/u_lif/spike_q[30][3]_i_11_n_0
    SLICE_X76Y18         LUT6 (Prop_B6LUT_SLICEM_I4_O)
                                                      0.125    18.101 r  u_soc/u_lif/spike_q[30][3]_i_3/O
                         net (fo=32, routed)          0.538    18.638    u_soc/u_lif/spike_q[30][3]_i_3_n_0
    SLICE_X81Y11         LUT4 (Prop_F6LUT_SLICEL_I0_O)
                                                      0.097    18.735 r  u_soc/u_lif/spike_q[25][3]_i_1/O
                         net (fo=1, routed)           0.051    18.786    u_soc/u_lif/spike_q[25][3]_i_1_n_0
    SLICE_X81Y11         FDRE                                         r  u_soc/u_lif/spike_q_reg[25][3]/D
  -------------------------------------------------------------------    -------------------

                         (clock clk_mmcm_out rise edge)
                                                     19.998    19.998 r  
    AL8                                               0.000    19.998 r  sys_clk_p (IN)
                         net (fo=0)                   0.079    20.077    u_ibufds/I
    HPIOBDIFFINBUF_X0Y11 DIFFINBUF (Prop_DIFFINBUF_HPIOBDIFFINBUF_DIFF_IN_P_O)
                                                      0.525    20.602 r  u_ibufds/DIFFINBUF_INST/O
                         net (fo=1, routed)           0.040    20.642    u_ibufds/OUT
    AL8                  IBUFCTRL (Prop_IBUFCTRL_HPIOB_M_I_O)
                                                      0.000    20.642 r  u_ibufds/IBUFCTRL_INST/O
                         net (fo=1, routed)           0.293    20.935    sys_clk_ibuf
    BUFGCE_X0Y12         BUFGCE (Prop_BUFCE_BUFGCE_I_O)
                                                      0.024    20.959 r  sys_clk_ibuf_BUFG_inst/O
                         net (fo=1, routed)           1.498    22.457    sys_clk_ibuf_BUFGCE
    MMCM_X0Y3            MMCME4_ADV (Prop_MMCM_CLKIN1_CLKOUT0)
                                                      0.630    23.087 r  u_mmcm/CLKOUT0
                         net (fo=1, routed)           0.215    23.302    clk_mmcm_out
    BUFGCE_X0Y95         BUFGCE (Prop_BUFCE_BUFGCE_I_O)
                                                      0.024    23.326 r  u_bufg/O
    X2Y1 (CLOCK_ROOT)    net (fo=7704, routed)        2.030    25.356    u_soc/u_lif/clk_50m
    SLICE_X81Y11         FDRE                                         r  u_soc/u_lif/spike_q_reg[25][3]/C
                         clock pessimism             -0.255    25.100    
                         clock uncertainty           -0.068    25.032    
    SLICE_X81Y11         FDRE (Setup_FFF_SLICEL_C_D)
                                                      0.025    25.057    u_soc/u_lif/spike_q_reg[25][3]
  -------------------------------------------------------------------
                         required time                         25.057    
                         arrival time                         -18.786    
  -------------------------------------------------------------------
                         slack                                  6.271    

Slack (MET) :             6.279ns  (required time - arrival time)
  Source:                 u_soc/u_cim_ctrl/bitplane_shift_reg[2]/C
                            (rising edge-triggered cell FDPE clocked by clk_mmcm_out  {rise@0.000ns fall@9.999ns period=19.998ns})
  Destination:            u_soc/u_lif/spike_q_reg[30][3]/D
                            (rising edge-triggered cell FDRE clocked by clk_mmcm_out  {rise@0.000ns fall@9.999ns period=19.998ns})
  Path Group:             clk_mmcm_out
  Path Type:              Setup (Max at Slow Process Corner)
  Requirement:            19.998ns  (clk_mmcm_out rise@19.998ns - clk_mmcm_out rise@0.000ns)
  Data Path Delay:        13.611ns  (logic 4.130ns (30.343%)  route 9.481ns (69.657%))
  Logic Levels:           36  (CARRY8=13 LUT2=7 LUT4=5 LUT5=2 LUT6=9)
  Clock Path Skew:        -0.065ns (DCD - SCD + CPR)
    Destination Clock Delay (DCD):    5.347ns = ( 25.345 - 19.998 ) 
    Source Clock Delay      (SCD):    5.156ns
    Clock Pessimism Removal (CPR):    -0.255ns
  Clock Uncertainty:      0.068ns  ((TSJ^2 + DJ^2)^1/2) / 2 + PE
    Total System Jitter     (TSJ):    0.071ns
    Discrete Jitter          (DJ):    0.116ns
    Phase Error              (PE):    0.000ns
  Clock Net Delay (Source):      2.195ns (routing 1.189ns, distribution 1.006ns)
  Clock Net Delay (Destination): 2.019ns (routing 1.082ns, distribution 0.937ns)

    Location             Delay type                Incr(ns)  Path(ns)    Netlist Resource(s)
  -------------------------------------------------------------------    -------------------
                         (clock clk_mmcm_out rise edge)
                                                      0.000     0.000 r  
    AL8                                               0.000     0.000 r  sys_clk_p (IN)
                         net (fo=0)                   0.100     0.100    u_ibufds/I
    HPIOBDIFFINBUF_X0Y11 DIFFINBUF (Prop_DIFFINBUF_HPIOBDIFFINBUF_DIFF_IN_P_O)
                                                      0.634     0.734 r  u_ibufds/DIFFINBUF_INST/O
                         net (fo=1, routed)           0.050     0.784    u_ibufds/OUT
    AL8                  IBUFCTRL (Prop_IBUFCTRL_HPIOB_M_I_O)
                                                      0.000     0.784 r  u_ibufds/IBUFCTRL_INST/O
                         net (fo=1, routed)           0.332     1.116    sys_clk_ibuf
    BUFGCE_X0Y12         BUFGCE (Prop_BUFCE_BUFGCE_I_O)
                                                      0.028     1.144 r  sys_clk_ibuf_BUFG_inst/O
                         net (fo=1, routed)           1.671     2.815    sys_clk_ibuf_BUFGCE
    MMCM_X0Y3            MMCME4_ADV (Prop_MMCM_CLKIN1_CLKOUT0)
                                                     -0.127     2.688 r  u_mmcm/CLKOUT0
                         net (fo=1, routed)           0.245     2.933    clk_mmcm_out
    BUFGCE_X0Y95         BUFGCE (Prop_BUFCE_BUFGCE_I_O)
                                                      0.028     2.961 r  u_bufg/O
    X2Y1 (CLOCK_ROOT)    net (fo=7704, routed)        2.195     5.156    u_soc/u_cim_ctrl/clk_50m
    SLICE_X74Y105        FDPE                                         r  u_soc/u_cim_ctrl/bitplane_shift_reg[2]/C
  -------------------------------------------------------------------    -------------------
    SLICE_X74Y105        FDPE (Prop_FFF_SLICEM_C_Q)
                                                      0.076     5.232 f  u_soc/u_cim_ctrl/bitplane_shift_reg[2]/Q
                         net (fo=163, routed)         0.633     5.866    u_soc/u_adc/membrane[9][7]_i_9[2]
    SLICE_X67Y101        LUT4 (Prop_B5LUT_SLICEM_I3_O)
                                                      0.116     5.982 r  u_soc/u_adc/membrane[0][7]_i_24/O
                         net (fo=2, routed)           0.131     6.112    u_soc/u_adc/neuron_in_data_reg[0][0]_0
    SLICE_X67Y102        LUT4 (Prop_D6LUT_SLICEM_I3_O)
                                                      0.088     6.200 r  u_soc/u_adc/membrane[0][7]_i_8/O
                         net (fo=1, routed)           0.025     6.225    u_soc/u_lif/membrane_reg[0][7]_0[3]
    SLICE_X67Y102        CARRY8 (Prop_CARRY8_SLICEM_S[3]_CO[7])
                                                      0.163     6.388 r  u_soc/u_lif/membrane_reg[0][7]_i_2/CO[7]
                         net (fo=1, routed)           0.026     6.414    u_soc/u_lif/membrane_reg[0][7]_i_2_n_0
    SLICE_X67Y103        CARRY8 (Prop_CARRY8_SLICEM_CI_CO[7])
                                                      0.015     6.429 r  u_soc/u_lif/membrane_reg[0][15]_i_2/CO[7]
                         net (fo=1, routed)           0.026     6.455    u_soc/u_lif/membrane_reg[0][15]_i_2_n_0
    SLICE_X67Y104        CARRY8 (Prop_CARRY8_SLICEM_CI_CO[7])
                                                      0.015     6.470 r  u_soc/u_lif/membrane_reg[0][23]_i_2/CO[7]
                         net (fo=1, routed)           0.026     6.496    u_soc/u_lif/membrane_reg[0][23]_i_2_n_0
    SLICE_X67Y105        CARRY8 (Prop_CARRY8_SLICEM_CI_O[3])
                                                      0.082     6.578 f  u_soc/u_lif/membrane_reg[0][31]_i_3/O[3]
                         net (fo=5, routed)           0.322     6.900    u_soc/u_lif/lif_ff.temp_count2[27]
    SLICE_X65Y104        LUT2 (Prop_F6LUT_SLICEL_I0_O)
                                                      0.148     7.048 r  u_soc/u_lif/membrane[0][31]_i_25/O
                         net (fo=1, routed)           0.011     7.059    u_soc/u_lif/membrane[0][31]_i_25_n_0
    SLICE_X65Y104        CARRY8 (Prop_CARRY8_SLICEL_S[5]_CO[7])
                                                      0.162     7.221 r  u_soc/u_lif/membrane_reg[0][31]_i_4/CO[7]
                         net (fo=39, routed)          1.181     8.402    u_soc/u_lif/neuron_threshold_reg[16]_7[0]
    SLICE_X74Y33         LUT5 (Prop_F6LUT_SLICEM_I4_O)
                                                      0.123     8.525 r  u_soc/u_lif/spike_q[15][0]_i_12/O
                         net (fo=30, routed)          0.220     8.745    u_soc/u_lif/spike_q[15][0]_i_12_n_0
    SLICE_X76Y34         LUT4 (Prop_A6LUT_SLICEM_I1_O)
                                                      0.090     8.835 r  u_soc/u_lif/spike_q[15][0]_i_15/O
                         net (fo=1, routed)           0.013     8.848    u_soc/u_lif/spike_q[15][0]_i_15_n_0
    SLICE_X76Y34         CARRY8 (Prop_CARRY8_SLICEM_S[0]_CO[1])
                                                      0.109     8.957 r  u_soc/u_lif/spike_q_reg[15][0]_i_10/CO[1]
                         net (fo=58, routed)          0.201     9.158    u_soc/u_lif/spike_q_reg[15][0]_i_10_n_6
    SLICE_X76Y34         LUT6 (Prop_H6LUT_SLICEM_I2_O)
                                                      0.101     9.259 r  u_soc/u_lif/q_count[1]_i_37/O
                         net (fo=1, routed)           0.287     9.546    u_soc/u_lif/q_count[1]_i_37_n_0
    SLICE_X75Y33         CARRY8 (Prop_CARRY8_SLICEL_S[0]_O[5])
                                                      0.238     9.784 f  u_soc/u_lif/q_count_reg[1]_i_26/O[5]
                         net (fo=2, routed)           0.186     9.970    u_soc/u_lif/q_count_reg[1]_i_26_n_10
    SLICE_X75Y32         LUT4 (Prop_F6LUT_SLICEL_I0_O)
                                                      0.123    10.093 f  u_soc/u_lif/spike_q[30][1]_i_46/O
                         net (fo=3, routed)           0.171    10.264    u_soc/u_lif/spike_q[30][1]_i_46_n_0
    SLICE_X75Y30         LUT6 (Prop_B6LUT_SLICEL_I5_O)
                                                      0.090    10.354 r  u_soc/u_lif/spike_q[30][1]_i_26/O
                         net (fo=1, routed)           0.009    10.363    u_soc/u_lif/spike_q[30][1]_i_26_n_0
    SLICE_X75Y30         CARRY8 (Prop_CARRY8_SLICEL_S[1]_CO[2])
                                                      0.095    10.458 r  u_soc/u_lif/spike_q_reg[30][1]_i_11/CO[2]
                         net (fo=46, routed)          0.474    10.932    u_soc/u_lif/spike_q_reg[30][1]_i_11_n_5
    SLICE_X76Y20         LUT2 (Prop_D6LUT_SLICEM_I1_O)
                                                      0.122    11.054 r  u_soc/u_lif/spike_q[25][2]_i_10/O
                         net (fo=29, routed)          0.328    11.382    u_soc/u_lif/spike_q[25][2]_i_10_n_0
    SLICE_X76Y32         LUT6 (Prop_F6LUT_SLICEM_I1_O)
                                                      0.098    11.480 r  u_soc/u_lif/wr_ptr[4]_i_59/O
                         net (fo=1, routed)           0.286    11.766    u_soc/u_lif/wr_ptr[4]_i_59_n_0
    SLICE_X76Y31         CARRY8 (Prop_CARRY8_SLICEM_S[0]_O[4])
                                                      0.206    11.972 r  u_soc/u_lif/wr_ptr_reg[4]_i_38/O[4]
                         net (fo=2, routed)           0.155    12.127    u_soc/u_lif/wr_ptr_reg[4]_i_38_n_11
    SLICE_X76Y29         LUT4 (Prop_C5LUT_SLICEM_I0_O)
                                                      0.137    12.264 f  u_soc/u_lif/wr_ptr[4]_i_32/O
                         net (fo=6, routed)           0.277    12.541    u_soc/u_lif/q_count[1]_i_12_n_0
    SLICE_X78Y30         LUT2 (Prop_A6LUT_SLICEL_I0_O)
                                                      0.050    12.591 r  u_soc/u_lif/q_count[1]_i_16/O
                         net (fo=1, routed)           0.009    12.600    u_soc/u_lif/q_count[1]_i_16_n_0
    SLICE_X78Y30         CARRY8 (Prop_CARRY8_SLICEL_S[0]_CO[3])
                                                      0.184    12.784 r  u_soc/u_lif/q_count_reg[1]_i_9/CO[3]
                         net (fo=65, routed)          0.486    13.270    u_soc/u_lif/q_count_reg[1]_i_9_n_4
    SLICE_X74Y20         LUT2 (Prop_A6LUT_SLICEM_I1_O)
                                                      0.053    13.323 r  u_soc/u_lif/spike_q[30][3]_i_28/O
                         net (fo=33, routed)          0.441    13.764    u_soc/u_lif/spike_q[30][3]_i_28_n_0
    SLICE_X79Y30         LUT6 (Prop_B6LUT_SLICEM_I3_O)
                                                      0.089    13.853 r  u_soc/u_lif/wr_ptr[4]_i_27/O
                         net (fo=1, routed)           0.016    13.869    u_soc/u_lif/wr_ptr[4]_i_27_n_0
    SLICE_X79Y30         CARRY8 (Prop_CARRY8_SLICEM_S[1]_CO[3])
                                                      0.184    14.053 r  u_soc/u_lif/wr_ptr_reg[4]_i_13/CO[3]
                         net (fo=54, routed)          0.419    14.472    u_soc/u_lif/wr_ptr_reg[4]_i_13_n_4
    SLICE_X77Y21         LUT2 (Prop_B6LUT_SLICEM_I1_O)
                                                      0.100    14.572 r  u_soc/u_lif/q_count[1]_i_7/O
                         net (fo=44, routed)          0.480    15.051    u_soc/u_lif/q_count[1]_i_7_n_0
    SLICE_X77Y33         LUT6 (Prop_D6LUT_SLICEM_I4_O)
                                                      0.145    15.196 r  u_soc/u_lif/q_count[0]_i_15/O
                         net (fo=1, routed)           0.025    15.221    u_soc/u_lif/q_count[0]_i_15_n_0
    SLICE_X77Y33         CARRY8 (Prop_CARRY8_SLICEM_S[3]_CO[4])
                                                      0.159    15.380 r  u_soc/u_lif/q_count_reg[0]_i_5/CO[4]
                         net (fo=47, routed)          0.409    15.789    u_soc/u_lif/q_count_reg[0]_i_5_n_3
    SLICE_X78Y25         LUT2 (Prop_D6LUT_SLICEL_I1_O)
                                                      0.122    15.911 r  u_soc/u_lif/q_count[1]_i_6/O
                         net (fo=21, routed)          0.243    16.154    u_soc/u_lif/q_count[1]_i_6_n_0
    SLICE_X78Y23         LUT6 (Prop_G6LUT_SLICEL_I5_O)
                                                      0.050    16.204 f  u_soc/u_lif/spike_q[25][1]_i_7/O
                         net (fo=21, routed)          0.162    16.366    u_soc/u_lif/spike_q[25][1]_i_7_n_0
    SLICE_X78Y25         LUT5 (Prop_B5LUT_SLICEL_I3_O)
                                                      0.073    16.439 r  u_soc/u_lif/wr_ptr[4]_i_14/O
                         net (fo=8, routed)           0.276    16.716    u_soc/u_lif/wr_ptr[4]_i_14_n_0
    SLICE_X78Y23         LUT6 (Prop_B6LUT_SLICEL_I3_O)
                                                      0.051    16.767 r  u_soc/u_lif/spike_q[30][2]_i_17/O
                         net (fo=1, routed)           0.009    16.776    u_soc/u_lif/spike_q[30][2]_i_17_n_0
    SLICE_X78Y23         CARRY8 (Prop_CARRY8_SLICEL_S[1]_CO[3])
                                                      0.180    16.956 r  u_soc/u_lif/spike_q_reg[30][2]_i_8/CO[3]
                         net (fo=8, routed)           0.483    17.439    u_soc/u_lif/spike_q_reg[30][2]_i_8_n_4
    SLICE_X81Y6          LUT2 (Prop_C5LUT_SLICEL_I1_O)
                                                      0.068    17.507 r  u_soc/u_lif/spike_q[30][3]_i_11/O
                         net (fo=1, routed)           0.469    17.976    u_soc/u_lif/spike_q[30][3]_i_11_n_0
    SLICE_X76Y18         LUT6 (Prop_B6LUT_SLICEM_I4_O)
                                                      0.125    18.101 r  u_soc/u_lif/spike_q[30][3]_i_3/O
                         net (fo=32, routed)          0.508    18.609    u_soc/u_lif/spike_q[30][3]_i_3_n_0
    SLICE_X77Y5          LUT6 (Prop_B6LUT_SLICEM_I0_O)
                                                      0.100    18.709 r  u_soc/u_lif/spike_q[30][3]_i_2/O
                         net (fo=1, routed)           0.059    18.768    u_soc/u_lif/spike_q[30][3]_i_2_n_0
    SLICE_X77Y5          FDRE                                         r  u_soc/u_lif/spike_q_reg[30][3]/D
  -------------------------------------------------------------------    -------------------

                         (clock clk_mmcm_out rise edge)
                                                     19.998    19.998 r  
    AL8                                               0.000    19.998 r  sys_clk_p (IN)
                         net (fo=0)                   0.079    20.077    u_ibufds/I
    HPIOBDIFFINBUF_X0Y11 DIFFINBUF (Prop_DIFFINBUF_HPIOBDIFFINBUF_DIFF_IN_P_O)
                                                      0.525    20.602 r  u_ibufds/DIFFINBUF_INST/O
                         net (fo=1, routed)           0.040    20.642    u_ibufds/OUT
    AL8                  IBUFCTRL (Prop_IBUFCTRL_HPIOB_M_I_O)
                                                      0.000    20.642 r  u_ibufds/IBUFCTRL_INST/O
                         net (fo=1, routed)           0.293    20.935    sys_clk_ibuf
    BUFGCE_X0Y12         BUFGCE (Prop_BUFCE_BUFGCE_I_O)
                                                      0.024    20.959 r  sys_clk_ibuf_BUFG_inst/O
                         net (fo=1, routed)           1.498    22.457    sys_clk_ibuf_BUFGCE
    MMCM_X0Y3            MMCME4_ADV (Prop_MMCM_CLKIN1_CLKOUT0)
                                                      0.630    23.087 r  u_mmcm/CLKOUT0
                         net (fo=1, routed)           0.215    23.302    clk_mmcm_out
    BUFGCE_X0Y95         BUFGCE (Prop_BUFCE_BUFGCE_I_O)
                                                      0.024    23.326 r  u_bufg/O
    X2Y1 (CLOCK_ROOT)    net (fo=7704, routed)        2.019    25.345    u_soc/u_lif/clk_50m
    SLICE_X77Y5          FDRE                                         r  u_soc/u_lif/spike_q_reg[30][3]/C
                         clock pessimism             -0.255    25.089    
                         clock uncertainty           -0.068    25.021    
    SLICE_X77Y5          FDRE (Setup_BFF_SLICEM_C_D)
                                                      0.025    25.046    u_soc/u_lif/spike_q_reg[30][3]
  -------------------------------------------------------------------
                         required time                         25.046    
                         arrival time                         -18.768    
  -------------------------------------------------------------------
                         slack                                  6.279    

Slack (MET) :             6.291ns  (required time - arrival time)
  Source:                 u_soc/u_cim_ctrl/bitplane_shift_reg[2]/C
                            (rising edge-triggered cell FDPE clocked by clk_mmcm_out  {rise@0.000ns fall@9.999ns period=19.998ns})
  Destination:            u_soc/u_lif/spike_q_reg[17][3]/D
                            (rising edge-triggered cell FDRE clocked by clk_mmcm_out  {rise@0.000ns fall@9.999ns period=19.998ns})
  Path Group:             clk_mmcm_out
  Path Type:              Setup (Max at Slow Process Corner)
  Requirement:            19.998ns  (clk_mmcm_out rise@19.998ns - clk_mmcm_out rise@0.000ns)
  Data Path Delay:        13.625ns  (logic 4.155ns (30.496%)  route 9.470ns (69.504%))
  Logic Levels:           36  (CARRY8=13 LUT2=7 LUT4=5 LUT5=2 LUT6=9)
  Clock Path Skew:        -0.039ns (DCD - SCD + CPR)
    Destination Clock Delay (DCD):    5.372ns = ( 25.370 - 19.998 ) 
    Source Clock Delay      (SCD):    5.156ns
    Clock Pessimism Removal (CPR):    -0.255ns
  Clock Uncertainty:      0.068ns  ((TSJ^2 + DJ^2)^1/2) / 2 + PE
    Total System Jitter     (TSJ):    0.071ns
    Discrete Jitter          (DJ):    0.116ns
    Phase Error              (PE):    0.000ns
  Clock Net Delay (Source):      2.195ns (routing 1.189ns, distribution 1.006ns)
  Clock Net Delay (Destination): 2.045ns (routing 1.082ns, distribution 0.963ns)

    Location             Delay type                Incr(ns)  Path(ns)    Netlist Resource(s)
  -------------------------------------------------------------------    -------------------
                         (clock clk_mmcm_out rise edge)
                                                      0.000     0.000 r  
    AL8                                               0.000     0.000 r  sys_clk_p (IN)
                         net (fo=0)                   0.100     0.100    u_ibufds/I
    HPIOBDIFFINBUF_X0Y11 DIFFINBUF (Prop_DIFFINBUF_HPIOBDIFFINBUF_DIFF_IN_P_O)
                                                      0.634     0.734 r  u_ibufds/DIFFINBUF_INST/O
                         net (fo=1, routed)           0.050     0.784    u_ibufds/OUT
    AL8                  IBUFCTRL (Prop_IBUFCTRL_HPIOB_M_I_O)
                                                      0.000     0.784 r  u_ibufds/IBUFCTRL_INST/O
                         net (fo=1, routed)           0.332     1.116    sys_clk_ibuf
    BUFGCE_X0Y12         BUFGCE (Prop_BUFCE_BUFGCE_I_O)
                                                      0.028     1.144 r  sys_clk_ibuf_BUFG_inst/O
                         net (fo=1, routed)           1.671     2.815    sys_clk_ibuf_BUFGCE
    MMCM_X0Y3            MMCME4_ADV (Prop_MMCM_CLKIN1_CLKOUT0)
                                                     -0.127     2.688 r  u_mmcm/CLKOUT0
                         net (fo=1, routed)           0.245     2.933    clk_mmcm_out
    BUFGCE_X0Y95         BUFGCE (Prop_BUFCE_BUFGCE_I_O)
                                                      0.028     2.961 r  u_bufg/O
    X2Y1 (CLOCK_ROOT)    net (fo=7704, routed)        2.195     5.156    u_soc/u_cim_ctrl/clk_50m
    SLICE_X74Y105        FDPE                                         r  u_soc/u_cim_ctrl/bitplane_shift_reg[2]/C
  -------------------------------------------------------------------    -------------------
    SLICE_X74Y105        FDPE (Prop_FFF_SLICEM_C_Q)
                                                      0.076     5.232 f  u_soc/u_cim_ctrl/bitplane_shift_reg[2]/Q
                         net (fo=163, routed)         0.633     5.866    u_soc/u_adc/membrane[9][7]_i_9[2]
    SLICE_X67Y101        LUT4 (Prop_B5LUT_SLICEM_I3_O)
                                                      0.116     5.982 r  u_soc/u_adc/membrane[0][7]_i_24/O
                         net (fo=2, routed)           0.131     6.112    u_soc/u_adc/neuron_in_data_reg[0][0]_0
    SLICE_X67Y102        LUT4 (Prop_D6LUT_SLICEM_I3_O)
                                                      0.088     6.200 r  u_soc/u_adc/membrane[0][7]_i_8/O
                         net (fo=1, routed)           0.025     6.225    u_soc/u_lif/membrane_reg[0][7]_0[3]
    SLICE_X67Y102        CARRY8 (Prop_CARRY8_SLICEM_S[3]_CO[7])
                                                      0.163     6.388 r  u_soc/u_lif/membrane_reg[0][7]_i_2/CO[7]
                         net (fo=1, routed)           0.026     6.414    u_soc/u_lif/membrane_reg[0][7]_i_2_n_0
    SLICE_X67Y103        CARRY8 (Prop_CARRY8_SLICEM_CI_CO[7])
                                                      0.015     6.429 r  u_soc/u_lif/membrane_reg[0][15]_i_2/CO[7]
                         net (fo=1, routed)           0.026     6.455    u_soc/u_lif/membrane_reg[0][15]_i_2_n_0
    SLICE_X67Y104        CARRY8 (Prop_CARRY8_SLICEM_CI_CO[7])
                                                      0.015     6.470 r  u_soc/u_lif/membrane_reg[0][23]_i_2/CO[7]
                         net (fo=1, routed)           0.026     6.496    u_soc/u_lif/membrane_reg[0][23]_i_2_n_0
    SLICE_X67Y105        CARRY8 (Prop_CARRY8_SLICEM_CI_O[3])
                                                      0.082     6.578 f  u_soc/u_lif/membrane_reg[0][31]_i_3/O[3]
                         net (fo=5, routed)           0.322     6.900    u_soc/u_lif/lif_ff.temp_count2[27]
    SLICE_X65Y104        LUT2 (Prop_F6LUT_SLICEL_I0_O)
                                                      0.148     7.048 r  u_soc/u_lif/membrane[0][31]_i_25/O
                         net (fo=1, routed)           0.011     7.059    u_soc/u_lif/membrane[0][31]_i_25_n_0
    SLICE_X65Y104        CARRY8 (Prop_CARRY8_SLICEL_S[5]_CO[7])
                                                      0.162     7.221 r  u_soc/u_lif/membrane_reg[0][31]_i_4/CO[7]
                         net (fo=39, routed)          1.181     8.402    u_soc/u_lif/neuron_threshold_reg[16]_7[0]
    SLICE_X74Y33         LUT5 (Prop_F6LUT_SLICEM_I4_O)
                                                      0.123     8.525 r  u_soc/u_lif/spike_q[15][0]_i_12/O
                         net (fo=30, routed)          0.220     8.745    u_soc/u_lif/spike_q[15][0]_i_12_n_0
    SLICE_X76Y34         LUT4 (Prop_A6LUT_SLICEM_I1_O)
                                                      0.090     8.835 r  u_soc/u_lif/spike_q[15][0]_i_15/O
                         net (fo=1, routed)           0.013     8.848    u_soc/u_lif/spike_q[15][0]_i_15_n_0
    SLICE_X76Y34         CARRY8 (Prop_CARRY8_SLICEM_S[0]_CO[1])
                                                      0.109     8.957 r  u_soc/u_lif/spike_q_reg[15][0]_i_10/CO[1]
                         net (fo=58, routed)          0.201     9.158    u_soc/u_lif/spike_q_reg[15][0]_i_10_n_6
    SLICE_X76Y34         LUT6 (Prop_H6LUT_SLICEM_I2_O)
                                                      0.101     9.259 r  u_soc/u_lif/q_count[1]_i_37/O
                         net (fo=1, routed)           0.287     9.546    u_soc/u_lif/q_count[1]_i_37_n_0
    SLICE_X75Y33         CARRY8 (Prop_CARRY8_SLICEL_S[0]_O[5])
                                                      0.238     9.784 f  u_soc/u_lif/q_count_reg[1]_i_26/O[5]
                         net (fo=2, routed)           0.186     9.970    u_soc/u_lif/q_count_reg[1]_i_26_n_10
    SLICE_X75Y32         LUT4 (Prop_F6LUT_SLICEL_I0_O)
                                                      0.123    10.093 f  u_soc/u_lif/spike_q[30][1]_i_46/O
                         net (fo=3, routed)           0.171    10.264    u_soc/u_lif/spike_q[30][1]_i_46_n_0
    SLICE_X75Y30         LUT6 (Prop_B6LUT_SLICEL_I5_O)
                                                      0.090    10.354 r  u_soc/u_lif/spike_q[30][1]_i_26/O
                         net (fo=1, routed)           0.009    10.363    u_soc/u_lif/spike_q[30][1]_i_26_n_0
    SLICE_X75Y30         CARRY8 (Prop_CARRY8_SLICEL_S[1]_CO[2])
                                                      0.095    10.458 r  u_soc/u_lif/spike_q_reg[30][1]_i_11/CO[2]
                         net (fo=46, routed)          0.474    10.932    u_soc/u_lif/spike_q_reg[30][1]_i_11_n_5
    SLICE_X76Y20         LUT2 (Prop_D6LUT_SLICEM_I1_O)
                                                      0.122    11.054 r  u_soc/u_lif/spike_q[25][2]_i_10/O
                         net (fo=29, routed)          0.328    11.382    u_soc/u_lif/spike_q[25][2]_i_10_n_0
    SLICE_X76Y32         LUT6 (Prop_F6LUT_SLICEM_I1_O)
                                                      0.098    11.480 r  u_soc/u_lif/wr_ptr[4]_i_59/O
                         net (fo=1, routed)           0.286    11.766    u_soc/u_lif/wr_ptr[4]_i_59_n_0
    SLICE_X76Y31         CARRY8 (Prop_CARRY8_SLICEM_S[0]_O[4])
                                                      0.206    11.972 r  u_soc/u_lif/wr_ptr_reg[4]_i_38/O[4]
                         net (fo=2, routed)           0.155    12.127    u_soc/u_lif/wr_ptr_reg[4]_i_38_n_11
    SLICE_X76Y29         LUT4 (Prop_C5LUT_SLICEM_I0_O)
                                                      0.137    12.264 f  u_soc/u_lif/wr_ptr[4]_i_32/O
                         net (fo=6, routed)           0.277    12.541    u_soc/u_lif/q_count[1]_i_12_n_0
    SLICE_X78Y30         LUT2 (Prop_A6LUT_SLICEL_I0_O)
                                                      0.050    12.591 r  u_soc/u_lif/q_count[1]_i_16/O
                         net (fo=1, routed)           0.009    12.600    u_soc/u_lif/q_count[1]_i_16_n_0
    SLICE_X78Y30         CARRY8 (Prop_CARRY8_SLICEL_S[0]_CO[3])
                                                      0.184    12.784 r  u_soc/u_lif/q_count_reg[1]_i_9/CO[3]
                         net (fo=65, routed)          0.486    13.270    u_soc/u_lif/q_count_reg[1]_i_9_n_4
    SLICE_X74Y20         LUT2 (Prop_A6LUT_SLICEM_I1_O)
                                                      0.053    13.323 r  u_soc/u_lif/spike_q[30][3]_i_28/O
                         net (fo=33, routed)          0.441    13.764    u_soc/u_lif/spike_q[30][3]_i_28_n_0
    SLICE_X79Y30         LUT6 (Prop_B6LUT_SLICEM_I3_O)
                                                      0.089    13.853 r  u_soc/u_lif/wr_ptr[4]_i_27/O
                         net (fo=1, routed)           0.016    13.869    u_soc/u_lif/wr_ptr[4]_i_27_n_0
    SLICE_X79Y30         CARRY8 (Prop_CARRY8_SLICEM_S[1]_CO[3])
                                                      0.184    14.053 r  u_soc/u_lif/wr_ptr_reg[4]_i_13/CO[3]
                         net (fo=54, routed)          0.419    14.472    u_soc/u_lif/wr_ptr_reg[4]_i_13_n_4
    SLICE_X77Y21         LUT2 (Prop_B6LUT_SLICEM_I1_O)
                                                      0.100    14.572 r  u_soc/u_lif/q_count[1]_i_7/O
                         net (fo=44, routed)          0.480    15.051    u_soc/u_lif/q_count[1]_i_7_n_0
    SLICE_X77Y33         LUT6 (Prop_D6LUT_SLICEM_I4_O)
                                                      0.145    15.196 r  u_soc/u_lif/q_count[0]_i_15/O
                         net (fo=1, routed)           0.025    15.221    u_soc/u_lif/q_count[0]_i_15_n_0
    SLICE_X77Y33         CARRY8 (Prop_CARRY8_SLICEM_S[3]_CO[4])
                                                      0.159    15.380 r  u_soc/u_lif/q_count_reg[0]_i_5/CO[4]
                         net (fo=47, routed)          0.409    15.789    u_soc/u_lif/q_count_reg[0]_i_5_n_3
    SLICE_X78Y25         LUT2 (Prop_D6LUT_SLICEL_I1_O)
                                                      0.122    15.911 r  u_soc/u_lif/q_count[1]_i_6/O
                         net (fo=21, routed)          0.243    16.154    u_soc/u_lif/q_count[1]_i_6_n_0
    SLICE_X78Y23         LUT6 (Prop_G6LUT_SLICEL_I5_O)
                                                      0.050    16.204 f  u_soc/u_lif/spike_q[25][1]_i_7/O
                         net (fo=21, routed)          0.162    16.366    u_soc/u_lif/spike_q[25][1]_i_7_n_0
    SLICE_X78Y25         LUT5 (Prop_B5LUT_SLICEL_I3_O)
                                                      0.073    16.439 r  u_soc/u_lif/wr_ptr[4]_i_14/O
                         net (fo=8, routed)           0.276    16.716    u_soc/u_lif/wr_ptr[4]_i_14_n_0
    SLICE_X78Y23         LUT6 (Prop_B6LUT_SLICEL_I3_O)
                                                      0.051    16.767 r  u_soc/u_lif/spike_q[30][2]_i_17/O
                         net (fo=1, routed)           0.009    16.776    u_soc/u_lif/spike_q[30][2]_i_17_n_0
    SLICE_X78Y23         CARRY8 (Prop_CARRY8_SLICEL_S[1]_CO[3])
                                                      0.180    16.956 r  u_soc/u_lif/spike_q_reg[30][2]_i_8/CO[3]
                         net (fo=8, routed)           0.483    17.439    u_soc/u_lif/spike_q_reg[30][2]_i_8_n_4
    SLICE_X81Y6          LUT2 (Prop_C5LUT_SLICEL_I1_O)
                                                      0.068    17.507 r  u_soc/u_lif/spike_q[30][3]_i_11/O
                         net (fo=1, routed)           0.469    17.976    u_soc/u_lif/spike_q[30][3]_i_11_n_0
    SLICE_X76Y18         LUT6 (Prop_B6LUT_SLICEM_I4_O)
                                                      0.125    18.101 r  u_soc/u_lif/spike_q[30][3]_i_3/O
                         net (fo=32, routed)          0.497    18.598    u_soc/u_lif/spike_q[30][3]_i_3_n_0
    SLICE_X82Y10         LUT6 (Prop_H6LUT_SLICEM_I1_O)
                                                      0.125    18.723 r  u_soc/u_lif/spike_q[17][3]_i_1/O
                         net (fo=1, routed)           0.058    18.781    u_soc/u_lif/spike_q[17][3]_i_1_n_0
    SLICE_X82Y10         FDRE                                         r  u_soc/u_lif/spike_q_reg[17][3]/D
  -------------------------------------------------------------------    -------------------

                         (clock clk_mmcm_out rise edge)
                                                     19.998    19.998 r  
    AL8                                               0.000    19.998 r  sys_clk_p (IN)
                         net (fo=0)                   0.079    20.077    u_ibufds/I
    HPIOBDIFFINBUF_X0Y11 DIFFINBUF (Prop_DIFFINBUF_HPIOBDIFFINBUF_DIFF_IN_P_O)
                                                      0.525    20.602 r  u_ibufds/DIFFINBUF_INST/O
                         net (fo=1, routed)           0.040    20.642    u_ibufds/OUT
    AL8                  IBUFCTRL (Prop_IBUFCTRL_HPIOB_M_I_O)
                                                      0.000    20.642 r  u_ibufds/IBUFCTRL_INST/O
                         net (fo=1, routed)           0.293    20.935    sys_clk_ibuf
    BUFGCE_X0Y12         BUFGCE (Prop_BUFCE_BUFGCE_I_O)
                                                      0.024    20.959 r  sys_clk_ibuf_BUFG_inst/O
                         net (fo=1, routed)           1.498    22.457    sys_clk_ibuf_BUFGCE
    MMCM_X0Y3            MMCME4_ADV (Prop_MMCM_CLKIN1_CLKOUT0)
                                                      0.630    23.087 r  u_mmcm/CLKOUT0
                         net (fo=1, routed)           0.215    23.302    clk_mmcm_out
    BUFGCE_X0Y95         BUFGCE (Prop_BUFCE_BUFGCE_I_O)
                                                      0.024    23.326 r  u_bufg/O
    X2Y1 (CLOCK_ROOT)    net (fo=7704, routed)        2.045    25.370    u_soc/u_lif/clk_50m
    SLICE_X82Y10         FDRE                                         r  u_soc/u_lif/spike_q_reg[17][3]/C
                         clock pessimism             -0.255    25.115    
                         clock uncertainty           -0.068    25.047    
    SLICE_X82Y10         FDRE (Setup_HFF_SLICEM_C_D)
                                                      0.025    25.072    u_soc/u_lif/spike_q_reg[17][3]
  -------------------------------------------------------------------
                         required time                         25.072    
                         arrival time                         -18.781    
  -------------------------------------------------------------------
                         slack                                  6.291    

Slack (MET) :             6.310ns  (required time - arrival time)
  Source:                 u_soc/u_cim_ctrl/bitplane_shift_reg[2]/C
                            (rising edge-triggered cell FDPE clocked by clk_mmcm_out  {rise@0.000ns fall@9.999ns period=19.998ns})
  Destination:            u_soc/u_lif/spike_q_reg[18][3]/D
                            (rising edge-triggered cell FDRE clocked by clk_mmcm_out  {rise@0.000ns fall@9.999ns period=19.998ns})
  Path Group:             clk_mmcm_out
  Path Type:              Setup (Max at Slow Process Corner)
  Requirement:            19.998ns  (clk_mmcm_out rise@19.998ns - clk_mmcm_out rise@0.000ns)
  Data Path Delay:        13.591ns  (logic 4.176ns (30.726%)  route 9.415ns (69.274%))
  Logic Levels:           36  (CARRY8=13 LUT2=7 LUT4=5 LUT5=3 LUT6=8)
  Clock Path Skew:        -0.054ns (DCD - SCD + CPR)
    Destination Clock Delay (DCD):    5.358ns = ( 25.356 - 19.998 ) 
    Source Clock Delay      (SCD):    5.156ns
    Clock Pessimism Removal (CPR):    -0.255ns
  Clock Uncertainty:      0.068ns  ((TSJ^2 + DJ^2)^1/2) / 2 + PE
    Total System Jitter     (TSJ):    0.071ns
    Discrete Jitter          (DJ):    0.116ns
    Phase Error              (PE):    0.000ns
  Clock Net Delay (Source):      2.195ns (routing 1.189ns, distribution 1.006ns)
  Clock Net Delay (Destination): 2.030ns (routing 1.082ns, distribution 0.948ns)

    Location             Delay type                Incr(ns)  Path(ns)    Netlist Resource(s)
  -------------------------------------------------------------------    -------------------
                         (clock clk_mmcm_out rise edge)
                                                      0.000     0.000 r  
    AL8                                               0.000     0.000 r  sys_clk_p (IN)
                         net (fo=0)                   0.100     0.100    u_ibufds/I
    HPIOBDIFFINBUF_X0Y11 DIFFINBUF (Prop_DIFFINBUF_HPIOBDIFFINBUF_DIFF_IN_P_O)
                                                      0.634     0.734 r  u_ibufds/DIFFINBUF_INST/O
                         net (fo=1, routed)           0.050     0.784    u_ibufds/OUT
    AL8                  IBUFCTRL (Prop_IBUFCTRL_HPIOB_M_I_O)
                                                      0.000     0.784 r  u_ibufds/IBUFCTRL_INST/O
                         net (fo=1, routed)           0.332     1.116    sys_clk_ibuf
    BUFGCE_X0Y12         BUFGCE (Prop_BUFCE_BUFGCE_I_O)
                                                      0.028     1.144 r  sys_clk_ibuf_BUFG_inst/O
                         net (fo=1, routed)           1.671     2.815    sys_clk_ibuf_BUFGCE
    MMCM_X0Y3            MMCME4_ADV (Prop_MMCM_CLKIN1_CLKOUT0)
                                                     -0.127     2.688 r  u_mmcm/CLKOUT0
                         net (fo=1, routed)           0.245     2.933    clk_mmcm_out
    BUFGCE_X0Y95         BUFGCE (Prop_BUFCE_BUFGCE_I_O)
                                                      0.028     2.961 r  u_bufg/O
    X2Y1 (CLOCK_ROOT)    net (fo=7704, routed)        2.195     5.156    u_soc/u_cim_ctrl/clk_50m
    SLICE_X74Y105        FDPE                                         r  u_soc/u_cim_ctrl/bitplane_shift_reg[2]/C
  -------------------------------------------------------------------    -------------------
    SLICE_X74Y105        FDPE (Prop_FFF_SLICEM_C_Q)
                                                      0.076     5.232 f  u_soc/u_cim_ctrl/bitplane_shift_reg[2]/Q
                         net (fo=163, routed)         0.633     5.866    u_soc/u_adc/membrane[9][7]_i_9[2]
    SLICE_X67Y101        LUT4 (Prop_B5LUT_SLICEM_I3_O)
                                                      0.116     5.982 r  u_soc/u_adc/membrane[0][7]_i_24/O
                         net (fo=2, routed)           0.131     6.112    u_soc/u_adc/neuron_in_data_reg[0][0]_0
    SLICE_X67Y102        LUT4 (Prop_D6LUT_SLICEM_I3_O)
                                                      0.088     6.200 r  u_soc/u_adc/membrane[0][7]_i_8/O
                         net (fo=1, routed)           0.025     6.225    u_soc/u_lif/membrane_reg[0][7]_0[3]
    SLICE_X67Y102        CARRY8 (Prop_CARRY8_SLICEM_S[3]_CO[7])
                                                      0.163     6.388 r  u_soc/u_lif/membrane_reg[0][7]_i_2/CO[7]
                         net (fo=1, routed)           0.026     6.414    u_soc/u_lif/membrane_reg[0][7]_i_2_n_0
    SLICE_X67Y103        CARRY8 (Prop_CARRY8_SLICEM_CI_CO[7])
                                                      0.015     6.429 r  u_soc/u_lif/membrane_reg[0][15]_i_2/CO[7]
                         net (fo=1, routed)           0.026     6.455    u_soc/u_lif/membrane_reg[0][15]_i_2_n_0
    SLICE_X67Y104        CARRY8 (Prop_CARRY8_SLICEM_CI_CO[7])
                                                      0.015     6.470 r  u_soc/u_lif/membrane_reg[0][23]_i_2/CO[7]
                         net (fo=1, routed)           0.026     6.496    u_soc/u_lif/membrane_reg[0][23]_i_2_n_0
    SLICE_X67Y105        CARRY8 (Prop_CARRY8_SLICEM_CI_O[3])
                                                      0.082     6.578 f  u_soc/u_lif/membrane_reg[0][31]_i_3/O[3]
                         net (fo=5, routed)           0.322     6.900    u_soc/u_lif/lif_ff.temp_count2[27]
    SLICE_X65Y104        LUT2 (Prop_F6LUT_SLICEL_I0_O)
                                                      0.148     7.048 r  u_soc/u_lif/membrane[0][31]_i_25/O
                         net (fo=1, routed)           0.011     7.059    u_soc/u_lif/membrane[0][31]_i_25_n_0
    SLICE_X65Y104        CARRY8 (Prop_CARRY8_SLICEL_S[5]_CO[7])
                                                      0.162     7.221 r  u_soc/u_lif/membrane_reg[0][31]_i_4/CO[7]
                         net (fo=39, routed)          1.181     8.402    u_soc/u_lif/neuron_threshold_reg[16]_7[0]
    SLICE_X74Y33         LUT5 (Prop_F6LUT_SLICEM_I4_O)
                                                      0.123     8.525 r  u_soc/u_lif/spike_q[15][0]_i_12/O
                         net (fo=30, routed)          0.220     8.745    u_soc/u_lif/spike_q[15][0]_i_12_n_0
    SLICE_X76Y34         LUT4 (Prop_A6LUT_SLICEM_I1_O)
                                                      0.090     8.835 r  u_soc/u_lif/spike_q[15][0]_i_15/O
                         net (fo=1, routed)           0.013     8.848    u_soc/u_lif/spike_q[15][0]_i_15_n_0
    SLICE_X76Y34         CARRY8 (Prop_CARRY8_SLICEM_S[0]_CO[1])
                                                      0.109     8.957 r  u_soc/u_lif/spike_q_reg[15][0]_i_10/CO[1]
                         net (fo=58, routed)          0.201     9.158    u_soc/u_lif/spike_q_reg[15][0]_i_10_n_6
    SLICE_X76Y34         LUT6 (Prop_H6LUT_SLICEM_I2_O)
                                                      0.101     9.259 r  u_soc/u_lif/q_count[1]_i_37/O
                         net (fo=1, routed)           0.287     9.546    u_soc/u_lif/q_count[1]_i_37_n_0
    SLICE_X75Y33         CARRY8 (Prop_CARRY8_SLICEL_S[0]_O[5])
                                                      0.238     9.784 f  u_soc/u_lif/q_count_reg[1]_i_26/O[5]
                         net (fo=2, routed)           0.186     9.970    u_soc/u_lif/q_count_reg[1]_i_26_n_10
    SLICE_X75Y32         LUT4 (Prop_F6LUT_SLICEL_I0_O)
                                                      0.123    10.093 f  u_soc/u_lif/spike_q[30][1]_i_46/O
                         net (fo=3, routed)           0.171    10.264    u_soc/u_lif/spike_q[30][1]_i_46_n_0
    SLICE_X75Y30         LUT6 (Prop_B6LUT_SLICEL_I5_O)
                                                      0.090    10.354 r  u_soc/u_lif/spike_q[30][1]_i_26/O
                         net (fo=1, routed)           0.009    10.363    u_soc/u_lif/spike_q[30][1]_i_26_n_0
    SLICE_X75Y30         CARRY8 (Prop_CARRY8_SLICEL_S[1]_CO[2])
                                                      0.095    10.458 r  u_soc/u_lif/spike_q_reg[30][1]_i_11/CO[2]
                         net (fo=46, routed)          0.474    10.932    u_soc/u_lif/spike_q_reg[30][1]_i_11_n_5
    SLICE_X76Y20         LUT2 (Prop_D6LUT_SLICEM_I1_O)
                                                      0.122    11.054 r  u_soc/u_lif/spike_q[25][2]_i_10/O
                         net (fo=29, routed)          0.328    11.382    u_soc/u_lif/spike_q[25][2]_i_10_n_0
    SLICE_X76Y32         LUT6 (Prop_F6LUT_SLICEM_I1_O)
                                                      0.098    11.480 r  u_soc/u_lif/wr_ptr[4]_i_59/O
                         net (fo=1, routed)           0.286    11.766    u_soc/u_lif/wr_ptr[4]_i_59_n_0
    SLICE_X76Y31         CARRY8 (Prop_CARRY8_SLICEM_S[0]_O[4])
                                                      0.206    11.972 r  u_soc/u_lif/wr_ptr_reg[4]_i_38/O[4]
                         net (fo=2, routed)           0.155    12.127    u_soc/u_lif/wr_ptr_reg[4]_i_38_n_11
    SLICE_X76Y29         LUT4 (Prop_C5LUT_SLICEM_I0_O)
                                                      0.137    12.264 f  u_soc/u_lif/wr_ptr[4]_i_32/O
                         net (fo=6, routed)           0.277    12.541    u_soc/u_lif/q_count[1]_i_12_n_0
    SLICE_X78Y30         LUT2 (Prop_A6LUT_SLICEL_I0_O)
                                                      0.050    12.591 r  u_soc/u_lif/q_count[1]_i_16/O
                         net (fo=1, routed)           0.009    12.600    u_soc/u_lif/q_count[1]_i_16_n_0
    SLICE_X78Y30         CARRY8 (Prop_CARRY8_SLICEL_S[0]_CO[3])
                                                      0.184    12.784 r  u_soc/u_lif/q_count_reg[1]_i_9/CO[3]
                         net (fo=65, routed)          0.486    13.270    u_soc/u_lif/q_count_reg[1]_i_9_n_4
    SLICE_X74Y20         LUT2 (Prop_A6LUT_SLICEM_I1_O)
                                                      0.053    13.323 r  u_soc/u_lif/spike_q[30][3]_i_28/O
                         net (fo=33, routed)          0.441    13.764    u_soc/u_lif/spike_q[30][3]_i_28_n_0
    SLICE_X79Y30         LUT6 (Prop_B6LUT_SLICEM_I3_O)
                                                      0.089    13.853 r  u_soc/u_lif/wr_ptr[4]_i_27/O
                         net (fo=1, routed)           0.016    13.869    u_soc/u_lif/wr_ptr[4]_i_27_n_0
    SLICE_X79Y30         CARRY8 (Prop_CARRY8_SLICEM_S[1]_CO[3])
                                                      0.184    14.053 r  u_soc/u_lif/wr_ptr_reg[4]_i_13/CO[3]
                         net (fo=54, routed)          0.419    14.472    u_soc/u_lif/wr_ptr_reg[4]_i_13_n_4
    SLICE_X77Y21         LUT2 (Prop_B6LUT_SLICEM_I1_O)
                                                      0.100    14.572 r  u_soc/u_lif/q_count[1]_i_7/O
                         net (fo=44, routed)          0.480    15.051    u_soc/u_lif/q_count[1]_i_7_n_0
    SLICE_X77Y33         LUT6 (Prop_D6LUT_SLICEM_I4_O)
                                                      0.145    15.196 r  u_soc/u_lif/q_count[0]_i_15/O
                         net (fo=1, routed)           0.025    15.221    u_soc/u_lif/q_count[0]_i_15_n_0
    SLICE_X77Y33         CARRY8 (Prop_CARRY8_SLICEM_S[3]_CO[4])
                                                      0.159    15.380 r  u_soc/u_lif/q_count_reg[0]_i_5/CO[4]
                         net (fo=47, routed)          0.409    15.789    u_soc/u_lif/q_count_reg[0]_i_5_n_3
    SLICE_X78Y25         LUT2 (Prop_D6LUT_SLICEL_I1_O)
                                                      0.122    15.911 r  u_soc/u_lif/q_count[1]_i_6/O
                         net (fo=21, routed)          0.243    16.154    u_soc/u_lif/q_count[1]_i_6_n_0
    SLICE_X78Y23         LUT6 (Prop_G6LUT_SLICEL_I5_O)
                                                      0.050    16.204 f  u_soc/u_lif/spike_q[25][1]_i_7/O
                         net (fo=21, routed)          0.162    16.366    u_soc/u_lif/spike_q[25][1]_i_7_n_0
    SLICE_X78Y25         LUT5 (Prop_B5LUT_SLICEL_I3_O)
                                                      0.073    16.439 r  u_soc/u_lif/wr_ptr[4]_i_14/O
                         net (fo=8, routed)           0.276    16.716    u_soc/u_lif/wr_ptr[4]_i_14_n_0
    SLICE_X78Y23         LUT6 (Prop_B6LUT_SLICEL_I3_O)
                                                      0.051    16.767 r  u_soc/u_lif/spike_q[30][2]_i_17/O
                         net (fo=1, routed)           0.009    16.776    u_soc/u_lif/spike_q[30][2]_i_17_n_0
    SLICE_X78Y23         CARRY8 (Prop_CARRY8_SLICEL_S[1]_CO[3])
                                                      0.180    16.956 r  u_soc/u_lif/spike_q_reg[30][2]_i_8/CO[3]
                         net (fo=8, routed)           0.483    17.439    u_soc/u_lif/spike_q_reg[30][2]_i_8_n_4
    SLICE_X81Y6          LUT2 (Prop_C5LUT_SLICEL_I1_O)
                                                      0.068    17.507 r  u_soc/u_lif/spike_q[30][3]_i_11/O
                         net (fo=1, routed)           0.469    17.976    u_soc/u_lif/spike_q[30][3]_i_11_n_0
    SLICE_X76Y18         LUT6 (Prop_B6LUT_SLICEM_I4_O)
                                                      0.125    18.101 r  u_soc/u_lif/spike_q[30][3]_i_3/O
                         net (fo=32, routed)          0.452    18.553    u_soc/u_lif/spike_q[30][3]_i_3_n_0
    SLICE_X81Y6          LUT5 (Prop_D6LUT_SLICEL_I1_O)
                                                      0.146    18.699 r  u_soc/u_lif/spike_q[18][3]_i_1/O
                         net (fo=1, routed)           0.049    18.748    u_soc/u_lif/spike_q[18][3]_i_1_n_0
    SLICE_X81Y6          FDRE                                         r  u_soc/u_lif/spike_q_reg[18][3]/D
  -------------------------------------------------------------------    -------------------

                         (clock clk_mmcm_out rise edge)
                                                     19.998    19.998 r  
    AL8                                               0.000    19.998 r  sys_clk_p (IN)
                         net (fo=0)                   0.079    20.077    u_ibufds/I
    HPIOBDIFFINBUF_X0Y11 DIFFINBUF (Prop_DIFFINBUF_HPIOBDIFFINBUF_DIFF_IN_P_O)
                                                      0.525    20.602 r  u_ibufds/DIFFINBUF_INST/O
                         net (fo=1, routed)           0.040    20.642    u_ibufds/OUT
    AL8                  IBUFCTRL (Prop_IBUFCTRL_HPIOB_M_I_O)
                                                      0.000    20.642 r  u_ibufds/IBUFCTRL_INST/O
                         net (fo=1, routed)           0.293    20.935    sys_clk_ibuf
    BUFGCE_X0Y12         BUFGCE (Prop_BUFCE_BUFGCE_I_O)
                                                      0.024    20.959 r  sys_clk_ibuf_BUFG_inst/O
                         net (fo=1, routed)           1.498    22.457    sys_clk_ibuf_BUFGCE
    MMCM_X0Y3            MMCME4_ADV (Prop_MMCM_CLKIN1_CLKOUT0)
                                                      0.630    23.087 r  u_mmcm/CLKOUT0
                         net (fo=1, routed)           0.215    23.302    clk_mmcm_out
    BUFGCE_X0Y95         BUFGCE (Prop_BUFCE_BUFGCE_I_O)
                                                      0.024    23.326 r  u_bufg/O
    X2Y1 (CLOCK_ROOT)    net (fo=7704, routed)        2.030    25.356    u_soc/u_lif/clk_50m
    SLICE_X81Y6          FDRE                                         r  u_soc/u_lif/spike_q_reg[18][3]/C
                         clock pessimism             -0.255    25.100    
                         clock uncertainty           -0.068    25.032    
    SLICE_X81Y6          FDRE (Setup_DFF_SLICEL_C_D)
                                                      0.025    25.057    u_soc/u_lif/spike_q_reg[18][3]
  -------------------------------------------------------------------
                         required time                         25.057    
                         arrival time                         -18.748    
  -------------------------------------------------------------------
                         slack                                  6.310    

Slack (MET) :             6.327ns  (required time - arrival time)
  Source:                 u_soc/u_cim_ctrl/bitplane_shift_reg[2]/C
                            (rising edge-triggered cell FDPE clocked by clk_mmcm_out  {rise@0.000ns fall@9.999ns period=19.998ns})
  Destination:            u_soc/u_lif/spike_q_reg[23][3]/D
                            (rising edge-triggered cell FDRE clocked by clk_mmcm_out  {rise@0.000ns fall@9.999ns period=19.998ns})
  Path Group:             clk_mmcm_out
  Path Type:              Setup (Max at Slow Process Corner)
  Requirement:            19.998ns  (clk_mmcm_out rise@19.998ns - clk_mmcm_out rise@0.000ns)
  Data Path Delay:        13.565ns  (logic 4.119ns (30.365%)  route 9.446ns (69.635%))
  Logic Levels:           36  (CARRY8=13 LUT2=7 LUT4=5 LUT5=2 LUT6=9)
  Clock Path Skew:        -0.063ns (DCD - SCD + CPR)
    Destination Clock Delay (DCD):    5.349ns = ( 25.347 - 19.998 ) 
    Source Clock Delay      (SCD):    5.156ns
    Clock Pessimism Removal (CPR):    -0.255ns
  Clock Uncertainty:      0.068ns  ((TSJ^2 + DJ^2)^1/2) / 2 + PE
    Total System Jitter     (TSJ):    0.071ns
    Discrete Jitter          (DJ):    0.116ns
    Phase Error              (PE):    0.000ns
  Clock Net Delay (Source):      2.195ns (routing 1.189ns, distribution 1.006ns)
  Clock Net Delay (Destination): 2.021ns (routing 1.082ns, distribution 0.939ns)

    Location             Delay type                Incr(ns)  Path(ns)    Netlist Resource(s)
  -------------------------------------------------------------------    -------------------
                         (clock clk_mmcm_out rise edge)
                                                      0.000     0.000 r  
    AL8                                               0.000     0.000 r  sys_clk_p (IN)
                         net (fo=0)                   0.100     0.100    u_ibufds/I
    HPIOBDIFFINBUF_X0Y11 DIFFINBUF (Prop_DIFFINBUF_HPIOBDIFFINBUF_DIFF_IN_P_O)
                                                      0.634     0.734 r  u_ibufds/DIFFINBUF_INST/O
                         net (fo=1, routed)           0.050     0.784    u_ibufds/OUT
    AL8                  IBUFCTRL (Prop_IBUFCTRL_HPIOB_M_I_O)
                                                      0.000     0.784 r  u_ibufds/IBUFCTRL_INST/O
                         net (fo=1, routed)           0.332     1.116    sys_clk_ibuf
    BUFGCE_X0Y12         BUFGCE (Prop_BUFCE_BUFGCE_I_O)
                                                      0.028     1.144 r  sys_clk_ibuf_BUFG_inst/O
                         net (fo=1, routed)           1.671     2.815    sys_clk_ibuf_BUFGCE
    MMCM_X0Y3            MMCME4_ADV (Prop_MMCM_CLKIN1_CLKOUT0)
                                                     -0.127     2.688 r  u_mmcm/CLKOUT0
                         net (fo=1, routed)           0.245     2.933    clk_mmcm_out
    BUFGCE_X0Y95         BUFGCE (Prop_BUFCE_BUFGCE_I_O)
                                                      0.028     2.961 r  u_bufg/O
    X2Y1 (CLOCK_ROOT)    net (fo=7704, routed)        2.195     5.156    u_soc/u_cim_ctrl/clk_50m
    SLICE_X74Y105        FDPE                                         r  u_soc/u_cim_ctrl/bitplane_shift_reg[2]/C
  -------------------------------------------------------------------    -------------------
    SLICE_X74Y105        FDPE (Prop_FFF_SLICEM_C_Q)
                                                      0.076     5.232 f  u_soc/u_cim_ctrl/bitplane_shift_reg[2]/Q
                         net (fo=163, routed)         0.633     5.866    u_soc/u_adc/membrane[9][7]_i_9[2]
    SLICE_X67Y101        LUT4 (Prop_B5LUT_SLICEM_I3_O)
                                                      0.116     5.982 r  u_soc/u_adc/membrane[0][7]_i_24/O
                         net (fo=2, routed)           0.131     6.112    u_soc/u_adc/neuron_in_data_reg[0][0]_0
    SLICE_X67Y102        LUT4 (Prop_D6LUT_SLICEM_I3_O)
                                                      0.088     6.200 r  u_soc/u_adc/membrane[0][7]_i_8/O
                         net (fo=1, routed)           0.025     6.225    u_soc/u_lif/membrane_reg[0][7]_0[3]
    SLICE_X67Y102        CARRY8 (Prop_CARRY8_SLICEM_S[3]_CO[7])
                                                      0.163     6.388 r  u_soc/u_lif/membrane_reg[0][7]_i_2/CO[7]
                         net (fo=1, routed)           0.026     6.414    u_soc/u_lif/membrane_reg[0][7]_i_2_n_0
    SLICE_X67Y103        CARRY8 (Prop_CARRY8_SLICEM_CI_CO[7])
                                                      0.015     6.429 r  u_soc/u_lif/membrane_reg[0][15]_i_2/CO[7]
                         net (fo=1, routed)           0.026     6.455    u_soc/u_lif/membrane_reg[0][15]_i_2_n_0
    SLICE_X67Y104        CARRY8 (Prop_CARRY8_SLICEM_CI_CO[7])
                                                      0.015     6.470 r  u_soc/u_lif/membrane_reg[0][23]_i_2/CO[7]
                         net (fo=1, routed)           0.026     6.496    u_soc/u_lif/membrane_reg[0][23]_i_2_n_0
    SLICE_X67Y105        CARRY8 (Prop_CARRY8_SLICEM_CI_O[3])
                                                      0.082     6.578 f  u_soc/u_lif/membrane_reg[0][31]_i_3/O[3]
                         net (fo=5, routed)           0.322     6.900    u_soc/u_lif/lif_ff.temp_count2[27]
    SLICE_X65Y104        LUT2 (Prop_F6LUT_SLICEL_I0_O)
                                                      0.148     7.048 r  u_soc/u_lif/membrane[0][31]_i_25/O
                         net (fo=1, routed)           0.011     7.059    u_soc/u_lif/membrane[0][31]_i_25_n_0
    SLICE_X65Y104        CARRY8 (Prop_CARRY8_SLICEL_S[5]_CO[7])
                                                      0.162     7.221 r  u_soc/u_lif/membrane_reg[0][31]_i_4/CO[7]
                         net (fo=39, routed)          1.181     8.402    u_soc/u_lif/neuron_threshold_reg[16]_7[0]
    SLICE_X74Y33         LUT5 (Prop_F6LUT_SLICEM_I4_O)
                                                      0.123     8.525 r  u_soc/u_lif/spike_q[15][0]_i_12/O
                         net (fo=30, routed)          0.220     8.745    u_soc/u_lif/spike_q[15][0]_i_12_n_0
    SLICE_X76Y34         LUT4 (Prop_A6LUT_SLICEM_I1_O)
                                                      0.090     8.835 r  u_soc/u_lif/spike_q[15][0]_i_15/O
                         net (fo=1, routed)           0.013     8.848    u_soc/u_lif/spike_q[15][0]_i_15_n_0
    SLICE_X76Y34         CARRY8 (Prop_CARRY8_SLICEM_S[0]_CO[1])
                                                      0.109     8.957 r  u_soc/u_lif/spike_q_reg[15][0]_i_10/CO[1]
                         net (fo=58, routed)          0.201     9.158    u_soc/u_lif/spike_q_reg[15][0]_i_10_n_6
    SLICE_X76Y34         LUT6 (Prop_H6LUT_SLICEM_I2_O)
                                                      0.101     9.259 r  u_soc/u_lif/q_count[1]_i_37/O
                         net (fo=1, routed)           0.287     9.546    u_soc/u_lif/q_count[1]_i_37_n_0
    SLICE_X75Y33         CARRY8 (Prop_CARRY8_SLICEL_S[0]_O[5])
                                                      0.238     9.784 f  u_soc/u_lif/q_count_reg[1]_i_26/O[5]
                         net (fo=2, routed)           0.186     9.970    u_soc/u_lif/q_count_reg[1]_i_26_n_10
    SLICE_X75Y32         LUT4 (Prop_F6LUT_SLICEL_I0_O)
                                                      0.123    10.093 f  u_soc/u_lif/spike_q[30][1]_i_46/O
                         net (fo=3, routed)           0.171    10.264    u_soc/u_lif/spike_q[30][1]_i_46_n_0
    SLICE_X75Y30         LUT6 (Prop_B6LUT_SLICEL_I5_O)
                                                      0.090    10.354 r  u_soc/u_lif/spike_q[30][1]_i_26/O
                         net (fo=1, routed)           0.009    10.363    u_soc/u_lif/spike_q[30][1]_i_26_n_0
    SLICE_X75Y30         CARRY8 (Prop_CARRY8_SLICEL_S[1]_CO[2])
                                                      0.095    10.458 r  u_soc/u_lif/spike_q_reg[30][1]_i_11/CO[2]
                         net (fo=46, routed)          0.474    10.932    u_soc/u_lif/spike_q_reg[30][1]_i_11_n_5
    SLICE_X76Y20         LUT2 (Prop_D6LUT_SLICEM_I1_O)
                                                      0.122    11.054 r  u_soc/u_lif/spike_q[25][2]_i_10/O
                         net (fo=29, routed)          0.328    11.382    u_soc/u_lif/spike_q[25][2]_i_10_n_0
    SLICE_X76Y32         LUT6 (Prop_F6LUT_SLICEM_I1_O)
                                                      0.098    11.480 r  u_soc/u_lif/wr_ptr[4]_i_59/O
                         net (fo=1, routed)           0.286    11.766    u_soc/u_lif/wr_ptr[4]_i_59_n_0
    SLICE_X76Y31         CARRY8 (Prop_CARRY8_SLICEM_S[0]_O[4])
                                                      0.206    11.972 r  u_soc/u_lif/wr_ptr_reg[4]_i_38/O[4]
                         net (fo=2, routed)           0.155    12.127    u_soc/u_lif/wr_ptr_reg[4]_i_38_n_11
    SLICE_X76Y29         LUT4 (Prop_C5LUT_SLICEM_I0_O)
                                                      0.137    12.264 f  u_soc/u_lif/wr_ptr[4]_i_32/O
                         net (fo=6, routed)           0.277    12.541    u_soc/u_lif/q_count[1]_i_12_n_0
    SLICE_X78Y30         LUT2 (Prop_A6LUT_SLICEL_I0_O)
                                                      0.050    12.591 r  u_soc/u_lif/q_count[1]_i_16/O
                         net (fo=1, routed)           0.009    12.600    u_soc/u_lif/q_count[1]_i_16_n_0
    SLICE_X78Y30         CARRY8 (Prop_CARRY8_SLICEL_S[0]_CO[3])
                                                      0.184    12.784 r  u_soc/u_lif/q_count_reg[1]_i_9/CO[3]
                         net (fo=65, routed)          0.486    13.270    u_soc/u_lif/q_count_reg[1]_i_9_n_4
    SLICE_X74Y20         LUT2 (Prop_A6LUT_SLICEM_I1_O)
                                                      0.053    13.323 r  u_soc/u_lif/spike_q[30][3]_i_28/O
                         net (fo=33, routed)          0.441    13.764    u_soc/u_lif/spike_q[30][3]_i_28_n_0
    SLICE_X79Y30         LUT6 (Prop_B6LUT_SLICEM_I3_O)
                                                      0.089    13.853 r  u_soc/u_lif/wr_ptr[4]_i_27/O
                         net (fo=1, routed)           0.016    13.869    u_soc/u_lif/wr_ptr[4]_i_27_n_0
    SLICE_X79Y30         CARRY8 (Prop_CARRY8_SLICEM_S[1]_CO[3])
                                                      0.184    14.053 r  u_soc/u_lif/wr_ptr_reg[4]_i_13/CO[3]
                         net (fo=54, routed)          0.419    14.472    u_soc/u_lif/wr_ptr_reg[4]_i_13_n_4
    SLICE_X77Y21         LUT2 (Prop_B6LUT_SLICEM_I1_O)
                                                      0.100    14.572 r  u_soc/u_lif/q_count[1]_i_7/O
                         net (fo=44, routed)          0.480    15.051    u_soc/u_lif/q_count[1]_i_7_n_0
    SLICE_X77Y33         LUT6 (Prop_D6LUT_SLICEM_I4_O)
                                                      0.145    15.196 r  u_soc/u_lif/q_count[0]_i_15/O
                         net (fo=1, routed)           0.025    15.221    u_soc/u_lif/q_count[0]_i_15_n_0
    SLICE_X77Y33         CARRY8 (Prop_CARRY8_SLICEM_S[3]_CO[4])
                                                      0.159    15.380 r  u_soc/u_lif/q_count_reg[0]_i_5/CO[4]
                         net (fo=47, routed)          0.409    15.789    u_soc/u_lif/q_count_reg[0]_i_5_n_3
    SLICE_X78Y25         LUT2 (Prop_D6LUT_SLICEL_I1_O)
                                                      0.122    15.911 r  u_soc/u_lif/q_count[1]_i_6/O
                         net (fo=21, routed)          0.243    16.154    u_soc/u_lif/q_count[1]_i_6_n_0
    SLICE_X78Y23         LUT6 (Prop_G6LUT_SLICEL_I5_O)
                                                      0.050    16.204 f  u_soc/u_lif/spike_q[25][1]_i_7/O
                         net (fo=21, routed)          0.162    16.366    u_soc/u_lif/spike_q[25][1]_i_7_n_0
    SLICE_X78Y25         LUT5 (Prop_B5LUT_SLICEL_I3_O)
                                                      0.073    16.439 r  u_soc/u_lif/wr_ptr[4]_i_14/O
                         net (fo=8, routed)           0.276    16.716    u_soc/u_lif/wr_ptr[4]_i_14_n_0
    SLICE_X78Y23         LUT6 (Prop_B6LUT_SLICEL_I3_O)
                                                      0.051    16.767 r  u_soc/u_lif/spike_q[30][2]_i_17/O
                         net (fo=1, routed)           0.009    16.776    u_soc/u_lif/spike_q[30][2]_i_17_n_0
    SLICE_X78Y23         CARRY8 (Prop_CARRY8_SLICEL_S[1]_CO[3])
                                                      0.180    16.956 r  u_soc/u_lif/spike_q_reg[30][2]_i_8/CO[3]
                         net (fo=8, routed)           0.483    17.439    u_soc/u_lif/spike_q_reg[30][2]_i_8_n_4
    SLICE_X81Y6          LUT2 (Prop_C5LUT_SLICEL_I1_O)
                                                      0.068    17.507 r  u_soc/u_lif/spike_q[30][3]_i_11/O
                         net (fo=1, routed)           0.469    17.976    u_soc/u_lif/spike_q[30][3]_i_11_n_0
    SLICE_X76Y18         LUT6 (Prop_B6LUT_SLICEM_I4_O)
                                                      0.125    18.101 r  u_soc/u_lif/spike_q[30][3]_i_3/O
                         net (fo=32, routed)          0.473    18.573    u_soc/u_lif/spike_q[30][3]_i_3_n_0
    SLICE_X79Y8          LUT6 (Prop_B6LUT_SLICEM_I2_O)
                                                      0.089    18.662 r  u_soc/u_lif/spike_q[23][3]_i_1/O
                         net (fo=1, routed)           0.059    18.721    u_soc/u_lif/spike_q[23][3]_i_1_n_0
    SLICE_X79Y8          FDRE                                         r  u_soc/u_lif/spike_q_reg[23][3]/D
  -------------------------------------------------------------------    -------------------

                         (clock clk_mmcm_out rise edge)
                                                     19.998    19.998 r  
    AL8                                               0.000    19.998 r  sys_clk_p (IN)
                         net (fo=0)                   0.079    20.077    u_ibufds/I
    HPIOBDIFFINBUF_X0Y11 DIFFINBUF (Prop_DIFFINBUF_HPIOBDIFFINBUF_DIFF_IN_P_O)
                                                      0.525    20.602 r  u_ibufds/DIFFINBUF_INST/O
                         net (fo=1, routed)           0.040    20.642    u_ibufds/OUT
    AL8                  IBUFCTRL (Prop_IBUFCTRL_HPIOB_M_I_O)
                                                      0.000    20.642 r  u_ibufds/IBUFCTRL_INST/O
                         net (fo=1, routed)           0.293    20.935    sys_clk_ibuf
    BUFGCE_X0Y12         BUFGCE (Prop_BUFCE_BUFGCE_I_O)
                                                      0.024    20.959 r  sys_clk_ibuf_BUFG_inst/O
                         net (fo=1, routed)           1.498    22.457    sys_clk_ibuf_BUFGCE
    MMCM_X0Y3            MMCME4_ADV (Prop_MMCM_CLKIN1_CLKOUT0)
                                                      0.630    23.087 r  u_mmcm/CLKOUT0
                         net (fo=1, routed)           0.215    23.302    clk_mmcm_out
    BUFGCE_X0Y95         BUFGCE (Prop_BUFCE_BUFGCE_I_O)
                                                      0.024    23.326 r  u_bufg/O
    X2Y1 (CLOCK_ROOT)    net (fo=7704, routed)        2.021    25.347    u_soc/u_lif/clk_50m
    SLICE_X79Y8          FDRE                                         r  u_soc/u_lif/spike_q_reg[23][3]/C
                         clock pessimism             -0.255    25.091    
                         clock uncertainty           -0.068    25.023    
    SLICE_X79Y8          FDRE (Setup_BFF_SLICEM_C_D)
                                                      0.025    25.048    u_soc/u_lif/spike_q_reg[23][3]
  -------------------------------------------------------------------
                         required time                         25.048    
                         arrival time                         -18.721    
  -------------------------------------------------------------------
                         slack                                  6.327    

Slack (MET) :             6.344ns  (required time - arrival time)
  Source:                 u_soc/u_cim_ctrl/bitplane_shift_reg[2]/C
                            (rising edge-triggered cell FDPE clocked by clk_mmcm_out  {rise@0.000ns fall@9.999ns period=19.998ns})
  Destination:            u_soc/u_lif/spike_q_reg[24][3]/D
                            (rising edge-triggered cell FDRE clocked by clk_mmcm_out  {rise@0.000ns fall@9.999ns period=19.998ns})
  Path Group:             clk_mmcm_out
  Path Type:              Setup (Max at Slow Process Corner)
  Requirement:            19.998ns  (clk_mmcm_out rise@19.998ns - clk_mmcm_out rise@0.000ns)
  Data Path Delay:        13.557ns  (logic 4.127ns (30.441%)  route 9.430ns (69.559%))
  Logic Levels:           36  (CARRY8=13 LUT2=7 LUT4=6 LUT5=2 LUT6=8)
  Clock Path Skew:        -0.054ns (DCD - SCD + CPR)
    Destination Clock Delay (DCD):    5.358ns = ( 25.356 - 19.998 ) 
    Source Clock Delay      (SCD):    5.156ns
    Clock Pessimism Removal (CPR):    -0.255ns
  Clock Uncertainty:      0.068ns  ((TSJ^2 + DJ^2)^1/2) / 2 + PE
    Total System Jitter     (TSJ):    0.071ns
    Discrete Jitter          (DJ):    0.116ns
    Phase Error              (PE):    0.000ns
  Clock Net Delay (Source):      2.195ns (routing 1.189ns, distribution 1.006ns)
  Clock Net Delay (Destination): 2.030ns (routing 1.082ns, distribution 0.948ns)

    Location             Delay type                Incr(ns)  Path(ns)    Netlist Resource(s)
  -------------------------------------------------------------------    -------------------
                         (clock clk_mmcm_out rise edge)
                                                      0.000     0.000 r  
    AL8                                               0.000     0.000 r  sys_clk_p (IN)
                         net (fo=0)                   0.100     0.100    u_ibufds/I
    HPIOBDIFFINBUF_X0Y11 DIFFINBUF (Prop_DIFFINBUF_HPIOBDIFFINBUF_DIFF_IN_P_O)
                                                      0.634     0.734 r  u_ibufds/DIFFINBUF_INST/O
                         net (fo=1, routed)           0.050     0.784    u_ibufds/OUT
    AL8                  IBUFCTRL (Prop_IBUFCTRL_HPIOB_M_I_O)
                                                      0.000     0.784 r  u_ibufds/IBUFCTRL_INST/O
                         net (fo=1, routed)           0.332     1.116    sys_clk_ibuf
    BUFGCE_X0Y12         BUFGCE (Prop_BUFCE_BUFGCE_I_O)
                                                      0.028     1.144 r  sys_clk_ibuf_BUFG_inst/O
                         net (fo=1, routed)           1.671     2.815    sys_clk_ibuf_BUFGCE
    MMCM_X0Y3            MMCME4_ADV (Prop_MMCM_CLKIN1_CLKOUT0)
                                                     -0.127     2.688 r  u_mmcm/CLKOUT0
                         net (fo=1, routed)           0.245     2.933    clk_mmcm_out
    BUFGCE_X0Y95         BUFGCE (Prop_BUFCE_BUFGCE_I_O)
                                                      0.028     2.961 r  u_bufg/O
    X2Y1 (CLOCK_ROOT)    net (fo=7704, routed)        2.195     5.156    u_soc/u_cim_ctrl/clk_50m
    SLICE_X74Y105        FDPE                                         r  u_soc/u_cim_ctrl/bitplane_shift_reg[2]/C
  -------------------------------------------------------------------    -------------------
    SLICE_X74Y105        FDPE (Prop_FFF_SLICEM_C_Q)
                                                      0.076     5.232 f  u_soc/u_cim_ctrl/bitplane_shift_reg[2]/Q
                         net (fo=163, routed)         0.633     5.866    u_soc/u_adc/membrane[9][7]_i_9[2]
    SLICE_X67Y101        LUT4 (Prop_B5LUT_SLICEM_I3_O)
                                                      0.116     5.982 r  u_soc/u_adc/membrane[0][7]_i_24/O
                         net (fo=2, routed)           0.131     6.112    u_soc/u_adc/neuron_in_data_reg[0][0]_0
    SLICE_X67Y102        LUT4 (Prop_D6LUT_SLICEM_I3_O)
                                                      0.088     6.200 r  u_soc/u_adc/membrane[0][7]_i_8/O
                         net (fo=1, routed)           0.025     6.225    u_soc/u_lif/membrane_reg[0][7]_0[3]
    SLICE_X67Y102        CARRY8 (Prop_CARRY8_SLICEM_S[3]_CO[7])
                                                      0.163     6.388 r  u_soc/u_lif/membrane_reg[0][7]_i_2/CO[7]
                         net (fo=1, routed)           0.026     6.414    u_soc/u_lif/membrane_reg[0][7]_i_2_n_0
    SLICE_X67Y103        CARRY8 (Prop_CARRY8_SLICEM_CI_CO[7])
                                                      0.015     6.429 r  u_soc/u_lif/membrane_reg[0][15]_i_2/CO[7]
                         net (fo=1, routed)           0.026     6.455    u_soc/u_lif/membrane_reg[0][15]_i_2_n_0
    SLICE_X67Y104        CARRY8 (Prop_CARRY8_SLICEM_CI_CO[7])
                                                      0.015     6.470 r  u_soc/u_lif/membrane_reg[0][23]_i_2/CO[7]
                         net (fo=1, routed)           0.026     6.496    u_soc/u_lif/membrane_reg[0][23]_i_2_n_0
    SLICE_X67Y105        CARRY8 (Prop_CARRY8_SLICEM_CI_O[3])
                                                      0.082     6.578 f  u_soc/u_lif/membrane_reg[0][31]_i_3/O[3]
                         net (fo=5, routed)           0.322     6.900    u_soc/u_lif/lif_ff.temp_count2[27]
    SLICE_X65Y104        LUT2 (Prop_F6LUT_SLICEL_I0_O)
                                                      0.148     7.048 r  u_soc/u_lif/membrane[0][31]_i_25/O
                         net (fo=1, routed)           0.011     7.059    u_soc/u_lif/membrane[0][31]_i_25_n_0
    SLICE_X65Y104        CARRY8 (Prop_CARRY8_SLICEL_S[5]_CO[7])
                                                      0.162     7.221 r  u_soc/u_lif/membrane_reg[0][31]_i_4/CO[7]
                         net (fo=39, routed)          1.181     8.402    u_soc/u_lif/neuron_threshold_reg[16]_7[0]
    SLICE_X74Y33         LUT5 (Prop_F6LUT_SLICEM_I4_O)
                                                      0.123     8.525 r  u_soc/u_lif/spike_q[15][0]_i_12/O
                         net (fo=30, routed)          0.220     8.745    u_soc/u_lif/spike_q[15][0]_i_12_n_0
    SLICE_X76Y34         LUT4 (Prop_A6LUT_SLICEM_I1_O)
                                                      0.090     8.835 r  u_soc/u_lif/spike_q[15][0]_i_15/O
                         net (fo=1, routed)           0.013     8.848    u_soc/u_lif/spike_q[15][0]_i_15_n_0
    SLICE_X76Y34         CARRY8 (Prop_CARRY8_SLICEM_S[0]_CO[1])
                                                      0.109     8.957 r  u_soc/u_lif/spike_q_reg[15][0]_i_10/CO[1]
                         net (fo=58, routed)          0.201     9.158    u_soc/u_lif/spike_q_reg[15][0]_i_10_n_6
    SLICE_X76Y34         LUT6 (Prop_H6LUT_SLICEM_I2_O)
                                                      0.101     9.259 r  u_soc/u_lif/q_count[1]_i_37/O
                         net (fo=1, routed)           0.287     9.546    u_soc/u_lif/q_count[1]_i_37_n_0
    SLICE_X75Y33         CARRY8 (Prop_CARRY8_SLICEL_S[0]_O[5])
                                                      0.238     9.784 f  u_soc/u_lif/q_count_reg[1]_i_26/O[5]
                         net (fo=2, routed)           0.186     9.970    u_soc/u_lif/q_count_reg[1]_i_26_n_10
    SLICE_X75Y32         LUT4 (Prop_F6LUT_SLICEL_I0_O)
                                                      0.123    10.093 f  u_soc/u_lif/spike_q[30][1]_i_46/O
                         net (fo=3, routed)           0.171    10.264    u_soc/u_lif/spike_q[30][1]_i_46_n_0
    SLICE_X75Y30         LUT6 (Prop_B6LUT_SLICEL_I5_O)
                                                      0.090    10.354 r  u_soc/u_lif/spike_q[30][1]_i_26/O
                         net (fo=1, routed)           0.009    10.363    u_soc/u_lif/spike_q[30][1]_i_26_n_0
    SLICE_X75Y30         CARRY8 (Prop_CARRY8_SLICEL_S[1]_CO[2])
                                                      0.095    10.458 r  u_soc/u_lif/spike_q_reg[30][1]_i_11/CO[2]
                         net (fo=46, routed)          0.474    10.932    u_soc/u_lif/spike_q_reg[30][1]_i_11_n_5
    SLICE_X76Y20         LUT2 (Prop_D6LUT_SLICEM_I1_O)
                                                      0.122    11.054 r  u_soc/u_lif/spike_q[25][2]_i_10/O
                         net (fo=29, routed)          0.328    11.382    u_soc/u_lif/spike_q[25][2]_i_10_n_0
    SLICE_X76Y32         LUT6 (Prop_F6LUT_SLICEM_I1_O)
                                                      0.098    11.480 r  u_soc/u_lif/wr_ptr[4]_i_59/O
                         net (fo=1, routed)           0.286    11.766    u_soc/u_lif/wr_ptr[4]_i_59_n_0
    SLICE_X76Y31         CARRY8 (Prop_CARRY8_SLICEM_S[0]_O[4])
                                                      0.206    11.972 r  u_soc/u_lif/wr_ptr_reg[4]_i_38/O[4]
                         net (fo=2, routed)           0.155    12.127    u_soc/u_lif/wr_ptr_reg[4]_i_38_n_11
    SLICE_X76Y29         LUT4 (Prop_C5LUT_SLICEM_I0_O)
                                                      0.137    12.264 f  u_soc/u_lif/wr_ptr[4]_i_32/O
                         net (fo=6, routed)           0.277    12.541    u_soc/u_lif/q_count[1]_i_12_n_0
    SLICE_X78Y30         LUT2 (Prop_A6LUT_SLICEL_I0_O)
                                                      0.050    12.591 r  u_soc/u_lif/q_count[1]_i_16/O
                         net (fo=1, routed)           0.009    12.600    u_soc/u_lif/q_count[1]_i_16_n_0
    SLICE_X78Y30         CARRY8 (Prop_CARRY8_SLICEL_S[0]_CO[3])
                                                      0.184    12.784 r  u_soc/u_lif/q_count_reg[1]_i_9/CO[3]
                         net (fo=65, routed)          0.486    13.270    u_soc/u_lif/q_count_reg[1]_i_9_n_4
    SLICE_X74Y20         LUT2 (Prop_A6LUT_SLICEM_I1_O)
                                                      0.053    13.323 r  u_soc/u_lif/spike_q[30][3]_i_28/O
                         net (fo=33, routed)          0.441    13.764    u_soc/u_lif/spike_q[30][3]_i_28_n_0
    SLICE_X79Y30         LUT6 (Prop_B6LUT_SLICEM_I3_O)
                                                      0.089    13.853 r  u_soc/u_lif/wr_ptr[4]_i_27/O
                         net (fo=1, routed)           0.016    13.869    u_soc/u_lif/wr_ptr[4]_i_27_n_0
    SLICE_X79Y30         CARRY8 (Prop_CARRY8_SLICEM_S[1]_CO[3])
                                                      0.184    14.053 r  u_soc/u_lif/wr_ptr_reg[4]_i_13/CO[3]
                         net (fo=54, routed)          0.419    14.472    u_soc/u_lif/wr_ptr_reg[4]_i_13_n_4
    SLICE_X77Y21         LUT2 (Prop_B6LUT_SLICEM_I1_O)
                                                      0.100    14.572 r  u_soc/u_lif/q_count[1]_i_7/O
                         net (fo=44, routed)          0.480    15.051    u_soc/u_lif/q_count[1]_i_7_n_0
    SLICE_X77Y33         LUT6 (Prop_D6LUT_SLICEM_I4_O)
                                                      0.145    15.196 r  u_soc/u_lif/q_count[0]_i_15/O
                         net (fo=1, routed)           0.025    15.221    u_soc/u_lif/q_count[0]_i_15_n_0
    SLICE_X77Y33         CARRY8 (Prop_CARRY8_SLICEM_S[3]_CO[4])
                                                      0.159    15.380 r  u_soc/u_lif/q_count_reg[0]_i_5/CO[4]
                         net (fo=47, routed)          0.409    15.789    u_soc/u_lif/q_count_reg[0]_i_5_n_3
    SLICE_X78Y25         LUT2 (Prop_D6LUT_SLICEL_I1_O)
                                                      0.122    15.911 r  u_soc/u_lif/q_count[1]_i_6/O
                         net (fo=21, routed)          0.243    16.154    u_soc/u_lif/q_count[1]_i_6_n_0
    SLICE_X78Y23         LUT6 (Prop_G6LUT_SLICEL_I5_O)
                                                      0.050    16.204 f  u_soc/u_lif/spike_q[25][1]_i_7/O
                         net (fo=21, routed)          0.162    16.366    u_soc/u_lif/spike_q[25][1]_i_7_n_0
    SLICE_X78Y25         LUT5 (Prop_B5LUT_SLICEL_I3_O)
                                                      0.073    16.439 r  u_soc/u_lif/wr_ptr[4]_i_14/O
                         net (fo=8, routed)           0.276    16.716    u_soc/u_lif/wr_ptr[4]_i_14_n_0
    SLICE_X78Y23         LUT6 (Prop_B6LUT_SLICEL_I3_O)
                                                      0.051    16.767 r  u_soc/u_lif/spike_q[30][2]_i_17/O
                         net (fo=1, routed)           0.009    16.776    u_soc/u_lif/spike_q[30][2]_i_17_n_0
    SLICE_X78Y23         CARRY8 (Prop_CARRY8_SLICEL_S[1]_CO[3])
                                                      0.180    16.956 r  u_soc/u_lif/spike_q_reg[30][2]_i_8/CO[3]
                         net (fo=8, routed)           0.483    17.439    u_soc/u_lif/spike_q_reg[30][2]_i_8_n_4
    SLICE_X81Y6          LUT2 (Prop_C5LUT_SLICEL_I1_O)
                                                      0.068    17.507 r  u_soc/u_lif/spike_q[30][3]_i_11/O
                         net (fo=1, routed)           0.469    17.976    u_soc/u_lif/spike_q[30][3]_i_11_n_0
    SLICE_X76Y18         LUT6 (Prop_B6LUT_SLICEM_I4_O)
                                                      0.125    18.101 r  u_soc/u_lif/spike_q[30][3]_i_3/O
                         net (fo=32, routed)          0.468    18.569    u_soc/u_lif/spike_q[30][3]_i_3_n_0
    SLICE_X81Y12         LUT4 (Prop_G6LUT_SLICEL_I1_O)
                                                      0.097    18.666 r  u_soc/u_lif/spike_q[24][3]_i_1/O
                         net (fo=1, routed)           0.048    18.714    u_soc/u_lif/spike_q[24][3]_i_1_n_0
    SLICE_X81Y12         FDRE                                         r  u_soc/u_lif/spike_q_reg[24][3]/D
  -------------------------------------------------------------------    -------------------

                         (clock clk_mmcm_out rise edge)
                                                     19.998    19.998 r  
    AL8                                               0.000    19.998 r  sys_clk_p (IN)
                         net (fo=0)                   0.079    20.077    u_ibufds/I
    HPIOBDIFFINBUF_X0Y11 DIFFINBUF (Prop_DIFFINBUF_HPIOBDIFFINBUF_DIFF_IN_P_O)
                                                      0.525    20.602 r  u_ibufds/DIFFINBUF_INST/O
                         net (fo=1, routed)           0.040    20.642    u_ibufds/OUT
    AL8                  IBUFCTRL (Prop_IBUFCTRL_HPIOB_M_I_O)
                                                      0.000    20.642 r  u_ibufds/IBUFCTRL_INST/O
                         net (fo=1, routed)           0.293    20.935    sys_clk_ibuf
    BUFGCE_X0Y12         BUFGCE (Prop_BUFCE_BUFGCE_I_O)
                                                      0.024    20.959 r  sys_clk_ibuf_BUFG_inst/O
                         net (fo=1, routed)           1.498    22.457    sys_clk_ibuf_BUFGCE
    MMCM_X0Y3            MMCME4_ADV (Prop_MMCM_CLKIN1_CLKOUT0)
                                                      0.630    23.087 r  u_mmcm/CLKOUT0
                         net (fo=1, routed)           0.215    23.302    clk_mmcm_out
    BUFGCE_X0Y95         BUFGCE (Prop_BUFCE_BUFGCE_I_O)
                                                      0.024    23.326 r  u_bufg/O
    X2Y1 (CLOCK_ROOT)    net (fo=7704, routed)        2.030    25.356    u_soc/u_lif/clk_50m
    SLICE_X81Y12         FDRE                                         r  u_soc/u_lif/spike_q_reg[24][3]/C
                         clock pessimism             -0.255    25.100    
                         clock uncertainty           -0.068    25.032    
    SLICE_X81Y12         FDRE (Setup_GFF_SLICEL_C_D)
                                                      0.025    25.057    u_soc/u_lif/spike_q_reg[24][3]
  -------------------------------------------------------------------
                         required time                         25.057    
                         arrival time                         -18.714    
  -------------------------------------------------------------------
                         slack                                  6.344    

Slack (MET) :             6.353ns  (required time - arrival time)
  Source:                 u_soc/u_cim_ctrl/bitplane_shift_reg[2]/C
                            (rising edge-triggered cell FDPE clocked by clk_mmcm_out  {rise@0.000ns fall@9.999ns period=19.998ns})
  Destination:            u_soc/u_lif/spike_q_reg[16][3]/D
                            (rising edge-triggered cell FDRE clocked by clk_mmcm_out  {rise@0.000ns fall@9.999ns period=19.998ns})
  Path Group:             clk_mmcm_out
  Path Type:              Setup (Max at Slow Process Corner)
  Requirement:            19.998ns  (clk_mmcm_out rise@19.998ns - clk_mmcm_out rise@0.000ns)
  Data Path Delay:        13.567ns  (logic 4.082ns (30.089%)  route 9.485ns (69.911%))
  Logic Levels:           36  (CARRY8=13 LUT2=7 LUT4=6 LUT5=2 LUT6=8)
  Clock Path Skew:        -0.035ns (DCD - SCD + CPR)
    Destination Clock Delay (DCD):    5.376ns = ( 25.374 - 19.998 ) 
    Source Clock Delay      (SCD):    5.156ns
    Clock Pessimism Removal (CPR):    -0.255ns
  Clock Uncertainty:      0.068ns  ((TSJ^2 + DJ^2)^1/2) / 2 + PE
    Total System Jitter     (TSJ):    0.071ns
    Discrete Jitter          (DJ):    0.116ns
    Phase Error              (PE):    0.000ns
  Clock Net Delay (Source):      2.195ns (routing 1.189ns, distribution 1.006ns)
  Clock Net Delay (Destination): 2.049ns (routing 1.082ns, distribution 0.967ns)

    Location             Delay type                Incr(ns)  Path(ns)    Netlist Resource(s)
  -------------------------------------------------------------------    -------------------
                         (clock clk_mmcm_out rise edge)
                                                      0.000     0.000 r  
    AL8                                               0.000     0.000 r  sys_clk_p (IN)
                         net (fo=0)                   0.100     0.100    u_ibufds/I
    HPIOBDIFFINBUF_X0Y11 DIFFINBUF (Prop_DIFFINBUF_HPIOBDIFFINBUF_DIFF_IN_P_O)
                                                      0.634     0.734 r  u_ibufds/DIFFINBUF_INST/O
                         net (fo=1, routed)           0.050     0.784    u_ibufds/OUT
    AL8                  IBUFCTRL (Prop_IBUFCTRL_HPIOB_M_I_O)
                                                      0.000     0.784 r  u_ibufds/IBUFCTRL_INST/O
                         net (fo=1, routed)           0.332     1.116    sys_clk_ibuf
    BUFGCE_X0Y12         BUFGCE (Prop_BUFCE_BUFGCE_I_O)
                                                      0.028     1.144 r  sys_clk_ibuf_BUFG_inst/O
                         net (fo=1, routed)           1.671     2.815    sys_clk_ibuf_BUFGCE
    MMCM_X0Y3            MMCME4_ADV (Prop_MMCM_CLKIN1_CLKOUT0)
                                                     -0.127     2.688 r  u_mmcm/CLKOUT0
                         net (fo=1, routed)           0.245     2.933    clk_mmcm_out
    BUFGCE_X0Y95         BUFGCE (Prop_BUFCE_BUFGCE_I_O)
                                                      0.028     2.961 r  u_bufg/O
    X2Y1 (CLOCK_ROOT)    net (fo=7704, routed)        2.195     5.156    u_soc/u_cim_ctrl/clk_50m
    SLICE_X74Y105        FDPE                                         r  u_soc/u_cim_ctrl/bitplane_shift_reg[2]/C
  -------------------------------------------------------------------    -------------------
    SLICE_X74Y105        FDPE (Prop_FFF_SLICEM_C_Q)
                                                      0.076     5.232 f  u_soc/u_cim_ctrl/bitplane_shift_reg[2]/Q
                         net (fo=163, routed)         0.633     5.866    u_soc/u_adc/membrane[9][7]_i_9[2]
    SLICE_X67Y101        LUT4 (Prop_B5LUT_SLICEM_I3_O)
                                                      0.116     5.982 r  u_soc/u_adc/membrane[0][7]_i_24/O
                         net (fo=2, routed)           0.131     6.112    u_soc/u_adc/neuron_in_data_reg[0][0]_0
    SLICE_X67Y102        LUT4 (Prop_D6LUT_SLICEM_I3_O)
                                                      0.088     6.200 r  u_soc/u_adc/membrane[0][7]_i_8/O
                         net (fo=1, routed)           0.025     6.225    u_soc/u_lif/membrane_reg[0][7]_0[3]
    SLICE_X67Y102        CARRY8 (Prop_CARRY8_SLICEM_S[3]_CO[7])
                                                      0.163     6.388 r  u_soc/u_lif/membrane_reg[0][7]_i_2/CO[7]
                         net (fo=1, routed)           0.026     6.414    u_soc/u_lif/membrane_reg[0][7]_i_2_n_0
    SLICE_X67Y103        CARRY8 (Prop_CARRY8_SLICEM_CI_CO[7])
                                                      0.015     6.429 r  u_soc/u_lif/membrane_reg[0][15]_i_2/CO[7]
                         net (fo=1, routed)           0.026     6.455    u_soc/u_lif/membrane_reg[0][15]_i_2_n_0
    SLICE_X67Y104        CARRY8 (Prop_CARRY8_SLICEM_CI_CO[7])
                                                      0.015     6.470 r  u_soc/u_lif/membrane_reg[0][23]_i_2/CO[7]
                         net (fo=1, routed)           0.026     6.496    u_soc/u_lif/membrane_reg[0][23]_i_2_n_0
    SLICE_X67Y105        CARRY8 (Prop_CARRY8_SLICEM_CI_O[3])
                                                      0.082     6.578 f  u_soc/u_lif/membrane_reg[0][31]_i_3/O[3]
                         net (fo=5, routed)           0.322     6.900    u_soc/u_lif/lif_ff.temp_count2[27]
    SLICE_X65Y104        LUT2 (Prop_F6LUT_SLICEL_I0_O)
                                                      0.148     7.048 r  u_soc/u_lif/membrane[0][31]_i_25/O
                         net (fo=1, routed)           0.011     7.059    u_soc/u_lif/membrane[0][31]_i_25_n_0
    SLICE_X65Y104        CARRY8 (Prop_CARRY8_SLICEL_S[5]_CO[7])
                                                      0.162     7.221 r  u_soc/u_lif/membrane_reg[0][31]_i_4/CO[7]
                         net (fo=39, routed)          1.181     8.402    u_soc/u_lif/neuron_threshold_reg[16]_7[0]
    SLICE_X74Y33         LUT5 (Prop_F6LUT_SLICEM_I4_O)
                                                      0.123     8.525 r  u_soc/u_lif/spike_q[15][0]_i_12/O
                         net (fo=30, routed)          0.220     8.745    u_soc/u_lif/spike_q[15][0]_i_12_n_0
    SLICE_X76Y34         LUT4 (Prop_A6LUT_SLICEM_I1_O)
                                                      0.090     8.835 r  u_soc/u_lif/spike_q[15][0]_i_15/O
                         net (fo=1, routed)           0.013     8.848    u_soc/u_lif/spike_q[15][0]_i_15_n_0
    SLICE_X76Y34         CARRY8 (Prop_CARRY8_SLICEM_S[0]_CO[1])
                                                      0.109     8.957 r  u_soc/u_lif/spike_q_reg[15][0]_i_10/CO[1]
                         net (fo=58, routed)          0.201     9.158    u_soc/u_lif/spike_q_reg[15][0]_i_10_n_6
    SLICE_X76Y34         LUT6 (Prop_H6LUT_SLICEM_I2_O)
                                                      0.101     9.259 r  u_soc/u_lif/q_count[1]_i_37/O
                         net (fo=1, routed)           0.287     9.546    u_soc/u_lif/q_count[1]_i_37_n_0
    SLICE_X75Y33         CARRY8 (Prop_CARRY8_SLICEL_S[0]_O[5])
                                                      0.238     9.784 f  u_soc/u_lif/q_count_reg[1]_i_26/O[5]
                         net (fo=2, routed)           0.186     9.970    u_soc/u_lif/q_count_reg[1]_i_26_n_10
    SLICE_X75Y32         LUT4 (Prop_F6LUT_SLICEL_I0_O)
                                                      0.123    10.093 f  u_soc/u_lif/spike_q[30][1]_i_46/O
                         net (fo=3, routed)           0.171    10.264    u_soc/u_lif/spike_q[30][1]_i_46_n_0
    SLICE_X75Y30         LUT6 (Prop_B6LUT_SLICEL_I5_O)
                                                      0.090    10.354 r  u_soc/u_lif/spike_q[30][1]_i_26/O
                         net (fo=1, routed)           0.009    10.363    u_soc/u_lif/spike_q[30][1]_i_26_n_0
    SLICE_X75Y30         CARRY8 (Prop_CARRY8_SLICEL_S[1]_CO[2])
                                                      0.095    10.458 r  u_soc/u_lif/spike_q_reg[30][1]_i_11/CO[2]
                         net (fo=46, routed)          0.474    10.932    u_soc/u_lif/spike_q_reg[30][1]_i_11_n_5
    SLICE_X76Y20         LUT2 (Prop_D6LUT_SLICEM_I1_O)
                                                      0.122    11.054 r  u_soc/u_lif/spike_q[25][2]_i_10/O
                         net (fo=29, routed)          0.328    11.382    u_soc/u_lif/spike_q[25][2]_i_10_n_0
    SLICE_X76Y32         LUT6 (Prop_F6LUT_SLICEM_I1_O)
                                                      0.098    11.480 r  u_soc/u_lif/wr_ptr[4]_i_59/O
                         net (fo=1, routed)           0.286    11.766    u_soc/u_lif/wr_ptr[4]_i_59_n_0
    SLICE_X76Y31         CARRY8 (Prop_CARRY8_SLICEM_S[0]_O[4])
                                                      0.206    11.972 r  u_soc/u_lif/wr_ptr_reg[4]_i_38/O[4]
                         net (fo=2, routed)           0.155    12.127    u_soc/u_lif/wr_ptr_reg[4]_i_38_n_11
    SLICE_X76Y29         LUT4 (Prop_C5LUT_SLICEM_I0_O)
                                                      0.137    12.264 f  u_soc/u_lif/wr_ptr[4]_i_32/O
                         net (fo=6, routed)           0.277    12.541    u_soc/u_lif/q_count[1]_i_12_n_0
    SLICE_X78Y30         LUT2 (Prop_A6LUT_SLICEL_I0_O)
                                                      0.050    12.591 r  u_soc/u_lif/q_count[1]_i_16/O
                         net (fo=1, routed)           0.009    12.600    u_soc/u_lif/q_count[1]_i_16_n_0
    SLICE_X78Y30         CARRY8 (Prop_CARRY8_SLICEL_S[0]_CO[3])
                                                      0.184    12.784 r  u_soc/u_lif/q_count_reg[1]_i_9/CO[3]
                         net (fo=65, routed)          0.486    13.270    u_soc/u_lif/q_count_reg[1]_i_9_n_4
    SLICE_X74Y20         LUT2 (Prop_A6LUT_SLICEM_I1_O)
                                                      0.053    13.323 r  u_soc/u_lif/spike_q[30][3]_i_28/O
                         net (fo=33, routed)          0.441    13.764    u_soc/u_lif/spike_q[30][3]_i_28_n_0
    SLICE_X79Y30         LUT6 (Prop_B6LUT_SLICEM_I3_O)
                                                      0.089    13.853 r  u_soc/u_lif/wr_ptr[4]_i_27/O
                         net (fo=1, routed)           0.016    13.869    u_soc/u_lif/wr_ptr[4]_i_27_n_0
    SLICE_X79Y30         CARRY8 (Prop_CARRY8_SLICEM_S[1]_CO[3])
                                                      0.184    14.053 r  u_soc/u_lif/wr_ptr_reg[4]_i_13/CO[3]
                         net (fo=54, routed)          0.419    14.472    u_soc/u_lif/wr_ptr_reg[4]_i_13_n_4
    SLICE_X77Y21         LUT2 (Prop_B6LUT_SLICEM_I1_O)
                                                      0.100    14.572 r  u_soc/u_lif/q_count[1]_i_7/O
                         net (fo=44, routed)          0.480    15.051    u_soc/u_lif/q_count[1]_i_7_n_0
    SLICE_X77Y33         LUT6 (Prop_D6LUT_SLICEM_I4_O)
                                                      0.145    15.196 r  u_soc/u_lif/q_count[0]_i_15/O
                         net (fo=1, routed)           0.025    15.221    u_soc/u_lif/q_count[0]_i_15_n_0
    SLICE_X77Y33         CARRY8 (Prop_CARRY8_SLICEM_S[3]_CO[4])
                                                      0.159    15.380 r  u_soc/u_lif/q_count_reg[0]_i_5/CO[4]
                         net (fo=47, routed)          0.409    15.789    u_soc/u_lif/q_count_reg[0]_i_5_n_3
    SLICE_X78Y25         LUT2 (Prop_D6LUT_SLICEL_I1_O)
                                                      0.122    15.911 r  u_soc/u_lif/q_count[1]_i_6/O
                         net (fo=21, routed)          0.243    16.154    u_soc/u_lif/q_count[1]_i_6_n_0
    SLICE_X78Y23         LUT6 (Prop_G6LUT_SLICEL_I5_O)
                                                      0.050    16.204 f  u_soc/u_lif/spike_q[25][1]_i_7/O
                         net (fo=21, routed)          0.162    16.366    u_soc/u_lif/spike_q[25][1]_i_7_n_0
    SLICE_X78Y25         LUT5 (Prop_B5LUT_SLICEL_I3_O)
                                                      0.073    16.439 r  u_soc/u_lif/wr_ptr[4]_i_14/O
                         net (fo=8, routed)           0.276    16.716    u_soc/u_lif/wr_ptr[4]_i_14_n_0
    SLICE_X78Y23         LUT6 (Prop_B6LUT_SLICEL_I3_O)
                                                      0.051    16.767 r  u_soc/u_lif/spike_q[30][2]_i_17/O
                         net (fo=1, routed)           0.009    16.776    u_soc/u_lif/spike_q[30][2]_i_17_n_0
    SLICE_X78Y23         CARRY8 (Prop_CARRY8_SLICEL_S[1]_CO[3])
                                                      0.180    16.956 r  u_soc/u_lif/spike_q_reg[30][2]_i_8/CO[3]
                         net (fo=8, routed)           0.483    17.439    u_soc/u_lif/spike_q_reg[30][2]_i_8_n_4
    SLICE_X81Y6          LUT2 (Prop_C5LUT_SLICEL_I1_O)
                                                      0.068    17.507 r  u_soc/u_lif/spike_q[30][3]_i_11/O
                         net (fo=1, routed)           0.469    17.976    u_soc/u_lif/spike_q[30][3]_i_11_n_0
    SLICE_X76Y18         LUT6 (Prop_B6LUT_SLICEM_I4_O)
                                                      0.125    18.101 r  u_soc/u_lif/spike_q[30][3]_i_3/O
                         net (fo=32, routed)          0.511    18.612    u_soc/u_lif/spike_q[30][3]_i_3_n_0
    SLICE_X82Y12         LUT4 (Prop_G6LUT_SLICEM_I1_O)
                                                      0.052    18.664 r  u_soc/u_lif/spike_q[16][3]_i_1/O
                         net (fo=1, routed)           0.059    18.723    u_soc/u_lif/spike_q[16][3]_i_1_n_0
    SLICE_X82Y12         FDRE                                         r  u_soc/u_lif/spike_q_reg[16][3]/D
  -------------------------------------------------------------------    -------------------

                         (clock clk_mmcm_out rise edge)
                                                     19.998    19.998 r  
    AL8                                               0.000    19.998 r  sys_clk_p (IN)
                         net (fo=0)                   0.079    20.077    u_ibufds/I
    HPIOBDIFFINBUF_X0Y11 DIFFINBUF (Prop_DIFFINBUF_HPIOBDIFFINBUF_DIFF_IN_P_O)
                                                      0.525    20.602 r  u_ibufds/DIFFINBUF_INST/O
                         net (fo=1, routed)           0.040    20.642    u_ibufds/OUT
    AL8                  IBUFCTRL (Prop_IBUFCTRL_HPIOB_M_I_O)
                                                      0.000    20.642 r  u_ibufds/IBUFCTRL_INST/O
                         net (fo=1, routed)           0.293    20.935    sys_clk_ibuf
    BUFGCE_X0Y12         BUFGCE (Prop_BUFCE_BUFGCE_I_O)
                                                      0.024    20.959 r  sys_clk_ibuf_BUFG_inst/O
                         net (fo=1, routed)           1.498    22.457    sys_clk_ibuf_BUFGCE
    MMCM_X0Y3            MMCME4_ADV (Prop_MMCM_CLKIN1_CLKOUT0)
                                                      0.630    23.087 r  u_mmcm/CLKOUT0
                         net (fo=1, routed)           0.215    23.302    clk_mmcm_out
    BUFGCE_X0Y95         BUFGCE (Prop_BUFCE_BUFGCE_I_O)
                                                      0.024    23.326 r  u_bufg/O
    X2Y1 (CLOCK_ROOT)    net (fo=7704, routed)        2.049    25.374    u_soc/u_lif/clk_50m
    SLICE_X82Y12         FDRE                                         r  u_soc/u_lif/spike_q_reg[16][3]/C
                         clock pessimism             -0.255    25.119    
                         clock uncertainty           -0.068    25.051    
    SLICE_X82Y12         FDRE (Setup_GFF_SLICEM_C_D)
                                                      0.025    25.076    u_soc/u_lif/spike_q_reg[16][3]
  -------------------------------------------------------------------
                         required time                         25.076    
                         arrival time                         -18.723    
  -------------------------------------------------------------------
                         slack                                  6.353    

Slack (MET) :             6.354ns  (required time - arrival time)
  Source:                 u_soc/u_cim_ctrl/bitplane_shift_reg[2]/C
                            (rising edge-triggered cell FDPE clocked by clk_mmcm_out  {rise@0.000ns fall@9.999ns period=19.998ns})
  Destination:            u_soc/u_lif/spike_q_reg[19][3]/D
                            (rising edge-triggered cell FDRE clocked by clk_mmcm_out  {rise@0.000ns fall@9.999ns period=19.998ns})
  Path Group:             clk_mmcm_out
  Path Type:              Setup (Max at Slow Process Corner)
  Requirement:            19.998ns  (clk_mmcm_out rise@19.998ns - clk_mmcm_out rise@0.000ns)
  Data Path Delay:        13.538ns  (logic 4.119ns (30.425%)  route 9.419ns (69.575%))
  Logic Levels:           36  (CARRY8=13 LUT2=7 LUT4=5 LUT5=2 LUT6=9)
  Clock Path Skew:        -0.062ns (DCD - SCD + CPR)
    Destination Clock Delay (DCD):    5.349ns = ( 25.347 - 19.998 ) 
    Source Clock Delay      (SCD):    5.156ns
    Clock Pessimism Removal (CPR):    -0.255ns
  Clock Uncertainty:      0.068ns  ((TSJ^2 + DJ^2)^1/2) / 2 + PE
    Total System Jitter     (TSJ):    0.071ns
    Discrete Jitter          (DJ):    0.116ns
    Phase Error              (PE):    0.000ns
  Clock Net Delay (Source):      2.195ns (routing 1.189ns, distribution 1.006ns)
  Clock Net Delay (Destination): 2.022ns (routing 1.082ns, distribution 0.940ns)

    Location             Delay type                Incr(ns)  Path(ns)    Netlist Resource(s)
  -------------------------------------------------------------------    -------------------
                         (clock clk_mmcm_out rise edge)
                                                      0.000     0.000 r  
    AL8                                               0.000     0.000 r  sys_clk_p (IN)
                         net (fo=0)                   0.100     0.100    u_ibufds/I
    HPIOBDIFFINBUF_X0Y11 DIFFINBUF (Prop_DIFFINBUF_HPIOBDIFFINBUF_DIFF_IN_P_O)
                                                      0.634     0.734 r  u_ibufds/DIFFINBUF_INST/O
                         net (fo=1, routed)           0.050     0.784    u_ibufds/OUT
    AL8                  IBUFCTRL (Prop_IBUFCTRL_HPIOB_M_I_O)
                                                      0.000     0.784 r  u_ibufds/IBUFCTRL_INST/O
                         net (fo=1, routed)           0.332     1.116    sys_clk_ibuf
    BUFGCE_X0Y12         BUFGCE (Prop_BUFCE_BUFGCE_I_O)
                                                      0.028     1.144 r  sys_clk_ibuf_BUFG_inst/O
                         net (fo=1, routed)           1.671     2.815    sys_clk_ibuf_BUFGCE
    MMCM_X0Y3            MMCME4_ADV (Prop_MMCM_CLKIN1_CLKOUT0)
                                                     -0.127     2.688 r  u_mmcm/CLKOUT0
                         net (fo=1, routed)           0.245     2.933    clk_mmcm_out
    BUFGCE_X0Y95         BUFGCE (Prop_BUFCE_BUFGCE_I_O)
                                                      0.028     2.961 r  u_bufg/O
    X2Y1 (CLOCK_ROOT)    net (fo=7704, routed)        2.195     5.156    u_soc/u_cim_ctrl/clk_50m
    SLICE_X74Y105        FDPE                                         r  u_soc/u_cim_ctrl/bitplane_shift_reg[2]/C
  -------------------------------------------------------------------    -------------------
    SLICE_X74Y105        FDPE (Prop_FFF_SLICEM_C_Q)
                                                      0.076     5.232 f  u_soc/u_cim_ctrl/bitplane_shift_reg[2]/Q
                         net (fo=163, routed)         0.633     5.866    u_soc/u_adc/membrane[9][7]_i_9[2]
    SLICE_X67Y101        LUT4 (Prop_B5LUT_SLICEM_I3_O)
                                                      0.116     5.982 r  u_soc/u_adc/membrane[0][7]_i_24/O
                         net (fo=2, routed)           0.131     6.112    u_soc/u_adc/neuron_in_data_reg[0][0]_0
    SLICE_X67Y102        LUT4 (Prop_D6LUT_SLICEM_I3_O)
                                                      0.088     6.200 r  u_soc/u_adc/membrane[0][7]_i_8/O
                         net (fo=1, routed)           0.025     6.225    u_soc/u_lif/membrane_reg[0][7]_0[3]
    SLICE_X67Y102        CARRY8 (Prop_CARRY8_SLICEM_S[3]_CO[7])
                                                      0.163     6.388 r  u_soc/u_lif/membrane_reg[0][7]_i_2/CO[7]
                         net (fo=1, routed)           0.026     6.414    u_soc/u_lif/membrane_reg[0][7]_i_2_n_0
    SLICE_X67Y103        CARRY8 (Prop_CARRY8_SLICEM_CI_CO[7])
                                                      0.015     6.429 r  u_soc/u_lif/membrane_reg[0][15]_i_2/CO[7]
                         net (fo=1, routed)           0.026     6.455    u_soc/u_lif/membrane_reg[0][15]_i_2_n_0
    SLICE_X67Y104        CARRY8 (Prop_CARRY8_SLICEM_CI_CO[7])
                                                      0.015     6.470 r  u_soc/u_lif/membrane_reg[0][23]_i_2/CO[7]
                         net (fo=1, routed)           0.026     6.496    u_soc/u_lif/membrane_reg[0][23]_i_2_n_0
    SLICE_X67Y105        CARRY8 (Prop_CARRY8_SLICEM_CI_O[3])
                                                      0.082     6.578 f  u_soc/u_lif/membrane_reg[0][31]_i_3/O[3]
                         net (fo=5, routed)           0.322     6.900    u_soc/u_lif/lif_ff.temp_count2[27]
    SLICE_X65Y104        LUT2 (Prop_F6LUT_SLICEL_I0_O)
                                                      0.148     7.048 r  u_soc/u_lif/membrane[0][31]_i_25/O
                         net (fo=1, routed)           0.011     7.059    u_soc/u_lif/membrane[0][31]_i_25_n_0
    SLICE_X65Y104        CARRY8 (Prop_CARRY8_SLICEL_S[5]_CO[7])
                                                      0.162     7.221 r  u_soc/u_lif/membrane_reg[0][31]_i_4/CO[7]
                         net (fo=39, routed)          1.181     8.402    u_soc/u_lif/neuron_threshold_reg[16]_7[0]
    SLICE_X74Y33         LUT5 (Prop_F6LUT_SLICEM_I4_O)
                                                      0.123     8.525 r  u_soc/u_lif/spike_q[15][0]_i_12/O
                         net (fo=30, routed)          0.220     8.745    u_soc/u_lif/spike_q[15][0]_i_12_n_0
    SLICE_X76Y34         LUT4 (Prop_A6LUT_SLICEM_I1_O)
                                                      0.090     8.835 r  u_soc/u_lif/spike_q[15][0]_i_15/O
                         net (fo=1, routed)           0.013     8.848    u_soc/u_lif/spike_q[15][0]_i_15_n_0
    SLICE_X76Y34         CARRY8 (Prop_CARRY8_SLICEM_S[0]_CO[1])
                                                      0.109     8.957 r  u_soc/u_lif/spike_q_reg[15][0]_i_10/CO[1]
                         net (fo=58, routed)          0.201     9.158    u_soc/u_lif/spike_q_reg[15][0]_i_10_n_6
    SLICE_X76Y34         LUT6 (Prop_H6LUT_SLICEM_I2_O)
                                                      0.101     9.259 r  u_soc/u_lif/q_count[1]_i_37/O
                         net (fo=1, routed)           0.287     9.546    u_soc/u_lif/q_count[1]_i_37_n_0
    SLICE_X75Y33         CARRY8 (Prop_CARRY8_SLICEL_S[0]_O[5])
                                                      0.238     9.784 f  u_soc/u_lif/q_count_reg[1]_i_26/O[5]
                         net (fo=2, routed)           0.186     9.970    u_soc/u_lif/q_count_reg[1]_i_26_n_10
    SLICE_X75Y32         LUT4 (Prop_F6LUT_SLICEL_I0_O)
                                                      0.123    10.093 f  u_soc/u_lif/spike_q[30][1]_i_46/O
                         net (fo=3, routed)           0.171    10.264    u_soc/u_lif/spike_q[30][1]_i_46_n_0
    SLICE_X75Y30         LUT6 (Prop_B6LUT_SLICEL_I5_O)
                                                      0.090    10.354 r  u_soc/u_lif/spike_q[30][1]_i_26/O
                         net (fo=1, routed)           0.009    10.363    u_soc/u_lif/spike_q[30][1]_i_26_n_0
    SLICE_X75Y30         CARRY8 (Prop_CARRY8_SLICEL_S[1]_CO[2])
                                                      0.095    10.458 r  u_soc/u_lif/spike_q_reg[30][1]_i_11/CO[2]
                         net (fo=46, routed)          0.474    10.932    u_soc/u_lif/spike_q_reg[30][1]_i_11_n_5
    SLICE_X76Y20         LUT2 (Prop_D6LUT_SLICEM_I1_O)
                                                      0.122    11.054 r  u_soc/u_lif/spike_q[25][2]_i_10/O
                         net (fo=29, routed)          0.328    11.382    u_soc/u_lif/spike_q[25][2]_i_10_n_0
    SLICE_X76Y32         LUT6 (Prop_F6LUT_SLICEM_I1_O)
                                                      0.098    11.480 r  u_soc/u_lif/wr_ptr[4]_i_59/O
                         net (fo=1, routed)           0.286    11.766    u_soc/u_lif/wr_ptr[4]_i_59_n_0
    SLICE_X76Y31         CARRY8 (Prop_CARRY8_SLICEM_S[0]_O[4])
                                                      0.206    11.972 r  u_soc/u_lif/wr_ptr_reg[4]_i_38/O[4]
                         net (fo=2, routed)           0.155    12.127    u_soc/u_lif/wr_ptr_reg[4]_i_38_n_11
    SLICE_X76Y29         LUT4 (Prop_C5LUT_SLICEM_I0_O)
                                                      0.137    12.264 f  u_soc/u_lif/wr_ptr[4]_i_32/O
                         net (fo=6, routed)           0.277    12.541    u_soc/u_lif/q_count[1]_i_12_n_0
    SLICE_X78Y30         LUT2 (Prop_A6LUT_SLICEL_I0_O)
                                                      0.050    12.591 r  u_soc/u_lif/q_count[1]_i_16/O
                         net (fo=1, routed)           0.009    12.600    u_soc/u_lif/q_count[1]_i_16_n_0
    SLICE_X78Y30         CARRY8 (Prop_CARRY8_SLICEL_S[0]_CO[3])
                                                      0.184    12.784 r  u_soc/u_lif/q_count_reg[1]_i_9/CO[3]
                         net (fo=65, routed)          0.486    13.270    u_soc/u_lif/q_count_reg[1]_i_9_n_4
    SLICE_X74Y20         LUT2 (Prop_A6LUT_SLICEM_I1_O)
                                                      0.053    13.323 r  u_soc/u_lif/spike_q[30][3]_i_28/O
                         net (fo=33, routed)          0.441    13.764    u_soc/u_lif/spike_q[30][3]_i_28_n_0
    SLICE_X79Y30         LUT6 (Prop_B6LUT_SLICEM_I3_O)
                                                      0.089    13.853 r  u_soc/u_lif/wr_ptr[4]_i_27/O
                         net (fo=1, routed)           0.016    13.869    u_soc/u_lif/wr_ptr[4]_i_27_n_0
    SLICE_X79Y30         CARRY8 (Prop_CARRY8_SLICEM_S[1]_CO[3])
                                                      0.184    14.053 r  u_soc/u_lif/wr_ptr_reg[4]_i_13/CO[3]
                         net (fo=54, routed)          0.419    14.472    u_soc/u_lif/wr_ptr_reg[4]_i_13_n_4
    SLICE_X77Y21         LUT2 (Prop_B6LUT_SLICEM_I1_O)
                                                      0.100    14.572 r  u_soc/u_lif/q_count[1]_i_7/O
                         net (fo=44, routed)          0.480    15.051    u_soc/u_lif/q_count[1]_i_7_n_0
    SLICE_X77Y33         LUT6 (Prop_D6LUT_SLICEM_I4_O)
                                                      0.145    15.196 r  u_soc/u_lif/q_count[0]_i_15/O
                         net (fo=1, routed)           0.025    15.221    u_soc/u_lif/q_count[0]_i_15_n_0
    SLICE_X77Y33         CARRY8 (Prop_CARRY8_SLICEM_S[3]_CO[4])
                                                      0.159    15.380 r  u_soc/u_lif/q_count_reg[0]_i_5/CO[4]
                         net (fo=47, routed)          0.409    15.789    u_soc/u_lif/q_count_reg[0]_i_5_n_3
    SLICE_X78Y25         LUT2 (Prop_D6LUT_SLICEL_I1_O)
                                                      0.122    15.911 r  u_soc/u_lif/q_count[1]_i_6/O
                         net (fo=21, routed)          0.243    16.154    u_soc/u_lif/q_count[1]_i_6_n_0
    SLICE_X78Y23         LUT6 (Prop_G6LUT_SLICEL_I5_O)
                                                      0.050    16.204 f  u_soc/u_lif/spike_q[25][1]_i_7/O
                         net (fo=21, routed)          0.162    16.366    u_soc/u_lif/spike_q[25][1]_i_7_n_0
    SLICE_X78Y25         LUT5 (Prop_B5LUT_SLICEL_I3_O)
                                                      0.073    16.439 r  u_soc/u_lif/wr_ptr[4]_i_14/O
                         net (fo=8, routed)           0.276    16.716    u_soc/u_lif/wr_ptr[4]_i_14_n_0
    SLICE_X78Y23         LUT6 (Prop_B6LUT_SLICEL_I3_O)
                                                      0.051    16.767 r  u_soc/u_lif/spike_q[30][2]_i_17/O
                         net (fo=1, routed)           0.009    16.776    u_soc/u_lif/spike_q[30][2]_i_17_n_0
    SLICE_X78Y23         CARRY8 (Prop_CARRY8_SLICEL_S[1]_CO[3])
                                                      0.180    16.956 r  u_soc/u_lif/spike_q_reg[30][2]_i_8/CO[3]
                         net (fo=8, routed)           0.483    17.439    u_soc/u_lif/spike_q_reg[30][2]_i_8_n_4
    SLICE_X81Y6          LUT2 (Prop_C5LUT_SLICEL_I1_O)
                                                      0.068    17.507 r  u_soc/u_lif/spike_q[30][3]_i_11/O
                         net (fo=1, routed)           0.469    17.976    u_soc/u_lif/spike_q[30][3]_i_11_n_0
    SLICE_X76Y18         LUT6 (Prop_B6LUT_SLICEM_I4_O)
                                                      0.125    18.101 r  u_soc/u_lif/spike_q[30][3]_i_3/O
                         net (fo=32, routed)          0.454    18.555    u_soc/u_lif/spike_q[30][3]_i_3_n_0
    SLICE_X80Y7          LUT6 (Prop_F6LUT_SLICEL_I2_O)
                                                      0.089    18.644 r  u_soc/u_lif/spike_q[19][3]_i_1/O
                         net (fo=1, routed)           0.051    18.695    u_soc/u_lif/spike_q[19][3]_i_1_n_0
    SLICE_X80Y7          FDRE                                         r  u_soc/u_lif/spike_q_reg[19][3]/D
  -------------------------------------------------------------------    -------------------

                         (clock clk_mmcm_out rise edge)
                                                     19.998    19.998 r  
    AL8                                               0.000    19.998 r  sys_clk_p (IN)
                         net (fo=0)                   0.079    20.077    u_ibufds/I
    HPIOBDIFFINBUF_X0Y11 DIFFINBUF (Prop_DIFFINBUF_HPIOBDIFFINBUF_DIFF_IN_P_O)
                                                      0.525    20.602 r  u_ibufds/DIFFINBUF_INST/O
                         net (fo=1, routed)           0.040    20.642    u_ibufds/OUT
    AL8                  IBUFCTRL (Prop_IBUFCTRL_HPIOB_M_I_O)
                                                      0.000    20.642 r  u_ibufds/IBUFCTRL_INST/O
                         net (fo=1, routed)           0.293    20.935    sys_clk_ibuf
    BUFGCE_X0Y12         BUFGCE (Prop_BUFCE_BUFGCE_I_O)
                                                      0.024    20.959 r  sys_clk_ibuf_BUFG_inst/O
                         net (fo=1, routed)           1.498    22.457    sys_clk_ibuf_BUFGCE
    MMCM_X0Y3            MMCME4_ADV (Prop_MMCM_CLKIN1_CLKOUT0)
                                                      0.630    23.087 r  u_mmcm/CLKOUT0
                         net (fo=1, routed)           0.215    23.302    clk_mmcm_out
    BUFGCE_X0Y95         BUFGCE (Prop_BUFCE_BUFGCE_I_O)
                                                      0.024    23.326 r  u_bufg/O
    X2Y1 (CLOCK_ROOT)    net (fo=7704, routed)        2.022    25.347    u_soc/u_lif/clk_50m
    SLICE_X80Y7          FDRE                                         r  u_soc/u_lif/spike_q_reg[19][3]/C
                         clock pessimism             -0.255    25.092    
                         clock uncertainty           -0.068    25.024    
    SLICE_X80Y7          FDRE (Setup_FFF_SLICEL_C_D)
                                                      0.025    25.049    u_soc/u_lif/spike_q_reg[19][3]
  -------------------------------------------------------------------
                         required time                         25.049    
                         arrival time                         -18.695    
  -------------------------------------------------------------------
                         slack                                  6.354    

Slack (MET) :             6.355ns  (required time - arrival time)
  Source:                 u_soc/u_cim_ctrl/bitplane_shift_reg[2]/C
                            (rising edge-triggered cell FDPE clocked by clk_mmcm_out  {rise@0.000ns fall@9.999ns period=19.998ns})
  Destination:            u_soc/u_lif/spike_q_reg[2][3]/D
                            (rising edge-triggered cell FDRE clocked by clk_mmcm_out  {rise@0.000ns fall@9.999ns period=19.998ns})
  Path Group:             clk_mmcm_out
  Path Type:              Setup (Max at Slow Process Corner)
  Requirement:            19.998ns  (clk_mmcm_out rise@19.998ns - clk_mmcm_out rise@0.000ns)
  Data Path Delay:        13.481ns  (logic 4.153ns (30.806%)  route 9.328ns (69.194%))
  Logic Levels:           36  (CARRY8=13 LUT2=7 LUT4=5 LUT5=3 LUT6=8)
  Clock Path Skew:        -0.118ns (DCD - SCD + CPR)
    Destination Clock Delay (DCD):    5.293ns = ( 25.291 - 19.998 ) 
    Source Clock Delay      (SCD):    5.156ns
    Clock Pessimism Removal (CPR):    -0.255ns
  Clock Uncertainty:      0.068ns  ((TSJ^2 + DJ^2)^1/2) / 2 + PE
    Total System Jitter     (TSJ):    0.071ns
    Discrete Jitter          (DJ):    0.116ns
    Phase Error              (PE):    0.000ns
  Clock Net Delay (Source):      2.195ns (routing 1.189ns, distribution 1.006ns)
  Clock Net Delay (Destination): 1.966ns (routing 1.082ns, distribution 0.884ns)

    Location             Delay type                Incr(ns)  Path(ns)    Netlist Resource(s)
  -------------------------------------------------------------------    -------------------
                         (clock clk_mmcm_out rise edge)
                                                      0.000     0.000 r  
    AL8                                               0.000     0.000 r  sys_clk_p (IN)
                         net (fo=0)                   0.100     0.100    u_ibufds/I
    HPIOBDIFFINBUF_X0Y11 DIFFINBUF (Prop_DIFFINBUF_HPIOBDIFFINBUF_DIFF_IN_P_O)
                                                      0.634     0.734 r  u_ibufds/DIFFINBUF_INST/O
                         net (fo=1, routed)           0.050     0.784    u_ibufds/OUT
    AL8                  IBUFCTRL (Prop_IBUFCTRL_HPIOB_M_I_O)
                                                      0.000     0.784 r  u_ibufds/IBUFCTRL_INST/O
                         net (fo=1, routed)           0.332     1.116    sys_clk_ibuf
    BUFGCE_X0Y12         BUFGCE (Prop_BUFCE_BUFGCE_I_O)
                                                      0.028     1.144 r  sys_clk_ibuf_BUFG_inst/O
                         net (fo=1, routed)           1.671     2.815    sys_clk_ibuf_BUFGCE
    MMCM_X0Y3            MMCME4_ADV (Prop_MMCM_CLKIN1_CLKOUT0)
                                                     -0.127     2.688 r  u_mmcm/CLKOUT0
                         net (fo=1, routed)           0.245     2.933    clk_mmcm_out
    BUFGCE_X0Y95         BUFGCE (Prop_BUFCE_BUFGCE_I_O)
                                                      0.028     2.961 r  u_bufg/O
    X2Y1 (CLOCK_ROOT)    net (fo=7704, routed)        2.195     5.156    u_soc/u_cim_ctrl/clk_50m
    SLICE_X74Y105        FDPE                                         r  u_soc/u_cim_ctrl/bitplane_shift_reg[2]/C
  -------------------------------------------------------------------    -------------------
    SLICE_X74Y105        FDPE (Prop_FFF_SLICEM_C_Q)
                                                      0.076     5.232 f  u_soc/u_cim_ctrl/bitplane_shift_reg[2]/Q
                         net (fo=163, routed)         0.633     5.866    u_soc/u_adc/membrane[9][7]_i_9[2]
    SLICE_X67Y101        LUT4 (Prop_B5LUT_SLICEM_I3_O)
                                                      0.116     5.982 r  u_soc/u_adc/membrane[0][7]_i_24/O
                         net (fo=2, routed)           0.131     6.112    u_soc/u_adc/neuron_in_data_reg[0][0]_0
    SLICE_X67Y102        LUT4 (Prop_D6LUT_SLICEM_I3_O)
                                                      0.088     6.200 r  u_soc/u_adc/membrane[0][7]_i_8/O
                         net (fo=1, routed)           0.025     6.225    u_soc/u_lif/membrane_reg[0][7]_0[3]
    SLICE_X67Y102        CARRY8 (Prop_CARRY8_SLICEM_S[3]_CO[7])
                                                      0.163     6.388 r  u_soc/u_lif/membrane_reg[0][7]_i_2/CO[7]
                         net (fo=1, routed)           0.026     6.414    u_soc/u_lif/membrane_reg[0][7]_i_2_n_0
    SLICE_X67Y103        CARRY8 (Prop_CARRY8_SLICEM_CI_CO[7])
                                                      0.015     6.429 r  u_soc/u_lif/membrane_reg[0][15]_i_2/CO[7]
                         net (fo=1, routed)           0.026     6.455    u_soc/u_lif/membrane_reg[0][15]_i_2_n_0
    SLICE_X67Y104        CARRY8 (Prop_CARRY8_SLICEM_CI_CO[7])
                                                      0.015     6.470 r  u_soc/u_lif/membrane_reg[0][23]_i_2/CO[7]
                         net (fo=1, routed)           0.026     6.496    u_soc/u_lif/membrane_reg[0][23]_i_2_n_0
    SLICE_X67Y105        CARRY8 (Prop_CARRY8_SLICEM_CI_O[3])
                                                      0.082     6.578 f  u_soc/u_lif/membrane_reg[0][31]_i_3/O[3]
                         net (fo=5, routed)           0.322     6.900    u_soc/u_lif/lif_ff.temp_count2[27]
    SLICE_X65Y104        LUT2 (Prop_F6LUT_SLICEL_I0_O)
                                                      0.148     7.048 r  u_soc/u_lif/membrane[0][31]_i_25/O
                         net (fo=1, routed)           0.011     7.059    u_soc/u_lif/membrane[0][31]_i_25_n_0
    SLICE_X65Y104        CARRY8 (Prop_CARRY8_SLICEL_S[5]_CO[7])
                                                      0.162     7.221 r  u_soc/u_lif/membrane_reg[0][31]_i_4/CO[7]
                         net (fo=39, routed)          1.181     8.402    u_soc/u_lif/neuron_threshold_reg[16]_7[0]
    SLICE_X74Y33         LUT5 (Prop_F6LUT_SLICEM_I4_O)
                                                      0.123     8.525 r  u_soc/u_lif/spike_q[15][0]_i_12/O
                         net (fo=30, routed)          0.220     8.745    u_soc/u_lif/spike_q[15][0]_i_12_n_0
    SLICE_X76Y34         LUT4 (Prop_A6LUT_SLICEM_I1_O)
                                                      0.090     8.835 r  u_soc/u_lif/spike_q[15][0]_i_15/O
                         net (fo=1, routed)           0.013     8.848    u_soc/u_lif/spike_q[15][0]_i_15_n_0
    SLICE_X76Y34         CARRY8 (Prop_CARRY8_SLICEM_S[0]_CO[1])
                                                      0.109     8.957 r  u_soc/u_lif/spike_q_reg[15][0]_i_10/CO[1]
                         net (fo=58, routed)          0.201     9.158    u_soc/u_lif/spike_q_reg[15][0]_i_10_n_6
    SLICE_X76Y34         LUT6 (Prop_H6LUT_SLICEM_I2_O)
                                                      0.101     9.259 r  u_soc/u_lif/q_count[1]_i_37/O
                         net (fo=1, routed)           0.287     9.546    u_soc/u_lif/q_count[1]_i_37_n_0
    SLICE_X75Y33         CARRY8 (Prop_CARRY8_SLICEL_S[0]_O[5])
                                                      0.238     9.784 f  u_soc/u_lif/q_count_reg[1]_i_26/O[5]
                         net (fo=2, routed)           0.186     9.970    u_soc/u_lif/q_count_reg[1]_i_26_n_10
    SLICE_X75Y32         LUT4 (Prop_F6LUT_SLICEL_I0_O)
                                                      0.123    10.093 f  u_soc/u_lif/spike_q[30][1]_i_46/O
                         net (fo=3, routed)           0.171    10.264    u_soc/u_lif/spike_q[30][1]_i_46_n_0
    SLICE_X75Y30         LUT6 (Prop_B6LUT_SLICEL_I5_O)
                                                      0.090    10.354 r  u_soc/u_lif/spike_q[30][1]_i_26/O
                         net (fo=1, routed)           0.009    10.363    u_soc/u_lif/spike_q[30][1]_i_26_n_0
    SLICE_X75Y30         CARRY8 (Prop_CARRY8_SLICEL_S[1]_CO[2])
                                                      0.095    10.458 r  u_soc/u_lif/spike_q_reg[30][1]_i_11/CO[2]
                         net (fo=46, routed)          0.474    10.932    u_soc/u_lif/spike_q_reg[30][1]_i_11_n_5
    SLICE_X76Y20         LUT2 (Prop_D6LUT_SLICEM_I1_O)
                                                      0.122    11.054 r  u_soc/u_lif/spike_q[25][2]_i_10/O
                         net (fo=29, routed)          0.328    11.382    u_soc/u_lif/spike_q[25][2]_i_10_n_0
    SLICE_X76Y32         LUT6 (Prop_F6LUT_SLICEM_I1_O)
                                                      0.098    11.480 r  u_soc/u_lif/wr_ptr[4]_i_59/O
                         net (fo=1, routed)           0.286    11.766    u_soc/u_lif/wr_ptr[4]_i_59_n_0
    SLICE_X76Y31         CARRY8 (Prop_CARRY8_SLICEM_S[0]_O[4])
                                                      0.206    11.972 r  u_soc/u_lif/wr_ptr_reg[4]_i_38/O[4]
                         net (fo=2, routed)           0.155    12.127    u_soc/u_lif/wr_ptr_reg[4]_i_38_n_11
    SLICE_X76Y29         LUT4 (Prop_C5LUT_SLICEM_I0_O)
                                                      0.137    12.264 f  u_soc/u_lif/wr_ptr[4]_i_32/O
                         net (fo=6, routed)           0.277    12.541    u_soc/u_lif/q_count[1]_i_12_n_0
    SLICE_X78Y30         LUT2 (Prop_A6LUT_SLICEL_I0_O)
                                                      0.050    12.591 r  u_soc/u_lif/q_count[1]_i_16/O
                         net (fo=1, routed)           0.009    12.600    u_soc/u_lif/q_count[1]_i_16_n_0
    SLICE_X78Y30         CARRY8 (Prop_CARRY8_SLICEL_S[0]_CO[3])
                                                      0.184    12.784 r  u_soc/u_lif/q_count_reg[1]_i_9/CO[3]
                         net (fo=65, routed)          0.486    13.270    u_soc/u_lif/q_count_reg[1]_i_9_n_4
    SLICE_X74Y20         LUT2 (Prop_A6LUT_SLICEM_I1_O)
                                                      0.053    13.323 r  u_soc/u_lif/spike_q[30][3]_i_28/O
                         net (fo=33, routed)          0.441    13.764    u_soc/u_lif/spike_q[30][3]_i_28_n_0
    SLICE_X79Y30         LUT6 (Prop_B6LUT_SLICEM_I3_O)
                                                      0.089    13.853 r  u_soc/u_lif/wr_ptr[4]_i_27/O
                         net (fo=1, routed)           0.016    13.869    u_soc/u_lif/wr_ptr[4]_i_27_n_0
    SLICE_X79Y30         CARRY8 (Prop_CARRY8_SLICEM_S[1]_CO[3])
                                                      0.184    14.053 r  u_soc/u_lif/wr_ptr_reg[4]_i_13/CO[3]
                         net (fo=54, routed)          0.419    14.472    u_soc/u_lif/wr_ptr_reg[4]_i_13_n_4
    SLICE_X77Y21         LUT2 (Prop_B6LUT_SLICEM_I1_O)
                                                      0.100    14.572 r  u_soc/u_lif/q_count[1]_i_7/O
                         net (fo=44, routed)          0.480    15.051    u_soc/u_lif/q_count[1]_i_7_n_0
    SLICE_X77Y33         LUT6 (Prop_D6LUT_SLICEM_I4_O)
                                                      0.145    15.196 r  u_soc/u_lif/q_count[0]_i_15/O
                         net (fo=1, routed)           0.025    15.221    u_soc/u_lif/q_count[0]_i_15_n_0
    SLICE_X77Y33         CARRY8 (Prop_CARRY8_SLICEM_S[3]_CO[4])
                                                      0.159    15.380 r  u_soc/u_lif/q_count_reg[0]_i_5/CO[4]
                         net (fo=47, routed)          0.409    15.789    u_soc/u_lif/q_count_reg[0]_i_5_n_3
    SLICE_X78Y25         LUT2 (Prop_D6LUT_SLICEL_I1_O)
                                                      0.122    15.911 r  u_soc/u_lif/q_count[1]_i_6/O
                         net (fo=21, routed)          0.243    16.154    u_soc/u_lif/q_count[1]_i_6_n_0
    SLICE_X78Y23         LUT6 (Prop_G6LUT_SLICEL_I5_O)
                                                      0.050    16.204 f  u_soc/u_lif/spike_q[25][1]_i_7/O
                         net (fo=21, routed)          0.162    16.366    u_soc/u_lif/spike_q[25][1]_i_7_n_0
    SLICE_X78Y25         LUT5 (Prop_B5LUT_SLICEL_I3_O)
                                                      0.073    16.439 r  u_soc/u_lif/wr_ptr[4]_i_14/O
                         net (fo=8, routed)           0.276    16.716    u_soc/u_lif/wr_ptr[4]_i_14_n_0
    SLICE_X78Y23         LUT6 (Prop_B6LUT_SLICEL_I3_O)
                                                      0.051    16.767 r  u_soc/u_lif/spike_q[30][2]_i_17/O
                         net (fo=1, routed)           0.009    16.776    u_soc/u_lif/spike_q[30][2]_i_17_n_0
    SLICE_X78Y23         CARRY8 (Prop_CARRY8_SLICEL_S[1]_CO[3])
                                                      0.180    16.956 r  u_soc/u_lif/spike_q_reg[30][2]_i_8/CO[3]
                         net (fo=8, routed)           0.483    17.439    u_soc/u_lif/spike_q_reg[30][2]_i_8_n_4
    SLICE_X81Y6          LUT2 (Prop_C5LUT_SLICEL_I1_O)
                                                      0.068    17.507 r  u_soc/u_lif/spike_q[30][3]_i_11/O
                         net (fo=1, routed)           0.469    17.976    u_soc/u_lif/spike_q[30][3]_i_11_n_0
    SLICE_X76Y18         LUT6 (Prop_B6LUT_SLICEM_I4_O)
                                                      0.125    18.101 r  u_soc/u_lif/spike_q[30][3]_i_3/O
                         net (fo=32, routed)          0.355    18.456    u_soc/u_lif/spike_q[30][3]_i_3_n_0
    SLICE_X73Y7          LUT5 (Prop_G6LUT_SLICEM_I1_O)
                                                      0.123    18.579 r  u_soc/u_lif/spike_q[2][3]_i_1/O
                         net (fo=1, routed)           0.059    18.638    u_soc/u_lif/spike_q[2][3]_i_1_n_0
    SLICE_X73Y7          FDRE                                         r  u_soc/u_lif/spike_q_reg[2][3]/D
  -------------------------------------------------------------------    -------------------

                         (clock clk_mmcm_out rise edge)
                                                     19.998    19.998 r  
    AL8                                               0.000    19.998 r  sys_clk_p (IN)
                         net (fo=0)                   0.079    20.077    u_ibufds/I
    HPIOBDIFFINBUF_X0Y11 DIFFINBUF (Prop_DIFFINBUF_HPIOBDIFFINBUF_DIFF_IN_P_O)
                                                      0.525    20.602 r  u_ibufds/DIFFINBUF_INST/O
                         net (fo=1, routed)           0.040    20.642    u_ibufds/OUT
    AL8                  IBUFCTRL (Prop_IBUFCTRL_HPIOB_M_I_O)
                                                      0.000    20.642 r  u_ibufds/IBUFCTRL_INST/O
                         net (fo=1, routed)           0.293    20.935    sys_clk_ibuf
    BUFGCE_X0Y12         BUFGCE (Prop_BUFCE_BUFGCE_I_O)
                                                      0.024    20.959 r  sys_clk_ibuf_BUFG_inst/O
                         net (fo=1, routed)           1.498    22.457    sys_clk_ibuf_BUFGCE
    MMCM_X0Y3            MMCME4_ADV (Prop_MMCM_CLKIN1_CLKOUT0)
                                                      0.630    23.087 r  u_mmcm/CLKOUT0
                         net (fo=1, routed)           0.215    23.302    clk_mmcm_out
    BUFGCE_X0Y95         BUFGCE (Prop_BUFCE_BUFGCE_I_O)
                                                      0.024    23.326 r  u_bufg/O
    X2Y1 (CLOCK_ROOT)    net (fo=7704, routed)        1.966    25.291    u_soc/u_lif/clk_50m
    SLICE_X73Y7          FDRE                                         r  u_soc/u_lif/spike_q_reg[2][3]/C
                         clock pessimism             -0.255    25.036    
                         clock uncertainty           -0.068    24.968    
    SLICE_X73Y7          FDRE (Setup_GFF_SLICEM_C_D)
                                                      0.025    24.993    u_soc/u_lif/spike_q_reg[2][3]
  -------------------------------------------------------------------
                         required time                         24.993    
                         arrival time                         -18.638    
  -------------------------------------------------------------------
                         slack                                  6.355    

Slack (MET) :             6.359ns  (required time - arrival time)
  Source:                 u_soc/u_cim_ctrl/bitplane_shift_reg[2]/C
                            (rising edge-triggered cell FDPE clocked by clk_mmcm_out  {rise@0.000ns fall@9.999ns period=19.998ns})
  Destination:            u_soc/u_lif/spike_q_reg[20][3]/D
                            (rising edge-triggered cell FDRE clocked by clk_mmcm_out  {rise@0.000ns fall@9.999ns period=19.998ns})
  Path Group:             clk_mmcm_out
  Path Type:              Setup (Max at Slow Process Corner)
  Requirement:            19.998ns  (clk_mmcm_out rise@19.998ns - clk_mmcm_out rise@0.000ns)
  Data Path Delay:        13.556ns  (logic 4.175ns (30.798%)  route 9.381ns (69.202%))
  Logic Levels:           36  (CARRY8=13 LUT2=7 LUT4=5 LUT5=2 LUT6=9)
  Clock Path Skew:        -0.040ns (DCD - SCD + CPR)
    Destination Clock Delay (DCD):    5.371ns = ( 25.369 - 19.998 ) 
    Source Clock Delay      (SCD):    5.156ns
    Clock Pessimism Removal (CPR):    -0.255ns
  Clock Uncertainty:      0.068ns  ((TSJ^2 + DJ^2)^1/2) / 2 + PE
    Total System Jitter     (TSJ):    0.071ns
    Discrete Jitter          (DJ):    0.116ns
    Phase Error              (PE):    0.000ns
  Clock Net Delay (Source):      2.195ns (routing 1.189ns, distribution 1.006ns)
  Clock Net Delay (Destination): 2.044ns (routing 1.082ns, distribution 0.962ns)

    Location             Delay type                Incr(ns)  Path(ns)    Netlist Resource(s)
  -------------------------------------------------------------------    -------------------
                         (clock clk_mmcm_out rise edge)
                                                      0.000     0.000 r  
    AL8                                               0.000     0.000 r  sys_clk_p (IN)
                         net (fo=0)                   0.100     0.100    u_ibufds/I
    HPIOBDIFFINBUF_X0Y11 DIFFINBUF (Prop_DIFFINBUF_HPIOBDIFFINBUF_DIFF_IN_P_O)
                                                      0.634     0.734 r  u_ibufds/DIFFINBUF_INST/O
                         net (fo=1, routed)           0.050     0.784    u_ibufds/OUT
    AL8                  IBUFCTRL (Prop_IBUFCTRL_HPIOB_M_I_O)
                                                      0.000     0.784 r  u_ibufds/IBUFCTRL_INST/O
                         net (fo=1, routed)           0.332     1.116    sys_clk_ibuf
    BUFGCE_X0Y12         BUFGCE (Prop_BUFCE_BUFGCE_I_O)
                                                      0.028     1.144 r  sys_clk_ibuf_BUFG_inst/O
                         net (fo=1, routed)           1.671     2.815    sys_clk_ibuf_BUFGCE
    MMCM_X0Y3            MMCME4_ADV (Prop_MMCM_CLKIN1_CLKOUT0)
                                                     -0.127     2.688 r  u_mmcm/CLKOUT0
                         net (fo=1, routed)           0.245     2.933    clk_mmcm_out
    BUFGCE_X0Y95         BUFGCE (Prop_BUFCE_BUFGCE_I_O)
                                                      0.028     2.961 r  u_bufg/O
    X2Y1 (CLOCK_ROOT)    net (fo=7704, routed)        2.195     5.156    u_soc/u_cim_ctrl/clk_50m
    SLICE_X74Y105        FDPE                                         r  u_soc/u_cim_ctrl/bitplane_shift_reg[2]/C
  -------------------------------------------------------------------    -------------------
    SLICE_X74Y105        FDPE (Prop_FFF_SLICEM_C_Q)
                                                      0.076     5.232 f  u_soc/u_cim_ctrl/bitplane_shift_reg[2]/Q
                         net (fo=163, routed)         0.633     5.866    u_soc/u_adc/membrane[9][7]_i_9[2]
    SLICE_X67Y101        LUT4 (Prop_B5LUT_SLICEM_I3_O)
                                                      0.116     5.982 r  u_soc/u_adc/membrane[0][7]_i_24/O
                         net (fo=2, routed)           0.131     6.112    u_soc/u_adc/neuron_in_data_reg[0][0]_0
    SLICE_X67Y102        LUT4 (Prop_D6LUT_SLICEM_I3_O)
                                                      0.088     6.200 r  u_soc/u_adc/membrane[0][7]_i_8/O
                         net (fo=1, routed)           0.025     6.225    u_soc/u_lif/membrane_reg[0][7]_0[3]
    SLICE_X67Y102        CARRY8 (Prop_CARRY8_SLICEM_S[3]_CO[7])
                                                      0.163     6.388 r  u_soc/u_lif/membrane_reg[0][7]_i_2/CO[7]
                         net (fo=1, routed)           0.026     6.414    u_soc/u_lif/membrane_reg[0][7]_i_2_n_0
    SLICE_X67Y103        CARRY8 (Prop_CARRY8_SLICEM_CI_CO[7])
                                                      0.015     6.429 r  u_soc/u_lif/membrane_reg[0][15]_i_2/CO[7]
                         net (fo=1, routed)           0.026     6.455    u_soc/u_lif/membrane_reg[0][15]_i_2_n_0
    SLICE_X67Y104        CARRY8 (Prop_CARRY8_SLICEM_CI_CO[7])
                                                      0.015     6.470 r  u_soc/u_lif/membrane_reg[0][23]_i_2/CO[7]
                         net (fo=1, routed)           0.026     6.496    u_soc/u_lif/membrane_reg[0][23]_i_2_n_0
    SLICE_X67Y105        CARRY8 (Prop_CARRY8_SLICEM_CI_O[3])
                                                      0.082     6.578 f  u_soc/u_lif/membrane_reg[0][31]_i_3/O[3]
                         net (fo=5, routed)           0.322     6.900    u_soc/u_lif/lif_ff.temp_count2[27]
    SLICE_X65Y104        LUT2 (Prop_F6LUT_SLICEL_I0_O)
                                                      0.148     7.048 r  u_soc/u_lif/membrane[0][31]_i_25/O
                         net (fo=1, routed)           0.011     7.059    u_soc/u_lif/membrane[0][31]_i_25_n_0
    SLICE_X65Y104        CARRY8 (Prop_CARRY8_SLICEL_S[5]_CO[7])
                                                      0.162     7.221 r  u_soc/u_lif/membrane_reg[0][31]_i_4/CO[7]
                         net (fo=39, routed)          1.181     8.402    u_soc/u_lif/neuron_threshold_reg[16]_7[0]
    SLICE_X74Y33         LUT5 (Prop_F6LUT_SLICEM_I4_O)
                                                      0.123     8.525 r  u_soc/u_lif/spike_q[15][0]_i_12/O
                         net (fo=30, routed)          0.220     8.745    u_soc/u_lif/spike_q[15][0]_i_12_n_0
    SLICE_X76Y34         LUT4 (Prop_A6LUT_SLICEM_I1_O)
                                                      0.090     8.835 r  u_soc/u_lif/spike_q[15][0]_i_15/O
                         net (fo=1, routed)           0.013     8.848    u_soc/u_lif/spike_q[15][0]_i_15_n_0
    SLICE_X76Y34         CARRY8 (Prop_CARRY8_SLICEM_S[0]_CO[1])
                                                      0.109     8.957 r  u_soc/u_lif/spike_q_reg[15][0]_i_10/CO[1]
                         net (fo=58, routed)          0.201     9.158    u_soc/u_lif/spike_q_reg[15][0]_i_10_n_6
    SLICE_X76Y34         LUT6 (Prop_H6LUT_SLICEM_I2_O)
                                                      0.101     9.259 r  u_soc/u_lif/q_count[1]_i_37/O
                         net (fo=1, routed)           0.287     9.546    u_soc/u_lif/q_count[1]_i_37_n_0
    SLICE_X75Y33         CARRY8 (Prop_CARRY8_SLICEL_S[0]_O[5])
                                                      0.238     9.784 f  u_soc/u_lif/q_count_reg[1]_i_26/O[5]
                         net (fo=2, routed)           0.186     9.970    u_soc/u_lif/q_count_reg[1]_i_26_n_10
    SLICE_X75Y32         LUT4 (Prop_F6LUT_SLICEL_I0_O)
                                                      0.123    10.093 f  u_soc/u_lif/spike_q[30][1]_i_46/O
                         net (fo=3, routed)           0.171    10.264    u_soc/u_lif/spike_q[30][1]_i_46_n_0
    SLICE_X75Y30         LUT6 (Prop_B6LUT_SLICEL_I5_O)
                                                      0.090    10.354 r  u_soc/u_lif/spike_q[30][1]_i_26/O
                         net (fo=1, routed)           0.009    10.363    u_soc/u_lif/spike_q[30][1]_i_26_n_0
    SLICE_X75Y30         CARRY8 (Prop_CARRY8_SLICEL_S[1]_CO[2])
                                                      0.095    10.458 r  u_soc/u_lif/spike_q_reg[30][1]_i_11/CO[2]
                         net (fo=46, routed)          0.474    10.932    u_soc/u_lif/spike_q_reg[30][1]_i_11_n_5
    SLICE_X76Y20         LUT2 (Prop_D6LUT_SLICEM_I1_O)
                                                      0.122    11.054 r  u_soc/u_lif/spike_q[25][2]_i_10/O
                         net (fo=29, routed)          0.328    11.382    u_soc/u_lif/spike_q[25][2]_i_10_n_0
    SLICE_X76Y32         LUT6 (Prop_F6LUT_SLICEM_I1_O)
                                                      0.098    11.480 r  u_soc/u_lif/wr_ptr[4]_i_59/O
                         net (fo=1, routed)           0.286    11.766    u_soc/u_lif/wr_ptr[4]_i_59_n_0
    SLICE_X76Y31         CARRY8 (Prop_CARRY8_SLICEM_S[0]_O[4])
                                                      0.206    11.972 r  u_soc/u_lif/wr_ptr_reg[4]_i_38/O[4]
                         net (fo=2, routed)           0.155    12.127    u_soc/u_lif/wr_ptr_reg[4]_i_38_n_11
    SLICE_X76Y29         LUT4 (Prop_C5LUT_SLICEM_I0_O)
                                                      0.137    12.264 f  u_soc/u_lif/wr_ptr[4]_i_32/O
                         net (fo=6, routed)           0.277    12.541    u_soc/u_lif/q_count[1]_i_12_n_0
    SLICE_X78Y30         LUT2 (Prop_A6LUT_SLICEL_I0_O)
                                                      0.050    12.591 r  u_soc/u_lif/q_count[1]_i_16/O
                         net (fo=1, routed)           0.009    12.600    u_soc/u_lif/q_count[1]_i_16_n_0
    SLICE_X78Y30         CARRY8 (Prop_CARRY8_SLICEL_S[0]_CO[3])
                                                      0.184    12.784 r  u_soc/u_lif/q_count_reg[1]_i_9/CO[3]
                         net (fo=65, routed)          0.486    13.270    u_soc/u_lif/q_count_reg[1]_i_9_n_4
    SLICE_X74Y20         LUT2 (Prop_A6LUT_SLICEM_I1_O)
                                                      0.053    13.323 r  u_soc/u_lif/spike_q[30][3]_i_28/O
                         net (fo=33, routed)          0.441    13.764    u_soc/u_lif/spike_q[30][3]_i_28_n_0
    SLICE_X79Y30         LUT6 (Prop_B6LUT_SLICEM_I3_O)
                                                      0.089    13.853 r  u_soc/u_lif/wr_ptr[4]_i_27/O
                         net (fo=1, routed)           0.016    13.869    u_soc/u_lif/wr_ptr[4]_i_27_n_0
    SLICE_X79Y30         CARRY8 (Prop_CARRY8_SLICEM_S[1]_CO[3])
                                                      0.184    14.053 r  u_soc/u_lif/wr_ptr_reg[4]_i_13/CO[3]
                         net (fo=54, routed)          0.419    14.472    u_soc/u_lif/wr_ptr_reg[4]_i_13_n_4
    SLICE_X77Y21         LUT2 (Prop_B6LUT_SLICEM_I1_O)
                                                      0.100    14.572 r  u_soc/u_lif/q_count[1]_i_7/O
                         net (fo=44, routed)          0.480    15.051    u_soc/u_lif/q_count[1]_i_7_n_0
    SLICE_X77Y33         LUT6 (Prop_D6LUT_SLICEM_I4_O)
                                                      0.145    15.196 r  u_soc/u_lif/q_count[0]_i_15/O
                         net (fo=1, routed)           0.025    15.221    u_soc/u_lif/q_count[0]_i_15_n_0
    SLICE_X77Y33         CARRY8 (Prop_CARRY8_SLICEM_S[3]_CO[4])
                                                      0.159    15.380 r  u_soc/u_lif/q_count_reg[0]_i_5/CO[4]
                         net (fo=47, routed)          0.409    15.789    u_soc/u_lif/q_count_reg[0]_i_5_n_3
    SLICE_X78Y25         LUT2 (Prop_D6LUT_SLICEL_I1_O)
                                                      0.122    15.911 r  u_soc/u_lif/q_count[1]_i_6/O
                         net (fo=21, routed)          0.243    16.154    u_soc/u_lif/q_count[1]_i_6_n_0
    SLICE_X78Y23         LUT6 (Prop_G6LUT_SLICEL_I5_O)
                                                      0.050    16.204 f  u_soc/u_lif/spike_q[25][1]_i_7/O
                         net (fo=21, routed)          0.162    16.366    u_soc/u_lif/spike_q[25][1]_i_7_n_0
    SLICE_X78Y25         LUT5 (Prop_B5LUT_SLICEL_I3_O)
                                                      0.073    16.439 r  u_soc/u_lif/wr_ptr[4]_i_14/O
                         net (fo=8, routed)           0.276    16.716    u_soc/u_lif/wr_ptr[4]_i_14_n_0
    SLICE_X78Y23         LUT6 (Prop_B6LUT_SLICEL_I3_O)
                                                      0.051    16.767 r  u_soc/u_lif/spike_q[30][2]_i_17/O
                         net (fo=1, routed)           0.009    16.776    u_soc/u_lif/spike_q[30][2]_i_17_n_0
    SLICE_X78Y23         CARRY8 (Prop_CARRY8_SLICEL_S[1]_CO[3])
                                                      0.180    16.956 r  u_soc/u_lif/spike_q_reg[30][2]_i_8/CO[3]
                         net (fo=8, routed)           0.483    17.439    u_soc/u_lif/spike_q_reg[30][2]_i_8_n_4
    SLICE_X81Y6          LUT2 (Prop_C5LUT_SLICEL_I1_O)
                                                      0.068    17.507 r  u_soc/u_lif/spike_q[30][3]_i_11/O
                         net (fo=1, routed)           0.469    17.976    u_soc/u_lif/spike_q[30][3]_i_11_n_0
    SLICE_X76Y18         LUT6 (Prop_B6LUT_SLICEM_I4_O)
                                                      0.125    18.101 r  u_soc/u_lif/spike_q[30][3]_i_3/O
                         net (fo=32, routed)          0.395    18.495    u_soc/u_lif/spike_q[30][3]_i_3_n_0
    SLICE_X82Y13         LUT6 (Prop_D6LUT_SLICEM_I3_O)
                                                      0.145    18.640 r  u_soc/u_lif/spike_q[20][3]_i_1/O
                         net (fo=1, routed)           0.072    18.712    u_soc/u_lif/spike_q[20][3]_i_1_n_0
    SLICE_X82Y13         FDRE                                         r  u_soc/u_lif/spike_q_reg[20][3]/D
  -------------------------------------------------------------------    -------------------

                         (clock clk_mmcm_out rise edge)
                                                     19.998    19.998 r  
    AL8                                               0.000    19.998 r  sys_clk_p (IN)
                         net (fo=0)                   0.079    20.077    u_ibufds/I
    HPIOBDIFFINBUF_X0Y11 DIFFINBUF (Prop_DIFFINBUF_HPIOBDIFFINBUF_DIFF_IN_P_O)
                                                      0.525    20.602 r  u_ibufds/DIFFINBUF_INST/O
                         net (fo=1, routed)           0.040    20.642    u_ibufds/OUT
    AL8                  IBUFCTRL (Prop_IBUFCTRL_HPIOB_M_I_O)
                                                      0.000    20.642 r  u_ibufds/IBUFCTRL_INST/O
                         net (fo=1, routed)           0.293    20.935    sys_clk_ibuf
    BUFGCE_X0Y12         BUFGCE (Prop_BUFCE_BUFGCE_I_O)
                                                      0.024    20.959 r  sys_clk_ibuf_BUFG_inst/O
                         net (fo=1, routed)           1.498    22.457    sys_clk_ibuf_BUFGCE
    MMCM_X0Y3            MMCME4_ADV (Prop_MMCM_CLKIN1_CLKOUT0)
                                                      0.630    23.087 r  u_mmcm/CLKOUT0
                         net (fo=1, routed)           0.215    23.302    clk_mmcm_out
    BUFGCE_X0Y95         BUFGCE (Prop_BUFCE_BUFGCE_I_O)
                                                      0.024    23.326 r  u_bufg/O
    X2Y1 (CLOCK_ROOT)    net (fo=7704, routed)        2.044    25.369    u_soc/u_lif/clk_50m
    SLICE_X82Y13         FDRE                                         r  u_soc/u_lif/spike_q_reg[20][3]/C
                         clock pessimism             -0.255    25.114    
                         clock uncertainty           -0.068    25.046    
    SLICE_X82Y13         FDRE (Setup_DFF_SLICEM_C_D)
                                                      0.025    25.071    u_soc/u_lif/spike_q_reg[20][3]
  -------------------------------------------------------------------
                         required time                         25.071    
                         arrival time                         -18.712    
  -------------------------------------------------------------------
                         slack                                  6.359    





Min Delay Paths
--------------------------------------------------------------------------------------
Slack (MET) :             0.016ns  (arrival time - required time)
  Source:                 u_soc/u_bus_interconnect/req_addr_reg[8]/C
                            (rising edge-triggered cell FDCE clocked by clk_mmcm_out  {rise@0.000ns fall@9.999ns period=19.998ns})
  Destination:            u_soc/u_instr_sram/mem_reg_0_511_5_5/RAMS64E1_A/WADR6
                            (rising edge-triggered cell RAMS64E1 clocked by clk_mmcm_out  {rise@0.000ns fall@9.999ns period=19.998ns})
  Path Group:             clk_mmcm_out
  Path Type:              Hold (Min at Slow Process Corner)
  Requirement:            0.000ns  (clk_mmcm_out rise@0.000ns - clk_mmcm_out rise@0.000ns)
  Data Path Delay:        0.143ns  (logic 0.058ns (40.529%)  route 0.085ns (59.471%))
  Logic Levels:           0  
  Clock Path Skew:        0.062ns (DCD - SCD - CPR)
    Destination Clock Delay (DCD):    5.166ns
    Source Clock Delay      (SCD):    5.267ns
    Clock Pessimism Removal (CPR):    -0.162ns
  Clock Net Delay (Source):      1.940ns (routing 1.082ns, distribution 0.858ns)
  Clock Net Delay (Destination): 2.205ns (routing 1.189ns, distribution 1.016ns)

    Location             Delay type                Incr(ns)  Path(ns)    Netlist Resource(s)
  -------------------------------------------------------------------    -------------------
                         (clock clk_mmcm_out rise edge)
                                                      0.000     0.000 r  
    AL8                                               0.000     0.000 r  sys_clk_p (IN)
                         net (fo=0)                   0.079     0.079    u_ibufds/I
    HPIOBDIFFINBUF_X0Y11 DIFFINBUF (Prop_DIFFINBUF_HPIOBDIFFINBUF_DIFF_IN_P_O)
                                                      0.525     0.604 r  u_ibufds/DIFFINBUF_INST/O
                         net (fo=1, routed)           0.040     0.644    u_ibufds/OUT
    AL8                  IBUFCTRL (Prop_IBUFCTRL_HPIOB_M_I_O)
                                                      0.000     0.644 r  u_ibufds/IBUFCTRL_INST/O
                         net (fo=1, routed)           0.293     0.937    sys_clk_ibuf
    BUFGCE_X0Y12         BUFGCE (Prop_BUFCE_BUFGCE_I_O)
                                                      0.024     0.961 r  sys_clk_ibuf_BUFG_inst/O
                         net (fo=1, routed)           1.498     2.459    sys_clk_ibuf_BUFGCE
    MMCM_X0Y3            MMCME4_ADV (Prop_MMCM_CLKIN1_CLKOUT0)
                                                      0.630     3.089 r  u_mmcm/CLKOUT0
                         net (fo=1, routed)           0.215     3.304    clk_mmcm_out
    BUFGCE_X0Y95         BUFGCE (Prop_BUFCE_BUFGCE_I_O)
                                                      0.024     3.328 r  u_bufg/O
    X2Y1 (CLOCK_ROOT)    net (fo=7704, routed)        1.940     5.267    u_soc/u_bus_interconnect/clk_50m
    SLICE_X76Y112        FDCE                                         r  u_soc/u_bus_interconnect/req_addr_reg[8]/C
  -------------------------------------------------------------------    -------------------
    SLICE_X76Y112        FDCE (Prop_HFF_SLICEM_C_Q)
                                                      0.058     5.325 r  u_soc/u_bus_interconnect/req_addr_reg[8]/Q
                         net (fo=263, routed)         0.085     5.410    u_soc/u_instr_sram/mem_reg_0_511_5_5/A6
    SLICE_X76Y113        RAMS64E1                                     r  u_soc/u_instr_sram/mem_reg_0_511_5_5/RAMS64E1_A/WADR6
  -------------------------------------------------------------------    -------------------

                         (clock clk_mmcm_out rise edge)
                                                      0.000     0.000 r  
    AL8                                               0.000     0.000 r  sys_clk_p (IN)
                         net (fo=0)                   0.100     0.100    u_ibufds/I
    HPIOBDIFFINBUF_X0Y11 DIFFINBUF (Prop_DIFFINBUF_HPIOBDIFFINBUF_DIFF_IN_P_O)
                                                      0.634     0.734 r  u_ibufds/DIFFINBUF_INST/O
                         net (fo=1, routed)           0.050     0.784    u_ibufds/OUT
    AL8                  IBUFCTRL (Prop_IBUFCTRL_HPIOB_M_I_O)
                                                      0.000     0.784 r  u_ibufds/IBUFCTRL_INST/O
                         net (fo=1, routed)           0.332     1.116    sys_clk_ibuf
    BUFGCE_X0Y12         BUFGCE (Prop_BUFCE_BUFGCE_I_O)
                                                      0.028     1.144 r  sys_clk_ibuf_BUFG_inst/O
                         net (fo=1, routed)           1.671     2.815    sys_clk_ibuf_BUFGCE
    MMCM_X0Y3            MMCME4_ADV (Prop_MMCM_CLKIN1_CLKOUT0)
                                                     -0.127     2.688 r  u_mmcm/CLKOUT0
                         net (fo=1, routed)           0.245     2.933    clk_mmcm_out
    BUFGCE_X0Y95         BUFGCE (Prop_BUFCE_BUFGCE_I_O)
                                                      0.028     2.961 r  u_bufg/O
    X2Y1 (CLOCK_ROOT)    net (fo=7704, routed)        2.205     5.166    u_soc/u_instr_sram/mem_reg_0_511_5_5/WCLK
    SLICE_X76Y113        RAMS64E1                                     r  u_soc/u_instr_sram/mem_reg_0_511_5_5/RAMS64E1_A/CLK
                         clock pessimism              0.162     5.329    
    SLICE_X76Y113        RAMS64E1 (Hold_A6LUT_SLICEM_CLK_WADR6)
                                                      0.065     5.394    u_soc/u_instr_sram/mem_reg_0_511_5_5/RAMS64E1_A
  -------------------------------------------------------------------
                         required time                         -5.394    
                         arrival time                           5.410    
  -------------------------------------------------------------------
                         slack                                  0.016    

Slack (MET) :             0.016ns  (arrival time - required time)
  Source:                 u_soc/u_bus_interconnect/req_addr_reg[8]/C
                            (rising edge-triggered cell FDCE clocked by clk_mmcm_out  {rise@0.000ns fall@9.999ns period=19.998ns})
  Destination:            u_soc/u_instr_sram/mem_reg_0_511_5_5/RAMS64E1_B/WADR6
                            (rising edge-triggered cell RAMS64E1 clocked by clk_mmcm_out  {rise@0.000ns fall@9.999ns period=19.998ns})
  Path Group:             clk_mmcm_out
  Path Type:              Hold (Min at Slow Process Corner)
  Requirement:            0.000ns  (clk_mmcm_out rise@0.000ns - clk_mmcm_out rise@0.000ns)
  Data Path Delay:        0.143ns  (logic 0.058ns (40.529%)  route 0.085ns (59.471%))
  Logic Levels:           0  
  Clock Path Skew:        0.062ns (DCD - SCD - CPR)
    Destination Clock Delay (DCD):    5.166ns
    Source Clock Delay      (SCD):    5.267ns
    Clock Pessimism Removal (CPR):    -0.162ns
  Clock Net Delay (Source):      1.940ns (routing 1.082ns, distribution 0.858ns)
  Clock Net Delay (Destination): 2.205ns (routing 1.189ns, distribution 1.016ns)

    Location             Delay type                Incr(ns)  Path(ns)    Netlist Resource(s)
  -------------------------------------------------------------------    -------------------
                         (clock clk_mmcm_out rise edge)
                                                      0.000     0.000 r  
    AL8                                               0.000     0.000 r  sys_clk_p (IN)
                         net (fo=0)                   0.079     0.079    u_ibufds/I
    HPIOBDIFFINBUF_X0Y11 DIFFINBUF (Prop_DIFFINBUF_HPIOBDIFFINBUF_DIFF_IN_P_O)
                                                      0.525     0.604 r  u_ibufds/DIFFINBUF_INST/O
                         net (fo=1, routed)           0.040     0.644    u_ibufds/OUT
    AL8                  IBUFCTRL (Prop_IBUFCTRL_HPIOB_M_I_O)
                                                      0.000     0.644 r  u_ibufds/IBUFCTRL_INST/O
                         net (fo=1, routed)           0.293     0.937    sys_clk_ibuf
    BUFGCE_X0Y12         BUFGCE (Prop_BUFCE_BUFGCE_I_O)
                                                      0.024     0.961 r  sys_clk_ibuf_BUFG_inst/O
                         net (fo=1, routed)           1.498     2.459    sys_clk_ibuf_BUFGCE
    MMCM_X0Y3            MMCME4_ADV (Prop_MMCM_CLKIN1_CLKOUT0)
                                                      0.630     3.089 r  u_mmcm/CLKOUT0
                         net (fo=1, routed)           0.215     3.304    clk_mmcm_out
    BUFGCE_X0Y95         BUFGCE (Prop_BUFCE_BUFGCE_I_O)
                                                      0.024     3.328 r  u_bufg/O
    X2Y1 (CLOCK_ROOT)    net (fo=7704, routed)        1.940     5.267    u_soc/u_bus_interconnect/clk_50m
    SLICE_X76Y112        FDCE                                         r  u_soc/u_bus_interconnect/req_addr_reg[8]/C
  -------------------------------------------------------------------    -------------------
    SLICE_X76Y112        FDCE (Prop_HFF_SLICEM_C_Q)
                                                      0.058     5.325 r  u_soc/u_bus_interconnect/req_addr_reg[8]/Q
                         net (fo=263, routed)         0.085     5.410    u_soc/u_instr_sram/mem_reg_0_511_5_5/A6
    SLICE_X76Y113        RAMS64E1                                     r  u_soc/u_instr_sram/mem_reg_0_511_5_5/RAMS64E1_B/WADR6
  -------------------------------------------------------------------    -------------------

                         (clock clk_mmcm_out rise edge)
                                                      0.000     0.000 r  
    AL8                                               0.000     0.000 r  sys_clk_p (IN)
                         net (fo=0)                   0.100     0.100    u_ibufds/I
    HPIOBDIFFINBUF_X0Y11 DIFFINBUF (Prop_DIFFINBUF_HPIOBDIFFINBUF_DIFF_IN_P_O)
                                                      0.634     0.734 r  u_ibufds/DIFFINBUF_INST/O
                         net (fo=1, routed)           0.050     0.784    u_ibufds/OUT
    AL8                  IBUFCTRL (Prop_IBUFCTRL_HPIOB_M_I_O)
                                                      0.000     0.784 r  u_ibufds/IBUFCTRL_INST/O
                         net (fo=1, routed)           0.332     1.116    sys_clk_ibuf
    BUFGCE_X0Y12         BUFGCE (Prop_BUFCE_BUFGCE_I_O)
                                                      0.028     1.144 r  sys_clk_ibuf_BUFG_inst/O
                         net (fo=1, routed)           1.671     2.815    sys_clk_ibuf_BUFGCE
    MMCM_X0Y3            MMCME4_ADV (Prop_MMCM_CLKIN1_CLKOUT0)
                                                     -0.127     2.688 r  u_mmcm/CLKOUT0
                         net (fo=1, routed)           0.245     2.933    clk_mmcm_out
    BUFGCE_X0Y95         BUFGCE (Prop_BUFCE_BUFGCE_I_O)
                                                      0.028     2.961 r  u_bufg/O
    X2Y1 (CLOCK_ROOT)    net (fo=7704, routed)        2.205     5.166    u_soc/u_instr_sram/mem_reg_0_511_5_5/WCLK
    SLICE_X76Y113        RAMS64E1                                     r  u_soc/u_instr_sram/mem_reg_0_511_5_5/RAMS64E1_B/CLK
                         clock pessimism              0.162     5.329    
    SLICE_X76Y113        RAMS64E1 (Hold_B6LUT_SLICEM_CLK_WADR6)
                                                      0.065     5.394    u_soc/u_instr_sram/mem_reg_0_511_5_5/RAMS64E1_B
  -------------------------------------------------------------------
                         required time                         -5.394    
                         arrival time                           5.410    
  -------------------------------------------------------------------
                         slack                                  0.016    

Slack (MET) :             0.016ns  (arrival time - required time)
  Source:                 u_soc/u_bus_interconnect/req_addr_reg[8]/C
                            (rising edge-triggered cell FDCE clocked by clk_mmcm_out  {rise@0.000ns fall@9.999ns period=19.998ns})
  Destination:            u_soc/u_instr_sram/mem_reg_0_511_5_5/RAMS64E1_C/WADR6
                            (rising edge-triggered cell RAMS64E1 clocked by clk_mmcm_out  {rise@0.000ns fall@9.999ns period=19.998ns})
  Path Group:             clk_mmcm_out
  Path Type:              Hold (Min at Slow Process Corner)
  Requirement:            0.000ns  (clk_mmcm_out rise@0.000ns - clk_mmcm_out rise@0.000ns)
  Data Path Delay:        0.143ns  (logic 0.058ns (40.529%)  route 0.085ns (59.471%))
  Logic Levels:           0  
  Clock Path Skew:        0.062ns (DCD - SCD - CPR)
    Destination Clock Delay (DCD):    5.166ns
    Source Clock Delay      (SCD):    5.267ns
    Clock Pessimism Removal (CPR):    -0.162ns
  Clock Net Delay (Source):      1.940ns (routing 1.082ns, distribution 0.858ns)
  Clock Net Delay (Destination): 2.205ns (routing 1.189ns, distribution 1.016ns)

    Location             Delay type                Incr(ns)  Path(ns)    Netlist Resource(s)
  -------------------------------------------------------------------    -------------------
                         (clock clk_mmcm_out rise edge)
                                                      0.000     0.000 r  
    AL8                                               0.000     0.000 r  sys_clk_p (IN)
                         net (fo=0)                   0.079     0.079    u_ibufds/I
    HPIOBDIFFINBUF_X0Y11 DIFFINBUF (Prop_DIFFINBUF_HPIOBDIFFINBUF_DIFF_IN_P_O)
                                                      0.525     0.604 r  u_ibufds/DIFFINBUF_INST/O
                         net (fo=1, routed)           0.040     0.644    u_ibufds/OUT
    AL8                  IBUFCTRL (Prop_IBUFCTRL_HPIOB_M_I_O)
                                                      0.000     0.644 r  u_ibufds/IBUFCTRL_INST/O
                         net (fo=1, routed)           0.293     0.937    sys_clk_ibuf
    BUFGCE_X0Y12         BUFGCE (Prop_BUFCE_BUFGCE_I_O)
                                                      0.024     0.961 r  sys_clk_ibuf_BUFG_inst/O
                         net (fo=1, routed)           1.498     2.459    sys_clk_ibuf_BUFGCE
    MMCM_X0Y3            MMCME4_ADV (Prop_MMCM_CLKIN1_CLKOUT0)
                                                      0.630     3.089 r  u_mmcm/CLKOUT0
                         net (fo=1, routed)           0.215     3.304    clk_mmcm_out
    BUFGCE_X0Y95         BUFGCE (Prop_BUFCE_BUFGCE_I_O)
                                                      0.024     3.328 r  u_bufg/O
    X2Y1 (CLOCK_ROOT)    net (fo=7704, routed)        1.940     5.267    u_soc/u_bus_interconnect/clk_50m
    SLICE_X76Y112        FDCE                                         r  u_soc/u_bus_interconnect/req_addr_reg[8]/C
  -------------------------------------------------------------------    -------------------
    SLICE_X76Y112        FDCE (Prop_HFF_SLICEM_C_Q)
                                                      0.058     5.325 r  u_soc/u_bus_interconnect/req_addr_reg[8]/Q
                         net (fo=263, routed)         0.085     5.410    u_soc/u_instr_sram/mem_reg_0_511_5_5/A6
    SLICE_X76Y113        RAMS64E1                                     r  u_soc/u_instr_sram/mem_reg_0_511_5_5/RAMS64E1_C/WADR6
  -------------------------------------------------------------------    -------------------

                         (clock clk_mmcm_out rise edge)
                                                      0.000     0.000 r  
    AL8                                               0.000     0.000 r  sys_clk_p (IN)
                         net (fo=0)                   0.100     0.100    u_ibufds/I
    HPIOBDIFFINBUF_X0Y11 DIFFINBUF (Prop_DIFFINBUF_HPIOBDIFFINBUF_DIFF_IN_P_O)
                                                      0.634     0.734 r  u_ibufds/DIFFINBUF_INST/O
                         net (fo=1, routed)           0.050     0.784    u_ibufds/OUT
    AL8                  IBUFCTRL (Prop_IBUFCTRL_HPIOB_M_I_O)
                                                      0.000     0.784 r  u_ibufds/IBUFCTRL_INST/O
                         net (fo=1, routed)           0.332     1.116    sys_clk_ibuf
    BUFGCE_X0Y12         BUFGCE (Prop_BUFCE_BUFGCE_I_O)
                                                      0.028     1.144 r  sys_clk_ibuf_BUFG_inst/O
                         net (fo=1, routed)           1.671     2.815    sys_clk_ibuf_BUFGCE
    MMCM_X0Y3            MMCME4_ADV (Prop_MMCM_CLKIN1_CLKOUT0)
                                                     -0.127     2.688 r  u_mmcm/CLKOUT0
                         net (fo=1, routed)           0.245     2.933    clk_mmcm_out
    BUFGCE_X0Y95         BUFGCE (Prop_BUFCE_BUFGCE_I_O)
                                                      0.028     2.961 r  u_bufg/O
    X2Y1 (CLOCK_ROOT)    net (fo=7704, routed)        2.205     5.166    u_soc/u_instr_sram/mem_reg_0_511_5_5/WCLK
    SLICE_X76Y113        RAMS64E1                                     r  u_soc/u_instr_sram/mem_reg_0_511_5_5/RAMS64E1_C/CLK
                         clock pessimism              0.162     5.329    
    SLICE_X76Y113        RAMS64E1 (Hold_C6LUT_SLICEM_CLK_WADR6)
                                                      0.065     5.394    u_soc/u_instr_sram/mem_reg_0_511_5_5/RAMS64E1_C
  -------------------------------------------------------------------
                         required time                         -5.394    
                         arrival time                           5.410    
  -------------------------------------------------------------------
                         slack                                  0.016    

Slack (MET) :             0.016ns  (arrival time - required time)
  Source:                 u_soc/u_bus_interconnect/req_addr_reg[8]/C
                            (rising edge-triggered cell FDCE clocked by clk_mmcm_out  {rise@0.000ns fall@9.999ns period=19.998ns})
  Destination:            u_soc/u_instr_sram/mem_reg_0_511_5_5/RAMS64E1_D/WADR6
                            (rising edge-triggered cell RAMS64E1 clocked by clk_mmcm_out  {rise@0.000ns fall@9.999ns period=19.998ns})
  Path Group:             clk_mmcm_out
  Path Type:              Hold (Min at Slow Process Corner)
  Requirement:            0.000ns  (clk_mmcm_out rise@0.000ns - clk_mmcm_out rise@0.000ns)
  Data Path Delay:        0.143ns  (logic 0.058ns (40.529%)  route 0.085ns (59.471%))
  Logic Levels:           0  
  Clock Path Skew:        0.062ns (DCD - SCD - CPR)
    Destination Clock Delay (DCD):    5.166ns
    Source Clock Delay      (SCD):    5.267ns
    Clock Pessimism Removal (CPR):    -0.162ns
  Clock Net Delay (Source):      1.940ns (routing 1.082ns, distribution 0.858ns)
  Clock Net Delay (Destination): 2.205ns (routing 1.189ns, distribution 1.016ns)

    Location             Delay type                Incr(ns)  Path(ns)    Netlist Resource(s)
  -------------------------------------------------------------------    -------------------
                         (clock clk_mmcm_out rise edge)
                                                      0.000     0.000 r  
    AL8                                               0.000     0.000 r  sys_clk_p (IN)
                         net (fo=0)                   0.079     0.079    u_ibufds/I
    HPIOBDIFFINBUF_X0Y11 DIFFINBUF (Prop_DIFFINBUF_HPIOBDIFFINBUF_DIFF_IN_P_O)
                                                      0.525     0.604 r  u_ibufds/DIFFINBUF_INST/O
                         net (fo=1, routed)           0.040     0.644    u_ibufds/OUT
    AL8                  IBUFCTRL (Prop_IBUFCTRL_HPIOB_M_I_O)
                                                      0.000     0.644 r  u_ibufds/IBUFCTRL_INST/O
                         net (fo=1, routed)           0.293     0.937    sys_clk_ibuf
    BUFGCE_X0Y12         BUFGCE (Prop_BUFCE_BUFGCE_I_O)
                                                      0.024     0.961 r  sys_clk_ibuf_BUFG_inst/O
                         net (fo=1, routed)           1.498     2.459    sys_clk_ibuf_BUFGCE
    MMCM_X0Y3            MMCME4_ADV (Prop_MMCM_CLKIN1_CLKOUT0)
                                                      0.630     3.089 r  u_mmcm/CLKOUT0
                         net (fo=1, routed)           0.215     3.304    clk_mmcm_out
    BUFGCE_X0Y95         BUFGCE (Prop_BUFCE_BUFGCE_I_O)
                                                      0.024     3.328 r  u_bufg/O
    X2Y1 (CLOCK_ROOT)    net (fo=7704, routed)        1.940     5.267    u_soc/u_bus_interconnect/clk_50m
    SLICE_X76Y112        FDCE                                         r  u_soc/u_bus_interconnect/req_addr_reg[8]/C
  -------------------------------------------------------------------    -------------------
    SLICE_X76Y112        FDCE (Prop_HFF_SLICEM_C_Q)
                                                      0.058     5.325 r  u_soc/u_bus_interconnect/req_addr_reg[8]/Q
                         net (fo=263, routed)         0.085     5.410    u_soc/u_instr_sram/mem_reg_0_511_5_5/A6
    SLICE_X76Y113        RAMS64E1                                     r  u_soc/u_instr_sram/mem_reg_0_511_5_5/RAMS64E1_D/WADR6
  -------------------------------------------------------------------    -------------------

                         (clock clk_mmcm_out rise edge)
                                                      0.000     0.000 r  
    AL8                                               0.000     0.000 r  sys_clk_p (IN)
                         net (fo=0)                   0.100     0.100    u_ibufds/I
    HPIOBDIFFINBUF_X0Y11 DIFFINBUF (Prop_DIFFINBUF_HPIOBDIFFINBUF_DIFF_IN_P_O)
                                                      0.634     0.734 r  u_ibufds/DIFFINBUF_INST/O
                         net (fo=1, routed)           0.050     0.784    u_ibufds/OUT
    AL8                  IBUFCTRL (Prop_IBUFCTRL_HPIOB_M_I_O)
                                                      0.000     0.784 r  u_ibufds/IBUFCTRL_INST/O
                         net (fo=1, routed)           0.332     1.116    sys_clk_ibuf
    BUFGCE_X0Y12         BUFGCE (Prop_BUFCE_BUFGCE_I_O)
                                                      0.028     1.144 r  sys_clk_ibuf_BUFG_inst/O
                         net (fo=1, routed)           1.671     2.815    sys_clk_ibuf_BUFGCE
    MMCM_X0Y3            MMCME4_ADV (Prop_MMCM_CLKIN1_CLKOUT0)
                                                     -0.127     2.688 r  u_mmcm/CLKOUT0
                         net (fo=1, routed)           0.245     2.933    clk_mmcm_out
    BUFGCE_X0Y95         BUFGCE (Prop_BUFCE_BUFGCE_I_O)
                                                      0.028     2.961 r  u_bufg/O
    X2Y1 (CLOCK_ROOT)    net (fo=7704, routed)        2.205     5.166    u_soc/u_instr_sram/mem_reg_0_511_5_5/WCLK
    SLICE_X76Y113        RAMS64E1                                     r  u_soc/u_instr_sram/mem_reg_0_511_5_5/RAMS64E1_D/CLK
                         clock pessimism              0.162     5.329    
    SLICE_X76Y113        RAMS64E1 (Hold_D6LUT_SLICEM_CLK_WADR6)
                                                      0.065     5.394    u_soc/u_instr_sram/mem_reg_0_511_5_5/RAMS64E1_D
  -------------------------------------------------------------------
                         required time                         -5.394    
                         arrival time                           5.410    
  -------------------------------------------------------------------
                         slack                                  0.016    

Slack (MET) :             0.016ns  (arrival time - required time)
  Source:                 u_soc/u_bus_interconnect/req_addr_reg[8]/C
                            (rising edge-triggered cell FDCE clocked by clk_mmcm_out  {rise@0.000ns fall@9.999ns period=19.998ns})
  Destination:            u_soc/u_instr_sram/mem_reg_0_511_5_5/RAMS64E1_E/WADR6
                            (rising edge-triggered cell RAMS64E1 clocked by clk_mmcm_out  {rise@0.000ns fall@9.999ns period=19.998ns})
  Path Group:             clk_mmcm_out
  Path Type:              Hold (Min at Slow Process Corner)
  Requirement:            0.000ns  (clk_mmcm_out rise@0.000ns - clk_mmcm_out rise@0.000ns)
  Data Path Delay:        0.143ns  (logic 0.058ns (40.529%)  route 0.085ns (59.471%))
  Logic Levels:           0  
  Clock Path Skew:        0.062ns (DCD - SCD - CPR)
    Destination Clock Delay (DCD):    5.166ns
    Source Clock Delay      (SCD):    5.267ns
    Clock Pessimism Removal (CPR):    -0.162ns
  Clock Net Delay (Source):      1.940ns (routing 1.082ns, distribution 0.858ns)
  Clock Net Delay (Destination): 2.205ns (routing 1.189ns, distribution 1.016ns)

    Location             Delay type                Incr(ns)  Path(ns)    Netlist Resource(s)
  -------------------------------------------------------------------    -------------------
                         (clock clk_mmcm_out rise edge)
                                                      0.000     0.000 r  
    AL8                                               0.000     0.000 r  sys_clk_p (IN)
                         net (fo=0)                   0.079     0.079    u_ibufds/I
    HPIOBDIFFINBUF_X0Y11 DIFFINBUF (Prop_DIFFINBUF_HPIOBDIFFINBUF_DIFF_IN_P_O)
                                                      0.525     0.604 r  u_ibufds/DIFFINBUF_INST/O
                         net (fo=1, routed)           0.040     0.644    u_ibufds/OUT
    AL8                  IBUFCTRL (Prop_IBUFCTRL_HPIOB_M_I_O)
                                                      0.000     0.644 r  u_ibufds/IBUFCTRL_INST/O
                         net (fo=1, routed)           0.293     0.937    sys_clk_ibuf
    BUFGCE_X0Y12         BUFGCE (Prop_BUFCE_BUFGCE_I_O)
                                                      0.024     0.961 r  sys_clk_ibuf_BUFG_inst/O
                         net (fo=1, routed)           1.498     2.459    sys_clk_ibuf_BUFGCE
    MMCM_X0Y3            MMCME4_ADV (Prop_MMCM_CLKIN1_CLKOUT0)
                                                      0.630     3.089 r  u_mmcm/CLKOUT0
                         net (fo=1, routed)           0.215     3.304    clk_mmcm_out
    BUFGCE_X0Y95         BUFGCE (Prop_BUFCE_BUFGCE_I_O)
                                                      0.024     3.328 r  u_bufg/O
    X2Y1 (CLOCK_ROOT)    net (fo=7704, routed)        1.940     5.267    u_soc/u_bus_interconnect/clk_50m
    SLICE_X76Y112        FDCE                                         r  u_soc/u_bus_interconnect/req_addr_reg[8]/C
  -------------------------------------------------------------------    -------------------
    SLICE_X76Y112        FDCE (Prop_HFF_SLICEM_C_Q)
                                                      0.058     5.325 r  u_soc/u_bus_interconnect/req_addr_reg[8]/Q
                         net (fo=263, routed)         0.085     5.410    u_soc/u_instr_sram/mem_reg_0_511_5_5/A6
    SLICE_X76Y113        RAMS64E1                                     r  u_soc/u_instr_sram/mem_reg_0_511_5_5/RAMS64E1_E/WADR6
  -------------------------------------------------------------------    -------------------

                         (clock clk_mmcm_out rise edge)
                                                      0.000     0.000 r  
    AL8                                               0.000     0.000 r  sys_clk_p (IN)
                         net (fo=0)                   0.100     0.100    u_ibufds/I
    HPIOBDIFFINBUF_X0Y11 DIFFINBUF (Prop_DIFFINBUF_HPIOBDIFFINBUF_DIFF_IN_P_O)
                                                      0.634     0.734 r  u_ibufds/DIFFINBUF_INST/O
                         net (fo=1, routed)           0.050     0.784    u_ibufds/OUT
    AL8                  IBUFCTRL (Prop_IBUFCTRL_HPIOB_M_I_O)
                                                      0.000     0.784 r  u_ibufds/IBUFCTRL_INST/O
                         net (fo=1, routed)           0.332     1.116    sys_clk_ibuf
    BUFGCE_X0Y12         BUFGCE (Prop_BUFCE_BUFGCE_I_O)
                                                      0.028     1.144 r  sys_clk_ibuf_BUFG_inst/O
                         net (fo=1, routed)           1.671     2.815    sys_clk_ibuf_BUFGCE
    MMCM_X0Y3            MMCME4_ADV (Prop_MMCM_CLKIN1_CLKOUT0)
                                                     -0.127     2.688 r  u_mmcm/CLKOUT0
                         net (fo=1, routed)           0.245     2.933    clk_mmcm_out
    BUFGCE_X0Y95         BUFGCE (Prop_BUFCE_BUFGCE_I_O)
                                                      0.028     2.961 r  u_bufg/O
    X2Y1 (CLOCK_ROOT)    net (fo=7704, routed)        2.205     5.166    u_soc/u_instr_sram/mem_reg_0_511_5_5/WCLK
    SLICE_X76Y113        RAMS64E1                                     r  u_soc/u_instr_sram/mem_reg_0_511_5_5/RAMS64E1_E/CLK
                         clock pessimism              0.162     5.329    
    SLICE_X76Y113        RAMS64E1 (Hold_E6LUT_SLICEM_CLK_WADR6)
                                                      0.065     5.394    u_soc/u_instr_sram/mem_reg_0_511_5_5/RAMS64E1_E
  -------------------------------------------------------------------
                         required time                         -5.394    
                         arrival time                           5.410    
  -------------------------------------------------------------------
                         slack                                  0.016    

Slack (MET) :             0.016ns  (arrival time - required time)
  Source:                 u_soc/u_bus_interconnect/req_addr_reg[8]/C
                            (rising edge-triggered cell FDCE clocked by clk_mmcm_out  {rise@0.000ns fall@9.999ns period=19.998ns})
  Destination:            u_soc/u_instr_sram/mem_reg_0_511_5_5/RAMS64E1_F/WADR6
                            (rising edge-triggered cell RAMS64E1 clocked by clk_mmcm_out  {rise@0.000ns fall@9.999ns period=19.998ns})
  Path Group:             clk_mmcm_out
  Path Type:              Hold (Min at Slow Process Corner)
  Requirement:            0.000ns  (clk_mmcm_out rise@0.000ns - clk_mmcm_out rise@0.000ns)
  Data Path Delay:        0.143ns  (logic 0.058ns (40.529%)  route 0.085ns (59.471%))
  Logic Levels:           0  
  Clock Path Skew:        0.062ns (DCD - SCD - CPR)
    Destination Clock Delay (DCD):    5.166ns
    Source Clock Delay      (SCD):    5.267ns
    Clock Pessimism Removal (CPR):    -0.162ns
  Clock Net Delay (Source):      1.940ns (routing 1.082ns, distribution 0.858ns)
  Clock Net Delay (Destination): 2.205ns (routing 1.189ns, distribution 1.016ns)

    Location             Delay type                Incr(ns)  Path(ns)    Netlist Resource(s)
  -------------------------------------------------------------------    -------------------
                         (clock clk_mmcm_out rise edge)
                                                      0.000     0.000 r  
    AL8                                               0.000     0.000 r  sys_clk_p (IN)
                         net (fo=0)                   0.079     0.079    u_ibufds/I
    HPIOBDIFFINBUF_X0Y11 DIFFINBUF (Prop_DIFFINBUF_HPIOBDIFFINBUF_DIFF_IN_P_O)
                                                      0.525     0.604 r  u_ibufds/DIFFINBUF_INST/O
                         net (fo=1, routed)           0.040     0.644    u_ibufds/OUT
    AL8                  IBUFCTRL (Prop_IBUFCTRL_HPIOB_M_I_O)
                                                      0.000     0.644 r  u_ibufds/IBUFCTRL_INST/O
                         net (fo=1, routed)           0.293     0.937    sys_clk_ibuf
    BUFGCE_X0Y12         BUFGCE (Prop_BUFCE_BUFGCE_I_O)
                                                      0.024     0.961 r  sys_clk_ibuf_BUFG_inst/O
                         net (fo=1, routed)           1.498     2.459    sys_clk_ibuf_BUFGCE
    MMCM_X0Y3            MMCME4_ADV (Prop_MMCM_CLKIN1_CLKOUT0)
                                                      0.630     3.089 r  u_mmcm/CLKOUT0
                         net (fo=1, routed)           0.215     3.304    clk_mmcm_out
    BUFGCE_X0Y95         BUFGCE (Prop_BUFCE_BUFGCE_I_O)
                                                      0.024     3.328 r  u_bufg/O
    X2Y1 (CLOCK_ROOT)    net (fo=7704, routed)        1.940     5.267    u_soc/u_bus_interconnect/clk_50m
    SLICE_X76Y112        FDCE                                         r  u_soc/u_bus_interconnect/req_addr_reg[8]/C
  -------------------------------------------------------------------    -------------------
    SLICE_X76Y112        FDCE (Prop_HFF_SLICEM_C_Q)
                                                      0.058     5.325 r  u_soc/u_bus_interconnect/req_addr_reg[8]/Q
                         net (fo=263, routed)         0.085     5.410    u_soc/u_instr_sram/mem_reg_0_511_5_5/A6
    SLICE_X76Y113        RAMS64E1                                     r  u_soc/u_instr_sram/mem_reg_0_511_5_5/RAMS64E1_F/WADR6
  -------------------------------------------------------------------    -------------------

                         (clock clk_mmcm_out rise edge)
                                                      0.000     0.000 r  
    AL8                                               0.000     0.000 r  sys_clk_p (IN)
                         net (fo=0)                   0.100     0.100    u_ibufds/I
    HPIOBDIFFINBUF_X0Y11 DIFFINBUF (Prop_DIFFINBUF_HPIOBDIFFINBUF_DIFF_IN_P_O)
                                                      0.634     0.734 r  u_ibufds/DIFFINBUF_INST/O
                         net (fo=1, routed)           0.050     0.784    u_ibufds/OUT
    AL8                  IBUFCTRL (Prop_IBUFCTRL_HPIOB_M_I_O)
                                                      0.000     0.784 r  u_ibufds/IBUFCTRL_INST/O
                         net (fo=1, routed)           0.332     1.116    sys_clk_ibuf
    BUFGCE_X0Y12         BUFGCE (Prop_BUFCE_BUFGCE_I_O)
                                                      0.028     1.144 r  sys_clk_ibuf_BUFG_inst/O
                         net (fo=1, routed)           1.671     2.815    sys_clk_ibuf_BUFGCE
    MMCM_X0Y3            MMCME4_ADV (Prop_MMCM_CLKIN1_CLKOUT0)
                                                     -0.127     2.688 r  u_mmcm/CLKOUT0
                         net (fo=1, routed)           0.245     2.933    clk_mmcm_out
    BUFGCE_X0Y95         BUFGCE (Prop_BUFCE_BUFGCE_I_O)
                                                      0.028     2.961 r  u_bufg/O
    X2Y1 (CLOCK_ROOT)    net (fo=7704, routed)        2.205     5.166    u_soc/u_instr_sram/mem_reg_0_511_5_5/WCLK
    SLICE_X76Y113        RAMS64E1                                     r  u_soc/u_instr_sram/mem_reg_0_511_5_5/RAMS64E1_F/CLK
                         clock pessimism              0.162     5.329    
    SLICE_X76Y113        RAMS64E1 (Hold_F6LUT_SLICEM_CLK_WADR6)
                                                      0.065     5.394    u_soc/u_instr_sram/mem_reg_0_511_5_5/RAMS64E1_F
  -------------------------------------------------------------------
                         required time                         -5.394    
                         arrival time                           5.410    
  -------------------------------------------------------------------
                         slack                                  0.016    

Slack (MET) :             0.016ns  (arrival time - required time)
  Source:                 u_soc/u_bus_interconnect/req_addr_reg[8]/C
                            (rising edge-triggered cell FDCE clocked by clk_mmcm_out  {rise@0.000ns fall@9.999ns period=19.998ns})
  Destination:            u_soc/u_instr_sram/mem_reg_0_511_5_5/RAMS64E1_G/WADR6
                            (rising edge-triggered cell RAMS64E1 clocked by clk_mmcm_out  {rise@0.000ns fall@9.999ns period=19.998ns})
  Path Group:             clk_mmcm_out
  Path Type:              Hold (Min at Slow Process Corner)
  Requirement:            0.000ns  (clk_mmcm_out rise@0.000ns - clk_mmcm_out rise@0.000ns)
  Data Path Delay:        0.143ns  (logic 0.058ns (40.529%)  route 0.085ns (59.471%))
  Logic Levels:           0  
  Clock Path Skew:        0.062ns (DCD - SCD - CPR)
    Destination Clock Delay (DCD):    5.166ns
    Source Clock Delay      (SCD):    5.267ns
    Clock Pessimism Removal (CPR):    -0.162ns
  Clock Net Delay (Source):      1.940ns (routing 1.082ns, distribution 0.858ns)
  Clock Net Delay (Destination): 2.205ns (routing 1.189ns, distribution 1.016ns)

    Location             Delay type                Incr(ns)  Path(ns)    Netlist Resource(s)
  -------------------------------------------------------------------    -------------------
                         (clock clk_mmcm_out rise edge)
                                                      0.000     0.000 r  
    AL8                                               0.000     0.000 r  sys_clk_p (IN)
                         net (fo=0)                   0.079     0.079    u_ibufds/I
    HPIOBDIFFINBUF_X0Y11 DIFFINBUF (Prop_DIFFINBUF_HPIOBDIFFINBUF_DIFF_IN_P_O)
                                                      0.525     0.604 r  u_ibufds/DIFFINBUF_INST/O
                         net (fo=1, routed)           0.040     0.644    u_ibufds/OUT
    AL8                  IBUFCTRL (Prop_IBUFCTRL_HPIOB_M_I_O)
                                                      0.000     0.644 r  u_ibufds/IBUFCTRL_INST/O
                         net (fo=1, routed)           0.293     0.937    sys_clk_ibuf
    BUFGCE_X0Y12         BUFGCE (Prop_BUFCE_BUFGCE_I_O)
                                                      0.024     0.961 r  sys_clk_ibuf_BUFG_inst/O
                         net (fo=1, routed)           1.498     2.459    sys_clk_ibuf_BUFGCE
    MMCM_X0Y3            MMCME4_ADV (Prop_MMCM_CLKIN1_CLKOUT0)
                                                      0.630     3.089 r  u_mmcm/CLKOUT0
                         net (fo=1, routed)           0.215     3.304    clk_mmcm_out
    BUFGCE_X0Y95         BUFGCE (Prop_BUFCE_BUFGCE_I_O)
                                                      0.024     3.328 r  u_bufg/O
    X2Y1 (CLOCK_ROOT)    net (fo=7704, routed)        1.940     5.267    u_soc/u_bus_interconnect/clk_50m
    SLICE_X76Y112        FDCE                                         r  u_soc/u_bus_interconnect/req_addr_reg[8]/C
  -------------------------------------------------------------------    -------------------
    SLICE_X76Y112        FDCE (Prop_HFF_SLICEM_C_Q)
                                                      0.058     5.325 r  u_soc/u_bus_interconnect/req_addr_reg[8]/Q
                         net (fo=263, routed)         0.085     5.410    u_soc/u_instr_sram/mem_reg_0_511_5_5/A6
    SLICE_X76Y113        RAMS64E1                                     r  u_soc/u_instr_sram/mem_reg_0_511_5_5/RAMS64E1_G/WADR6
  -------------------------------------------------------------------    -------------------

                         (clock clk_mmcm_out rise edge)
                                                      0.000     0.000 r  
    AL8                                               0.000     0.000 r  sys_clk_p (IN)
                         net (fo=0)                   0.100     0.100    u_ibufds/I
    HPIOBDIFFINBUF_X0Y11 DIFFINBUF (Prop_DIFFINBUF_HPIOBDIFFINBUF_DIFF_IN_P_O)
                                                      0.634     0.734 r  u_ibufds/DIFFINBUF_INST/O
                         net (fo=1, routed)           0.050     0.784    u_ibufds/OUT
    AL8                  IBUFCTRL (Prop_IBUFCTRL_HPIOB_M_I_O)
                                                      0.000     0.784 r  u_ibufds/IBUFCTRL_INST/O
                         net (fo=1, routed)           0.332     1.116    sys_clk_ibuf
    BUFGCE_X0Y12         BUFGCE (Prop_BUFCE_BUFGCE_I_O)
                                                      0.028     1.144 r  sys_clk_ibuf_BUFG_inst/O
                         net (fo=1, routed)           1.671     2.815    sys_clk_ibuf_BUFGCE
    MMCM_X0Y3            MMCME4_ADV (Prop_MMCM_CLKIN1_CLKOUT0)
                                                     -0.127     2.688 r  u_mmcm/CLKOUT0
                         net (fo=1, routed)           0.245     2.933    clk_mmcm_out
    BUFGCE_X0Y95         BUFGCE (Prop_BUFCE_BUFGCE_I_O)
                                                      0.028     2.961 r  u_bufg/O
    X2Y1 (CLOCK_ROOT)    net (fo=7704, routed)        2.205     5.166    u_soc/u_instr_sram/mem_reg_0_511_5_5/WCLK
    SLICE_X76Y113        RAMS64E1                                     r  u_soc/u_instr_sram/mem_reg_0_511_5_5/RAMS64E1_G/CLK
                         clock pessimism              0.162     5.329    
    SLICE_X76Y113        RAMS64E1 (Hold_G6LUT_SLICEM_CLK_WADR6)
                                                      0.065     5.394    u_soc/u_instr_sram/mem_reg_0_511_5_5/RAMS64E1_G
  -------------------------------------------------------------------
                         required time                         -5.394    
                         arrival time                           5.410    
  -------------------------------------------------------------------
                         slack                                  0.016    

Slack (MET) :             0.016ns  (arrival time - required time)
  Source:                 u_soc/u_bus_interconnect/req_addr_reg[8]/C
                            (rising edge-triggered cell FDCE clocked by clk_mmcm_out  {rise@0.000ns fall@9.999ns period=19.998ns})
  Destination:            u_soc/u_instr_sram/mem_reg_0_511_5_5/RAMS64E1_H/WADR6
                            (rising edge-triggered cell RAMS64E1 clocked by clk_mmcm_out  {rise@0.000ns fall@9.999ns period=19.998ns})
  Path Group:             clk_mmcm_out
  Path Type:              Hold (Min at Slow Process Corner)
  Requirement:            0.000ns  (clk_mmcm_out rise@0.000ns - clk_mmcm_out rise@0.000ns)
  Data Path Delay:        0.143ns  (logic 0.058ns (40.529%)  route 0.085ns (59.471%))
  Logic Levels:           0  
  Clock Path Skew:        0.062ns (DCD - SCD - CPR)
    Destination Clock Delay (DCD):    5.166ns
    Source Clock Delay      (SCD):    5.267ns
    Clock Pessimism Removal (CPR):    -0.162ns
  Clock Net Delay (Source):      1.940ns (routing 1.082ns, distribution 0.858ns)
  Clock Net Delay (Destination): 2.205ns (routing 1.189ns, distribution 1.016ns)

    Location             Delay type                Incr(ns)  Path(ns)    Netlist Resource(s)
  -------------------------------------------------------------------    -------------------
                         (clock clk_mmcm_out rise edge)
                                                      0.000     0.000 r  
    AL8                                               0.000     0.000 r  sys_clk_p (IN)
                         net (fo=0)                   0.079     0.079    u_ibufds/I
    HPIOBDIFFINBUF_X0Y11 DIFFINBUF (Prop_DIFFINBUF_HPIOBDIFFINBUF_DIFF_IN_P_O)
                                                      0.525     0.604 r  u_ibufds/DIFFINBUF_INST/O
                         net (fo=1, routed)           0.040     0.644    u_ibufds/OUT
    AL8                  IBUFCTRL (Prop_IBUFCTRL_HPIOB_M_I_O)
                                                      0.000     0.644 r  u_ibufds/IBUFCTRL_INST/O
                         net (fo=1, routed)           0.293     0.937    sys_clk_ibuf
    BUFGCE_X0Y12         BUFGCE (Prop_BUFCE_BUFGCE_I_O)
                                                      0.024     0.961 r  sys_clk_ibuf_BUFG_inst/O
                         net (fo=1, routed)           1.498     2.459    sys_clk_ibuf_BUFGCE
    MMCM_X0Y3            MMCME4_ADV (Prop_MMCM_CLKIN1_CLKOUT0)
                                                      0.630     3.089 r  u_mmcm/CLKOUT0
                         net (fo=1, routed)           0.215     3.304    clk_mmcm_out
    BUFGCE_X0Y95         BUFGCE (Prop_BUFCE_BUFGCE_I_O)
                                                      0.024     3.328 r  u_bufg/O
    X2Y1 (CLOCK_ROOT)    net (fo=7704, routed)        1.940     5.267    u_soc/u_bus_interconnect/clk_50m
    SLICE_X76Y112        FDCE                                         r  u_soc/u_bus_interconnect/req_addr_reg[8]/C
  -------------------------------------------------------------------    -------------------
    SLICE_X76Y112        FDCE (Prop_HFF_SLICEM_C_Q)
                                                      0.058     5.325 r  u_soc/u_bus_interconnect/req_addr_reg[8]/Q
                         net (fo=263, routed)         0.085     5.410    u_soc/u_instr_sram/mem_reg_0_511_5_5/A6
    SLICE_X76Y113        RAMS64E1                                     r  u_soc/u_instr_sram/mem_reg_0_511_5_5/RAMS64E1_H/WADR6
  -------------------------------------------------------------------    -------------------

                         (clock clk_mmcm_out rise edge)
                                                      0.000     0.000 r  
    AL8                                               0.000     0.000 r  sys_clk_p (IN)
                         net (fo=0)                   0.100     0.100    u_ibufds/I
    HPIOBDIFFINBUF_X0Y11 DIFFINBUF (Prop_DIFFINBUF_HPIOBDIFFINBUF_DIFF_IN_P_O)
                                                      0.634     0.734 r  u_ibufds/DIFFINBUF_INST/O
                         net (fo=1, routed)           0.050     0.784    u_ibufds/OUT
    AL8                  IBUFCTRL (Prop_IBUFCTRL_HPIOB_M_I_O)
                                                      0.000     0.784 r  u_ibufds/IBUFCTRL_INST/O
                         net (fo=1, routed)           0.332     1.116    sys_clk_ibuf
    BUFGCE_X0Y12         BUFGCE (Prop_BUFCE_BUFGCE_I_O)
                                                      0.028     1.144 r  sys_clk_ibuf_BUFG_inst/O
                         net (fo=1, routed)           1.671     2.815    sys_clk_ibuf_BUFGCE
    MMCM_X0Y3            MMCME4_ADV (Prop_MMCM_CLKIN1_CLKOUT0)
                                                     -0.127     2.688 r  u_mmcm/CLKOUT0
                         net (fo=1, routed)           0.245     2.933    clk_mmcm_out
    BUFGCE_X0Y95         BUFGCE (Prop_BUFCE_BUFGCE_I_O)
                                                      0.028     2.961 r  u_bufg/O
    X2Y1 (CLOCK_ROOT)    net (fo=7704, routed)        2.205     5.166    u_soc/u_instr_sram/mem_reg_0_511_5_5/WCLK
    SLICE_X76Y113        RAMS64E1                                     r  u_soc/u_instr_sram/mem_reg_0_511_5_5/RAMS64E1_H/CLK
                         clock pessimism              0.162     5.329    
    SLICE_X76Y113        RAMS64E1 (Hold_H6LUT_SLICEM_CLK_WADR6)
                                                      0.065     5.394    u_soc/u_instr_sram/mem_reg_0_511_5_5/RAMS64E1_H
  -------------------------------------------------------------------
                         required time                         -5.394    
                         arrival time                           5.410    
  -------------------------------------------------------------------
                         slack                                  0.016    

Slack (MET) :             0.033ns  (arrival time - required time)
  Source:                 u_soc/u_bus_interconnect/req_wdata_reg[2]/C
                            (rising edge-triggered cell FDCE clocked by clk_mmcm_out  {rise@0.000ns fall@9.999ns period=19.998ns})
  Destination:            u_soc/u_reg_bank/threshold_ratio_reg[2]/D
                            (rising edge-triggered cell FDPE clocked by clk_mmcm_out  {rise@0.000ns fall@9.999ns period=19.998ns})
  Path Group:             clk_mmcm_out
  Path Type:              Hold (Min at Slow Process Corner)
  Requirement:            0.000ns  (clk_mmcm_out rise@0.000ns - clk_mmcm_out rise@0.000ns)
  Data Path Delay:        0.141ns  (logic 0.059ns (41.724%)  route 0.082ns (58.276%))
  Logic Levels:           0  
  Clock Path Skew:        0.048ns (DCD - SCD - CPR)
    Destination Clock Delay (DCD):    5.159ns
    Source Clock Delay      (SCD):    5.275ns
    Clock Pessimism Removal (CPR):    -0.164ns
  Clock Net Delay (Source):      1.948ns (routing 1.082ns, distribution 0.866ns)
  Clock Net Delay (Destination): 2.198ns (routing 1.189ns, distribution 1.009ns)

    Location             Delay type                Incr(ns)  Path(ns)    Netlist Resource(s)
  -------------------------------------------------------------------    -------------------
                         (clock clk_mmcm_out rise edge)
                                                      0.000     0.000 r  
    AL8                                               0.000     0.000 r  sys_clk_p (IN)
                         net (fo=0)                   0.079     0.079    u_ibufds/I
    HPIOBDIFFINBUF_X0Y11 DIFFINBUF (Prop_DIFFINBUF_HPIOBDIFFINBUF_DIFF_IN_P_O)
                                                      0.525     0.604 r  u_ibufds/DIFFINBUF_INST/O
                         net (fo=1, routed)           0.040     0.644    u_ibufds/OUT
    AL8                  IBUFCTRL (Prop_IBUFCTRL_HPIOB_M_I_O)
                                                      0.000     0.644 r  u_ibufds/IBUFCTRL_INST/O
                         net (fo=1, routed)           0.293     0.937    sys_clk_ibuf
    BUFGCE_X0Y12         BUFGCE (Prop_BUFCE_BUFGCE_I_O)
                                                      0.024     0.961 r  sys_clk_ibuf_BUFG_inst/O
                         net (fo=1, routed)           1.498     2.459    sys_clk_ibuf_BUFGCE
    MMCM_X0Y3            MMCME4_ADV (Prop_MMCM_CLKIN1_CLKOUT0)
                                                      0.630     3.089 r  u_mmcm/CLKOUT0
                         net (fo=1, routed)           0.215     3.304    clk_mmcm_out
    BUFGCE_X0Y95         BUFGCE (Prop_BUFCE_BUFGCE_I_O)
                                                      0.024     3.328 r  u_bufg/O
    X2Y1 (CLOCK_ROOT)    net (fo=7704, routed)        1.948     5.275    u_soc/u_bus_interconnect/clk_50m
    SLICE_X75Y111        FDCE                                         r  u_soc/u_bus_interconnect/req_wdata_reg[2]/C
  -------------------------------------------------------------------    -------------------
    SLICE_X75Y111        FDCE (Prop_GFF_SLICEL_C_Q)
                                                      0.059     5.334 r  u_soc/u_bus_interconnect/req_wdata_reg[2]/Q
                         net (fo=22, routed)          0.082     5.417    u_soc/u_reg_bank/neuron_threshold_reg[16]_20[2]
    SLICE_X75Y109        FDPE                                         r  u_soc/u_reg_bank/threshold_ratio_reg[2]/D
  -------------------------------------------------------------------    -------------------

                         (clock clk_mmcm_out rise edge)
                                                      0.000     0.000 r  
    AL8                                               0.000     0.000 r  sys_clk_p (IN)
                         net (fo=0)                   0.100     0.100    u_ibufds/I
    HPIOBDIFFINBUF_X0Y11 DIFFINBUF (Prop_DIFFINBUF_HPIOBDIFFINBUF_DIFF_IN_P_O)
                                                      0.634     0.734 r  u_ibufds/DIFFINBUF_INST/O
                         net (fo=1, routed)           0.050     0.784    u_ibufds/OUT
    AL8                  IBUFCTRL (Prop_IBUFCTRL_HPIOB_M_I_O)
                                                      0.000     0.784 r  u_ibufds/IBUFCTRL_INST/O
                         net (fo=1, routed)           0.332     1.116    sys_clk_ibuf
    BUFGCE_X0Y12         BUFGCE (Prop_BUFCE_BUFGCE_I_O)
                                                      0.028     1.144 r  sys_clk_ibuf_BUFG_inst/O
                         net (fo=1, routed)           1.671     2.815    sys_clk_ibuf_BUFGCE
    MMCM_X0Y3            MMCME4_ADV (Prop_MMCM_CLKIN1_CLKOUT0)
                                                     -0.127     2.688 r  u_mmcm/CLKOUT0
                         net (fo=1, routed)           0.245     2.933    clk_mmcm_out
    BUFGCE_X0Y95         BUFGCE (Prop_BUFCE_BUFGCE_I_O)
                                                      0.028     2.961 r  u_bufg/O
    X2Y1 (CLOCK_ROOT)    net (fo=7704, routed)        2.198     5.159    u_soc/u_reg_bank/clk_50m
    SLICE_X75Y109        FDPE                                         r  u_soc/u_reg_bank/threshold_ratio_reg[2]/C
                         clock pessimism              0.164     5.324    
    SLICE_X75Y109        FDPE (Hold_HFF_SLICEL_C_D)
                                                      0.060     5.384    u_soc/u_reg_bank/threshold_ratio_reg[2]
  -------------------------------------------------------------------
                         required time                         -5.384    
                         arrival time                           5.417    
  -------------------------------------------------------------------
                         slack                                  0.033    

Slack (MET) :             0.037ns  (arrival time - required time)
  Source:                 u_soc/u_bus_interconnect/req_wdata_reg[1]/C
                            (rising edge-triggered cell FDCE clocked by clk_mmcm_out  {rise@0.000ns fall@9.999ns period=19.998ns})
  Destination:            u_soc/u_reg_bank/timesteps_reg[1]/D
                            (rising edge-triggered cell FDPE clocked by clk_mmcm_out  {rise@0.000ns fall@9.999ns period=19.998ns})
  Path Group:             clk_mmcm_out
  Path Type:              Hold (Min at Slow Process Corner)
  Requirement:            0.000ns  (clk_mmcm_out rise@0.000ns - clk_mmcm_out rise@0.000ns)
  Data Path Delay:        0.201ns  (logic 0.061ns (30.415%)  route 0.140ns (69.585%))
  Logic Levels:           0  
  Clock Path Skew:        0.104ns (DCD - SCD - CPR)
    Destination Clock Delay (DCD):    5.162ns
    Source Clock Delay      (SCD):    5.268ns
    Clock Pessimism Removal (CPR):    -0.210ns
  Clock Net Delay (Source):      1.941ns (routing 1.082ns, distribution 0.859ns)
  Clock Net Delay (Destination): 2.201ns (routing 1.189ns, distribution 1.012ns)

    Location             Delay type                Incr(ns)  Path(ns)    Netlist Resource(s)
  -------------------------------------------------------------------    -------------------
                         (clock clk_mmcm_out rise edge)
                                                      0.000     0.000 r  
    AL8                                               0.000     0.000 r  sys_clk_p (IN)
                         net (fo=0)                   0.079     0.079    u_ibufds/I
    HPIOBDIFFINBUF_X0Y11 DIFFINBUF (Prop_DIFFINBUF_HPIOBDIFFINBUF_DIFF_IN_P_O)
                                                      0.525     0.604 r  u_ibufds/DIFFINBUF_INST/O
                         net (fo=1, routed)           0.040     0.644    u_ibufds/OUT
    AL8                  IBUFCTRL (Prop_IBUFCTRL_HPIOB_M_I_O)
                                                      0.000     0.644 r  u_ibufds/IBUFCTRL_INST/O
                         net (fo=1, routed)           0.293     0.937    sys_clk_ibuf
    BUFGCE_X0Y12         BUFGCE (Prop_BUFCE_BUFGCE_I_O)
                                                      0.024     0.961 r  sys_clk_ibuf_BUFG_inst/O
                         net (fo=1, routed)           1.498     2.459    sys_clk_ibuf_BUFGCE
    MMCM_X0Y3            MMCME4_ADV (Prop_MMCM_CLKIN1_CLKOUT0)
                                                      0.630     3.089 r  u_mmcm/CLKOUT0
                         net (fo=1, routed)           0.215     3.304    clk_mmcm_out
    BUFGCE_X0Y95         BUFGCE (Prop_BUFCE_BUFGCE_I_O)
                                                      0.024     3.328 r  u_bufg/O
    X2Y1 (CLOCK_ROOT)    net (fo=7704, routed)        1.941     5.268    u_soc/u_bus_interconnect/clk_50m
    SLICE_X76Y111        FDCE                                         r  u_soc/u_bus_interconnect/req_wdata_reg[1]/C
  -------------------------------------------------------------------    -------------------
    SLICE_X76Y111        FDCE (Prop_DFF2_SLICEM_C_Q)
                                                      0.061     5.329 r  u_soc/u_bus_interconnect/req_wdata_reg[1]/Q
                         net (fo=26, routed)          0.140     5.469    u_soc/u_reg_bank/neuron_threshold_reg[16]_20[1]
    SLICE_X74Y110        FDPE                                         r  u_soc/u_reg_bank/timesteps_reg[1]/D
  -------------------------------------------------------------------    -------------------

                         (clock clk_mmcm_out rise edge)
                                                      0.000     0.000 r  
    AL8                                               0.000     0.000 r  sys_clk_p (IN)
                         net (fo=0)                   0.100     0.100    u_ibufds/I
    HPIOBDIFFINBUF_X0Y11 DIFFINBUF (Prop_DIFFINBUF_HPIOBDIFFINBUF_DIFF_IN_P_O)
                                                      0.634     0.734 r  u_ibufds/DIFFINBUF_INST/O
                         net (fo=1, routed)           0.050     0.784    u_ibufds/OUT
    AL8                  IBUFCTRL (Prop_IBUFCTRL_HPIOB_M_I_O)
                                                      0.000     0.784 r  u_ibufds/IBUFCTRL_INST/O
                         net (fo=1, routed)           0.332     1.116    sys_clk_ibuf
    BUFGCE_X0Y12         BUFGCE (Prop_BUFCE_BUFGCE_I_O)
                                                      0.028     1.144 r  sys_clk_ibuf_BUFG_inst/O
                         net (fo=1, routed)           1.671     2.815    sys_clk_ibuf_BUFGCE
    MMCM_X0Y3            MMCME4_ADV (Prop_MMCM_CLKIN1_CLKOUT0)
                                                     -0.127     2.688 r  u_mmcm/CLKOUT0
                         net (fo=1, routed)           0.245     2.933    clk_mmcm_out
    BUFGCE_X0Y95         BUFGCE (Prop_BUFCE_BUFGCE_I_O)
                                                      0.028     2.961 r  u_bufg/O
    X2Y1 (CLOCK_ROOT)    net (fo=7704, routed)        2.201     5.162    u_soc/u_reg_bank/clk_50m
    SLICE_X74Y110        FDPE                                         r  u_soc/u_reg_bank/timesteps_reg[1]/C
                         clock pessimism              0.210     5.372    
    SLICE_X74Y110        FDPE (Hold_AFF_SLICEM_C_D)
                                                      0.060     5.432    u_soc/u_reg_bank/timesteps_reg[1]
  -------------------------------------------------------------------
                         required time                         -5.432    
                         arrival time                           5.469    
  -------------------------------------------------------------------
                         slack                                  0.037    





Pulse Width Checks
--------------------------------------------------------------------------------------
Clock Name:         clk_mmcm_out
Waveform(ns):       { 0.000 9.999 }
Period(ns):         19.998
Sources:            { u_mmcm/CLKOUT0 }

Check Type        Corner  Lib Pin             Reference Pin  Required(ns)  Actual(ns)  Slack(ns)  Location       Pin
Min Period        n/a     BUFGCE/I            n/a            1.290         19.998      18.708     BUFGCE_X0Y95   u_bufg/I
Min Period        n/a     MMCME4_ADV/CLKOUT0  n/a            1.071         19.998      18.927     MMCM_X0Y3      u_mmcm/CLKOUT0
Min Period        n/a     RAMD64E/CLK         n/a            1.064         19.998      18.934     SLICE_X76Y118  u_soc/u_data_sram/mem_reg_0_255_0_0/DP.A/CLK
Min Period        n/a     RAMD64E/CLK         n/a            1.064         19.998      18.934     SLICE_X76Y118  u_soc/u_data_sram/mem_reg_0_255_0_0/DP.B/CLK
Min Period        n/a     RAMD64E/CLK         n/a            1.064         19.998      18.934     SLICE_X76Y118  u_soc/u_data_sram/mem_reg_0_255_0_0/DP.C/CLK
Min Period        n/a     RAMD64E/CLK         n/a            1.064         19.998      18.934     SLICE_X76Y118  u_soc/u_data_sram/mem_reg_0_255_0_0/DP.D/CLK
Min Period        n/a     RAMD64E/CLK         n/a            1.064         19.998      18.934     SLICE_X76Y118  u_soc/u_data_sram/mem_reg_0_255_0_0/SP.A/CLK
Min Period        n/a     RAMD64E/CLK         n/a            1.064         19.998      18.934     SLICE_X76Y118  u_soc/u_data_sram/mem_reg_0_255_0_0/SP.B/CLK
Min Period        n/a     RAMD64E/CLK         n/a            1.064         19.998      18.934     SLICE_X76Y118  u_soc/u_data_sram/mem_reg_0_255_0_0/SP.C/CLK
Min Period        n/a     RAMD64E/CLK         n/a            1.064         19.998      18.934     SLICE_X76Y118  u_soc/u_data_sram/mem_reg_0_255_0_0/SP.D/CLK
Low Pulse Width   Slow    RAMD64E/CLK         n/a            0.532         9.999       9.467      SLICE_X76Y118  u_soc/u_data_sram/mem_reg_0_255_0_0/DP.A/CLK
Low Pulse Width   Fast    RAMD64E/CLK         n/a            0.532         9.999       9.467      SLICE_X76Y118  u_soc/u_data_sram/mem_reg_0_255_0_0/DP.A/CLK
Low Pulse Width   Slow    RAMD64E/CLK         n/a            0.532         9.999       9.467      SLICE_X76Y118  u_soc/u_data_sram/mem_reg_0_255_0_0/DP.B/CLK
Low Pulse Width   Fast    RAMD64E/CLK         n/a            0.532         9.999       9.467      SLICE_X76Y118  u_soc/u_data_sram/mem_reg_0_255_0_0/DP.B/CLK
Low Pulse Width   Slow    RAMD64E/CLK         n/a            0.532         9.999       9.467      SLICE_X76Y118  u_soc/u_data_sram/mem_reg_0_255_0_0/DP.C/CLK
Low Pulse Width   Fast    RAMD64E/CLK         n/a            0.532         9.999       9.467      SLICE_X76Y118  u_soc/u_data_sram/mem_reg_0_255_0_0/DP.C/CLK
Low Pulse Width   Slow    RAMD64E/CLK         n/a            0.532         9.999       9.467      SLICE_X76Y118  u_soc/u_data_sram/mem_reg_0_255_0_0/DP.D/CLK
Low Pulse Width   Fast    RAMD64E/CLK         n/a            0.532         9.999       9.467      SLICE_X76Y118  u_soc/u_data_sram/mem_reg_0_255_0_0/DP.D/CLK
Low Pulse Width   Slow    RAMD64E/CLK         n/a            0.532         9.999       9.467      SLICE_X76Y118  u_soc/u_data_sram/mem_reg_0_255_0_0/SP.A/CLK
Low Pulse Width   Fast    RAMD64E/CLK         n/a            0.532         9.999       9.467      SLICE_X76Y118  u_soc/u_data_sram/mem_reg_0_255_0_0/SP.A/CLK
High Pulse Width  Slow    RAMD64E/CLK         n/a            0.532         9.999       9.467      SLICE_X76Y118  u_soc/u_data_sram/mem_reg_0_255_0_0/DP.A/CLK
High Pulse Width  Fast    RAMD64E/CLK         n/a            0.532         9.999       9.467      SLICE_X76Y118  u_soc/u_data_sram/mem_reg_0_255_0_0/DP.A/CLK
High Pulse Width  Slow    RAMD64E/CLK         n/a            0.532         9.999       9.467      SLICE_X76Y118  u_soc/u_data_sram/mem_reg_0_255_0_0/DP.B/CLK
High Pulse Width  Fast    RAMD64E/CLK         n/a            0.532         9.999       9.467      SLICE_X76Y118  u_soc/u_data_sram/mem_reg_0_255_0_0/DP.B/CLK
High Pulse Width  Slow    RAMD64E/CLK         n/a            0.532         9.999       9.467      SLICE_X76Y118  u_soc/u_data_sram/mem_reg_0_255_0_0/DP.C/CLK
High Pulse Width  Fast    RAMD64E/CLK         n/a            0.532         9.999       9.467      SLICE_X76Y118  u_soc/u_data_sram/mem_reg_0_255_0_0/DP.C/CLK
High Pulse Width  Slow    RAMD64E/CLK         n/a            0.532         9.999       9.467      SLICE_X76Y118  u_soc/u_data_sram/mem_reg_0_255_0_0/DP.D/CLK
High Pulse Width  Fast    RAMD64E/CLK         n/a            0.532         9.999       9.467      SLICE_X76Y118  u_soc/u_data_sram/mem_reg_0_255_0_0/DP.D/CLK
High Pulse Width  Slow    RAMD64E/CLK         n/a            0.532         9.999       9.467      SLICE_X76Y118  u_soc/u_data_sram/mem_reg_0_255_0_0/SP.A/CLK
High Pulse Width  Fast    RAMD64E/CLK         n/a            0.532         9.999       9.467      SLICE_X76Y118  u_soc/u_data_sram/mem_reg_0_255_0_0/SP.A/CLK



---------------------------------------------------------------------------------------------------
Path Group:  **async_default**
From Clock:  clk_mmcm_out
  To Clock:  clk_mmcm_out

Setup :            0  Failing Endpoints,  Worst Slack       16.907ns,  Total Violation        0.000ns
Hold  :            0  Failing Endpoints,  Worst Slack        1.172ns,  Total Violation        0.000ns
---------------------------------------------------------------------------------------------------


Max Delay Paths
--------------------------------------------------------------------------------------
Slack (MET) :             16.907ns  (required time - arrival time)
  Source:                 rst_sync_reg[1]/C
                            (rising edge-triggered cell FDCE clocked by clk_mmcm_out  {rise@0.000ns fall@9.999ns period=19.998ns})
  Destination:            u_soc/u_lif/wr_ptr_reg[0]/CLR
                            (recovery check against rising-edge clock clk_mmcm_out  {rise@0.000ns fall@9.999ns period=19.998ns})
  Path Group:             **async_default**
  Path Type:              Recovery (Max at Slow Process Corner)
  Requirement:            19.998ns  (clk_mmcm_out rise@19.998ns - clk_mmcm_out rise@0.000ns)
  Data Path Delay:        2.872ns  (logic 0.107ns (3.726%)  route 2.765ns (96.274%))
  Logic Levels:           1  (BUFGCE=1)
  Clock Path Skew:        -0.085ns (DCD - SCD + CPR)
    Destination Clock Delay (DCD):    5.282ns = ( 25.280 - 19.998 ) 
    Source Clock Delay      (SCD):    5.112ns
    Clock Pessimism Removal (CPR):    -0.255ns
  Clock Uncertainty:      0.068ns  ((TSJ^2 + DJ^2)^1/2) / 2 + PE
    Total System Jitter     (TSJ):    0.071ns
    Discrete Jitter          (DJ):    0.116ns
    Phase Error              (PE):    0.000ns
  Clock Net Delay (Source):      2.151ns (routing 1.189ns, distribution 0.962ns)
  Clock Net Delay (Destination): 1.955ns (routing 1.082ns, distribution 0.873ns)

    Location             Delay type                Incr(ns)  Path(ns)    Netlist Resource(s)
  -------------------------------------------------------------------    -------------------
                         (clock clk_mmcm_out rise edge)
                                                      0.000     0.000 r  
    AL8                                               0.000     0.000 r  sys_clk_p (IN)
                         net (fo=0)                   0.100     0.100    u_ibufds/I
    HPIOBDIFFINBUF_X0Y11 DIFFINBUF (Prop_DIFFINBUF_HPIOBDIFFINBUF_DIFF_IN_P_O)
                                                      0.634     0.734 r  u_ibufds/DIFFINBUF_INST/O
                         net (fo=1, routed)           0.050     0.784    u_ibufds/OUT
    AL8                  IBUFCTRL (Prop_IBUFCTRL_HPIOB_M_I_O)
                                                      0.000     0.784 r  u_ibufds/IBUFCTRL_INST/O
                         net (fo=1, routed)           0.332     1.116    sys_clk_ibuf
    BUFGCE_X0Y12         BUFGCE (Prop_BUFCE_BUFGCE_I_O)
                                                      0.028     1.144 r  sys_clk_ibuf_BUFG_inst/O
                         net (fo=1, routed)           1.671     2.815    sys_clk_ibuf_BUFGCE
    MMCM_X0Y3            MMCME4_ADV (Prop_MMCM_CLKIN1_CLKOUT0)
                                                     -0.127     2.688 r  u_mmcm/CLKOUT0
                         net (fo=1, routed)           0.245     2.933    clk_mmcm_out
    BUFGCE_X0Y95         BUFGCE (Prop_BUFCE_BUFGCE_I_O)
                                                      0.028     2.961 r  u_bufg/O
    X2Y1 (CLOCK_ROOT)    net (fo=7704, routed)        2.151     5.112    clk_50m
    SLICE_X76Y94         FDCE                                         r  rst_sync_reg[1]/C
  -------------------------------------------------------------------    -------------------
    SLICE_X76Y94         FDCE (Prop_EFF2_SLICEM_C_Q)
                                                      0.079     5.191 r  rst_sync_reg[1]/Q
                         net (fo=1, routed)           1.347     6.538    rst_n_bufg_place
    BUFGCE_X0Y50         BUFGCE (Prop_BUFCE_BUFGCE_I_O)
                                                      0.028     6.566 r  rst_sync_reg[1]_bufg_place/O
                         net (fo=1269, routed)        1.418     7.984    u_soc/u_lif/out_fifo_wdata_reg[1]_rep__1_0[0]
    SLICE_X76Y22         FDCE                                         f  u_soc/u_lif/wr_ptr_reg[0]/CLR  (IS_INVERTED)
  -------------------------------------------------------------------    -------------------

                         (clock clk_mmcm_out rise edge)
                                                     19.998    19.998 r  
    AL8                                               0.000    19.998 r  sys_clk_p (IN)
                         net (fo=0)                   0.079    20.077    u_ibufds/I
    HPIOBDIFFINBUF_X0Y11 DIFFINBUF (Prop_DIFFINBUF_HPIOBDIFFINBUF_DIFF_IN_P_O)
                                                      0.525    20.602 r  u_ibufds/DIFFINBUF_INST/O
                         net (fo=1, routed)           0.040    20.642    u_ibufds/OUT
    AL8                  IBUFCTRL (Prop_IBUFCTRL_HPIOB_M_I_O)
                                                      0.000    20.642 r  u_ibufds/IBUFCTRL_INST/O
                         net (fo=1, routed)           0.293    20.935    sys_clk_ibuf
    BUFGCE_X0Y12         BUFGCE (Prop_BUFCE_BUFGCE_I_O)
                                                      0.024    20.959 r  sys_clk_ibuf_BUFG_inst/O
                         net (fo=1, routed)           1.498    22.457    sys_clk_ibuf_BUFGCE
    MMCM_X0Y3            MMCME4_ADV (Prop_MMCM_CLKIN1_CLKOUT0)
                                                      0.630    23.087 r  u_mmcm/CLKOUT0
                         net (fo=1, routed)           0.215    23.302    clk_mmcm_out
    BUFGCE_X0Y95         BUFGCE (Prop_BUFCE_BUFGCE_I_O)
                                                      0.024    23.326 r  u_bufg/O
    X2Y1 (CLOCK_ROOT)    net (fo=7704, routed)        1.955    25.280    u_soc/u_lif/clk_50m
    SLICE_X76Y22         FDCE                                         r  u_soc/u_lif/wr_ptr_reg[0]/C
                         clock pessimism             -0.255    25.025    
                         clock uncertainty           -0.068    24.957    
    SLICE_X76Y22         FDCE (Recov_BFF_SLICEM_C_CLR)
                                                     -0.066    24.891    u_soc/u_lif/wr_ptr_reg[0]
  -------------------------------------------------------------------
                         required time                         24.891    
                         arrival time                          -7.984    
  -------------------------------------------------------------------
                         slack                                 16.907    

Slack (MET) :             16.907ns  (required time - arrival time)
  Source:                 rst_sync_reg[1]/C
                            (rising edge-triggered cell FDCE clocked by clk_mmcm_out  {rise@0.000ns fall@9.999ns period=19.998ns})
  Destination:            u_soc/u_lif/wr_ptr_reg[1]/CLR
                            (recovery check against rising-edge clock clk_mmcm_out  {rise@0.000ns fall@9.999ns period=19.998ns})
  Path Group:             **async_default**
  Path Type:              Recovery (Max at Slow Process Corner)
  Requirement:            19.998ns  (clk_mmcm_out rise@19.998ns - clk_mmcm_out rise@0.000ns)
  Data Path Delay:        2.872ns  (logic 0.107ns (3.726%)  route 2.765ns (96.274%))
  Logic Levels:           1  (BUFGCE=1)
  Clock Path Skew:        -0.085ns (DCD - SCD + CPR)
    Destination Clock Delay (DCD):    5.282ns = ( 25.280 - 19.998 ) 
    Source Clock Delay      (SCD):    5.112ns
    Clock Pessimism Removal (CPR):    -0.255ns
  Clock Uncertainty:      0.068ns  ((TSJ^2 + DJ^2)^1/2) / 2 + PE
    Total System Jitter     (TSJ):    0.071ns
    Discrete Jitter          (DJ):    0.116ns
    Phase Error              (PE):    0.000ns
  Clock Net Delay (Source):      2.151ns (routing 1.189ns, distribution 0.962ns)
  Clock Net Delay (Destination): 1.955ns (routing 1.082ns, distribution 0.873ns)

    Location             Delay type                Incr(ns)  Path(ns)    Netlist Resource(s)
  -------------------------------------------------------------------    -------------------
                         (clock clk_mmcm_out rise edge)
                                                      0.000     0.000 r  
    AL8                                               0.000     0.000 r  sys_clk_p (IN)
                         net (fo=0)                   0.100     0.100    u_ibufds/I
    HPIOBDIFFINBUF_X0Y11 DIFFINBUF (Prop_DIFFINBUF_HPIOBDIFFINBUF_DIFF_IN_P_O)
                                                      0.634     0.734 r  u_ibufds/DIFFINBUF_INST/O
                         net (fo=1, routed)           0.050     0.784    u_ibufds/OUT
    AL8                  IBUFCTRL (Prop_IBUFCTRL_HPIOB_M_I_O)
                                                      0.000     0.784 r  u_ibufds/IBUFCTRL_INST/O
                         net (fo=1, routed)           0.332     1.116    sys_clk_ibuf
    BUFGCE_X0Y12         BUFGCE (Prop_BUFCE_BUFGCE_I_O)
                                                      0.028     1.144 r  sys_clk_ibuf_BUFG_inst/O
                         net (fo=1, routed)           1.671     2.815    sys_clk_ibuf_BUFGCE
    MMCM_X0Y3            MMCME4_ADV (Prop_MMCM_CLKIN1_CLKOUT0)
                                                     -0.127     2.688 r  u_mmcm/CLKOUT0
                         net (fo=1, routed)           0.245     2.933    clk_mmcm_out
    BUFGCE_X0Y95         BUFGCE (Prop_BUFCE_BUFGCE_I_O)
                                                      0.028     2.961 r  u_bufg/O
    X2Y1 (CLOCK_ROOT)    net (fo=7704, routed)        2.151     5.112    clk_50m
    SLICE_X76Y94         FDCE                                         r  rst_sync_reg[1]/C
  -------------------------------------------------------------------    -------------------
    SLICE_X76Y94         FDCE (Prop_EFF2_SLICEM_C_Q)
                                                      0.079     5.191 r  rst_sync_reg[1]/Q
                         net (fo=1, routed)           1.347     6.538    rst_n_bufg_place
    BUFGCE_X0Y50         BUFGCE (Prop_BUFCE_BUFGCE_I_O)
                                                      0.028     6.566 r  rst_sync_reg[1]_bufg_place/O
                         net (fo=1269, routed)        1.418     7.984    u_soc/u_lif/out_fifo_wdata_reg[1]_rep__1_0[0]
    SLICE_X76Y22         FDCE                                         f  u_soc/u_lif/wr_ptr_reg[1]/CLR  (IS_INVERTED)
  -------------------------------------------------------------------    -------------------

                         (clock clk_mmcm_out rise edge)
                                                     19.998    19.998 r  
    AL8                                               0.000    19.998 r  sys_clk_p (IN)
                         net (fo=0)                   0.079    20.077    u_ibufds/I
    HPIOBDIFFINBUF_X0Y11 DIFFINBUF (Prop_DIFFINBUF_HPIOBDIFFINBUF_DIFF_IN_P_O)
                                                      0.525    20.602 r  u_ibufds/DIFFINBUF_INST/O
                         net (fo=1, routed)           0.040    20.642    u_ibufds/OUT
    AL8                  IBUFCTRL (Prop_IBUFCTRL_HPIOB_M_I_O)
                                                      0.000    20.642 r  u_ibufds/IBUFCTRL_INST/O
                         net (fo=1, routed)           0.293    20.935    sys_clk_ibuf
    BUFGCE_X0Y12         BUFGCE (Prop_BUFCE_BUFGCE_I_O)
                                                      0.024    20.959 r  sys_clk_ibuf_BUFG_inst/O
                         net (fo=1, routed)           1.498    22.457    sys_clk_ibuf_BUFGCE
    MMCM_X0Y3            MMCME4_ADV (Prop_MMCM_CLKIN1_CLKOUT0)
                                                      0.630    23.087 r  u_mmcm/CLKOUT0
                         net (fo=1, routed)           0.215    23.302    clk_mmcm_out
    BUFGCE_X0Y95         BUFGCE (Prop_BUFCE_BUFGCE_I_O)
                                                      0.024    23.326 r  u_bufg/O
    X2Y1 (CLOCK_ROOT)    net (fo=7704, routed)        1.955    25.280    u_soc/u_lif/clk_50m
    SLICE_X76Y22         FDCE                                         r  u_soc/u_lif/wr_ptr_reg[1]/C
                         clock pessimism             -0.255    25.025    
                         clock uncertainty           -0.068    24.957    
    SLICE_X76Y22         FDCE (Recov_DFF_SLICEM_C_CLR)
                                                     -0.066    24.891    u_soc/u_lif/wr_ptr_reg[1]
  -------------------------------------------------------------------
                         required time                         24.891    
                         arrival time                          -7.984    
  -------------------------------------------------------------------
                         slack                                 16.907    

Slack (MET) :             16.907ns  (required time - arrival time)
  Source:                 rst_sync_reg[1]/C
                            (rising edge-triggered cell FDCE clocked by clk_mmcm_out  {rise@0.000ns fall@9.999ns period=19.998ns})
  Destination:            u_soc/u_lif/wr_ptr_reg[2]/CLR
                            (recovery check against rising-edge clock clk_mmcm_out  {rise@0.000ns fall@9.999ns period=19.998ns})
  Path Group:             **async_default**
  Path Type:              Recovery (Max at Slow Process Corner)
  Requirement:            19.998ns  (clk_mmcm_out rise@19.998ns - clk_mmcm_out rise@0.000ns)
  Data Path Delay:        2.872ns  (logic 0.107ns (3.726%)  route 2.765ns (96.274%))
  Logic Levels:           1  (BUFGCE=1)
  Clock Path Skew:        -0.085ns (DCD - SCD + CPR)
    Destination Clock Delay (DCD):    5.282ns = ( 25.280 - 19.998 ) 
    Source Clock Delay      (SCD):    5.112ns
    Clock Pessimism Removal (CPR):    -0.255ns
  Clock Uncertainty:      0.068ns  ((TSJ^2 + DJ^2)^1/2) / 2 + PE
    Total System Jitter     (TSJ):    0.071ns
    Discrete Jitter          (DJ):    0.116ns
    Phase Error              (PE):    0.000ns
  Clock Net Delay (Source):      2.151ns (routing 1.189ns, distribution 0.962ns)
  Clock Net Delay (Destination): 1.955ns (routing 1.082ns, distribution 0.873ns)

    Location             Delay type                Incr(ns)  Path(ns)    Netlist Resource(s)
  -------------------------------------------------------------------    -------------------
                         (clock clk_mmcm_out rise edge)
                                                      0.000     0.000 r  
    AL8                                               0.000     0.000 r  sys_clk_p (IN)
                         net (fo=0)                   0.100     0.100    u_ibufds/I
    HPIOBDIFFINBUF_X0Y11 DIFFINBUF (Prop_DIFFINBUF_HPIOBDIFFINBUF_DIFF_IN_P_O)
                                                      0.634     0.734 r  u_ibufds/DIFFINBUF_INST/O
                         net (fo=1, routed)           0.050     0.784    u_ibufds/OUT
    AL8                  IBUFCTRL (Prop_IBUFCTRL_HPIOB_M_I_O)
                                                      0.000     0.784 r  u_ibufds/IBUFCTRL_INST/O
                         net (fo=1, routed)           0.332     1.116    sys_clk_ibuf
    BUFGCE_X0Y12         BUFGCE (Prop_BUFCE_BUFGCE_I_O)
                                                      0.028     1.144 r  sys_clk_ibuf_BUFG_inst/O
                         net (fo=1, routed)           1.671     2.815    sys_clk_ibuf_BUFGCE
    MMCM_X0Y3            MMCME4_ADV (Prop_MMCM_CLKIN1_CLKOUT0)
                                                     -0.127     2.688 r  u_mmcm/CLKOUT0
                         net (fo=1, routed)           0.245     2.933    clk_mmcm_out
    BUFGCE_X0Y95         BUFGCE (Prop_BUFCE_BUFGCE_I_O)
                                                      0.028     2.961 r  u_bufg/O
    X2Y1 (CLOCK_ROOT)    net (fo=7704, routed)        2.151     5.112    clk_50m
    SLICE_X76Y94         FDCE                                         r  rst_sync_reg[1]/C
  -------------------------------------------------------------------    -------------------
    SLICE_X76Y94         FDCE (Prop_EFF2_SLICEM_C_Q)
                                                      0.079     5.191 r  rst_sync_reg[1]/Q
                         net (fo=1, routed)           1.347     6.538    rst_n_bufg_place
    BUFGCE_X0Y50         BUFGCE (Prop_BUFCE_BUFGCE_I_O)
                                                      0.028     6.566 r  rst_sync_reg[1]_bufg_place/O
                         net (fo=1269, routed)        1.418     7.984    u_soc/u_lif/out_fifo_wdata_reg[1]_rep__1_0[0]
    SLICE_X76Y22         FDCE                                         f  u_soc/u_lif/wr_ptr_reg[2]/CLR  (IS_INVERTED)
  -------------------------------------------------------------------    -------------------

                         (clock clk_mmcm_out rise edge)
                                                     19.998    19.998 r  
    AL8                                               0.000    19.998 r  sys_clk_p (IN)
                         net (fo=0)                   0.079    20.077    u_ibufds/I
    HPIOBDIFFINBUF_X0Y11 DIFFINBUF (Prop_DIFFINBUF_HPIOBDIFFINBUF_DIFF_IN_P_O)
                                                      0.525    20.602 r  u_ibufds/DIFFINBUF_INST/O
                         net (fo=1, routed)           0.040    20.642    u_ibufds/OUT
    AL8                  IBUFCTRL (Prop_IBUFCTRL_HPIOB_M_I_O)
                                                      0.000    20.642 r  u_ibufds/IBUFCTRL_INST/O
                         net (fo=1, routed)           0.293    20.935    sys_clk_ibuf
    BUFGCE_X0Y12         BUFGCE (Prop_BUFCE_BUFGCE_I_O)
                                                      0.024    20.959 r  sys_clk_ibuf_BUFG_inst/O
                         net (fo=1, routed)           1.498    22.457    sys_clk_ibuf_BUFGCE
    MMCM_X0Y3            MMCME4_ADV (Prop_MMCM_CLKIN1_CLKOUT0)
                                                      0.630    23.087 r  u_mmcm/CLKOUT0
                         net (fo=1, routed)           0.215    23.302    clk_mmcm_out
    BUFGCE_X0Y95         BUFGCE (Prop_BUFCE_BUFGCE_I_O)
                                                      0.024    23.326 r  u_bufg/O
    X2Y1 (CLOCK_ROOT)    net (fo=7704, routed)        1.955    25.280    u_soc/u_lif/clk_50m
    SLICE_X76Y22         FDCE                                         r  u_soc/u_lif/wr_ptr_reg[2]/C
                         clock pessimism             -0.255    25.025    
                         clock uncertainty           -0.068    24.957    
    SLICE_X76Y22         FDCE (Recov_AFF2_SLICEM_C_CLR)
                                                     -0.066    24.891    u_soc/u_lif/wr_ptr_reg[2]
  -------------------------------------------------------------------
                         required time                         24.891    
                         arrival time                          -7.984    
  -------------------------------------------------------------------
                         slack                                 16.907    

Slack (MET) :             16.907ns  (required time - arrival time)
  Source:                 rst_sync_reg[1]/C
                            (rising edge-triggered cell FDCE clocked by clk_mmcm_out  {rise@0.000ns fall@9.999ns period=19.998ns})
  Destination:            u_soc/u_lif/wr_ptr_reg[4]/CLR
                            (recovery check against rising-edge clock clk_mmcm_out  {rise@0.000ns fall@9.999ns period=19.998ns})
  Path Group:             **async_default**
  Path Type:              Recovery (Max at Slow Process Corner)
  Requirement:            19.998ns  (clk_mmcm_out rise@19.998ns - clk_mmcm_out rise@0.000ns)
  Data Path Delay:        2.872ns  (logic 0.107ns (3.726%)  route 2.765ns (96.274%))
  Logic Levels:           1  (BUFGCE=1)
  Clock Path Skew:        -0.085ns (DCD - SCD + CPR)
    Destination Clock Delay (DCD):    5.282ns = ( 25.280 - 19.998 ) 
    Source Clock Delay      (SCD):    5.112ns
    Clock Pessimism Removal (CPR):    -0.255ns
  Clock Uncertainty:      0.068ns  ((TSJ^2 + DJ^2)^1/2) / 2 + PE
    Total System Jitter     (TSJ):    0.071ns
    Discrete Jitter          (DJ):    0.116ns
    Phase Error              (PE):    0.000ns
  Clock Net Delay (Source):      2.151ns (routing 1.189ns, distribution 0.962ns)
  Clock Net Delay (Destination): 1.955ns (routing 1.082ns, distribution 0.873ns)

    Location             Delay type                Incr(ns)  Path(ns)    Netlist Resource(s)
  -------------------------------------------------------------------    -------------------
                         (clock clk_mmcm_out rise edge)
                                                      0.000     0.000 r  
    AL8                                               0.000     0.000 r  sys_clk_p (IN)
                         net (fo=0)                   0.100     0.100    u_ibufds/I
    HPIOBDIFFINBUF_X0Y11 DIFFINBUF (Prop_DIFFINBUF_HPIOBDIFFINBUF_DIFF_IN_P_O)
                                                      0.634     0.734 r  u_ibufds/DIFFINBUF_INST/O
                         net (fo=1, routed)           0.050     0.784    u_ibufds/OUT
    AL8                  IBUFCTRL (Prop_IBUFCTRL_HPIOB_M_I_O)
                                                      0.000     0.784 r  u_ibufds/IBUFCTRL_INST/O
                         net (fo=1, routed)           0.332     1.116    sys_clk_ibuf
    BUFGCE_X0Y12         BUFGCE (Prop_BUFCE_BUFGCE_I_O)
                                                      0.028     1.144 r  sys_clk_ibuf_BUFG_inst/O
                         net (fo=1, routed)           1.671     2.815    sys_clk_ibuf_BUFGCE
    MMCM_X0Y3            MMCME4_ADV (Prop_MMCM_CLKIN1_CLKOUT0)
                                                     -0.127     2.688 r  u_mmcm/CLKOUT0
                         net (fo=1, routed)           0.245     2.933    clk_mmcm_out
    BUFGCE_X0Y95         BUFGCE (Prop_BUFCE_BUFGCE_I_O)
                                                      0.028     2.961 r  u_bufg/O
    X2Y1 (CLOCK_ROOT)    net (fo=7704, routed)        2.151     5.112    clk_50m
    SLICE_X76Y94         FDCE                                         r  rst_sync_reg[1]/C
  -------------------------------------------------------------------    -------------------
    SLICE_X76Y94         FDCE (Prop_EFF2_SLICEM_C_Q)
                                                      0.079     5.191 r  rst_sync_reg[1]/Q
                         net (fo=1, routed)           1.347     6.538    rst_n_bufg_place
    BUFGCE_X0Y50         BUFGCE (Prop_BUFCE_BUFGCE_I_O)
                                                      0.028     6.566 r  rst_sync_reg[1]_bufg_place/O
                         net (fo=1269, routed)        1.418     7.984    u_soc/u_lif/out_fifo_wdata_reg[1]_rep__1_0[0]
    SLICE_X76Y22         FDCE                                         f  u_soc/u_lif/wr_ptr_reg[4]/CLR  (IS_INVERTED)
  -------------------------------------------------------------------    -------------------

                         (clock clk_mmcm_out rise edge)
                                                     19.998    19.998 r  
    AL8                                               0.000    19.998 r  sys_clk_p (IN)
                         net (fo=0)                   0.079    20.077    u_ibufds/I
    HPIOBDIFFINBUF_X0Y11 DIFFINBUF (Prop_DIFFINBUF_HPIOBDIFFINBUF_DIFF_IN_P_O)
                                                      0.525    20.602 r  u_ibufds/DIFFINBUF_INST/O
                         net (fo=1, routed)           0.040    20.642    u_ibufds/OUT
    AL8                  IBUFCTRL (Prop_IBUFCTRL_HPIOB_M_I_O)
                                                      0.000    20.642 r  u_ibufds/IBUFCTRL_INST/O
                         net (fo=1, routed)           0.293    20.935    sys_clk_ibuf
    BUFGCE_X0Y12         BUFGCE (Prop_BUFCE_BUFGCE_I_O)
                                                      0.024    20.959 r  sys_clk_ibuf_BUFG_inst/O
                         net (fo=1, routed)           1.498    22.457    sys_clk_ibuf_BUFGCE
    MMCM_X0Y3            MMCME4_ADV (Prop_MMCM_CLKIN1_CLKOUT0)
                                                      0.630    23.087 r  u_mmcm/CLKOUT0
                         net (fo=1, routed)           0.215    23.302    clk_mmcm_out
    BUFGCE_X0Y95         BUFGCE (Prop_BUFCE_BUFGCE_I_O)
                                                      0.024    23.326 r  u_bufg/O
    X2Y1 (CLOCK_ROOT)    net (fo=7704, routed)        1.955    25.280    u_soc/u_lif/clk_50m
    SLICE_X76Y22         FDCE                                         r  u_soc/u_lif/wr_ptr_reg[4]/C
                         clock pessimism             -0.255    25.025    
                         clock uncertainty           -0.068    24.957    
    SLICE_X76Y22         FDCE (Recov_CFF_SLICEM_C_CLR)
                                                     -0.066    24.891    u_soc/u_lif/wr_ptr_reg[4]
  -------------------------------------------------------------------
                         required time                         24.891    
                         arrival time                          -7.984    
  -------------------------------------------------------------------
                         slack                                 16.907    

Slack (MET) :             16.909ns  (required time - arrival time)
  Source:                 rst_sync_reg[1]/C
                            (rising edge-triggered cell FDCE clocked by clk_mmcm_out  {rise@0.000ns fall@9.999ns period=19.998ns})
  Destination:            u_soc/u_lif/wr_ptr_reg[3]/CLR
                            (recovery check against rising-edge clock clk_mmcm_out  {rise@0.000ns fall@9.999ns period=19.998ns})
  Path Group:             **async_default**
  Path Type:              Recovery (Max at Slow Process Corner)
  Requirement:            19.998ns  (clk_mmcm_out rise@19.998ns - clk_mmcm_out rise@0.000ns)
  Data Path Delay:        2.869ns  (logic 0.107ns (3.730%)  route 2.762ns (96.270%))
  Logic Levels:           1  (BUFGCE=1)
  Clock Path Skew:        -0.086ns (DCD - SCD + CPR)
    Destination Clock Delay (DCD):    5.281ns = ( 25.279 - 19.998 ) 
    Source Clock Delay      (SCD):    5.112ns
    Clock Pessimism Removal (CPR):    -0.255ns
  Clock Uncertainty:      0.068ns  ((TSJ^2 + DJ^2)^1/2) / 2 + PE
    Total System Jitter     (TSJ):    0.071ns
    Discrete Jitter          (DJ):    0.116ns
    Phase Error              (PE):    0.000ns
  Clock Net Delay (Source):      2.151ns (routing 1.189ns, distribution 0.962ns)
  Clock Net Delay (Destination): 1.954ns (routing 1.082ns, distribution 0.872ns)

    Location             Delay type                Incr(ns)  Path(ns)    Netlist Resource(s)
  -------------------------------------------------------------------    -------------------
                         (clock clk_mmcm_out rise edge)
                                                      0.000     0.000 r  
    AL8                                               0.000     0.000 r  sys_clk_p (IN)
                         net (fo=0)                   0.100     0.100    u_ibufds/I
    HPIOBDIFFINBUF_X0Y11 DIFFINBUF (Prop_DIFFINBUF_HPIOBDIFFINBUF_DIFF_IN_P_O)
                                                      0.634     0.734 r  u_ibufds/DIFFINBUF_INST/O
                         net (fo=1, routed)           0.050     0.784    u_ibufds/OUT
    AL8                  IBUFCTRL (Prop_IBUFCTRL_HPIOB_M_I_O)
                                                      0.000     0.784 r  u_ibufds/IBUFCTRL_INST/O
                         net (fo=1, routed)           0.332     1.116    sys_clk_ibuf
    BUFGCE_X0Y12         BUFGCE (Prop_BUFCE_BUFGCE_I_O)
                                                      0.028     1.144 r  sys_clk_ibuf_BUFG_inst/O
                         net (fo=1, routed)           1.671     2.815    sys_clk_ibuf_BUFGCE
    MMCM_X0Y3            MMCME4_ADV (Prop_MMCM_CLKIN1_CLKOUT0)
                                                     -0.127     2.688 r  u_mmcm/CLKOUT0
                         net (fo=1, routed)           0.245     2.933    clk_mmcm_out
    BUFGCE_X0Y95         BUFGCE (Prop_BUFCE_BUFGCE_I_O)
                                                      0.028     2.961 r  u_bufg/O
    X2Y1 (CLOCK_ROOT)    net (fo=7704, routed)        2.151     5.112    clk_50m
    SLICE_X76Y94         FDCE                                         r  rst_sync_reg[1]/C
  -------------------------------------------------------------------    -------------------
    SLICE_X76Y94         FDCE (Prop_EFF2_SLICEM_C_Q)
                                                      0.079     5.191 r  rst_sync_reg[1]/Q
                         net (fo=1, routed)           1.347     6.538    rst_n_bufg_place
    BUFGCE_X0Y50         BUFGCE (Prop_BUFCE_BUFGCE_I_O)
                                                      0.028     6.566 r  rst_sync_reg[1]_bufg_place/O
                         net (fo=1269, routed)        1.415     7.981    u_soc/u_lif/out_fifo_wdata_reg[1]_rep__1_0[0]
    SLICE_X76Y22         FDCE                                         f  u_soc/u_lif/wr_ptr_reg[3]/CLR  (IS_INVERTED)
  -------------------------------------------------------------------    -------------------

                         (clock clk_mmcm_out rise edge)
                                                     19.998    19.998 r  
    AL8                                               0.000    19.998 r  sys_clk_p (IN)
                         net (fo=0)                   0.079    20.077    u_ibufds/I
    HPIOBDIFFINBUF_X0Y11 DIFFINBUF (Prop_DIFFINBUF_HPIOBDIFFINBUF_DIFF_IN_P_O)
                                                      0.525    20.602 r  u_ibufds/DIFFINBUF_INST/O
                         net (fo=1, routed)           0.040    20.642    u_ibufds/OUT
    AL8                  IBUFCTRL (Prop_IBUFCTRL_HPIOB_M_I_O)
                                                      0.000    20.642 r  u_ibufds/IBUFCTRL_INST/O
                         net (fo=1, routed)           0.293    20.935    sys_clk_ibuf
    BUFGCE_X0Y12         BUFGCE (Prop_BUFCE_BUFGCE_I_O)
                                                      0.024    20.959 r  sys_clk_ibuf_BUFG_inst/O
                         net (fo=1, routed)           1.498    22.457    sys_clk_ibuf_BUFGCE
    MMCM_X0Y3            MMCME4_ADV (Prop_MMCM_CLKIN1_CLKOUT0)
                                                      0.630    23.087 r  u_mmcm/CLKOUT0
                         net (fo=1, routed)           0.215    23.302    clk_mmcm_out
    BUFGCE_X0Y95         BUFGCE (Prop_BUFCE_BUFGCE_I_O)
                                                      0.024    23.326 r  u_bufg/O
    X2Y1 (CLOCK_ROOT)    net (fo=7704, routed)        1.954    25.279    u_soc/u_lif/clk_50m
    SLICE_X76Y22         FDCE                                         r  u_soc/u_lif/wr_ptr_reg[3]/C
                         clock pessimism             -0.255    25.024    
                         clock uncertainty           -0.068    24.956    
    SLICE_X76Y22         FDCE (Recov_FFF_SLICEM_C_CLR)
                                                     -0.066    24.890    u_soc/u_lif/wr_ptr_reg[3]
  -------------------------------------------------------------------
                         required time                         24.890    
                         arrival time                          -7.981    
  -------------------------------------------------------------------
                         slack                                 16.909    

Slack (MET) :             16.909ns  (required time - arrival time)
  Source:                 rst_sync_reg[1]/C
                            (rising edge-triggered cell FDCE clocked by clk_mmcm_out  {rise@0.000ns fall@9.999ns period=19.998ns})
  Destination:            u_soc/u_lif/q_count_reg[0]/CLR
                            (recovery check against rising-edge clock clk_mmcm_out  {rise@0.000ns fall@9.999ns period=19.998ns})
  Path Group:             **async_default**
  Path Type:              Recovery (Max at Slow Process Corner)
  Requirement:            19.998ns  (clk_mmcm_out rise@19.998ns - clk_mmcm_out rise@0.000ns)
  Data Path Delay:        2.855ns  (logic 0.107ns (3.748%)  route 2.748ns (96.252%))
  Logic Levels:           1  (BUFGCE=1)
  Clock Path Skew:        -0.100ns (DCD - SCD + CPR)
    Destination Clock Delay (DCD):    5.268ns = ( 25.266 - 19.998 ) 
    Source Clock Delay      (SCD):    5.112ns
    Clock Pessimism Removal (CPR):    -0.255ns
  Clock Uncertainty:      0.068ns  ((TSJ^2 + DJ^2)^1/2) / 2 + PE
    Total System Jitter     (TSJ):    0.071ns
    Discrete Jitter          (DJ):    0.116ns
    Phase Error              (PE):    0.000ns
  Clock Net Delay (Source):      2.151ns (routing 1.189ns, distribution 0.962ns)
  Clock Net Delay (Destination): 1.940ns (routing 1.082ns, distribution 0.858ns)

    Location             Delay type                Incr(ns)  Path(ns)    Netlist Resource(s)
  -------------------------------------------------------------------    -------------------
                         (clock clk_mmcm_out rise edge)
                                                      0.000     0.000 r  
    AL8                                               0.000     0.000 r  sys_clk_p (IN)
                         net (fo=0)                   0.100     0.100    u_ibufds/I
    HPIOBDIFFINBUF_X0Y11 DIFFINBUF (Prop_DIFFINBUF_HPIOBDIFFINBUF_DIFF_IN_P_O)
                                                      0.634     0.734 r  u_ibufds/DIFFINBUF_INST/O
                         net (fo=1, routed)           0.050     0.784    u_ibufds/OUT
    AL8                  IBUFCTRL (Prop_IBUFCTRL_HPIOB_M_I_O)
                                                      0.000     0.784 r  u_ibufds/IBUFCTRL_INST/O
                         net (fo=1, routed)           0.332     1.116    sys_clk_ibuf
    BUFGCE_X0Y12         BUFGCE (Prop_BUFCE_BUFGCE_I_O)
                                                      0.028     1.144 r  sys_clk_ibuf_BUFG_inst/O
                         net (fo=1, routed)           1.671     2.815    sys_clk_ibuf_BUFGCE
    MMCM_X0Y3            MMCME4_ADV (Prop_MMCM_CLKIN1_CLKOUT0)
                                                     -0.127     2.688 r  u_mmcm/CLKOUT0
                         net (fo=1, routed)           0.245     2.933    clk_mmcm_out
    BUFGCE_X0Y95         BUFGCE (Prop_BUFCE_BUFGCE_I_O)
                                                      0.028     2.961 r  u_bufg/O
    X2Y1 (CLOCK_ROOT)    net (fo=7704, routed)        2.151     5.112    clk_50m
    SLICE_X76Y94         FDCE                                         r  rst_sync_reg[1]/C
  -------------------------------------------------------------------    -------------------
    SLICE_X76Y94         FDCE (Prop_EFF2_SLICEM_C_Q)
                                                      0.079     5.191 r  rst_sync_reg[1]/Q
                         net (fo=1, routed)           1.347     6.538    rst_n_bufg_place
    BUFGCE_X0Y50         BUFGCE (Prop_BUFCE_BUFGCE_I_O)
                                                      0.028     6.566 r  rst_sync_reg[1]_bufg_place/O
                         net (fo=1269, routed)        1.401     7.967    u_soc/u_lif/out_fifo_wdata_reg[1]_rep__1_0[0]
    SLICE_X74Y35         FDCE                                         f  u_soc/u_lif/q_count_reg[0]/CLR  (IS_INVERTED)
  -------------------------------------------------------------------    -------------------

                         (clock clk_mmcm_out rise edge)
                                                     19.998    19.998 r  
    AL8                                               0.000    19.998 r  sys_clk_p (IN)
                         net (fo=0)                   0.079    20.077    u_ibufds/I
    HPIOBDIFFINBUF_X0Y11 DIFFINBUF (Prop_DIFFINBUF_HPIOBDIFFINBUF_DIFF_IN_P_O)
                                                      0.525    20.602 r  u_ibufds/DIFFINBUF_INST/O
                         net (fo=1, routed)           0.040    20.642    u_ibufds/OUT
    AL8                  IBUFCTRL (Prop_IBUFCTRL_HPIOB_M_I_O)
                                                      0.000    20.642 r  u_ibufds/IBUFCTRL_INST/O
                         net (fo=1, routed)           0.293    20.935    sys_clk_ibuf
    BUFGCE_X0Y12         BUFGCE (Prop_BUFCE_BUFGCE_I_O)
                                                      0.024    20.959 r  sys_clk_ibuf_BUFG_inst/O
                         net (fo=1, routed)           1.498    22.457    sys_clk_ibuf_BUFGCE
    MMCM_X0Y3            MMCME4_ADV (Prop_MMCM_CLKIN1_CLKOUT0)
                                                      0.630    23.087 r  u_mmcm/CLKOUT0
                         net (fo=1, routed)           0.215    23.302    clk_mmcm_out
    BUFGCE_X0Y95         BUFGCE (Prop_BUFCE_BUFGCE_I_O)
                                                      0.024    23.326 r  u_bufg/O
    X2Y1 (CLOCK_ROOT)    net (fo=7704, routed)        1.940    25.266    u_soc/u_lif/clk_50m
    SLICE_X74Y35         FDCE                                         r  u_soc/u_lif/q_count_reg[0]/C
                         clock pessimism             -0.255    25.010    
                         clock uncertainty           -0.068    24.942    
    SLICE_X74Y35         FDCE (Recov_DFF_SLICEM_C_CLR)
                                                     -0.066    24.876    u_soc/u_lif/q_count_reg[0]
  -------------------------------------------------------------------
                         required time                         24.876    
                         arrival time                          -7.967    
  -------------------------------------------------------------------
                         slack                                 16.909    

Slack (MET) :             16.914ns  (required time - arrival time)
  Source:                 rst_sync_reg[1]/C
                            (rising edge-triggered cell FDCE clocked by clk_mmcm_out  {rise@0.000ns fall@9.999ns period=19.998ns})
  Destination:            u_soc/u_lif/q_count_reg[3]/CLR
                            (recovery check against rising-edge clock clk_mmcm_out  {rise@0.000ns fall@9.999ns period=19.998ns})
  Path Group:             **async_default**
  Path Type:              Recovery (Max at Slow Process Corner)
  Requirement:            19.998ns  (clk_mmcm_out rise@19.998ns - clk_mmcm_out rise@0.000ns)
  Data Path Delay:        2.850ns  (logic 0.107ns (3.754%)  route 2.743ns (96.246%))
  Logic Levels:           1  (BUFGCE=1)
  Clock Path Skew:        -0.100ns (DCD - SCD + CPR)
    Destination Clock Delay (DCD):    5.267ns = ( 25.265 - 19.998 ) 
    Source Clock Delay      (SCD):    5.112ns
    Clock Pessimism Removal (CPR):    -0.255ns
  Clock Uncertainty:      0.068ns  ((TSJ^2 + DJ^2)^1/2) / 2 + PE
    Total System Jitter     (TSJ):    0.071ns
    Discrete Jitter          (DJ):    0.116ns
    Phase Error              (PE):    0.000ns
  Clock Net Delay (Source):      2.151ns (routing 1.189ns, distribution 0.962ns)
  Clock Net Delay (Destination): 1.940ns (routing 1.082ns, distribution 0.858ns)

    Location             Delay type                Incr(ns)  Path(ns)    Netlist Resource(s)
  -------------------------------------------------------------------    -------------------
                         (clock clk_mmcm_out rise edge)
                                                      0.000     0.000 r  
    AL8                                               0.000     0.000 r  sys_clk_p (IN)
                         net (fo=0)                   0.100     0.100    u_ibufds/I
    HPIOBDIFFINBUF_X0Y11 DIFFINBUF (Prop_DIFFINBUF_HPIOBDIFFINBUF_DIFF_IN_P_O)
                                                      0.634     0.734 r  u_ibufds/DIFFINBUF_INST/O
                         net (fo=1, routed)           0.050     0.784    u_ibufds/OUT
    AL8                  IBUFCTRL (Prop_IBUFCTRL_HPIOB_M_I_O)
                                                      0.000     0.784 r  u_ibufds/IBUFCTRL_INST/O
                         net (fo=1, routed)           0.332     1.116    sys_clk_ibuf
    BUFGCE_X0Y12         BUFGCE (Prop_BUFCE_BUFGCE_I_O)
                                                      0.028     1.144 r  sys_clk_ibuf_BUFG_inst/O
                         net (fo=1, routed)           1.671     2.815    sys_clk_ibuf_BUFGCE
    MMCM_X0Y3            MMCME4_ADV (Prop_MMCM_CLKIN1_CLKOUT0)
                                                     -0.127     2.688 r  u_mmcm/CLKOUT0
                         net (fo=1, routed)           0.245     2.933    clk_mmcm_out
    BUFGCE_X0Y95         BUFGCE (Prop_BUFCE_BUFGCE_I_O)
                                                      0.028     2.961 r  u_bufg/O
    X2Y1 (CLOCK_ROOT)    net (fo=7704, routed)        2.151     5.112    clk_50m
    SLICE_X76Y94         FDCE                                         r  rst_sync_reg[1]/C
  -------------------------------------------------------------------    -------------------
    SLICE_X76Y94         FDCE (Prop_EFF2_SLICEM_C_Q)
                                                      0.079     5.191 r  rst_sync_reg[1]/Q
                         net (fo=1, routed)           1.347     6.538    rst_n_bufg_place
    BUFGCE_X0Y50         BUFGCE (Prop_BUFCE_BUFGCE_I_O)
                                                      0.028     6.566 r  rst_sync_reg[1]_bufg_place/O
                         net (fo=1269, routed)        1.396     7.962    u_soc/u_lif/out_fifo_wdata_reg[1]_rep__1_0[0]
    SLICE_X75Y34         FDCE                                         f  u_soc/u_lif/q_count_reg[3]/CLR  (IS_INVERTED)
  -------------------------------------------------------------------    -------------------

                         (clock clk_mmcm_out rise edge)
                                                     19.998    19.998 r  
    AL8                                               0.000    19.998 r  sys_clk_p (IN)
                         net (fo=0)                   0.079    20.077    u_ibufds/I
    HPIOBDIFFINBUF_X0Y11 DIFFINBUF (Prop_DIFFINBUF_HPIOBDIFFINBUF_DIFF_IN_P_O)
                                                      0.525    20.602 r  u_ibufds/DIFFINBUF_INST/O
                         net (fo=1, routed)           0.040    20.642    u_ibufds/OUT
    AL8                  IBUFCTRL (Prop_IBUFCTRL_HPIOB_M_I_O)
                                                      0.000    20.642 r  u_ibufds/IBUFCTRL_INST/O
                         net (fo=1, routed)           0.293    20.935    sys_clk_ibuf
    BUFGCE_X0Y12         BUFGCE (Prop_BUFCE_BUFGCE_I_O)
                                                      0.024    20.959 r  sys_clk_ibuf_BUFG_inst/O
                         net (fo=1, routed)           1.498    22.457    sys_clk_ibuf_BUFGCE
    MMCM_X0Y3            MMCME4_ADV (Prop_MMCM_CLKIN1_CLKOUT0)
                                                      0.630    23.087 r  u_mmcm/CLKOUT0
                         net (fo=1, routed)           0.215    23.302    clk_mmcm_out
    BUFGCE_X0Y95         BUFGCE (Prop_BUFCE_BUFGCE_I_O)
                                                      0.024    23.326 r  u_bufg/O
    X2Y1 (CLOCK_ROOT)    net (fo=7704, routed)        1.940    25.265    u_soc/u_lif/clk_50m
    SLICE_X75Y34         FDCE                                         r  u_soc/u_lif/q_count_reg[3]/C
                         clock pessimism             -0.255    25.010    
                         clock uncertainty           -0.068    24.942    
    SLICE_X75Y34         FDCE (Recov_BFF_SLICEL_C_CLR)
                                                     -0.066    24.876    u_soc/u_lif/q_count_reg[3]
  -------------------------------------------------------------------
                         required time                         24.876    
                         arrival time                          -7.962    
  -------------------------------------------------------------------
                         slack                                 16.914    

Slack (MET) :             16.917ns  (required time - arrival time)
  Source:                 rst_sync_reg[1]/C
                            (rising edge-triggered cell FDCE clocked by clk_mmcm_out  {rise@0.000ns fall@9.999ns period=19.998ns})
  Destination:            u_soc/u_lif/q_count_reg[4]/CLR
                            (recovery check against rising-edge clock clk_mmcm_out  {rise@0.000ns fall@9.999ns period=19.998ns})
  Path Group:             **async_default**
  Path Type:              Recovery (Max at Slow Process Corner)
  Requirement:            19.998ns  (clk_mmcm_out rise@19.998ns - clk_mmcm_out rise@0.000ns)
  Data Path Delay:        2.849ns  (logic 0.107ns (3.756%)  route 2.742ns (96.244%))
  Logic Levels:           1  (BUFGCE=1)
  Clock Path Skew:        -0.098ns (DCD - SCD + CPR)
    Destination Clock Delay (DCD):    5.269ns = ( 25.267 - 19.998 ) 
    Source Clock Delay      (SCD):    5.112ns
    Clock Pessimism Removal (CPR):    -0.255ns
  Clock Uncertainty:      0.068ns  ((TSJ^2 + DJ^2)^1/2) / 2 + PE
    Total System Jitter     (TSJ):    0.071ns
    Discrete Jitter          (DJ):    0.116ns
    Phase Error              (PE):    0.000ns
  Clock Net Delay (Source):      2.151ns (routing 1.189ns, distribution 0.962ns)
  Clock Net Delay (Destination): 1.942ns (routing 1.082ns, distribution 0.860ns)

    Location             Delay type                Incr(ns)  Path(ns)    Netlist Resource(s)
  -------------------------------------------------------------------    -------------------
                         (clock clk_mmcm_out rise edge)
                                                      0.000     0.000 r  
    AL8                                               0.000     0.000 r  sys_clk_p (IN)
                         net (fo=0)                   0.100     0.100    u_ibufds/I
    HPIOBDIFFINBUF_X0Y11 DIFFINBUF (Prop_DIFFINBUF_HPIOBDIFFINBUF_DIFF_IN_P_O)
                                                      0.634     0.734 r  u_ibufds/DIFFINBUF_INST/O
                         net (fo=1, routed)           0.050     0.784    u_ibufds/OUT
    AL8                  IBUFCTRL (Prop_IBUFCTRL_HPIOB_M_I_O)
                                                      0.000     0.784 r  u_ibufds/IBUFCTRL_INST/O
                         net (fo=1, routed)           0.332     1.116    sys_clk_ibuf
    BUFGCE_X0Y12         BUFGCE (Prop_BUFCE_BUFGCE_I_O)
                                                      0.028     1.144 r  sys_clk_ibuf_BUFG_inst/O
                         net (fo=1, routed)           1.671     2.815    sys_clk_ibuf_BUFGCE
    MMCM_X0Y3            MMCME4_ADV (Prop_MMCM_CLKIN1_CLKOUT0)
                                                     -0.127     2.688 r  u_mmcm/CLKOUT0
                         net (fo=1, routed)           0.245     2.933    clk_mmcm_out
    BUFGCE_X0Y95         BUFGCE (Prop_BUFCE_BUFGCE_I_O)
                                                      0.028     2.961 r  u_bufg/O
    X2Y1 (CLOCK_ROOT)    net (fo=7704, routed)        2.151     5.112    clk_50m
    SLICE_X76Y94         FDCE                                         r  rst_sync_reg[1]/C
  -------------------------------------------------------------------    -------------------
    SLICE_X76Y94         FDCE (Prop_EFF2_SLICEM_C_Q)
                                                      0.079     5.191 r  rst_sync_reg[1]/Q
                         net (fo=1, routed)           1.347     6.538    rst_n_bufg_place
    BUFGCE_X0Y50         BUFGCE (Prop_BUFCE_BUFGCE_I_O)
                                                      0.028     6.566 r  rst_sync_reg[1]_bufg_place/O
                         net (fo=1269, routed)        1.395     7.961    u_soc/u_lif/out_fifo_wdata_reg[1]_rep__1_0[0]
    SLICE_X75Y34         FDCE                                         f  u_soc/u_lif/q_count_reg[4]/CLR  (IS_INVERTED)
  -------------------------------------------------------------------    -------------------

                         (clock clk_mmcm_out rise edge)
                                                     19.998    19.998 r  
    AL8                                               0.000    19.998 r  sys_clk_p (IN)
                         net (fo=0)                   0.079    20.077    u_ibufds/I
    HPIOBDIFFINBUF_X0Y11 DIFFINBUF (Prop_DIFFINBUF_HPIOBDIFFINBUF_DIFF_IN_P_O)
                                                      0.525    20.602 r  u_ibufds/DIFFINBUF_INST/O
                         net (fo=1, routed)           0.040    20.642    u_ibufds/OUT
    AL8                  IBUFCTRL (Prop_IBUFCTRL_HPIOB_M_I_O)
                                                      0.000    20.642 r  u_ibufds/IBUFCTRL_INST/O
                         net (fo=1, routed)           0.293    20.935    sys_clk_ibuf
    BUFGCE_X0Y12         BUFGCE (Prop_BUFCE_BUFGCE_I_O)
                                                      0.024    20.959 r  sys_clk_ibuf_BUFG_inst/O
                         net (fo=1, routed)           1.498    22.457    sys_clk_ibuf_BUFGCE
    MMCM_X0Y3            MMCME4_ADV (Prop_MMCM_CLKIN1_CLKOUT0)
                                                      0.630    23.087 r  u_mmcm/CLKOUT0
                         net (fo=1, routed)           0.215    23.302    clk_mmcm_out
    BUFGCE_X0Y95         BUFGCE (Prop_BUFCE_BUFGCE_I_O)
                                                      0.024    23.326 r  u_bufg/O
    X2Y1 (CLOCK_ROOT)    net (fo=7704, routed)        1.942    25.267    u_soc/u_lif/clk_50m
    SLICE_X75Y34         FDCE                                         r  u_soc/u_lif/q_count_reg[4]/C
                         clock pessimism             -0.255    25.012    
                         clock uncertainty           -0.068    24.944    
    SLICE_X75Y34         FDCE (Recov_HFF_SLICEL_C_CLR)
                                                     -0.066    24.878    u_soc/u_lif/q_count_reg[4]
  -------------------------------------------------------------------
                         required time                         24.878    
                         arrival time                          -7.961    
  -------------------------------------------------------------------
                         slack                                 16.917    

Slack (MET) :             16.917ns  (required time - arrival time)
  Source:                 rst_sync_reg[1]/C
                            (rising edge-triggered cell FDCE clocked by clk_mmcm_out  {rise@0.000ns fall@9.999ns period=19.998ns})
  Destination:            u_soc/u_lif/q_count_reg[5]/CLR
                            (recovery check against rising-edge clock clk_mmcm_out  {rise@0.000ns fall@9.999ns period=19.998ns})
  Path Group:             **async_default**
  Path Type:              Recovery (Max at Slow Process Corner)
  Requirement:            19.998ns  (clk_mmcm_out rise@19.998ns - clk_mmcm_out rise@0.000ns)
  Data Path Delay:        2.849ns  (logic 0.107ns (3.756%)  route 2.742ns (96.244%))
  Logic Levels:           1  (BUFGCE=1)
  Clock Path Skew:        -0.098ns (DCD - SCD + CPR)
    Destination Clock Delay (DCD):    5.269ns = ( 25.267 - 19.998 ) 
    Source Clock Delay      (SCD):    5.112ns
    Clock Pessimism Removal (CPR):    -0.255ns
  Clock Uncertainty:      0.068ns  ((TSJ^2 + DJ^2)^1/2) / 2 + PE
    Total System Jitter     (TSJ):    0.071ns
    Discrete Jitter          (DJ):    0.116ns
    Phase Error              (PE):    0.000ns
  Clock Net Delay (Source):      2.151ns (routing 1.189ns, distribution 0.962ns)
  Clock Net Delay (Destination): 1.942ns (routing 1.082ns, distribution 0.860ns)

    Location             Delay type                Incr(ns)  Path(ns)    Netlist Resource(s)
  -------------------------------------------------------------------    -------------------
                         (clock clk_mmcm_out rise edge)
                                                      0.000     0.000 r  
    AL8                                               0.000     0.000 r  sys_clk_p (IN)
                         net (fo=0)                   0.100     0.100    u_ibufds/I
    HPIOBDIFFINBUF_X0Y11 DIFFINBUF (Prop_DIFFINBUF_HPIOBDIFFINBUF_DIFF_IN_P_O)
                                                      0.634     0.734 r  u_ibufds/DIFFINBUF_INST/O
                         net (fo=1, routed)           0.050     0.784    u_ibufds/OUT
    AL8                  IBUFCTRL (Prop_IBUFCTRL_HPIOB_M_I_O)
                                                      0.000     0.784 r  u_ibufds/IBUFCTRL_INST/O
                         net (fo=1, routed)           0.332     1.116    sys_clk_ibuf
    BUFGCE_X0Y12         BUFGCE (Prop_BUFCE_BUFGCE_I_O)
                                                      0.028     1.144 r  sys_clk_ibuf_BUFG_inst/O
                         net (fo=1, routed)           1.671     2.815    sys_clk_ibuf_BUFGCE
    MMCM_X0Y3            MMCME4_ADV (Prop_MMCM_CLKIN1_CLKOUT0)
                                                     -0.127     2.688 r  u_mmcm/CLKOUT0
                         net (fo=1, routed)           0.245     2.933    clk_mmcm_out
    BUFGCE_X0Y95         BUFGCE (Prop_BUFCE_BUFGCE_I_O)
                                                      0.028     2.961 r  u_bufg/O
    X2Y1 (CLOCK_ROOT)    net (fo=7704, routed)        2.151     5.112    clk_50m
    SLICE_X76Y94         FDCE                                         r  rst_sync_reg[1]/C
  -------------------------------------------------------------------    -------------------
    SLICE_X76Y94         FDCE (Prop_EFF2_SLICEM_C_Q)
                                                      0.079     5.191 r  rst_sync_reg[1]/Q
                         net (fo=1, routed)           1.347     6.538    rst_n_bufg_place
    BUFGCE_X0Y50         BUFGCE (Prop_BUFCE_BUFGCE_I_O)
                                                      0.028     6.566 r  rst_sync_reg[1]_bufg_place/O
                         net (fo=1269, routed)        1.395     7.961    u_soc/u_lif/out_fifo_wdata_reg[1]_rep__1_0[0]
    SLICE_X75Y34         FDCE                                         f  u_soc/u_lif/q_count_reg[5]/CLR  (IS_INVERTED)
  -------------------------------------------------------------------    -------------------

                         (clock clk_mmcm_out rise edge)
                                                     19.998    19.998 r  
    AL8                                               0.000    19.998 r  sys_clk_p (IN)
                         net (fo=0)                   0.079    20.077    u_ibufds/I
    HPIOBDIFFINBUF_X0Y11 DIFFINBUF (Prop_DIFFINBUF_HPIOBDIFFINBUF_DIFF_IN_P_O)
                                                      0.525    20.602 r  u_ibufds/DIFFINBUF_INST/O
                         net (fo=1, routed)           0.040    20.642    u_ibufds/OUT
    AL8                  IBUFCTRL (Prop_IBUFCTRL_HPIOB_M_I_O)
                                                      0.000    20.642 r  u_ibufds/IBUFCTRL_INST/O
                         net (fo=1, routed)           0.293    20.935    sys_clk_ibuf
    BUFGCE_X0Y12         BUFGCE (Prop_BUFCE_BUFGCE_I_O)
                                                      0.024    20.959 r  sys_clk_ibuf_BUFG_inst/O
                         net (fo=1, routed)           1.498    22.457    sys_clk_ibuf_BUFGCE
    MMCM_X0Y3            MMCME4_ADV (Prop_MMCM_CLKIN1_CLKOUT0)
                                                      0.630    23.087 r  u_mmcm/CLKOUT0
                         net (fo=1, routed)           0.215    23.302    clk_mmcm_out
    BUFGCE_X0Y95         BUFGCE (Prop_BUFCE_BUFGCE_I_O)
                                                      0.024    23.326 r  u_bufg/O
    X2Y1 (CLOCK_ROOT)    net (fo=7704, routed)        1.942    25.267    u_soc/u_lif/clk_50m
    SLICE_X75Y34         FDCE                                         r  u_soc/u_lif/q_count_reg[5]/C
                         clock pessimism             -0.255    25.012    
                         clock uncertainty           -0.068    24.944    
    SLICE_X75Y34         FDCE (Recov_GFF_SLICEL_C_CLR)
                                                     -0.066    24.878    u_soc/u_lif/q_count_reg[5]
  -------------------------------------------------------------------
                         required time                         24.878    
                         arrival time                          -7.961    
  -------------------------------------------------------------------
                         slack                                 16.917    

Slack (MET) :             17.010ns  (required time - arrival time)
  Source:                 rst_sync_reg[1]/C
                            (rising edge-triggered cell FDCE clocked by clk_mmcm_out  {rise@0.000ns fall@9.999ns period=19.998ns})
  Destination:            u_soc/u_lif/q_count_reg[1]/CLR
                            (recovery check against rising-edge clock clk_mmcm_out  {rise@0.000ns fall@9.999ns period=19.998ns})
  Path Group:             **async_default**
  Path Type:              Recovery (Max at Slow Process Corner)
  Requirement:            19.998ns  (clk_mmcm_out rise@19.998ns - clk_mmcm_out rise@0.000ns)
  Data Path Delay:        2.811ns  (logic 0.107ns (3.806%)  route 2.704ns (96.194%))
  Logic Levels:           1  (BUFGCE=1)
  Clock Path Skew:        -0.043ns (DCD - SCD + CPR)
    Destination Clock Delay (DCD):    5.325ns = ( 25.323 - 19.998 ) 
    Source Clock Delay      (SCD):    5.112ns
    Clock Pessimism Removal (CPR):    -0.255ns
  Clock Uncertainty:      0.068ns  ((TSJ^2 + DJ^2)^1/2) / 2 + PE
    Total System Jitter     (TSJ):    0.071ns
    Discrete Jitter          (DJ):    0.116ns
    Phase Error              (PE):    0.000ns
  Clock Net Delay (Source):      2.151ns (routing 1.189ns, distribution 0.962ns)
  Clock Net Delay (Destination): 1.997ns (routing 1.082ns, distribution 0.915ns)

    Location             Delay type                Incr(ns)  Path(ns)    Netlist Resource(s)
  -------------------------------------------------------------------    -------------------
                         (clock clk_mmcm_out rise edge)
                                                      0.000     0.000 r  
    AL8                                               0.000     0.000 r  sys_clk_p (IN)
                         net (fo=0)                   0.100     0.100    u_ibufds/I
    HPIOBDIFFINBUF_X0Y11 DIFFINBUF (Prop_DIFFINBUF_HPIOBDIFFINBUF_DIFF_IN_P_O)
                                                      0.634     0.734 r  u_ibufds/DIFFINBUF_INST/O
                         net (fo=1, routed)           0.050     0.784    u_ibufds/OUT
    AL8                  IBUFCTRL (Prop_IBUFCTRL_HPIOB_M_I_O)
                                                      0.000     0.784 r  u_ibufds/IBUFCTRL_INST/O
                         net (fo=1, routed)           0.332     1.116    sys_clk_ibuf
    BUFGCE_X0Y12         BUFGCE (Prop_BUFCE_BUFGCE_I_O)
                                                      0.028     1.144 r  sys_clk_ibuf_BUFG_inst/O
                         net (fo=1, routed)           1.671     2.815    sys_clk_ibuf_BUFGCE
    MMCM_X0Y3            MMCME4_ADV (Prop_MMCM_CLKIN1_CLKOUT0)
                                                     -0.127     2.688 r  u_mmcm/CLKOUT0
                         net (fo=1, routed)           0.245     2.933    clk_mmcm_out
    BUFGCE_X0Y95         BUFGCE (Prop_BUFCE_BUFGCE_I_O)
                                                      0.028     2.961 r  u_bufg/O
    X2Y1 (CLOCK_ROOT)    net (fo=7704, routed)        2.151     5.112    clk_50m
    SLICE_X76Y94         FDCE                                         r  rst_sync_reg[1]/C
  -------------------------------------------------------------------    -------------------
    SLICE_X76Y94         FDCE (Prop_EFF2_SLICEM_C_Q)
                                                      0.079     5.191 r  rst_sync_reg[1]/Q
                         net (fo=1, routed)           1.347     6.538    rst_n_bufg_place
    BUFGCE_X0Y50         BUFGCE (Prop_BUFCE_BUFGCE_I_O)
                                                      0.028     6.566 r  rst_sync_reg[1]_bufg_place/O
                         net (fo=1269, routed)        1.357     7.923    u_soc/u_lif/out_fifo_wdata_reg[1]_rep__1_0[0]
    SLICE_X77Y34         FDCE                                         f  u_soc/u_lif/q_count_reg[1]/CLR  (IS_INVERTED)
  -------------------------------------------------------------------    -------------------

                         (clock clk_mmcm_out rise edge)
                                                     19.998    19.998 r  
    AL8                                               0.000    19.998 r  sys_clk_p (IN)
                         net (fo=0)                   0.079    20.077    u_ibufds/I
    HPIOBDIFFINBUF_X0Y11 DIFFINBUF (Prop_DIFFINBUF_HPIOBDIFFINBUF_DIFF_IN_P_O)
                                                      0.525    20.602 r  u_ibufds/DIFFINBUF_INST/O
                         net (fo=1, routed)           0.040    20.642    u_ibufds/OUT
    AL8                  IBUFCTRL (Prop_IBUFCTRL_HPIOB_M_I_O)
                                                      0.000    20.642 r  u_ibufds/IBUFCTRL_INST/O
                         net (fo=1, routed)           0.293    20.935    sys_clk_ibuf
    BUFGCE_X0Y12         BUFGCE (Prop_BUFCE_BUFGCE_I_O)
                                                      0.024    20.959 r  sys_clk_ibuf_BUFG_inst/O
                         net (fo=1, routed)           1.498    22.457    sys_clk_ibuf_BUFGCE
    MMCM_X0Y3            MMCME4_ADV (Prop_MMCM_CLKIN1_CLKOUT0)
                                                      0.630    23.087 r  u_mmcm/CLKOUT0
                         net (fo=1, routed)           0.215    23.302    clk_mmcm_out
    BUFGCE_X0Y95         BUFGCE (Prop_BUFCE_BUFGCE_I_O)
                                                      0.024    23.326 r  u_bufg/O
    X2Y1 (CLOCK_ROOT)    net (fo=7704, routed)        1.997    25.323    u_soc/u_lif/clk_50m
    SLICE_X77Y34         FDCE                                         r  u_soc/u_lif/q_count_reg[1]/C
                         clock pessimism             -0.255    25.067    
                         clock uncertainty           -0.068    24.999    
    SLICE_X77Y34         FDCE (Recov_DFF_SLICEM_C_CLR)
                                                     -0.066    24.933    u_soc/u_lif/q_count_reg[1]
  -------------------------------------------------------------------
                         required time                         24.933    
                         arrival time                          -7.923    
  -------------------------------------------------------------------
                         slack                                 17.010    





Min Delay Paths
--------------------------------------------------------------------------------------
Slack (MET) :             1.172ns  (arrival time - required time)
  Source:                 rst_sync_reg[1]/C
                            (rising edge-triggered cell FDCE clocked by clk_mmcm_out  {rise@0.000ns fall@9.999ns period=19.998ns})
  Destination:            u_soc/u_input_fifo/rd_ptr_reg[0]_rep__9/CLR
                            (removal check against rising-edge clock clk_mmcm_out  {rise@0.000ns fall@9.999ns period=19.998ns})
  Path Group:             **async_default**
  Path Type:              Removal (Min at Fast Process Corner)
  Requirement:            0.000ns  (clk_mmcm_out rise@0.000ns - clk_mmcm_out rise@0.000ns)
  Data Path Delay:        1.357ns  (logic 0.056ns (4.127%)  route 1.301ns (95.873%))
  Logic Levels:           1  (BUFGCE=1)
  Clock Path Skew:        0.205ns (DCD - SCD - CPR)
    Destination Clock Delay (DCD):    3.159ns
    Source Clock Delay      (SCD):    3.088ns
    Clock Pessimism Removal (CPR):    -0.134ns
  Clock Net Delay (Source):      1.184ns (routing 0.651ns, distribution 0.533ns)
  Clock Net Delay (Destination): 1.465ns (routing 0.727ns, distribution 0.738ns)

    Location             Delay type                Incr(ns)  Path(ns)    Netlist Resource(s)
  -------------------------------------------------------------------    -------------------
                         (clock clk_mmcm_out rise edge)
                                                      0.000     0.000 r  
    AL8                                               0.000     0.000 r  sys_clk_p (IN)
                         net (fo=0)                   0.079     0.079    u_ibufds/I
    HPIOBDIFFINBUF_X0Y11 DIFFINBUF (Prop_DIFFINBUF_HPIOBDIFFINBUF_DIFF_IN_P_O)
                                                      0.301     0.380 r  u_ibufds/DIFFINBUF_INST/O
                         net (fo=1, routed)           0.040     0.420    u_ibufds/OUT
    AL8                  IBUFCTRL (Prop_IBUFCTRL_HPIOB_M_I_O)
                                                      0.000     0.420 r  u_ibufds/IBUFCTRL_INST/O
                         net (fo=1, routed)           0.156     0.576    sys_clk_ibuf
    BUFGCE_X0Y12         BUFGCE (Prop_BUFCE_BUFGCE_I_O)
                                                      0.017     0.593 r  sys_clk_ibuf_BUFG_inst/O
                         net (fo=1, routed)           0.918     1.511    sys_clk_ibuf_BUFGCE
    MMCM_X0Y3            MMCME4_ADV (Prop_MMCM_CLKIN1_CLKOUT0)
                                                      0.230     1.741 r  u_mmcm/CLKOUT0
                         net (fo=1, routed)           0.146     1.887    clk_mmcm_out
    BUFGCE_X0Y95         BUFGCE (Prop_BUFCE_BUFGCE_I_O)
                                                      0.017     1.904 r  u_bufg/O
    X2Y1 (CLOCK_ROOT)    net (fo=7704, routed)        1.184     3.088    clk_50m
    SLICE_X76Y94         FDCE                                         r  rst_sync_reg[1]/C
  -------------------------------------------------------------------    -------------------
    SLICE_X76Y94         FDCE (Prop_EFF2_SLICEM_C_Q)
                                                      0.039     3.127 r  rst_sync_reg[1]/Q
                         net (fo=1, routed)           0.704     3.831    rst_n_bufg_place
    BUFGCE_X0Y50         BUFGCE (Prop_BUFCE_BUFGCE_I_O)
                                                      0.017     3.848 r  rst_sync_reg[1]_bufg_place/O
                         net (fo=1269, routed)        0.597     4.445    u_soc/u_input_fifo/rd_ptr_reg[3]_rep__0_0
    SLICE_X86Y135        FDCE                                         f  u_soc/u_input_fifo/rd_ptr_reg[0]_rep__9/CLR  (IS_INVERTED)
  -------------------------------------------------------------------    -------------------

                         (clock clk_mmcm_out rise edge)
                                                      0.000     0.000 r  
    AL8                                               0.000     0.000 r  sys_clk_p (IN)
                         net (fo=0)                   0.100     0.100    u_ibufds/I
    HPIOBDIFFINBUF_X0Y11 DIFFINBUF (Prop_DIFFINBUF_HPIOBDIFFINBUF_DIFF_IN_P_O)
                                                      0.405     0.505 r  u_ibufds/DIFFINBUF_INST/O
                         net (fo=1, routed)           0.050     0.555    u_ibufds/OUT
    AL8                  IBUFCTRL (Prop_IBUFCTRL_HPIOB_M_I_O)
                                                      0.000     0.555 r  u_ibufds/IBUFCTRL_INST/O
                         net (fo=1, routed)           0.197     0.752    sys_clk_ibuf
    BUFGCE_X0Y12         BUFGCE (Prop_BUFCE_BUFGCE_I_O)
                                                      0.019     0.771 r  sys_clk_ibuf_BUFG_inst/O
                         net (fo=1, routed)           1.032     1.803    sys_clk_ibuf_BUFGCE
    MMCM_X0Y3            MMCME4_ADV (Prop_MMCM_CLKIN1_CLKOUT0)
                                                     -0.295     1.508 r  u_mmcm/CLKOUT0
                         net (fo=1, routed)           0.166     1.674    clk_mmcm_out
    BUFGCE_X0Y95         BUFGCE (Prop_BUFCE_BUFGCE_I_O)
                                                      0.019     1.693 r  u_bufg/O
    X2Y1 (CLOCK_ROOT)    net (fo=7704, routed)        1.465     3.159    u_soc/u_input_fifo/clk_50m
    SLICE_X86Y135        FDCE                                         r  u_soc/u_input_fifo/rd_ptr_reg[0]_rep__9/C
                         clock pessimism              0.134     3.293    
    SLICE_X86Y135        FDCE (Remov_DFF_SLICEL_C_CLR)
                                                     -0.020     3.273    u_soc/u_input_fifo/rd_ptr_reg[0]_rep__9
  -------------------------------------------------------------------
                         required time                         -3.273    
                         arrival time                           4.445    
  -------------------------------------------------------------------
                         slack                                  1.172    

Slack (MET) :             1.172ns  (arrival time - required time)
  Source:                 rst_sync_reg[1]/C
                            (rising edge-triggered cell FDCE clocked by clk_mmcm_out  {rise@0.000ns fall@9.999ns period=19.998ns})
  Destination:            u_soc/u_input_fifo/rd_ptr_reg[1]_rep__9/CLR
                            (removal check against rising-edge clock clk_mmcm_out  {rise@0.000ns fall@9.999ns period=19.998ns})
  Path Group:             **async_default**
  Path Type:              Removal (Min at Fast Process Corner)
  Requirement:            0.000ns  (clk_mmcm_out rise@0.000ns - clk_mmcm_out rise@0.000ns)
  Data Path Delay:        1.357ns  (logic 0.056ns (4.127%)  route 1.301ns (95.873%))
  Logic Levels:           1  (BUFGCE=1)
  Clock Path Skew:        0.205ns (DCD - SCD - CPR)
    Destination Clock Delay (DCD):    3.159ns
    Source Clock Delay      (SCD):    3.088ns
    Clock Pessimism Removal (CPR):    -0.134ns
  Clock Net Delay (Source):      1.184ns (routing 0.651ns, distribution 0.533ns)
  Clock Net Delay (Destination): 1.465ns (routing 0.727ns, distribution 0.738ns)

    Location             Delay type                Incr(ns)  Path(ns)    Netlist Resource(s)
  -------------------------------------------------------------------    -------------------
                         (clock clk_mmcm_out rise edge)
                                                      0.000     0.000 r  
    AL8                                               0.000     0.000 r  sys_clk_p (IN)
                         net (fo=0)                   0.079     0.079    u_ibufds/I
    HPIOBDIFFINBUF_X0Y11 DIFFINBUF (Prop_DIFFINBUF_HPIOBDIFFINBUF_DIFF_IN_P_O)
                                                      0.301     0.380 r  u_ibufds/DIFFINBUF_INST/O
                         net (fo=1, routed)           0.040     0.420    u_ibufds/OUT
    AL8                  IBUFCTRL (Prop_IBUFCTRL_HPIOB_M_I_O)
                                                      0.000     0.420 r  u_ibufds/IBUFCTRL_INST/O
                         net (fo=1, routed)           0.156     0.576    sys_clk_ibuf
    BUFGCE_X0Y12         BUFGCE (Prop_BUFCE_BUFGCE_I_O)
                                                      0.017     0.593 r  sys_clk_ibuf_BUFG_inst/O
                         net (fo=1, routed)           0.918     1.511    sys_clk_ibuf_BUFGCE
    MMCM_X0Y3            MMCME4_ADV (Prop_MMCM_CLKIN1_CLKOUT0)
                                                      0.230     1.741 r  u_mmcm/CLKOUT0
                         net (fo=1, routed)           0.146     1.887    clk_mmcm_out
    BUFGCE_X0Y95         BUFGCE (Prop_BUFCE_BUFGCE_I_O)
                                                      0.017     1.904 r  u_bufg/O
    X2Y1 (CLOCK_ROOT)    net (fo=7704, routed)        1.184     3.088    clk_50m
    SLICE_X76Y94         FDCE                                         r  rst_sync_reg[1]/C
  -------------------------------------------------------------------    -------------------
    SLICE_X76Y94         FDCE (Prop_EFF2_SLICEM_C_Q)
                                                      0.039     3.127 r  rst_sync_reg[1]/Q
                         net (fo=1, routed)           0.704     3.831    rst_n_bufg_place
    BUFGCE_X0Y50         BUFGCE (Prop_BUFCE_BUFGCE_I_O)
                                                      0.017     3.848 r  rst_sync_reg[1]_bufg_place/O
                         net (fo=1269, routed)        0.597     4.445    u_soc/u_input_fifo/rd_ptr_reg[3]_rep__0_0
    SLICE_X86Y135        FDCE                                         f  u_soc/u_input_fifo/rd_ptr_reg[1]_rep__9/CLR  (IS_INVERTED)
  -------------------------------------------------------------------    -------------------

                         (clock clk_mmcm_out rise edge)
                                                      0.000     0.000 r  
    AL8                                               0.000     0.000 r  sys_clk_p (IN)
                         net (fo=0)                   0.100     0.100    u_ibufds/I
    HPIOBDIFFINBUF_X0Y11 DIFFINBUF (Prop_DIFFINBUF_HPIOBDIFFINBUF_DIFF_IN_P_O)
                                                      0.405     0.505 r  u_ibufds/DIFFINBUF_INST/O
                         net (fo=1, routed)           0.050     0.555    u_ibufds/OUT
    AL8                  IBUFCTRL (Prop_IBUFCTRL_HPIOB_M_I_O)
                                                      0.000     0.555 r  u_ibufds/IBUFCTRL_INST/O
                         net (fo=1, routed)           0.197     0.752    sys_clk_ibuf
    BUFGCE_X0Y12         BUFGCE (Prop_BUFCE_BUFGCE_I_O)
                                                      0.019     0.771 r  sys_clk_ibuf_BUFG_inst/O
                         net (fo=1, routed)           1.032     1.803    sys_clk_ibuf_BUFGCE
    MMCM_X0Y3            MMCME4_ADV (Prop_MMCM_CLKIN1_CLKOUT0)
                                                     -0.295     1.508 r  u_mmcm/CLKOUT0
                         net (fo=1, routed)           0.166     1.674    clk_mmcm_out
    BUFGCE_X0Y95         BUFGCE (Prop_BUFCE_BUFGCE_I_O)
                                                      0.019     1.693 r  u_bufg/O
    X2Y1 (CLOCK_ROOT)    net (fo=7704, routed)        1.465     3.159    u_soc/u_input_fifo/clk_50m
    SLICE_X86Y135        FDCE                                         r  u_soc/u_input_fifo/rd_ptr_reg[1]_rep__9/C
                         clock pessimism              0.134     3.293    
    SLICE_X86Y135        FDCE (Remov_CFF_SLICEL_C_CLR)
                                                     -0.020     3.273    u_soc/u_input_fifo/rd_ptr_reg[1]_rep__9
  -------------------------------------------------------------------
                         required time                         -3.273    
                         arrival time                           4.445    
  -------------------------------------------------------------------
                         slack                                  1.172    

Slack (MET) :             1.177ns  (arrival time - required time)
  Source:                 rst_sync_reg[1]/C
                            (rising edge-triggered cell FDCE clocked by clk_mmcm_out  {rise@0.000ns fall@9.999ns period=19.998ns})
  Destination:            u_soc/u_input_fifo/rd_ptr_reg[0]_rep__8/CLR
                            (removal check against rising-edge clock clk_mmcm_out  {rise@0.000ns fall@9.999ns period=19.998ns})
  Path Group:             **async_default**
  Path Type:              Removal (Min at Fast Process Corner)
  Requirement:            0.000ns  (clk_mmcm_out rise@0.000ns - clk_mmcm_out rise@0.000ns)
  Data Path Delay:        1.354ns  (logic 0.056ns (4.136%)  route 1.298ns (95.864%))
  Logic Levels:           1  (BUFGCE=1)
  Clock Path Skew:        0.197ns (DCD - SCD - CPR)
    Destination Clock Delay (DCD):    3.150ns
    Source Clock Delay      (SCD):    3.088ns
    Clock Pessimism Removal (CPR):    -0.134ns
  Clock Net Delay (Source):      1.184ns (routing 0.651ns, distribution 0.533ns)
  Clock Net Delay (Destination): 1.457ns (routing 0.727ns, distribution 0.730ns)

    Location             Delay type                Incr(ns)  Path(ns)    Netlist Resource(s)
  -------------------------------------------------------------------    -------------------
                         (clock clk_mmcm_out rise edge)
                                                      0.000     0.000 r  
    AL8                                               0.000     0.000 r  sys_clk_p (IN)
                         net (fo=0)                   0.079     0.079    u_ibufds/I
    HPIOBDIFFINBUF_X0Y11 DIFFINBUF (Prop_DIFFINBUF_HPIOBDIFFINBUF_DIFF_IN_P_O)
                                                      0.301     0.380 r  u_ibufds/DIFFINBUF_INST/O
                         net (fo=1, routed)           0.040     0.420    u_ibufds/OUT
    AL8                  IBUFCTRL (Prop_IBUFCTRL_HPIOB_M_I_O)
                                                      0.000     0.420 r  u_ibufds/IBUFCTRL_INST/O
                         net (fo=1, routed)           0.156     0.576    sys_clk_ibuf
    BUFGCE_X0Y12         BUFGCE (Prop_BUFCE_BUFGCE_I_O)
                                                      0.017     0.593 r  sys_clk_ibuf_BUFG_inst/O
                         net (fo=1, routed)           0.918     1.511    sys_clk_ibuf_BUFGCE
    MMCM_X0Y3            MMCME4_ADV (Prop_MMCM_CLKIN1_CLKOUT0)
                                                      0.230     1.741 r  u_mmcm/CLKOUT0
                         net (fo=1, routed)           0.146     1.887    clk_mmcm_out
    BUFGCE_X0Y95         BUFGCE (Prop_BUFCE_BUFGCE_I_O)
                                                      0.017     1.904 r  u_bufg/O
    X2Y1 (CLOCK_ROOT)    net (fo=7704, routed)        1.184     3.088    clk_50m
    SLICE_X76Y94         FDCE                                         r  rst_sync_reg[1]/C
  -------------------------------------------------------------------    -------------------
    SLICE_X76Y94         FDCE (Prop_EFF2_SLICEM_C_Q)
                                                      0.039     3.127 r  rst_sync_reg[1]/Q
                         net (fo=1, routed)           0.704     3.831    rst_n_bufg_place
    BUFGCE_X0Y50         BUFGCE (Prop_BUFCE_BUFGCE_I_O)
                                                      0.017     3.848 r  rst_sync_reg[1]_bufg_place/O
                         net (fo=1269, routed)        0.594     4.442    u_soc/u_input_fifo/rd_ptr_reg[3]_rep__0_0
    SLICE_X86Y142        FDCE                                         f  u_soc/u_input_fifo/rd_ptr_reg[0]_rep__8/CLR  (IS_INVERTED)
  -------------------------------------------------------------------    -------------------

                         (clock clk_mmcm_out rise edge)
                                                      0.000     0.000 r  
    AL8                                               0.000     0.000 r  sys_clk_p (IN)
                         net (fo=0)                   0.100     0.100    u_ibufds/I
    HPIOBDIFFINBUF_X0Y11 DIFFINBUF (Prop_DIFFINBUF_HPIOBDIFFINBUF_DIFF_IN_P_O)
                                                      0.405     0.505 r  u_ibufds/DIFFINBUF_INST/O
                         net (fo=1, routed)           0.050     0.555    u_ibufds/OUT
    AL8                  IBUFCTRL (Prop_IBUFCTRL_HPIOB_M_I_O)
                                                      0.000     0.555 r  u_ibufds/IBUFCTRL_INST/O
                         net (fo=1, routed)           0.197     0.752    sys_clk_ibuf
    BUFGCE_X0Y12         BUFGCE (Prop_BUFCE_BUFGCE_I_O)
                                                      0.019     0.771 r  sys_clk_ibuf_BUFG_inst/O
                         net (fo=1, routed)           1.032     1.803    sys_clk_ibuf_BUFGCE
    MMCM_X0Y3            MMCME4_ADV (Prop_MMCM_CLKIN1_CLKOUT0)
                                                     -0.295     1.508 r  u_mmcm/CLKOUT0
                         net (fo=1, routed)           0.166     1.674    clk_mmcm_out
    BUFGCE_X0Y95         BUFGCE (Prop_BUFCE_BUFGCE_I_O)
                                                      0.019     1.693 r  u_bufg/O
    X2Y1 (CLOCK_ROOT)    net (fo=7704, routed)        1.457     3.150    u_soc/u_input_fifo/clk_50m
    SLICE_X86Y142        FDCE                                         r  u_soc/u_input_fifo/rd_ptr_reg[0]_rep__8/C
                         clock pessimism              0.134     3.285    
    SLICE_X86Y142        FDCE (Remov_DFF_SLICEL_C_CLR)
                                                     -0.020     3.265    u_soc/u_input_fifo/rd_ptr_reg[0]_rep__8
  -------------------------------------------------------------------
                         required time                         -3.265    
                         arrival time                           4.442    
  -------------------------------------------------------------------
                         slack                                  1.177    

Slack (MET) :             1.213ns  (arrival time - required time)
  Source:                 rst_sync_reg[1]/C
                            (rising edge-triggered cell FDCE clocked by clk_mmcm_out  {rise@0.000ns fall@9.999ns period=19.998ns})
  Destination:            u_soc/u_input_fifo/rd_ptr_reg[0]_rep__10/CLR
                            (removal check against rising-edge clock clk_mmcm_out  {rise@0.000ns fall@9.999ns period=19.998ns})
  Path Group:             **async_default**
  Path Type:              Removal (Min at Fast Process Corner)
  Requirement:            0.000ns  (clk_mmcm_out rise@0.000ns - clk_mmcm_out rise@0.000ns)
  Data Path Delay:        1.372ns  (logic 0.056ns (4.083%)  route 1.316ns (95.917%))
  Logic Levels:           1  (BUFGCE=1)
  Clock Path Skew:        0.178ns (DCD - SCD - CPR)
    Destination Clock Delay (DCD):    3.132ns
    Source Clock Delay      (SCD):    3.088ns
    Clock Pessimism Removal (CPR):    -0.134ns
  Clock Net Delay (Source):      1.184ns (routing 0.651ns, distribution 0.533ns)
  Clock Net Delay (Destination): 1.438ns (routing 0.727ns, distribution 0.711ns)

    Location             Delay type                Incr(ns)  Path(ns)    Netlist Resource(s)
  -------------------------------------------------------------------    -------------------
                         (clock clk_mmcm_out rise edge)
                                                      0.000     0.000 r  
    AL8                                               0.000     0.000 r  sys_clk_p (IN)
                         net (fo=0)                   0.079     0.079    u_ibufds/I
    HPIOBDIFFINBUF_X0Y11 DIFFINBUF (Prop_DIFFINBUF_HPIOBDIFFINBUF_DIFF_IN_P_O)
                                                      0.301     0.380 r  u_ibufds/DIFFINBUF_INST/O
                         net (fo=1, routed)           0.040     0.420    u_ibufds/OUT
    AL8                  IBUFCTRL (Prop_IBUFCTRL_HPIOB_M_I_O)
                                                      0.000     0.420 r  u_ibufds/IBUFCTRL_INST/O
                         net (fo=1, routed)           0.156     0.576    sys_clk_ibuf
    BUFGCE_X0Y12         BUFGCE (Prop_BUFCE_BUFGCE_I_O)
                                                      0.017     0.593 r  sys_clk_ibuf_BUFG_inst/O
                         net (fo=1, routed)           0.918     1.511    sys_clk_ibuf_BUFGCE
    MMCM_X0Y3            MMCME4_ADV (Prop_MMCM_CLKIN1_CLKOUT0)
                                                      0.230     1.741 r  u_mmcm/CLKOUT0
                         net (fo=1, routed)           0.146     1.887    clk_mmcm_out
    BUFGCE_X0Y95         BUFGCE (Prop_BUFCE_BUFGCE_I_O)
                                                      0.017     1.904 r  u_bufg/O
    X2Y1 (CLOCK_ROOT)    net (fo=7704, routed)        1.184     3.088    clk_50m
    SLICE_X76Y94         FDCE                                         r  rst_sync_reg[1]/C
  -------------------------------------------------------------------    -------------------
    SLICE_X76Y94         FDCE (Prop_EFF2_SLICEM_C_Q)
                                                      0.039     3.127 r  rst_sync_reg[1]/Q
                         net (fo=1, routed)           0.704     3.831    rst_n_bufg_place
    BUFGCE_X0Y50         BUFGCE (Prop_BUFCE_BUFGCE_I_O)
                                                      0.017     3.848 r  rst_sync_reg[1]_bufg_place/O
                         net (fo=1269, routed)        0.612     4.459    u_soc/u_input_fifo/rd_ptr_reg[3]_rep__0_0
    SLICE_X84Y142        FDCE                                         f  u_soc/u_input_fifo/rd_ptr_reg[0]_rep__10/CLR  (IS_INVERTED)
  -------------------------------------------------------------------    -------------------

                         (clock clk_mmcm_out rise edge)
                                                      0.000     0.000 r  
    AL8                                               0.000     0.000 r  sys_clk_p (IN)
                         net (fo=0)                   0.100     0.100    u_ibufds/I
    HPIOBDIFFINBUF_X0Y11 DIFFINBUF (Prop_DIFFINBUF_HPIOBDIFFINBUF_DIFF_IN_P_O)
                                                      0.405     0.505 r  u_ibufds/DIFFINBUF_INST/O
                         net (fo=1, routed)           0.050     0.555    u_ibufds/OUT
    AL8                  IBUFCTRL (Prop_IBUFCTRL_HPIOB_M_I_O)
                                                      0.000     0.555 r  u_ibufds/IBUFCTRL_INST/O
                         net (fo=1, routed)           0.197     0.752    sys_clk_ibuf
    BUFGCE_X0Y12         BUFGCE (Prop_BUFCE_BUFGCE_I_O)
                                                      0.019     0.771 r  sys_clk_ibuf_BUFG_inst/O
                         net (fo=1, routed)           1.032     1.803    sys_clk_ibuf_BUFGCE
    MMCM_X0Y3            MMCME4_ADV (Prop_MMCM_CLKIN1_CLKOUT0)
                                                     -0.295     1.508 r  u_mmcm/CLKOUT0
                         net (fo=1, routed)           0.166     1.674    clk_mmcm_out
    BUFGCE_X0Y95         BUFGCE (Prop_BUFCE_BUFGCE_I_O)
                                                      0.019     1.693 r  u_bufg/O
    X2Y1 (CLOCK_ROOT)    net (fo=7704, routed)        1.438     3.132    u_soc/u_input_fifo/clk_50m
    SLICE_X84Y142        FDCE                                         r  u_soc/u_input_fifo/rd_ptr_reg[0]_rep__10/C
                         clock pessimism              0.134     3.266    
    SLICE_X84Y142        FDCE (Remov_HFF_SLICEL_C_CLR)
                                                     -0.020     3.246    u_soc/u_input_fifo/rd_ptr_reg[0]_rep__10
  -------------------------------------------------------------------
                         required time                         -3.246    
                         arrival time                           4.459    
  -------------------------------------------------------------------
                         slack                                  1.213    

Slack (MET) :             1.213ns  (arrival time - required time)
  Source:                 rst_sync_reg[1]/C
                            (rising edge-triggered cell FDCE clocked by clk_mmcm_out  {rise@0.000ns fall@9.999ns period=19.998ns})
  Destination:            u_soc/u_input_fifo/rd_ptr_reg[0]_rep__11/CLR
                            (removal check against rising-edge clock clk_mmcm_out  {rise@0.000ns fall@9.999ns period=19.998ns})
  Path Group:             **async_default**
  Path Type:              Removal (Min at Fast Process Corner)
  Requirement:            0.000ns  (clk_mmcm_out rise@0.000ns - clk_mmcm_out rise@0.000ns)
  Data Path Delay:        1.372ns  (logic 0.056ns (4.083%)  route 1.316ns (95.917%))
  Logic Levels:           1  (BUFGCE=1)
  Clock Path Skew:        0.178ns (DCD - SCD - CPR)
    Destination Clock Delay (DCD):    3.132ns
    Source Clock Delay      (SCD):    3.088ns
    Clock Pessimism Removal (CPR):    -0.134ns
  Clock Net Delay (Source):      1.184ns (routing 0.651ns, distribution 0.533ns)
  Clock Net Delay (Destination): 1.438ns (routing 0.727ns, distribution 0.711ns)

    Location             Delay type                Incr(ns)  Path(ns)    Netlist Resource(s)
  -------------------------------------------------------------------    -------------------
                         (clock clk_mmcm_out rise edge)
                                                      0.000     0.000 r  
    AL8                                               0.000     0.000 r  sys_clk_p (IN)
                         net (fo=0)                   0.079     0.079    u_ibufds/I
    HPIOBDIFFINBUF_X0Y11 DIFFINBUF (Prop_DIFFINBUF_HPIOBDIFFINBUF_DIFF_IN_P_O)
                                                      0.301     0.380 r  u_ibufds/DIFFINBUF_INST/O
                         net (fo=1, routed)           0.040     0.420    u_ibufds/OUT
    AL8                  IBUFCTRL (Prop_IBUFCTRL_HPIOB_M_I_O)
                                                      0.000     0.420 r  u_ibufds/IBUFCTRL_INST/O
                         net (fo=1, routed)           0.156     0.576    sys_clk_ibuf
    BUFGCE_X0Y12         BUFGCE (Prop_BUFCE_BUFGCE_I_O)
                                                      0.017     0.593 r  sys_clk_ibuf_BUFG_inst/O
                         net (fo=1, routed)           0.918     1.511    sys_clk_ibuf_BUFGCE
    MMCM_X0Y3            MMCME4_ADV (Prop_MMCM_CLKIN1_CLKOUT0)
                                                      0.230     1.741 r  u_mmcm/CLKOUT0
                         net (fo=1, routed)           0.146     1.887    clk_mmcm_out
    BUFGCE_X0Y95         BUFGCE (Prop_BUFCE_BUFGCE_I_O)
                                                      0.017     1.904 r  u_bufg/O
    X2Y1 (CLOCK_ROOT)    net (fo=7704, routed)        1.184     3.088    clk_50m
    SLICE_X76Y94         FDCE                                         r  rst_sync_reg[1]/C
  -------------------------------------------------------------------    -------------------
    SLICE_X76Y94         FDCE (Prop_EFF2_SLICEM_C_Q)
                                                      0.039     3.127 r  rst_sync_reg[1]/Q
                         net (fo=1, routed)           0.704     3.831    rst_n_bufg_place
    BUFGCE_X0Y50         BUFGCE (Prop_BUFCE_BUFGCE_I_O)
                                                      0.017     3.848 r  rst_sync_reg[1]_bufg_place/O
                         net (fo=1269, routed)        0.612     4.459    u_soc/u_input_fifo/rd_ptr_reg[3]_rep__0_0
    SLICE_X84Y142        FDCE                                         f  u_soc/u_input_fifo/rd_ptr_reg[0]_rep__11/CLR  (IS_INVERTED)
  -------------------------------------------------------------------    -------------------

                         (clock clk_mmcm_out rise edge)
                                                      0.000     0.000 r  
    AL8                                               0.000     0.000 r  sys_clk_p (IN)
                         net (fo=0)                   0.100     0.100    u_ibufds/I
    HPIOBDIFFINBUF_X0Y11 DIFFINBUF (Prop_DIFFINBUF_HPIOBDIFFINBUF_DIFF_IN_P_O)
                                                      0.405     0.505 r  u_ibufds/DIFFINBUF_INST/O
                         net (fo=1, routed)           0.050     0.555    u_ibufds/OUT
    AL8                  IBUFCTRL (Prop_IBUFCTRL_HPIOB_M_I_O)
                                                      0.000     0.555 r  u_ibufds/IBUFCTRL_INST/O
                         net (fo=1, routed)           0.197     0.752    sys_clk_ibuf
    BUFGCE_X0Y12         BUFGCE (Prop_BUFCE_BUFGCE_I_O)
                                                      0.019     0.771 r  sys_clk_ibuf_BUFG_inst/O
                         net (fo=1, routed)           1.032     1.803    sys_clk_ibuf_BUFGCE
    MMCM_X0Y3            MMCME4_ADV (Prop_MMCM_CLKIN1_CLKOUT0)
                                                     -0.295     1.508 r  u_mmcm/CLKOUT0
                         net (fo=1, routed)           0.166     1.674    clk_mmcm_out
    BUFGCE_X0Y95         BUFGCE (Prop_BUFCE_BUFGCE_I_O)
                                                      0.019     1.693 r  u_bufg/O
    X2Y1 (CLOCK_ROOT)    net (fo=7704, routed)        1.438     3.132    u_soc/u_input_fifo/clk_50m
    SLICE_X84Y142        FDCE                                         r  u_soc/u_input_fifo/rd_ptr_reg[0]_rep__11/C
                         clock pessimism              0.134     3.266    
    SLICE_X84Y142        FDCE (Remov_GFF_SLICEL_C_CLR)
                                                     -0.020     3.246    u_soc/u_input_fifo/rd_ptr_reg[0]_rep__11
  -------------------------------------------------------------------
                         required time                         -3.246    
                         arrival time                           4.459    
  -------------------------------------------------------------------
                         slack                                  1.213    

Slack (MET) :             1.213ns  (arrival time - required time)
  Source:                 rst_sync_reg[1]/C
                            (rising edge-triggered cell FDCE clocked by clk_mmcm_out  {rise@0.000ns fall@9.999ns period=19.998ns})
  Destination:            u_soc/u_input_fifo/rd_ptr_reg[1]_rep__11/CLR
                            (removal check against rising-edge clock clk_mmcm_out  {rise@0.000ns fall@9.999ns period=19.998ns})
  Path Group:             **async_default**
  Path Type:              Removal (Min at Fast Process Corner)
  Requirement:            0.000ns  (clk_mmcm_out rise@0.000ns - clk_mmcm_out rise@0.000ns)
  Data Path Delay:        1.372ns  (logic 0.056ns (4.083%)  route 1.316ns (95.917%))
  Logic Levels:           1  (BUFGCE=1)
  Clock Path Skew:        0.178ns (DCD - SCD - CPR)
    Destination Clock Delay (DCD):    3.132ns
    Source Clock Delay      (SCD):    3.088ns
    Clock Pessimism Removal (CPR):    -0.134ns
  Clock Net Delay (Source):      1.184ns (routing 0.651ns, distribution 0.533ns)
  Clock Net Delay (Destination): 1.438ns (routing 0.727ns, distribution 0.711ns)

    Location             Delay type                Incr(ns)  Path(ns)    Netlist Resource(s)
  -------------------------------------------------------------------    -------------------
                         (clock clk_mmcm_out rise edge)
                                                      0.000     0.000 r  
    AL8                                               0.000     0.000 r  sys_clk_p (IN)
                         net (fo=0)                   0.079     0.079    u_ibufds/I
    HPIOBDIFFINBUF_X0Y11 DIFFINBUF (Prop_DIFFINBUF_HPIOBDIFFINBUF_DIFF_IN_P_O)
                                                      0.301     0.380 r  u_ibufds/DIFFINBUF_INST/O
                         net (fo=1, routed)           0.040     0.420    u_ibufds/OUT
    AL8                  IBUFCTRL (Prop_IBUFCTRL_HPIOB_M_I_O)
                                                      0.000     0.420 r  u_ibufds/IBUFCTRL_INST/O
                         net (fo=1, routed)           0.156     0.576    sys_clk_ibuf
    BUFGCE_X0Y12         BUFGCE (Prop_BUFCE_BUFGCE_I_O)
                                                      0.017     0.593 r  sys_clk_ibuf_BUFG_inst/O
                         net (fo=1, routed)           0.918     1.511    sys_clk_ibuf_BUFGCE
    MMCM_X0Y3            MMCME4_ADV (Prop_MMCM_CLKIN1_CLKOUT0)
                                                      0.230     1.741 r  u_mmcm/CLKOUT0
                         net (fo=1, routed)           0.146     1.887    clk_mmcm_out
    BUFGCE_X0Y95         BUFGCE (Prop_BUFCE_BUFGCE_I_O)
                                                      0.017     1.904 r  u_bufg/O
    X2Y1 (CLOCK_ROOT)    net (fo=7704, routed)        1.184     3.088    clk_50m
    SLICE_X76Y94         FDCE                                         r  rst_sync_reg[1]/C
  -------------------------------------------------------------------    -------------------
    SLICE_X76Y94         FDCE (Prop_EFF2_SLICEM_C_Q)
                                                      0.039     3.127 r  rst_sync_reg[1]/Q
                         net (fo=1, routed)           0.704     3.831    rst_n_bufg_place
    BUFGCE_X0Y50         BUFGCE (Prop_BUFCE_BUFGCE_I_O)
                                                      0.017     3.848 r  rst_sync_reg[1]_bufg_place/O
                         net (fo=1269, routed)        0.612     4.459    u_soc/u_input_fifo/rd_ptr_reg[3]_rep__0_0
    SLICE_X84Y142        FDCE                                         f  u_soc/u_input_fifo/rd_ptr_reg[1]_rep__11/CLR  (IS_INVERTED)
  -------------------------------------------------------------------    -------------------

                         (clock clk_mmcm_out rise edge)
                                                      0.000     0.000 r  
    AL8                                               0.000     0.000 r  sys_clk_p (IN)
                         net (fo=0)                   0.100     0.100    u_ibufds/I
    HPIOBDIFFINBUF_X0Y11 DIFFINBUF (Prop_DIFFINBUF_HPIOBDIFFINBUF_DIFF_IN_P_O)
                                                      0.405     0.505 r  u_ibufds/DIFFINBUF_INST/O
                         net (fo=1, routed)           0.050     0.555    u_ibufds/OUT
    AL8                  IBUFCTRL (Prop_IBUFCTRL_HPIOB_M_I_O)
                                                      0.000     0.555 r  u_ibufds/IBUFCTRL_INST/O
                         net (fo=1, routed)           0.197     0.752    sys_clk_ibuf
    BUFGCE_X0Y12         BUFGCE (Prop_BUFCE_BUFGCE_I_O)
                                                      0.019     0.771 r  sys_clk_ibuf_BUFG_inst/O
                         net (fo=1, routed)           1.032     1.803    sys_clk_ibuf_BUFGCE
    MMCM_X0Y3            MMCME4_ADV (Prop_MMCM_CLKIN1_CLKOUT0)
                                                     -0.295     1.508 r  u_mmcm/CLKOUT0
                         net (fo=1, routed)           0.166     1.674    clk_mmcm_out
    BUFGCE_X0Y95         BUFGCE (Prop_BUFCE_BUFGCE_I_O)
                                                      0.019     1.693 r  u_bufg/O
    X2Y1 (CLOCK_ROOT)    net (fo=7704, routed)        1.438     3.132    u_soc/u_input_fifo/clk_50m
    SLICE_X84Y142        FDCE                                         r  u_soc/u_input_fifo/rd_ptr_reg[1]_rep__11/C
                         clock pessimism              0.134     3.266    
    SLICE_X84Y142        FDCE (Remov_FFF_SLICEL_C_CLR)
                                                     -0.020     3.246    u_soc/u_input_fifo/rd_ptr_reg[1]_rep__11
  -------------------------------------------------------------------
                         required time                         -3.246    
                         arrival time                           4.459    
  -------------------------------------------------------------------
                         slack                                  1.213    

Slack (MET) :             1.213ns  (arrival time - required time)
  Source:                 rst_sync_reg[1]/C
                            (rising edge-triggered cell FDCE clocked by clk_mmcm_out  {rise@0.000ns fall@9.999ns period=19.998ns})
  Destination:            u_soc/u_input_fifo/rd_ptr_reg[1]_rep__16/CLR
                            (removal check against rising-edge clock clk_mmcm_out  {rise@0.000ns fall@9.999ns period=19.998ns})
  Path Group:             **async_default**
  Path Type:              Removal (Min at Fast Process Corner)
  Requirement:            0.000ns  (clk_mmcm_out rise@0.000ns - clk_mmcm_out rise@0.000ns)
  Data Path Delay:        1.372ns  (logic 0.056ns (4.083%)  route 1.316ns (95.917%))
  Logic Levels:           1  (BUFGCE=1)
  Clock Path Skew:        0.178ns (DCD - SCD - CPR)
    Destination Clock Delay (DCD):    3.132ns
    Source Clock Delay      (SCD):    3.088ns
    Clock Pessimism Removal (CPR):    -0.134ns
  Clock Net Delay (Source):      1.184ns (routing 0.651ns, distribution 0.533ns)
  Clock Net Delay (Destination): 1.438ns (routing 0.727ns, distribution 0.711ns)

    Location             Delay type                Incr(ns)  Path(ns)    Netlist Resource(s)
  -------------------------------------------------------------------    -------------------
                         (clock clk_mmcm_out rise edge)
                                                      0.000     0.000 r  
    AL8                                               0.000     0.000 r  sys_clk_p (IN)
                         net (fo=0)                   0.079     0.079    u_ibufds/I
    HPIOBDIFFINBUF_X0Y11 DIFFINBUF (Prop_DIFFINBUF_HPIOBDIFFINBUF_DIFF_IN_P_O)
                                                      0.301     0.380 r  u_ibufds/DIFFINBUF_INST/O
                         net (fo=1, routed)           0.040     0.420    u_ibufds/OUT
    AL8                  IBUFCTRL (Prop_IBUFCTRL_HPIOB_M_I_O)
                                                      0.000     0.420 r  u_ibufds/IBUFCTRL_INST/O
                         net (fo=1, routed)           0.156     0.576    sys_clk_ibuf
    BUFGCE_X0Y12         BUFGCE (Prop_BUFCE_BUFGCE_I_O)
                                                      0.017     0.593 r  sys_clk_ibuf_BUFG_inst/O
                         net (fo=1, routed)           0.918     1.511    sys_clk_ibuf_BUFGCE
    MMCM_X0Y3            MMCME4_ADV (Prop_MMCM_CLKIN1_CLKOUT0)
                                                      0.230     1.741 r  u_mmcm/CLKOUT0
                         net (fo=1, routed)           0.146     1.887    clk_mmcm_out
    BUFGCE_X0Y95         BUFGCE (Prop_BUFCE_BUFGCE_I_O)
                                                      0.017     1.904 r  u_bufg/O
    X2Y1 (CLOCK_ROOT)    net (fo=7704, routed)        1.184     3.088    clk_50m
    SLICE_X76Y94         FDCE                                         r  rst_sync_reg[1]/C
  -------------------------------------------------------------------    -------------------
    SLICE_X76Y94         FDCE (Prop_EFF2_SLICEM_C_Q)
                                                      0.039     3.127 r  rst_sync_reg[1]/Q
                         net (fo=1, routed)           0.704     3.831    rst_n_bufg_place
    BUFGCE_X0Y50         BUFGCE (Prop_BUFCE_BUFGCE_I_O)
                                                      0.017     3.848 r  rst_sync_reg[1]_bufg_place/O
                         net (fo=1269, routed)        0.612     4.459    u_soc/u_input_fifo/rd_ptr_reg[3]_rep__0_0
    SLICE_X84Y142        FDCE                                         f  u_soc/u_input_fifo/rd_ptr_reg[1]_rep__16/CLR  (IS_INVERTED)
  -------------------------------------------------------------------    -------------------

                         (clock clk_mmcm_out rise edge)
                                                      0.000     0.000 r  
    AL8                                               0.000     0.000 r  sys_clk_p (IN)
                         net (fo=0)                   0.100     0.100    u_ibufds/I
    HPIOBDIFFINBUF_X0Y11 DIFFINBUF (Prop_DIFFINBUF_HPIOBDIFFINBUF_DIFF_IN_P_O)
                                                      0.405     0.505 r  u_ibufds/DIFFINBUF_INST/O
                         net (fo=1, routed)           0.050     0.555    u_ibufds/OUT
    AL8                  IBUFCTRL (Prop_IBUFCTRL_HPIOB_M_I_O)
                                                      0.000     0.555 r  u_ibufds/IBUFCTRL_INST/O
                         net (fo=1, routed)           0.197     0.752    sys_clk_ibuf
    BUFGCE_X0Y12         BUFGCE (Prop_BUFCE_BUFGCE_I_O)
                                                      0.019     0.771 r  sys_clk_ibuf_BUFG_inst/O
                         net (fo=1, routed)           1.032     1.803    sys_clk_ibuf_BUFGCE
    MMCM_X0Y3            MMCME4_ADV (Prop_MMCM_CLKIN1_CLKOUT0)
                                                     -0.295     1.508 r  u_mmcm/CLKOUT0
                         net (fo=1, routed)           0.166     1.674    clk_mmcm_out
    BUFGCE_X0Y95         BUFGCE (Prop_BUFCE_BUFGCE_I_O)
                                                      0.019     1.693 r  u_bufg/O
    X2Y1 (CLOCK_ROOT)    net (fo=7704, routed)        1.438     3.132    u_soc/u_input_fifo/clk_50m
    SLICE_X84Y142        FDCE                                         r  u_soc/u_input_fifo/rd_ptr_reg[1]_rep__16/C
                         clock pessimism              0.134     3.266    
    SLICE_X84Y142        FDCE (Remov_EFF_SLICEL_C_CLR)
                                                     -0.020     3.246    u_soc/u_input_fifo/rd_ptr_reg[1]_rep__16
  -------------------------------------------------------------------
                         required time                         -3.246    
                         arrival time                           4.459    
  -------------------------------------------------------------------
                         slack                                  1.213    

Slack (MET) :             1.214ns  (arrival time - required time)
  Source:                 rst_sync_reg[1]/C
                            (rising edge-triggered cell FDCE clocked by clk_mmcm_out  {rise@0.000ns fall@9.999ns period=19.998ns})
  Destination:            u_soc/u_input_fifo/rd_ptr_reg[0]_rep__17/CLR
                            (removal check against rising-edge clock clk_mmcm_out  {rise@0.000ns fall@9.999ns period=19.998ns})
  Path Group:             **async_default**
  Path Type:              Removal (Min at Fast Process Corner)
  Requirement:            0.000ns  (clk_mmcm_out rise@0.000ns - clk_mmcm_out rise@0.000ns)
  Data Path Delay:        1.373ns  (logic 0.056ns (4.079%)  route 1.317ns (95.921%))
  Logic Levels:           1  (BUFGCE=1)
  Clock Path Skew:        0.179ns (DCD - SCD - CPR)
    Destination Clock Delay (DCD):    3.133ns
    Source Clock Delay      (SCD):    3.088ns
    Clock Pessimism Removal (CPR):    -0.134ns
  Clock Net Delay (Source):      1.184ns (routing 0.651ns, distribution 0.533ns)
  Clock Net Delay (Destination): 1.439ns (routing 0.727ns, distribution 0.712ns)

    Location             Delay type                Incr(ns)  Path(ns)    Netlist Resource(s)
  -------------------------------------------------------------------    -------------------
                         (clock clk_mmcm_out rise edge)
                                                      0.000     0.000 r  
    AL8                                               0.000     0.000 r  sys_clk_p (IN)
                         net (fo=0)                   0.079     0.079    u_ibufds/I
    HPIOBDIFFINBUF_X0Y11 DIFFINBUF (Prop_DIFFINBUF_HPIOBDIFFINBUF_DIFF_IN_P_O)
                                                      0.301     0.380 r  u_ibufds/DIFFINBUF_INST/O
                         net (fo=1, routed)           0.040     0.420    u_ibufds/OUT
    AL8                  IBUFCTRL (Prop_IBUFCTRL_HPIOB_M_I_O)
                                                      0.000     0.420 r  u_ibufds/IBUFCTRL_INST/O
                         net (fo=1, routed)           0.156     0.576    sys_clk_ibuf
    BUFGCE_X0Y12         BUFGCE (Prop_BUFCE_BUFGCE_I_O)
                                                      0.017     0.593 r  sys_clk_ibuf_BUFG_inst/O
                         net (fo=1, routed)           0.918     1.511    sys_clk_ibuf_BUFGCE
    MMCM_X0Y3            MMCME4_ADV (Prop_MMCM_CLKIN1_CLKOUT0)
                                                      0.230     1.741 r  u_mmcm/CLKOUT0
                         net (fo=1, routed)           0.146     1.887    clk_mmcm_out
    BUFGCE_X0Y95         BUFGCE (Prop_BUFCE_BUFGCE_I_O)
                                                      0.017     1.904 r  u_bufg/O
    X2Y1 (CLOCK_ROOT)    net (fo=7704, routed)        1.184     3.088    clk_50m
    SLICE_X76Y94         FDCE                                         r  rst_sync_reg[1]/C
  -------------------------------------------------------------------    -------------------
    SLICE_X76Y94         FDCE (Prop_EFF2_SLICEM_C_Q)
                                                      0.039     3.127 r  rst_sync_reg[1]/Q
                         net (fo=1, routed)           0.704     3.831    rst_n_bufg_place
    BUFGCE_X0Y50         BUFGCE (Prop_BUFCE_BUFGCE_I_O)
                                                      0.017     3.848 r  rst_sync_reg[1]_bufg_place/O
                         net (fo=1269, routed)        0.613     4.461    u_soc/u_input_fifo/rd_ptr_reg[3]_rep__0_0
    SLICE_X84Y131        FDCE                                         f  u_soc/u_input_fifo/rd_ptr_reg[0]_rep__17/CLR  (IS_INVERTED)
  -------------------------------------------------------------------    -------------------

                         (clock clk_mmcm_out rise edge)
                                                      0.000     0.000 r  
    AL8                                               0.000     0.000 r  sys_clk_p (IN)
                         net (fo=0)                   0.100     0.100    u_ibufds/I
    HPIOBDIFFINBUF_X0Y11 DIFFINBUF (Prop_DIFFINBUF_HPIOBDIFFINBUF_DIFF_IN_P_O)
                                                      0.405     0.505 r  u_ibufds/DIFFINBUF_INST/O
                         net (fo=1, routed)           0.050     0.555    u_ibufds/OUT
    AL8                  IBUFCTRL (Prop_IBUFCTRL_HPIOB_M_I_O)
                                                      0.000     0.555 r  u_ibufds/IBUFCTRL_INST/O
                         net (fo=1, routed)           0.197     0.752    sys_clk_ibuf
    BUFGCE_X0Y12         BUFGCE (Prop_BUFCE_BUFGCE_I_O)
                                                      0.019     0.771 r  sys_clk_ibuf_BUFG_inst/O
                         net (fo=1, routed)           1.032     1.803    sys_clk_ibuf_BUFGCE
    MMCM_X0Y3            MMCME4_ADV (Prop_MMCM_CLKIN1_CLKOUT0)
                                                     -0.295     1.508 r  u_mmcm/CLKOUT0
                         net (fo=1, routed)           0.166     1.674    clk_mmcm_out
    BUFGCE_X0Y95         BUFGCE (Prop_BUFCE_BUFGCE_I_O)
                                                      0.019     1.693 r  u_bufg/O
    X2Y1 (CLOCK_ROOT)    net (fo=7704, routed)        1.439     3.133    u_soc/u_input_fifo/clk_50m
    SLICE_X84Y131        FDCE                                         r  u_soc/u_input_fifo/rd_ptr_reg[0]_rep__17/C
                         clock pessimism              0.134     3.267    
    SLICE_X84Y131        FDCE (Remov_DFF_SLICEL_C_CLR)
                                                     -0.020     3.247    u_soc/u_input_fifo/rd_ptr_reg[0]_rep__17
  -------------------------------------------------------------------
                         required time                         -3.247    
                         arrival time                           4.461    
  -------------------------------------------------------------------
                         slack                                  1.214    

Slack (MET) :             1.217ns  (arrival time - required time)
  Source:                 rst_sync_reg[1]/C
                            (rising edge-triggered cell FDCE clocked by clk_mmcm_out  {rise@0.000ns fall@9.999ns period=19.998ns})
  Destination:            u_soc/u_input_fifo/rd_ptr_reg[0]_rep__1/CLR
                            (removal check against rising-edge clock clk_mmcm_out  {rise@0.000ns fall@9.999ns period=19.998ns})
  Path Group:             **async_default**
  Path Type:              Removal (Min at Fast Process Corner)
  Requirement:            0.000ns  (clk_mmcm_out rise@0.000ns - clk_mmcm_out rise@0.000ns)
  Data Path Delay:        1.371ns  (logic 0.056ns (4.086%)  route 1.315ns (95.914%))
  Logic Levels:           1  (BUFGCE=1)
  Clock Path Skew:        0.174ns (DCD - SCD - CPR)
    Destination Clock Delay (DCD):    3.127ns
    Source Clock Delay      (SCD):    3.088ns
    Clock Pessimism Removal (CPR):    -0.134ns
  Clock Net Delay (Source):      1.184ns (routing 0.651ns, distribution 0.533ns)
  Clock Net Delay (Destination): 1.434ns (routing 0.727ns, distribution 0.707ns)

    Location             Delay type                Incr(ns)  Path(ns)    Netlist Resource(s)
  -------------------------------------------------------------------    -------------------
                         (clock clk_mmcm_out rise edge)
                                                      0.000     0.000 r  
    AL8                                               0.000     0.000 r  sys_clk_p (IN)
                         net (fo=0)                   0.079     0.079    u_ibufds/I
    HPIOBDIFFINBUF_X0Y11 DIFFINBUF (Prop_DIFFINBUF_HPIOBDIFFINBUF_DIFF_IN_P_O)
                                                      0.301     0.380 r  u_ibufds/DIFFINBUF_INST/O
                         net (fo=1, routed)           0.040     0.420    u_ibufds/OUT
    AL8                  IBUFCTRL (Prop_IBUFCTRL_HPIOB_M_I_O)
                                                      0.000     0.420 r  u_ibufds/IBUFCTRL_INST/O
                         net (fo=1, routed)           0.156     0.576    sys_clk_ibuf
    BUFGCE_X0Y12         BUFGCE (Prop_BUFCE_BUFGCE_I_O)
                                                      0.017     0.593 r  sys_clk_ibuf_BUFG_inst/O
                         net (fo=1, routed)           0.918     1.511    sys_clk_ibuf_BUFGCE
    MMCM_X0Y3            MMCME4_ADV (Prop_MMCM_CLKIN1_CLKOUT0)
                                                      0.230     1.741 r  u_mmcm/CLKOUT0
                         net (fo=1, routed)           0.146     1.887    clk_mmcm_out
    BUFGCE_X0Y95         BUFGCE (Prop_BUFCE_BUFGCE_I_O)
                                                      0.017     1.904 r  u_bufg/O
    X2Y1 (CLOCK_ROOT)    net (fo=7704, routed)        1.184     3.088    clk_50m
    SLICE_X76Y94         FDCE                                         r  rst_sync_reg[1]/C
  -------------------------------------------------------------------    -------------------
    SLICE_X76Y94         FDCE (Prop_EFF2_SLICEM_C_Q)
                                                      0.039     3.127 r  rst_sync_reg[1]/Q
                         net (fo=1, routed)           0.704     3.831    rst_n_bufg_place
    BUFGCE_X0Y50         BUFGCE (Prop_BUFCE_BUFGCE_I_O)
                                                      0.017     3.848 r  rst_sync_reg[1]_bufg_place/O
                         net (fo=1269, routed)        0.611     4.458    u_soc/u_input_fifo/rd_ptr_reg[3]_rep__0_0
    SLICE_X83Y156        FDCE                                         f  u_soc/u_input_fifo/rd_ptr_reg[0]_rep__1/CLR  (IS_INVERTED)
  -------------------------------------------------------------------    -------------------

                         (clock clk_mmcm_out rise edge)
                                                      0.000     0.000 r  
    AL8                                               0.000     0.000 r  sys_clk_p (IN)
                         net (fo=0)                   0.100     0.100    u_ibufds/I
    HPIOBDIFFINBUF_X0Y11 DIFFINBUF (Prop_DIFFINBUF_HPIOBDIFFINBUF_DIFF_IN_P_O)
                                                      0.405     0.505 r  u_ibufds/DIFFINBUF_INST/O
                         net (fo=1, routed)           0.050     0.555    u_ibufds/OUT
    AL8                  IBUFCTRL (Prop_IBUFCTRL_HPIOB_M_I_O)
                                                      0.000     0.555 r  u_ibufds/IBUFCTRL_INST/O
                         net (fo=1, routed)           0.197     0.752    sys_clk_ibuf
    BUFGCE_X0Y12         BUFGCE (Prop_BUFCE_BUFGCE_I_O)
                                                      0.019     0.771 r  sys_clk_ibuf_BUFG_inst/O
                         net (fo=1, routed)           1.032     1.803    sys_clk_ibuf_BUFGCE
    MMCM_X0Y3            MMCME4_ADV (Prop_MMCM_CLKIN1_CLKOUT0)
                                                     -0.295     1.508 r  u_mmcm/CLKOUT0
                         net (fo=1, routed)           0.166     1.674    clk_mmcm_out
    BUFGCE_X0Y95         BUFGCE (Prop_BUFCE_BUFGCE_I_O)
                                                      0.019     1.693 r  u_bufg/O
    X2Y1 (CLOCK_ROOT)    net (fo=7704, routed)        1.434     3.127    u_soc/u_input_fifo/clk_50m
    SLICE_X83Y156        FDCE                                         r  u_soc/u_input_fifo/rd_ptr_reg[0]_rep__1/C
                         clock pessimism              0.134     3.261    
    SLICE_X83Y156        FDCE (Remov_HFF_SLICEL_C_CLR)
                                                     -0.020     3.241    u_soc/u_input_fifo/rd_ptr_reg[0]_rep__1
  -------------------------------------------------------------------
                         required time                         -3.241    
                         arrival time                           4.458    
  -------------------------------------------------------------------
                         slack                                  1.217    

Slack (MET) :             1.217ns  (arrival time - required time)
  Source:                 rst_sync_reg[1]/C
                            (rising edge-triggered cell FDCE clocked by clk_mmcm_out  {rise@0.000ns fall@9.999ns period=19.998ns})
  Destination:            u_soc/u_input_fifo/rd_ptr_reg[0]_rep__2/CLR
                            (removal check against rising-edge clock clk_mmcm_out  {rise@0.000ns fall@9.999ns period=19.998ns})
  Path Group:             **async_default**
  Path Type:              Removal (Min at Fast Process Corner)
  Requirement:            0.000ns  (clk_mmcm_out rise@0.000ns - clk_mmcm_out rise@0.000ns)
  Data Path Delay:        1.371ns  (logic 0.056ns (4.086%)  route 1.315ns (95.914%))
  Logic Levels:           1  (BUFGCE=1)
  Clock Path Skew:        0.174ns (DCD - SCD - CPR)
    Destination Clock Delay (DCD):    3.127ns
    Source Clock Delay      (SCD):    3.088ns
    Clock Pessimism Removal (CPR):    -0.134ns
  Clock Net Delay (Source):      1.184ns (routing 0.651ns, distribution 0.533ns)
  Clock Net Delay (Destination): 1.434ns (routing 0.727ns, distribution 0.707ns)

    Location             Delay type                Incr(ns)  Path(ns)    Netlist Resource(s)
  -------------------------------------------------------------------    -------------------
                         (clock clk_mmcm_out rise edge)
                                                      0.000     0.000 r  
    AL8                                               0.000     0.000 r  sys_clk_p (IN)
                         net (fo=0)                   0.079     0.079    u_ibufds/I
    HPIOBDIFFINBUF_X0Y11 DIFFINBUF (Prop_DIFFINBUF_HPIOBDIFFINBUF_DIFF_IN_P_O)
                                                      0.301     0.380 r  u_ibufds/DIFFINBUF_INST/O
                         net (fo=1, routed)           0.040     0.420    u_ibufds/OUT
    AL8                  IBUFCTRL (Prop_IBUFCTRL_HPIOB_M_I_O)
                                                      0.000     0.420 r  u_ibufds/IBUFCTRL_INST/O
                         net (fo=1, routed)           0.156     0.576    sys_clk_ibuf
    BUFGCE_X0Y12         BUFGCE (Prop_BUFCE_BUFGCE_I_O)
                                                      0.017     0.593 r  sys_clk_ibuf_BUFG_inst/O
                         net (fo=1, routed)           0.918     1.511    sys_clk_ibuf_BUFGCE
    MMCM_X0Y3            MMCME4_ADV (Prop_MMCM_CLKIN1_CLKOUT0)
                                                      0.230     1.741 r  u_mmcm/CLKOUT0
                         net (fo=1, routed)           0.146     1.887    clk_mmcm_out
    BUFGCE_X0Y95         BUFGCE (Prop_BUFCE_BUFGCE_I_O)
                                                      0.017     1.904 r  u_bufg/O
    X2Y1 (CLOCK_ROOT)    net (fo=7704, routed)        1.184     3.088    clk_50m
    SLICE_X76Y94         FDCE                                         r  rst_sync_reg[1]/C
  -------------------------------------------------------------------    -------------------
    SLICE_X76Y94         FDCE (Prop_EFF2_SLICEM_C_Q)
                                                      0.039     3.127 r  rst_sync_reg[1]/Q
                         net (fo=1, routed)           0.704     3.831    rst_n_bufg_place
    BUFGCE_X0Y50         BUFGCE (Prop_BUFCE_BUFGCE_I_O)
                                                      0.017     3.848 r  rst_sync_reg[1]_bufg_place/O
                         net (fo=1269, routed)        0.611     4.458    u_soc/u_input_fifo/rd_ptr_reg[3]_rep__0_0
    SLICE_X83Y156        FDCE                                         f  u_soc/u_input_fifo/rd_ptr_reg[0]_rep__2/CLR  (IS_INVERTED)
  -------------------------------------------------------------------    -------------------

                         (clock clk_mmcm_out rise edge)
                                                      0.000     0.000 r  
    AL8                                               0.000     0.000 r  sys_clk_p (IN)
                         net (fo=0)                   0.100     0.100    u_ibufds/I
    HPIOBDIFFINBUF_X0Y11 DIFFINBUF (Prop_DIFFINBUF_HPIOBDIFFINBUF_DIFF_IN_P_O)
                                                      0.405     0.505 r  u_ibufds/DIFFINBUF_INST/O
                         net (fo=1, routed)           0.050     0.555    u_ibufds/OUT
    AL8                  IBUFCTRL (Prop_IBUFCTRL_HPIOB_M_I_O)
                                                      0.000     0.555 r  u_ibufds/IBUFCTRL_INST/O
                         net (fo=1, routed)           0.197     0.752    sys_clk_ibuf
    BUFGCE_X0Y12         BUFGCE (Prop_BUFCE_BUFGCE_I_O)
                                                      0.019     0.771 r  sys_clk_ibuf_BUFG_inst/O
                         net (fo=1, routed)           1.032     1.803    sys_clk_ibuf_BUFGCE
    MMCM_X0Y3            MMCME4_ADV (Prop_MMCM_CLKIN1_CLKOUT0)
                                                     -0.295     1.508 r  u_mmcm/CLKOUT0
                         net (fo=1, routed)           0.166     1.674    clk_mmcm_out
    BUFGCE_X0Y95         BUFGCE (Prop_BUFCE_BUFGCE_I_O)
                                                      0.019     1.693 r  u_bufg/O
    X2Y1 (CLOCK_ROOT)    net (fo=7704, routed)        1.434     3.127    u_soc/u_input_fifo/clk_50m
    SLICE_X83Y156        FDCE                                         r  u_soc/u_input_fifo/rd_ptr_reg[0]_rep__2/C
                         clock pessimism              0.134     3.261    
    SLICE_X83Y156        FDCE (Remov_GFF_SLICEL_C_CLR)
                                                     -0.020     3.241    u_soc/u_input_fifo/rd_ptr_reg[0]_rep__2
  -------------------------------------------------------------------
                         required time                         -3.241    
                         arrival time                           4.458    
  -------------------------------------------------------------------
                         slack                                  1.217    





--------------------------------------------------------------------------------------
Path Group:  (none)
From Clock:  
  To Clock:  

Max Delay             1 Endpoint
Min Delay             1 Endpoint
--------------------------------------------------------------------------------------


Max Delay Paths
--------------------------------------------------------------------------------------
Slack:                    inf
  Source:                 u_mmcm/LOCKED
                            (internal pin)
  Destination:            led[1]
                            (output port)
  Path Group:             (none)
  Path Type:              Max at Slow Process Corner
  Data Path Delay:        5.097ns  (logic 2.786ns (54.668%)  route 2.311ns (45.332%))
  Logic Levels:           1  (OBUF=1)
  Timing Exception:       False Path

    Location             Delay type                Incr(ns)  Path(ns)    Netlist Resource(s)
  -------------------------------------------------------------------    -------------------
    MMCM_X0Y3            MMCME4_ADV                   0.000     0.000 r  u_mmcm/LOCKED
                         net (fo=2, routed)           2.311     2.311    led_OBUF[1]
    AF13                 OBUF (Prop_OUTBUF_HDIOB_S_I_O)
                                                      2.786     5.097 r  led_OBUF[1]_inst/O
                         net (fo=0)                   0.000     5.097    led[1]
    AF13                                                              r  led[1] (OUT)
  -------------------------------------------------------------------    -------------------





Min Delay Paths
--------------------------------------------------------------------------------------
Slack:                    inf
  Source:                 u_mmcm/LOCKED
                            (internal pin)
  Destination:            led[1]
                            (output port)
  Path Group:             (none)
  Path Type:              Min at Fast Process Corner
  Data Path Delay:        2.596ns  (logic 1.443ns (55.567%)  route 1.154ns (44.433%))
  Logic Levels:           1  (OBUF=1)
  Timing Exception:       False Path

    Location             Delay type                Incr(ns)  Path(ns)    Netlist Resource(s)
  -------------------------------------------------------------------    -------------------
    MMCM_X0Y3            MMCME4_ADV                   0.000     0.000 r  u_mmcm/LOCKED
                         net (fo=2, routed)           1.154     1.154    led_OBUF[1]
    AF13                 OBUF (Prop_OUTBUF_HDIOB_S_I_O)
                                                      1.443     2.596 r  led_OBUF[1]_inst/O
                         net (fo=0)                   0.000     2.596    led[1]
    AF13                                                              r  led[1] (OUT)
  -------------------------------------------------------------------    -------------------





--------------------------------------------------------------------------------------
Path Group:  (none)
From Clock:  clk_mmcm_out
  To Clock:  

Max Delay             3 Endpoints
Min Delay             3 Endpoints
--------------------------------------------------------------------------------------


Max Delay Paths
--------------------------------------------------------------------------------------
Slack:                    inf
  Source:                 bringup_fail_reg/C
                            (rising edge-triggered cell FDCE clocked by clk_mmcm_out  {rise@0.000ns fall@9.999ns period=19.998ns})
  Destination:            led[2]
                            (output port)
  Path Group:             (none)
  Path Type:              Max at Slow Process Corner
  Data Path Delay:        4.559ns  (logic 3.015ns (66.134%)  route 1.544ns (33.866%))
  Logic Levels:           2  (LUT2=1 OBUF=1)
  Clock Uncertainty:      0.141ns  ((TSJ^2 + DJ^2)^1/2) / 2 + PE
    Total System Jitter     (TSJ):    0.050ns
    Discrete Jitter          (DJ):    0.116ns
    Phase Error              (PE):    0.078ns
  Clock Net Delay (Source):      2.177ns (routing 1.189ns, distribution 0.988ns)
  Timing Exception:       False Path

    Location             Delay type                Incr(ns)  Path(ns)    Netlist Resource(s)
  -------------------------------------------------------------------    -------------------
                         (clock clk_mmcm_out rise edge)
                                                      0.000     0.000 r  
    AL8                                               0.000     0.000 r  sys_clk_p (IN)
                         net (fo=0)                   0.100     0.100    u_ibufds/I
    HPIOBDIFFINBUF_X0Y11 DIFFINBUF (Prop_DIFFINBUF_HPIOBDIFFINBUF_DIFF_IN_P_O)
                                                      0.634     0.734 r  u_ibufds/DIFFINBUF_INST/O
                         net (fo=1, routed)           0.050     0.784    u_ibufds/OUT
    AL8                  IBUFCTRL (Prop_IBUFCTRL_HPIOB_M_I_O)
                                                      0.000     0.784 r  u_ibufds/IBUFCTRL_INST/O
                         net (fo=1, routed)           0.332     1.116    sys_clk_ibuf
    BUFGCE_X0Y12         BUFGCE (Prop_BUFCE_BUFGCE_I_O)
                                                      0.028     1.144 r  sys_clk_ibuf_BUFG_inst/O
                         net (fo=1, routed)           1.671     2.815    sys_clk_ibuf_BUFGCE
    MMCM_X0Y3            MMCME4_ADV (Prop_MMCM_CLKIN1_CLKOUT0)
                                                     -0.127     2.688 r  u_mmcm/CLKOUT0
                         net (fo=1, routed)           0.245     2.933    clk_mmcm_out
    BUFGCE_X0Y95         BUFGCE (Prop_BUFCE_BUFGCE_I_O)
                                                      0.028     2.961 r  u_bufg/O
    X2Y1 (CLOCK_ROOT)    net (fo=7704, routed)        2.177     5.138    clk_50m
    SLICE_X76Y109        FDCE                                         r  bringup_fail_reg/C
  -------------------------------------------------------------------    -------------------
    SLICE_X76Y109        FDCE (Prop_HFF2_SLICEM_C_Q)
                                                      0.078     5.216 r  bringup_fail_reg/Q
                         net (fo=1, routed)           0.250     5.466    bringup_fail_reg_n_0
    SLICE_X76Y109        LUT2 (Prop_F6LUT_SLICEM_I1_O)
                                                      0.148     5.614 r  led_OBUF[2]_inst_i_1/O
                         net (fo=1, routed)           1.294     6.908    led_OBUF[2]
    AE13                 OBUF (Prop_OUTBUF_HDIOB_M_I_O)
                                                      2.789     9.698 r  led_OBUF[2]_inst/O
                         net (fo=0)                   0.000     9.698    led[2]
    AE13                                                              r  led[2] (OUT)
  -------------------------------------------------------------------    -------------------

Slack:                    inf
  Source:                 bringup_pass_reg/C
                            (rising edge-triggered cell FDCE clocked by clk_mmcm_out  {rise@0.000ns fall@9.999ns period=19.998ns})
  Destination:            led[3]
                            (output port)
  Path Group:             (none)
  Path Type:              Max at Slow Process Corner
  Data Path Delay:        4.432ns  (logic 2.860ns (64.532%)  route 1.572ns (35.468%))
  Logic Levels:           1  (OBUF=1)
  Clock Uncertainty:      0.141ns  ((TSJ^2 + DJ^2)^1/2) / 2 + PE
    Total System Jitter     (TSJ):    0.050ns
    Discrete Jitter          (DJ):    0.116ns
    Phase Error              (PE):    0.078ns
  Clock Net Delay (Source):      2.177ns (routing 1.189ns, distribution 0.988ns)
  Timing Exception:       False Path

    Location             Delay type                Incr(ns)  Path(ns)    Netlist Resource(s)
  -------------------------------------------------------------------    -------------------
                         (clock clk_mmcm_out rise edge)
                                                      0.000     0.000 r  
    AL8                                               0.000     0.000 r  sys_clk_p (IN)
                         net (fo=0)                   0.100     0.100    u_ibufds/I
    HPIOBDIFFINBUF_X0Y11 DIFFINBUF (Prop_DIFFINBUF_HPIOBDIFFINBUF_DIFF_IN_P_O)
                                                      0.634     0.734 r  u_ibufds/DIFFINBUF_INST/O
                         net (fo=1, routed)           0.050     0.784    u_ibufds/OUT
    AL8                  IBUFCTRL (Prop_IBUFCTRL_HPIOB_M_I_O)
                                                      0.000     0.784 r  u_ibufds/IBUFCTRL_INST/O
                         net (fo=1, routed)           0.332     1.116    sys_clk_ibuf
    BUFGCE_X0Y12         BUFGCE (Prop_BUFCE_BUFGCE_I_O)
                                                      0.028     1.144 r  sys_clk_ibuf_BUFG_inst/O
                         net (fo=1, routed)           1.671     2.815    sys_clk_ibuf_BUFGCE
    MMCM_X0Y3            MMCME4_ADV (Prop_MMCM_CLKIN1_CLKOUT0)
                                                     -0.127     2.688 r  u_mmcm/CLKOUT0
                         net (fo=1, routed)           0.245     2.933    clk_mmcm_out
    BUFGCE_X0Y95         BUFGCE (Prop_BUFCE_BUFGCE_I_O)
                                                      0.028     2.961 r  u_bufg/O
    X2Y1 (CLOCK_ROOT)    net (fo=7704, routed)        2.177     5.138    clk_50m
    SLICE_X76Y109        FDCE                                         r  bringup_pass_reg/C
  -------------------------------------------------------------------    -------------------
    SLICE_X76Y109        FDCE (Prop_GFF2_SLICEM_C_Q)
                                                      0.079     5.217 r  bringup_pass_reg/Q
                         net (fo=1, routed)           1.572     6.789    led_OBUF[3]
    AJ14                 OBUF (Prop_OUTBUF_HDIOB_S_I_O)
                                                      2.781     9.571 r  led_OBUF[3]_inst/O
                         net (fo=0)                   0.000     9.571    led[3]
    AJ14                                                              r  led[3] (OUT)
  -------------------------------------------------------------------    -------------------

Slack:                    inf
  Source:                 heartbeat_cnt_reg[25]/C
                            (rising edge-triggered cell FDCE clocked by clk_mmcm_out  {rise@0.000ns fall@9.999ns period=19.998ns})
  Destination:            led[0]
                            (output port)
  Path Group:             (none)
  Path Type:              Max at Slow Process Corner
  Data Path Delay:        3.538ns  (logic 2.864ns (80.967%)  route 0.673ns (19.033%))
  Logic Levels:           1  (OBUF=1)
  Clock Uncertainty:      0.141ns  ((TSJ^2 + DJ^2)^1/2) / 2 + PE
    Total System Jitter     (TSJ):    0.050ns
    Discrete Jitter          (DJ):    0.116ns
    Phase Error              (PE):    0.078ns
  Clock Net Delay (Source):      2.335ns (routing 1.189ns, distribution 1.146ns)
  Timing Exception:       False Path

    Location             Delay type                Incr(ns)  Path(ns)    Netlist Resource(s)
  -------------------------------------------------------------------    -------------------
                         (clock clk_mmcm_out rise edge)
                                                      0.000     0.000 r  
    AL8                                               0.000     0.000 r  sys_clk_p (IN)
                         net (fo=0)                   0.100     0.100    u_ibufds/I
    HPIOBDIFFINBUF_X0Y11 DIFFINBUF (Prop_DIFFINBUF_HPIOBDIFFINBUF_DIFF_IN_P_O)
                                                      0.634     0.734 r  u_ibufds/DIFFINBUF_INST/O
                         net (fo=1, routed)           0.050     0.784    u_ibufds/OUT
    AL8                  IBUFCTRL (Prop_IBUFCTRL_HPIOB_M_I_O)
                                                      0.000     0.784 r  u_ibufds/IBUFCTRL_INST/O
                         net (fo=1, routed)           0.332     1.116    sys_clk_ibuf
    BUFGCE_X0Y12         BUFGCE (Prop_BUFCE_BUFGCE_I_O)
                                                      0.028     1.144 r  sys_clk_ibuf_BUFG_inst/O
                         net (fo=1, routed)           1.671     2.815    sys_clk_ibuf_BUFGCE
    MMCM_X0Y3            MMCME4_ADV (Prop_MMCM_CLKIN1_CLKOUT0)
                                                     -0.127     2.688 r  u_mmcm/CLKOUT0
                         net (fo=1, routed)           0.245     2.933    clk_mmcm_out
    BUFGCE_X0Y95         BUFGCE (Prop_BUFCE_BUFGCE_I_O)
                                                      0.028     2.961 r  u_bufg/O
    X2Y1 (CLOCK_ROOT)    net (fo=7704, routed)        2.335     5.296    clk_50m
    SLICE_X86Y46         FDCE                                         r  heartbeat_cnt_reg[25]/C
  -------------------------------------------------------------------    -------------------
    SLICE_X86Y46         FDCE (Prop_BFF_SLICEL_C_Q)
                                                      0.079     5.375 r  heartbeat_cnt_reg[25]/Q
                         net (fo=2, routed)           0.673     6.049    led_OBUF[0]
    AG14                 OBUF (Prop_OUTBUF_HDIOB_M_I_O)
                                                      2.785     8.834 r  led_OBUF[0]_inst/O
                         net (fo=0)                   0.000     8.834    led[0]
    AG14                                                              r  led[0] (OUT)
  -------------------------------------------------------------------    -------------------





Min Delay Paths
--------------------------------------------------------------------------------------
Slack:                    inf
  Source:                 heartbeat_cnt_reg[25]/C
                            (rising edge-triggered cell FDCE clocked by clk_mmcm_out  {rise@0.000ns fall@9.999ns period=19.998ns})
  Destination:            led[0]
                            (output port)
  Path Group:             (none)
  Path Type:              Min at Fast Process Corner
  Data Path Delay:        1.840ns  (logic 1.480ns (80.480%)  route 0.359ns (19.520%))
  Logic Levels:           1  (OBUF=1)
  Clock Uncertainty:      0.141ns  ((TSJ^2 + DJ^2)^1/2) / 2 + PE
    Total System Jitter     (TSJ):    0.050ns
    Discrete Jitter          (DJ):    0.116ns
    Phase Error              (PE):    0.078ns
  Clock Net Delay (Source):      1.290ns (routing 0.651ns, distribution 0.639ns)
  Timing Exception:       False Path

    Location             Delay type                Incr(ns)  Path(ns)    Netlist Resource(s)
  -------------------------------------------------------------------    -------------------
                         (clock clk_mmcm_out rise edge)
                                                      0.000     0.000 r  
    AL8                                               0.000     0.000 r  sys_clk_p (IN)
                         net (fo=0)                   0.079     0.079    u_ibufds/I
    HPIOBDIFFINBUF_X0Y11 DIFFINBUF (Prop_DIFFINBUF_HPIOBDIFFINBUF_DIFF_IN_P_O)
                                                      0.301     0.380 r  u_ibufds/DIFFINBUF_INST/O
                         net (fo=1, routed)           0.040     0.420    u_ibufds/OUT
    AL8                  IBUFCTRL (Prop_IBUFCTRL_HPIOB_M_I_O)
                                                      0.000     0.420 r  u_ibufds/IBUFCTRL_INST/O
                         net (fo=1, routed)           0.156     0.576    sys_clk_ibuf
    BUFGCE_X0Y12         BUFGCE (Prop_BUFCE_BUFGCE_I_O)
                                                      0.017     0.593 r  sys_clk_ibuf_BUFG_inst/O
                         net (fo=1, routed)           0.918     1.511    sys_clk_ibuf_BUFGCE
    MMCM_X0Y3            MMCME4_ADV (Prop_MMCM_CLKIN1_CLKOUT0)
                                                      0.230     1.741 r  u_mmcm/CLKOUT0
                         net (fo=1, routed)           0.146     1.887    clk_mmcm_out
    BUFGCE_X0Y95         BUFGCE (Prop_BUFCE_BUFGCE_I_O)
                                                      0.017     1.904 r  u_bufg/O
    X2Y1 (CLOCK_ROOT)    net (fo=7704, routed)        1.290     3.194    clk_50m
    SLICE_X86Y46         FDCE                                         r  heartbeat_cnt_reg[25]/C
  -------------------------------------------------------------------    -------------------
    SLICE_X86Y46         FDCE (Prop_BFF_SLICEL_C_Q)
                                                      0.039     3.233 r  heartbeat_cnt_reg[25]/Q
                         net (fo=2, routed)           0.359     3.592    led_OBUF[0]
    AG14                 OBUF (Prop_OUTBUF_HDIOB_M_I_O)
                                                      1.441     5.033 r  led_OBUF[0]_inst/O
                         net (fo=0)                   0.000     5.033    led[0]
    AG14                                                              r  led[0] (OUT)
  -------------------------------------------------------------------    -------------------

Slack:                    inf
  Source:                 bringup_pass_reg/C
                            (rising edge-triggered cell FDCE clocked by clk_mmcm_out  {rise@0.000ns fall@9.999ns period=19.998ns})
  Destination:            led[3]
                            (output port)
  Path Group:             (none)
  Path Type:              Min at Fast Process Corner
  Data Path Delay:        2.223ns  (logic 1.476ns (66.403%)  route 0.747ns (33.597%))
  Logic Levels:           1  (OBUF=1)
  Clock Uncertainty:      0.141ns  ((TSJ^2 + DJ^2)^1/2) / 2 + PE
    Total System Jitter     (TSJ):    0.050ns
    Discrete Jitter          (DJ):    0.116ns
    Phase Error              (PE):    0.078ns
  Clock Net Delay (Source):      1.196ns (routing 0.651ns, distribution 0.545ns)
  Timing Exception:       False Path

    Location             Delay type                Incr(ns)  Path(ns)    Netlist Resource(s)
  -------------------------------------------------------------------    -------------------
                         (clock clk_mmcm_out rise edge)
                                                      0.000     0.000 r  
    AL8                                               0.000     0.000 r  sys_clk_p (IN)
                         net (fo=0)                   0.079     0.079    u_ibufds/I
    HPIOBDIFFINBUF_X0Y11 DIFFINBUF (Prop_DIFFINBUF_HPIOBDIFFINBUF_DIFF_IN_P_O)
                                                      0.301     0.380 r  u_ibufds/DIFFINBUF_INST/O
                         net (fo=1, routed)           0.040     0.420    u_ibufds/OUT
    AL8                  IBUFCTRL (Prop_IBUFCTRL_HPIOB_M_I_O)
                                                      0.000     0.420 r  u_ibufds/IBUFCTRL_INST/O
                         net (fo=1, routed)           0.156     0.576    sys_clk_ibuf
    BUFGCE_X0Y12         BUFGCE (Prop_BUFCE_BUFGCE_I_O)
                                                      0.017     0.593 r  sys_clk_ibuf_BUFG_inst/O
                         net (fo=1, routed)           0.918     1.511    sys_clk_ibuf_BUFGCE
    MMCM_X0Y3            MMCME4_ADV (Prop_MMCM_CLKIN1_CLKOUT0)
                                                      0.230     1.741 r  u_mmcm/CLKOUT0
                         net (fo=1, routed)           0.146     1.887    clk_mmcm_out
    BUFGCE_X0Y95         BUFGCE (Prop_BUFCE_BUFGCE_I_O)
                                                      0.017     1.904 r  u_bufg/O
    X2Y1 (CLOCK_ROOT)    net (fo=7704, routed)        1.196     3.099    clk_50m
    SLICE_X76Y109        FDCE                                         r  bringup_pass_reg/C
  -------------------------------------------------------------------    -------------------
    SLICE_X76Y109        FDCE (Prop_GFF2_SLICEM_C_Q)
                                                      0.039     3.138 r  bringup_pass_reg/Q
                         net (fo=1, routed)           0.747     3.885    led_OBUF[3]
    AJ14                 OBUF (Prop_OUTBUF_HDIOB_S_I_O)
                                                      1.437     5.322 r  led_OBUF[3]_inst/O
                         net (fo=0)                   0.000     5.322    led[3]
    AJ14                                                              r  led[3] (OUT)
  -------------------------------------------------------------------    -------------------

Slack:                    inf
  Source:                 bringup_busy_reg/C
                            (rising edge-triggered cell FDCE clocked by clk_mmcm_out  {rise@0.000ns fall@9.999ns period=19.998ns})
  Destination:            led[2]
                            (output port)
  Path Group:             (none)
  Path Type:              Min at Fast Process Corner
  Data Path Delay:        2.246ns  (logic 1.500ns (66.790%)  route 0.746ns (33.210%))
  Logic Levels:           2  (LUT2=1 OBUF=1)
  Clock Uncertainty:      0.141ns  ((TSJ^2 + DJ^2)^1/2) / 2 + PE
    Total System Jitter     (TSJ):    0.050ns
    Discrete Jitter          (DJ):    0.116ns
    Phase Error              (PE):    0.078ns
  Clock Net Delay (Source):      1.197ns (routing 0.651ns, distribution 0.546ns)
  Timing Exception:       False Path

    Location             Delay type                Incr(ns)  Path(ns)    Netlist Resource(s)
  -------------------------------------------------------------------    -------------------
                         (clock clk_mmcm_out rise edge)
                                                      0.000     0.000 r  
    AL8                                               0.000     0.000 r  sys_clk_p (IN)
                         net (fo=0)                   0.079     0.079    u_ibufds/I
    HPIOBDIFFINBUF_X0Y11 DIFFINBUF (Prop_DIFFINBUF_HPIOBDIFFINBUF_DIFF_IN_P_O)
                                                      0.301     0.380 r  u_ibufds/DIFFINBUF_INST/O
                         net (fo=1, routed)           0.040     0.420    u_ibufds/OUT
    AL8                  IBUFCTRL (Prop_IBUFCTRL_HPIOB_M_I_O)
                                                      0.000     0.420 r  u_ibufds/IBUFCTRL_INST/O
                         net (fo=1, routed)           0.156     0.576    sys_clk_ibuf
    BUFGCE_X0Y12         BUFGCE (Prop_BUFCE_BUFGCE_I_O)
                                                      0.017     0.593 r  sys_clk_ibuf_BUFG_inst/O
                         net (fo=1, routed)           0.918     1.511    sys_clk_ibuf_BUFGCE
    MMCM_X0Y3            MMCME4_ADV (Prop_MMCM_CLKIN1_CLKOUT0)
                                                      0.230     1.741 r  u_mmcm/CLKOUT0
                         net (fo=1, routed)           0.146     1.887    clk_mmcm_out
    BUFGCE_X0Y95         BUFGCE (Prop_BUFCE_BUFGCE_I_O)
                                                      0.017     1.904 r  u_bufg/O
    X2Y1 (CLOCK_ROOT)    net (fo=7704, routed)        1.197     3.100    clk_50m
    SLICE_X76Y109        FDCE                                         r  bringup_busy_reg/C
  -------------------------------------------------------------------    -------------------
    SLICE_X76Y109        FDCE (Prop_DFF2_SLICEM_C_Q)
                                                      0.041     3.141 r  bringup_busy_reg/Q
                         net (fo=1, routed)           0.073     3.214    bringup_busy_reg_n_0
    SLICE_X76Y109        LUT2 (Prop_F6LUT_SLICEM_I0_O)
                                                      0.014     3.228 r  led_OBUF[2]_inst_i_1/O
                         net (fo=1, routed)           0.673     3.901    led_OBUF[2]
    AE13                 OBUF (Prop_OUTBUF_HDIOB_M_I_O)
                                                      1.445     5.346 r  led_OBUF[2]_inst/O
                         net (fo=0)                   0.000     5.346    led[2]
    AE13                                                              r  led[2] (OUT)
  -------------------------------------------------------------------    -------------------





--------------------------------------------------------------------------------------
Path Group:  (none)
From Clock:  
  To Clock:  clk_mmcm_out

Max Delay             3 Endpoints
Min Delay             3 Endpoints
--------------------------------------------------------------------------------------


Max Delay Paths
--------------------------------------------------------------------------------------
Slack:                    inf
  Source:                 btn_rst
                            (input port)
  Destination:            rst_sync_reg[1]_replica/CLR
                            (recovery check against rising-edge clock clk_mmcm_out  {rise@0.000ns fall@9.999ns period=19.998ns})
  Path Group:             (none)
  Path Type:              Recovery (Max at Slow Process Corner)
  Data Path Delay:        3.347ns  (logic 1.354ns (40.439%)  route 1.994ns (59.561%))
  Logic Levels:           3  (IBUFCTRL=1 INBUF=1 LUT2=1)
  Clock Path Skew:        5.254ns (DCD - SCD + CPR)
    Destination Clock Delay (DCD):    5.254ns
    Source Clock Delay      (SCD):    0.000ns
    Clock Pessimism Removal (CPR):    0.000ns
  Clock Uncertainty:      0.141ns  ((TSJ^2 + DJ^2)^1/2) / 2 + PE
    Total System Jitter     (TSJ):    0.050ns
    Discrete Jitter          (DJ):    0.116ns
    Phase Error              (PE):    0.078ns
  Clock Net Delay (Destination): 1.926ns (routing 1.082ns, distribution 0.844ns)
  Timing Exception:       False Path

    Location             Delay type                Incr(ns)  Path(ns)    Netlist Resource(s)
  -------------------------------------------------------------------    -------------------
    AM13                                              0.000     0.000 f  btn_rst (IN)
                         net (fo=0)                   0.000     0.000    btn_rst_IBUF_inst/I
    AM13                 INBUF (Prop_INBUF_HDIOB_S_PAD_O)
                                                      1.255     1.255 f  btn_rst_IBUF_inst/INBUF_INST/O
                         net (fo=1, routed)           0.000     1.255    btn_rst_IBUF_inst/OUT
    AM13                 IBUFCTRL (Prop_IBUFCTRL_HDIOB_S_I_O)
                                                      0.000     1.255 f  btn_rst_IBUF_inst/IBUFCTRL_INST/O
                         net (fo=2, routed)           1.288     2.543    btn_rst_IBUF
    SLICE_X86Y94         LUT2 (Prop_H6LUT_SLICEL_I0_O)
                                                      0.099     2.642 f  rst_sync[1]_i_1/O
                         net (fo=3, routed)           0.705     3.347    rst_sync[1]_i_1_n_0
    SLICE_X76Y98         FDCE                                         f  rst_sync_reg[1]_replica/CLR
  -------------------------------------------------------------------    -------------------

                         (clock clk_mmcm_out rise edge)
                                                      0.000     0.000 r  
    AL8                                               0.000     0.000 r  sys_clk_p (IN)
                         net (fo=0)                   0.079     0.079    u_ibufds/I
    HPIOBDIFFINBUF_X0Y11 DIFFINBUF (Prop_DIFFINBUF_HPIOBDIFFINBUF_DIFF_IN_P_O)
                                                      0.525     0.604 r  u_ibufds/DIFFINBUF_INST/O
                         net (fo=1, routed)           0.040     0.644    u_ibufds/OUT
    AL8                  IBUFCTRL (Prop_IBUFCTRL_HPIOB_M_I_O)
                                                      0.000     0.644 r  u_ibufds/IBUFCTRL_INST/O
                         net (fo=1, routed)           0.293     0.937    sys_clk_ibuf
    BUFGCE_X0Y12         BUFGCE (Prop_BUFCE_BUFGCE_I_O)
                                                      0.024     0.961 r  sys_clk_ibuf_BUFG_inst/O
                         net (fo=1, routed)           1.498     2.459    sys_clk_ibuf_BUFGCE
    MMCM_X0Y3            MMCME4_ADV (Prop_MMCM_CLKIN1_CLKOUT0)
                                                      0.630     3.089 r  u_mmcm/CLKOUT0
                         net (fo=1, routed)           0.215     3.304    clk_mmcm_out
    BUFGCE_X0Y95         BUFGCE (Prop_BUFCE_BUFGCE_I_O)
                                                      0.024     3.328 r  u_bufg/O
    X2Y1 (CLOCK_ROOT)    net (fo=7704, routed)        1.926     5.254    clk_50m
    SLICE_X76Y98         FDCE                                         r  rst_sync_reg[1]_replica/C

Slack:                    inf
  Source:                 btn_rst
                            (input port)
  Destination:            rst_sync_reg[0]/CLR
                            (recovery check against rising-edge clock clk_mmcm_out  {rise@0.000ns fall@9.999ns period=19.998ns})
  Path Group:             (none)
  Path Type:              Recovery (Max at Slow Process Corner)
  Data Path Delay:        3.277ns  (logic 1.354ns (41.302%)  route 1.924ns (58.698%))
  Logic Levels:           3  (IBUFCTRL=1 INBUF=1 LUT2=1)
  Clock Path Skew:        5.248ns (DCD - SCD + CPR)
    Destination Clock Delay (DCD):    5.248ns
    Source Clock Delay      (SCD):    0.000ns
    Clock Pessimism Removal (CPR):    0.000ns
  Clock Uncertainty:      0.141ns  ((TSJ^2 + DJ^2)^1/2) / 2 + PE
    Total System Jitter     (TSJ):    0.050ns
    Discrete Jitter          (DJ):    0.116ns
    Phase Error              (PE):    0.078ns
  Clock Net Delay (Destination): 1.920ns (routing 1.082ns, distribution 0.838ns)
  Timing Exception:       False Path

    Location             Delay type                Incr(ns)  Path(ns)    Netlist Resource(s)
  -------------------------------------------------------------------    -------------------
    AM13                                              0.000     0.000 f  btn_rst (IN)
                         net (fo=0)                   0.000     0.000    btn_rst_IBUF_inst/I
    AM13                 INBUF (Prop_INBUF_HDIOB_S_PAD_O)
                                                      1.255     1.255 f  btn_rst_IBUF_inst/INBUF_INST/O
                         net (fo=1, routed)           0.000     1.255    btn_rst_IBUF_inst/OUT
    AM13                 IBUFCTRL (Prop_IBUFCTRL_HDIOB_S_I_O)
                                                      0.000     1.255 f  btn_rst_IBUF_inst/IBUFCTRL_INST/O
                         net (fo=2, routed)           1.288     2.543    btn_rst_IBUF
    SLICE_X86Y94         LUT2 (Prop_H6LUT_SLICEL_I0_O)
                                                      0.099     2.642 f  rst_sync[1]_i_1/O
                         net (fo=3, routed)           0.635     3.277    rst_sync[1]_i_1_n_0
    SLICE_X76Y94         FDCE                                         f  rst_sync_reg[0]/CLR
  -------------------------------------------------------------------    -------------------

                         (clock clk_mmcm_out rise edge)
                                                      0.000     0.000 r  
    AL8                                               0.000     0.000 r  sys_clk_p (IN)
                         net (fo=0)                   0.079     0.079    u_ibufds/I
    HPIOBDIFFINBUF_X0Y11 DIFFINBUF (Prop_DIFFINBUF_HPIOBDIFFINBUF_DIFF_IN_P_O)
                                                      0.525     0.604 r  u_ibufds/DIFFINBUF_INST/O
                         net (fo=1, routed)           0.040     0.644    u_ibufds/OUT
    AL8                  IBUFCTRL (Prop_IBUFCTRL_HPIOB_M_I_O)
                                                      0.000     0.644 r  u_ibufds/IBUFCTRL_INST/O
                         net (fo=1, routed)           0.293     0.937    sys_clk_ibuf
    BUFGCE_X0Y12         BUFGCE (Prop_BUFCE_BUFGCE_I_O)
                                                      0.024     0.961 r  sys_clk_ibuf_BUFG_inst/O
                         net (fo=1, routed)           1.498     2.459    sys_clk_ibuf_BUFGCE
    MMCM_X0Y3            MMCME4_ADV (Prop_MMCM_CLKIN1_CLKOUT0)
                                                      0.630     3.089 r  u_mmcm/CLKOUT0
                         net (fo=1, routed)           0.215     3.304    clk_mmcm_out
    BUFGCE_X0Y95         BUFGCE (Prop_BUFCE_BUFGCE_I_O)
                                                      0.024     3.328 r  u_bufg/O
    X2Y1 (CLOCK_ROOT)    net (fo=7704, routed)        1.920     5.248    clk_50m
    SLICE_X76Y94         FDCE                                         r  rst_sync_reg[0]/C

Slack:                    inf
  Source:                 btn_rst
                            (input port)
  Destination:            rst_sync_reg[1]/CLR
                            (recovery check against rising-edge clock clk_mmcm_out  {rise@0.000ns fall@9.999ns period=19.998ns})
  Path Group:             (none)
  Path Type:              Recovery (Max at Slow Process Corner)
  Data Path Delay:        3.277ns  (logic 1.354ns (41.302%)  route 1.924ns (58.698%))
  Logic Levels:           3  (IBUFCTRL=1 INBUF=1 LUT2=1)
  Clock Path Skew:        5.248ns (DCD - SCD + CPR)
    Destination Clock Delay (DCD):    5.248ns
    Source Clock Delay      (SCD):    0.000ns
    Clock Pessimism Removal (CPR):    0.000ns
  Clock Uncertainty:      0.141ns  ((TSJ^2 + DJ^2)^1/2) / 2 + PE
    Total System Jitter     (TSJ):    0.050ns
    Discrete Jitter          (DJ):    0.116ns
    Phase Error              (PE):    0.078ns
  Clock Net Delay (Destination): 1.920ns (routing 1.082ns, distribution 0.838ns)
  Timing Exception:       False Path

    Location             Delay type                Incr(ns)  Path(ns)    Netlist Resource(s)
  -------------------------------------------------------------------    -------------------
    AM13                                              0.000     0.000 f  btn_rst (IN)
                         net (fo=0)                   0.000     0.000    btn_rst_IBUF_inst/I
    AM13                 INBUF (Prop_INBUF_HDIOB_S_PAD_O)
                                                      1.255     1.255 f  btn_rst_IBUF_inst/INBUF_INST/O
                         net (fo=1, routed)           0.000     1.255    btn_rst_IBUF_inst/OUT
    AM13                 IBUFCTRL (Prop_IBUFCTRL_HDIOB_S_I_O)
                                                      0.000     1.255 f  btn_rst_IBUF_inst/IBUFCTRL_INST/O
                         net (fo=2, routed)           1.288     2.543    btn_rst_IBUF
    SLICE_X86Y94         LUT2 (Prop_H6LUT_SLICEL_I0_O)
                                                      0.099     2.642 f  rst_sync[1]_i_1/O
                         net (fo=3, routed)           0.635     3.277    rst_sync[1]_i_1_n_0
    SLICE_X76Y94         FDCE                                         f  rst_sync_reg[1]/CLR
  -------------------------------------------------------------------    -------------------

                         (clock clk_mmcm_out rise edge)
                                                      0.000     0.000 r  
    AL8                                               0.000     0.000 r  sys_clk_p (IN)
                         net (fo=0)                   0.079     0.079    u_ibufds/I
    HPIOBDIFFINBUF_X0Y11 DIFFINBUF (Prop_DIFFINBUF_HPIOBDIFFINBUF_DIFF_IN_P_O)
                                                      0.525     0.604 r  u_ibufds/DIFFINBUF_INST/O
                         net (fo=1, routed)           0.040     0.644    u_ibufds/OUT
    AL8                  IBUFCTRL (Prop_IBUFCTRL_HPIOB_M_I_O)
                                                      0.000     0.644 r  u_ibufds/IBUFCTRL_INST/O
                         net (fo=1, routed)           0.293     0.937    sys_clk_ibuf
    BUFGCE_X0Y12         BUFGCE (Prop_BUFCE_BUFGCE_I_O)
                                                      0.024     0.961 r  sys_clk_ibuf_BUFG_inst/O
                         net (fo=1, routed)           1.498     2.459    sys_clk_ibuf_BUFGCE
    MMCM_X0Y3            MMCME4_ADV (Prop_MMCM_CLKIN1_CLKOUT0)
                                                      0.630     3.089 r  u_mmcm/CLKOUT0
                         net (fo=1, routed)           0.215     3.304    clk_mmcm_out
    BUFGCE_X0Y95         BUFGCE (Prop_BUFCE_BUFGCE_I_O)
                                                      0.024     3.328 r  u_bufg/O
    X2Y1 (CLOCK_ROOT)    net (fo=7704, routed)        1.920     5.248    clk_50m
    SLICE_X76Y94         FDCE                                         r  rst_sync_reg[1]/C





Min Delay Paths
--------------------------------------------------------------------------------------
Slack:                    inf
  Source:                 btn_rst
                            (input port)
  Destination:            rst_sync_reg[0]/CLR
                            (removal check against rising-edge clock clk_mmcm_out  {rise@0.000ns fall@9.999ns period=19.998ns})
  Path Group:             (none)
  Path Type:              Removal (Min at Fast Process Corner)
  Data Path Delay:        1.836ns  (logic 0.873ns (47.532%)  route 0.963ns (52.468%))
  Logic Levels:           3  (IBUFCTRL=1 INBUF=1 LUT2=1)
  Clock Path Skew:        3.029ns (DCD - SCD - CPR)
    Destination Clock Delay (DCD):    3.029ns
    Source Clock Delay      (SCD):    0.000ns
    Clock Pessimism Removal (CPR):    -0.000ns
  Clock Net Delay (Destination): 1.336ns (routing 0.727ns, distribution 0.609ns)
  Timing Exception:       False Path

    Location             Delay type                Incr(ns)  Path(ns)    Netlist Resource(s)
  -------------------------------------------------------------------    -------------------
    AM13                                              0.000     0.000 f  btn_rst (IN)
                         net (fo=0)                   0.000     0.000    btn_rst_IBUF_inst/I
    AM13                 INBUF (Prop_INBUF_HDIOB_S_PAD_O)
                                                      0.832     0.832 f  btn_rst_IBUF_inst/INBUF_INST/O
                         net (fo=1, routed)           0.000     0.832    btn_rst_IBUF_inst/OUT
    AM13                 IBUFCTRL (Prop_IBUFCTRL_HDIOB_S_I_O)
                                                      0.000     0.832 f  btn_rst_IBUF_inst/IBUFCTRL_INST/O
                         net (fo=2, routed)           0.641     1.472    btn_rst_IBUF
    SLICE_X86Y94         LUT2 (Prop_H6LUT_SLICEL_I0_O)
                                                      0.041     1.513 f  rst_sync[1]_i_1/O
                         net (fo=3, routed)           0.323     1.836    rst_sync[1]_i_1_n_0
    SLICE_X76Y94         FDCE                                         f  rst_sync_reg[0]/CLR
  -------------------------------------------------------------------    -------------------

                         (clock clk_mmcm_out rise edge)
                                                      0.000     0.000 r  
    AL8                                               0.000     0.000 r  sys_clk_p (IN)
                         net (fo=0)                   0.100     0.100    u_ibufds/I
    HPIOBDIFFINBUF_X0Y11 DIFFINBUF (Prop_DIFFINBUF_HPIOBDIFFINBUF_DIFF_IN_P_O)
                                                      0.405     0.505 r  u_ibufds/DIFFINBUF_INST/O
                         net (fo=1, routed)           0.050     0.555    u_ibufds/OUT
    AL8                  IBUFCTRL (Prop_IBUFCTRL_HPIOB_M_I_O)
                                                      0.000     0.555 r  u_ibufds/IBUFCTRL_INST/O
                         net (fo=1, routed)           0.197     0.752    sys_clk_ibuf
    BUFGCE_X0Y12         BUFGCE (Prop_BUFCE_BUFGCE_I_O)
                                                      0.019     0.771 r  sys_clk_ibuf_BUFG_inst/O
                         net (fo=1, routed)           1.032     1.803    sys_clk_ibuf_BUFGCE
    MMCM_X0Y3            MMCME4_ADV (Prop_MMCM_CLKIN1_CLKOUT0)
                                                     -0.295     1.508 r  u_mmcm/CLKOUT0
                         net (fo=1, routed)           0.166     1.674    clk_mmcm_out
    BUFGCE_X0Y95         BUFGCE (Prop_BUFCE_BUFGCE_I_O)
                                                      0.019     1.693 r  u_bufg/O
    X2Y1 (CLOCK_ROOT)    net (fo=7704, routed)        1.336     3.029    clk_50m
    SLICE_X76Y94         FDCE                                         r  rst_sync_reg[0]/C

Slack:                    inf
  Source:                 btn_rst
                            (input port)
  Destination:            rst_sync_reg[1]/CLR
                            (removal check against rising-edge clock clk_mmcm_out  {rise@0.000ns fall@9.999ns period=19.998ns})
  Path Group:             (none)
  Path Type:              Removal (Min at Fast Process Corner)
  Data Path Delay:        1.836ns  (logic 0.873ns (47.532%)  route 0.963ns (52.468%))
  Logic Levels:           3  (IBUFCTRL=1 INBUF=1 LUT2=1)
  Clock Path Skew:        3.029ns (DCD - SCD - CPR)
    Destination Clock Delay (DCD):    3.029ns
    Source Clock Delay      (SCD):    0.000ns
    Clock Pessimism Removal (CPR):    -0.000ns
  Clock Net Delay (Destination): 1.336ns (routing 0.727ns, distribution 0.609ns)
  Timing Exception:       False Path

    Location             Delay type                Incr(ns)  Path(ns)    Netlist Resource(s)
  -------------------------------------------------------------------    -------------------
    AM13                                              0.000     0.000 f  btn_rst (IN)
                         net (fo=0)                   0.000     0.000    btn_rst_IBUF_inst/I
    AM13                 INBUF (Prop_INBUF_HDIOB_S_PAD_O)
                                                      0.832     0.832 f  btn_rst_IBUF_inst/INBUF_INST/O
                         net (fo=1, routed)           0.000     0.832    btn_rst_IBUF_inst/OUT
    AM13                 IBUFCTRL (Prop_IBUFCTRL_HDIOB_S_I_O)
                                                      0.000     0.832 f  btn_rst_IBUF_inst/IBUFCTRL_INST/O
                         net (fo=2, routed)           0.641     1.472    btn_rst_IBUF
    SLICE_X86Y94         LUT2 (Prop_H6LUT_SLICEL_I0_O)
                                                      0.041     1.513 f  rst_sync[1]_i_1/O
                         net (fo=3, routed)           0.323     1.836    rst_sync[1]_i_1_n_0
    SLICE_X76Y94         FDCE                                         f  rst_sync_reg[1]/CLR
  -------------------------------------------------------------------    -------------------

                         (clock clk_mmcm_out rise edge)
                                                      0.000     0.000 r  
    AL8                                               0.000     0.000 r  sys_clk_p (IN)
                         net (fo=0)                   0.100     0.100    u_ibufds/I
    HPIOBDIFFINBUF_X0Y11 DIFFINBUF (Prop_DIFFINBUF_HPIOBDIFFINBUF_DIFF_IN_P_O)
                                                      0.405     0.505 r  u_ibufds/DIFFINBUF_INST/O
                         net (fo=1, routed)           0.050     0.555    u_ibufds/OUT
    AL8                  IBUFCTRL (Prop_IBUFCTRL_HPIOB_M_I_O)
                                                      0.000     0.555 r  u_ibufds/IBUFCTRL_INST/O
                         net (fo=1, routed)           0.197     0.752    sys_clk_ibuf
    BUFGCE_X0Y12         BUFGCE (Prop_BUFCE_BUFGCE_I_O)
                                                      0.019     0.771 r  sys_clk_ibuf_BUFG_inst/O
                         net (fo=1, routed)           1.032     1.803    sys_clk_ibuf_BUFGCE
    MMCM_X0Y3            MMCME4_ADV (Prop_MMCM_CLKIN1_CLKOUT0)
                                                     -0.295     1.508 r  u_mmcm/CLKOUT0
                         net (fo=1, routed)           0.166     1.674    clk_mmcm_out
    BUFGCE_X0Y95         BUFGCE (Prop_BUFCE_BUFGCE_I_O)
                                                      0.019     1.693 r  u_bufg/O
    X2Y1 (CLOCK_ROOT)    net (fo=7704, routed)        1.336     3.029    clk_50m
    SLICE_X76Y94         FDCE                                         r  rst_sync_reg[1]/C

Slack:                    inf
  Source:                 btn_rst
                            (input port)
  Destination:            rst_sync_reg[1]_replica/CLR
                            (removal check against rising-edge clock clk_mmcm_out  {rise@0.000ns fall@9.999ns period=19.998ns})
  Path Group:             (none)
  Path Type:              Removal (Min at Fast Process Corner)
  Data Path Delay:        1.872ns  (logic 0.873ns (46.618%)  route 0.999ns (53.382%))
  Logic Levels:           3  (IBUFCTRL=1 INBUF=1 LUT2=1)
  Clock Path Skew:        3.034ns (DCD - SCD - CPR)
    Destination Clock Delay (DCD):    3.034ns
    Source Clock Delay      (SCD):    0.000ns
    Clock Pessimism Removal (CPR):    -0.000ns
  Clock Net Delay (Destination): 1.341ns (routing 0.727ns, distribution 0.614ns)
  Timing Exception:       False Path

    Location             Delay type                Incr(ns)  Path(ns)    Netlist Resource(s)
  -------------------------------------------------------------------    -------------------
    AM13                                              0.000     0.000 f  btn_rst (IN)
                         net (fo=0)                   0.000     0.000    btn_rst_IBUF_inst/I
    AM13                 INBUF (Prop_INBUF_HDIOB_S_PAD_O)
                                                      0.832     0.832 f  btn_rst_IBUF_inst/INBUF_INST/O
                         net (fo=1, routed)           0.000     0.832    btn_rst_IBUF_inst/OUT
    AM13                 IBUFCTRL (Prop_IBUFCTRL_HDIOB_S_I_O)
                                                      0.000     0.832 f  btn_rst_IBUF_inst/IBUFCTRL_INST/O
                         net (fo=2, routed)           0.641     1.472    btn_rst_IBUF
    SLICE_X86Y94         LUT2 (Prop_H6LUT_SLICEL_I0_O)
                                                      0.041     1.513 f  rst_sync[1]_i_1/O
                         net (fo=3, routed)           0.359     1.872    rst_sync[1]_i_1_n_0
    SLICE_X76Y98         FDCE                                         f  rst_sync_reg[1]_replica/CLR
  -------------------------------------------------------------------    -------------------

                         (clock clk_mmcm_out rise edge)
                                                      0.000     0.000 r  
    AL8                                               0.000     0.000 r  sys_clk_p (IN)
                         net (fo=0)                   0.100     0.100    u_ibufds/I
    HPIOBDIFFINBUF_X0Y11 DIFFINBUF (Prop_DIFFINBUF_HPIOBDIFFINBUF_DIFF_IN_P_O)
                                                      0.405     0.505 r  u_ibufds/DIFFINBUF_INST/O
                         net (fo=1, routed)           0.050     0.555    u_ibufds/OUT
    AL8                  IBUFCTRL (Prop_IBUFCTRL_HPIOB_M_I_O)
                                                      0.000     0.555 r  u_ibufds/IBUFCTRL_INST/O
                         net (fo=1, routed)           0.197     0.752    sys_clk_ibuf
    BUFGCE_X0Y12         BUFGCE (Prop_BUFCE_BUFGCE_I_O)
                                                      0.019     0.771 r  sys_clk_ibuf_BUFG_inst/O
                         net (fo=1, routed)           1.032     1.803    sys_clk_ibuf_BUFGCE
    MMCM_X0Y3            MMCME4_ADV (Prop_MMCM_CLKIN1_CLKOUT0)
                                                     -0.295     1.508 r  u_mmcm/CLKOUT0
                         net (fo=1, routed)           0.166     1.674    clk_mmcm_out
    BUFGCE_X0Y95         BUFGCE (Prop_BUFCE_BUFGCE_I_O)
                                                      0.019     1.693 r  u_bufg/O
    X2Y1 (CLOCK_ROOT)    net (fo=7704, routed)        1.341     3.034    clk_50m
    SLICE_X76Y98         FDCE                                         r  rst_sync_reg[1]_replica/C





--------------------------------------------------------------------------------------
Path Group:  (none)
From Clock:  
  To Clock:  clk_mmcm_out

Max Delay             3 Endpoints
Min Delay             3 Endpoints
--------------------------------------------------------------------------------------


Max Delay Paths
--------------------------------------------------------------------------------------
Slack:                    inf
  Source:                 u_mmcm/LOCKED
                            (internal pin)
  Destination:            rst_sync_reg[1]_replica/CLR
                            (recovery check against rising-edge clock clk_mmcm_out  {rise@0.000ns fall@9.999ns period=19.998ns})
  Path Group:             (none)
  Path Type:              Recovery (Max at Slow Process Corner)
  Data Path Delay:        2.275ns  (logic 0.150ns (6.592%)  route 2.125ns (93.408%))
  Logic Levels:           1  (LUT2=1)
  Clock Uncertainty:      0.141ns  ((TSJ^2 + DJ^2)^1/2) / 2 + PE
    Total System Jitter     (TSJ):    0.050ns
    Discrete Jitter          (DJ):    0.116ns
    Phase Error              (PE):    0.078ns
  Clock Net Delay (Destination): 1.926ns (routing 1.082ns, distribution 0.844ns)

    Location             Delay type                Incr(ns)  Path(ns)    Netlist Resource(s)
  -------------------------------------------------------------------    -------------------
    MMCM_X0Y3            MMCME4_ADV                   0.000     0.000 r  u_mmcm/LOCKED
                         net (fo=2, routed)           1.420     1.420    led_OBUF[1]
    SLICE_X86Y94         LUT2 (Prop_H6LUT_SLICEL_I1_O)
                                                      0.150     1.570 f  rst_sync[1]_i_1/O
                         net (fo=3, routed)           0.705     2.275    rst_sync[1]_i_1_n_0
    SLICE_X76Y98         FDCE                                         f  rst_sync_reg[1]_replica/CLR
  -------------------------------------------------------------------    -------------------

                         (clock clk_mmcm_out rise edge)
                                                      0.000     0.000 r  
    AL8                                               0.000     0.000 r  sys_clk_p (IN)
                         net (fo=0)                   0.079     0.079    u_ibufds/I
    HPIOBDIFFINBUF_X0Y11 DIFFINBUF (Prop_DIFFINBUF_HPIOBDIFFINBUF_DIFF_IN_P_O)
                                                      0.525     0.604 r  u_ibufds/DIFFINBUF_INST/O
                         net (fo=1, routed)           0.040     0.644    u_ibufds/OUT
    AL8                  IBUFCTRL (Prop_IBUFCTRL_HPIOB_M_I_O)
                                                      0.000     0.644 r  u_ibufds/IBUFCTRL_INST/O
                         net (fo=1, routed)           0.293     0.937    sys_clk_ibuf
    BUFGCE_X0Y12         BUFGCE (Prop_BUFCE_BUFGCE_I_O)
                                                      0.024     0.961 r  sys_clk_ibuf_BUFG_inst/O
                         net (fo=1, routed)           1.498     2.459    sys_clk_ibuf_BUFGCE
    MMCM_X0Y3            MMCME4_ADV (Prop_MMCM_CLKIN1_CLKOUT0)
                                                      0.630     3.089 r  u_mmcm/CLKOUT0
                         net (fo=1, routed)           0.215     3.304    clk_mmcm_out
    BUFGCE_X0Y95         BUFGCE (Prop_BUFCE_BUFGCE_I_O)
                                                      0.024     3.328 r  u_bufg/O
    X2Y1 (CLOCK_ROOT)    net (fo=7704, routed)        1.926     5.254    clk_50m
    SLICE_X76Y98         FDCE                                         r  rst_sync_reg[1]_replica/C

Slack:                    inf
  Source:                 u_mmcm/LOCKED
                            (internal pin)
  Destination:            rst_sync_reg[0]/CLR
                            (recovery check against rising-edge clock clk_mmcm_out  {rise@0.000ns fall@9.999ns period=19.998ns})
  Path Group:             (none)
  Path Type:              Recovery (Max at Slow Process Corner)
  Data Path Delay:        2.205ns  (logic 0.150ns (6.801%)  route 2.055ns (93.199%))
  Logic Levels:           1  (LUT2=1)
  Clock Uncertainty:      0.141ns  ((TSJ^2 + DJ^2)^1/2) / 2 + PE
    Total System Jitter     (TSJ):    0.050ns
    Discrete Jitter          (DJ):    0.116ns
    Phase Error              (PE):    0.078ns
  Clock Net Delay (Destination): 1.920ns (routing 1.082ns, distribution 0.838ns)

    Location             Delay type                Incr(ns)  Path(ns)    Netlist Resource(s)
  -------------------------------------------------------------------    -------------------
    MMCM_X0Y3            MMCME4_ADV                   0.000     0.000 r  u_mmcm/LOCKED
                         net (fo=2, routed)           1.420     1.420    led_OBUF[1]
    SLICE_X86Y94         LUT2 (Prop_H6LUT_SLICEL_I1_O)
                                                      0.150     1.570 f  rst_sync[1]_i_1/O
                         net (fo=3, routed)           0.635     2.205    rst_sync[1]_i_1_n_0
    SLICE_X76Y94         FDCE                                         f  rst_sync_reg[0]/CLR
  -------------------------------------------------------------------    -------------------

                         (clock clk_mmcm_out rise edge)
                                                      0.000     0.000 r  
    AL8                                               0.000     0.000 r  sys_clk_p (IN)
                         net (fo=0)                   0.079     0.079    u_ibufds/I
    HPIOBDIFFINBUF_X0Y11 DIFFINBUF (Prop_DIFFINBUF_HPIOBDIFFINBUF_DIFF_IN_P_O)
                                                      0.525     0.604 r  u_ibufds/DIFFINBUF_INST/O
                         net (fo=1, routed)           0.040     0.644    u_ibufds/OUT
    AL8                  IBUFCTRL (Prop_IBUFCTRL_HPIOB_M_I_O)
                                                      0.000     0.644 r  u_ibufds/IBUFCTRL_INST/O
                         net (fo=1, routed)           0.293     0.937    sys_clk_ibuf
    BUFGCE_X0Y12         BUFGCE (Prop_BUFCE_BUFGCE_I_O)
                                                      0.024     0.961 r  sys_clk_ibuf_BUFG_inst/O
                         net (fo=1, routed)           1.498     2.459    sys_clk_ibuf_BUFGCE
    MMCM_X0Y3            MMCME4_ADV (Prop_MMCM_CLKIN1_CLKOUT0)
                                                      0.630     3.089 r  u_mmcm/CLKOUT0
                         net (fo=1, routed)           0.215     3.304    clk_mmcm_out
    BUFGCE_X0Y95         BUFGCE (Prop_BUFCE_BUFGCE_I_O)
                                                      0.024     3.328 r  u_bufg/O
    X2Y1 (CLOCK_ROOT)    net (fo=7704, routed)        1.920     5.248    clk_50m
    SLICE_X76Y94         FDCE                                         r  rst_sync_reg[0]/C

Slack:                    inf
  Source:                 u_mmcm/LOCKED
                            (internal pin)
  Destination:            rst_sync_reg[1]/CLR
                            (recovery check against rising-edge clock clk_mmcm_out  {rise@0.000ns fall@9.999ns period=19.998ns})
  Path Group:             (none)
  Path Type:              Recovery (Max at Slow Process Corner)
  Data Path Delay:        2.205ns  (logic 0.150ns (6.801%)  route 2.055ns (93.199%))
  Logic Levels:           1  (LUT2=1)
  Clock Uncertainty:      0.141ns  ((TSJ^2 + DJ^2)^1/2) / 2 + PE
    Total System Jitter     (TSJ):    0.050ns
    Discrete Jitter          (DJ):    0.116ns
    Phase Error              (PE):    0.078ns
  Clock Net Delay (Destination): 1.920ns (routing 1.082ns, distribution 0.838ns)

    Location             Delay type                Incr(ns)  Path(ns)    Netlist Resource(s)
  -------------------------------------------------------------------    -------------------
    MMCM_X0Y3            MMCME4_ADV                   0.000     0.000 r  u_mmcm/LOCKED
                         net (fo=2, routed)           1.420     1.420    led_OBUF[1]
    SLICE_X86Y94         LUT2 (Prop_H6LUT_SLICEL_I1_O)
                                                      0.150     1.570 f  rst_sync[1]_i_1/O
                         net (fo=3, routed)           0.635     2.205    rst_sync[1]_i_1_n_0
    SLICE_X76Y94         FDCE                                         f  rst_sync_reg[1]/CLR
  -------------------------------------------------------------------    -------------------

                         (clock clk_mmcm_out rise edge)
                                                      0.000     0.000 r  
    AL8                                               0.000     0.000 r  sys_clk_p (IN)
                         net (fo=0)                   0.079     0.079    u_ibufds/I
    HPIOBDIFFINBUF_X0Y11 DIFFINBUF (Prop_DIFFINBUF_HPIOBDIFFINBUF_DIFF_IN_P_O)
                                                      0.525     0.604 r  u_ibufds/DIFFINBUF_INST/O
                         net (fo=1, routed)           0.040     0.644    u_ibufds/OUT
    AL8                  IBUFCTRL (Prop_IBUFCTRL_HPIOB_M_I_O)
                                                      0.000     0.644 r  u_ibufds/IBUFCTRL_INST/O
                         net (fo=1, routed)           0.293     0.937    sys_clk_ibuf
    BUFGCE_X0Y12         BUFGCE (Prop_BUFCE_BUFGCE_I_O)
                                                      0.024     0.961 r  sys_clk_ibuf_BUFG_inst/O
                         net (fo=1, routed)           1.498     2.459    sys_clk_ibuf_BUFGCE
    MMCM_X0Y3            MMCME4_ADV (Prop_MMCM_CLKIN1_CLKOUT0)
                                                      0.630     3.089 r  u_mmcm/CLKOUT0
                         net (fo=1, routed)           0.215     3.304    clk_mmcm_out
    BUFGCE_X0Y95         BUFGCE (Prop_BUFCE_BUFGCE_I_O)
                                                      0.024     3.328 r  u_bufg/O
    X2Y1 (CLOCK_ROOT)    net (fo=7704, routed)        1.920     5.248    clk_50m
    SLICE_X76Y94         FDCE                                         r  rst_sync_reg[1]/C





Min Delay Paths
--------------------------------------------------------------------------------------
Slack:                    inf
  Source:                 u_mmcm/LOCKED
                            (internal pin)
  Destination:            rst_sync_reg[0]/CLR
                            (removal check against rising-edge clock clk_mmcm_out  {rise@0.000ns fall@9.999ns period=19.998ns})
  Path Group:             (none)
  Path Type:              Removal (Min at Fast Process Corner)
  Data Path Delay:        1.129ns  (logic 0.060ns (5.314%)  route 1.069ns (94.686%))
  Logic Levels:           1  (LUT2=1)
  Clock Uncertainty:      0.141ns  ((TSJ^2 + DJ^2)^1/2) / 2 + PE
    Total System Jitter     (TSJ):    0.050ns
    Discrete Jitter          (DJ):    0.116ns
    Phase Error              (PE):    0.078ns
  Clock Net Delay (Destination): 1.336ns (routing 0.727ns, distribution 0.609ns)

    Location             Delay type                Incr(ns)  Path(ns)    Netlist Resource(s)
  -------------------------------------------------------------------    -------------------
    MMCM_X0Y3            MMCME4_ADV                   0.000     0.000 r  u_mmcm/LOCKED
                         net (fo=2, routed)           0.746     0.746    led_OBUF[1]
    SLICE_X86Y94         LUT2 (Prop_H6LUT_SLICEL_I1_O)
                                                      0.060     0.806 f  rst_sync[1]_i_1/O
                         net (fo=3, routed)           0.323     1.129    rst_sync[1]_i_1_n_0
    SLICE_X76Y94         FDCE                                         f  rst_sync_reg[0]/CLR
  -------------------------------------------------------------------    -------------------

                         (clock clk_mmcm_out rise edge)
                                                      0.000     0.000 r  
    AL8                                               0.000     0.000 r  sys_clk_p (IN)
                         net (fo=0)                   0.100     0.100    u_ibufds/I
    HPIOBDIFFINBUF_X0Y11 DIFFINBUF (Prop_DIFFINBUF_HPIOBDIFFINBUF_DIFF_IN_P_O)
                                                      0.405     0.505 r  u_ibufds/DIFFINBUF_INST/O
                         net (fo=1, routed)           0.050     0.555    u_ibufds/OUT
    AL8                  IBUFCTRL (Prop_IBUFCTRL_HPIOB_M_I_O)
                                                      0.000     0.555 r  u_ibufds/IBUFCTRL_INST/O
                         net (fo=1, routed)           0.197     0.752    sys_clk_ibuf
    BUFGCE_X0Y12         BUFGCE (Prop_BUFCE_BUFGCE_I_O)
                                                      0.019     0.771 r  sys_clk_ibuf_BUFG_inst/O
                         net (fo=1, routed)           1.032     1.803    sys_clk_ibuf_BUFGCE
    MMCM_X0Y3            MMCME4_ADV (Prop_MMCM_CLKIN1_CLKOUT0)
                                                     -0.295     1.508 r  u_mmcm/CLKOUT0
                         net (fo=1, routed)           0.166     1.674    clk_mmcm_out
    BUFGCE_X0Y95         BUFGCE (Prop_BUFCE_BUFGCE_I_O)
                                                      0.019     1.693 r  u_bufg/O
    X2Y1 (CLOCK_ROOT)    net (fo=7704, routed)        1.336     3.029    clk_50m
    SLICE_X76Y94         FDCE                                         r  rst_sync_reg[0]/C

Slack:                    inf
  Source:                 u_mmcm/LOCKED
                            (internal pin)
  Destination:            rst_sync_reg[1]/CLR
                            (removal check against rising-edge clock clk_mmcm_out  {rise@0.000ns fall@9.999ns period=19.998ns})
  Path Group:             (none)
  Path Type:              Removal (Min at Fast Process Corner)
  Data Path Delay:        1.129ns  (logic 0.060ns (5.314%)  route 1.069ns (94.686%))
  Logic Levels:           1  (LUT2=1)
  Clock Uncertainty:      0.141ns  ((TSJ^2 + DJ^2)^1/2) / 2 + PE
    Total System Jitter     (TSJ):    0.050ns
    Discrete Jitter          (DJ):    0.116ns
    Phase Error              (PE):    0.078ns
  Clock Net Delay (Destination): 1.336ns (routing 0.727ns, distribution 0.609ns)

    Location             Delay type                Incr(ns)  Path(ns)    Netlist Resource(s)
  -------------------------------------------------------------------    -------------------
    MMCM_X0Y3            MMCME4_ADV                   0.000     0.000 r  u_mmcm/LOCKED
                         net (fo=2, routed)           0.746     0.746    led_OBUF[1]
    SLICE_X86Y94         LUT2 (Prop_H6LUT_SLICEL_I1_O)
                                                      0.060     0.806 f  rst_sync[1]_i_1/O
                         net (fo=3, routed)           0.323     1.129    rst_sync[1]_i_1_n_0
    SLICE_X76Y94         FDCE                                         f  rst_sync_reg[1]/CLR
  -------------------------------------------------------------------    -------------------

                         (clock clk_mmcm_out rise edge)
                                                      0.000     0.000 r  
    AL8                                               0.000     0.000 r  sys_clk_p (IN)
                         net (fo=0)                   0.100     0.100    u_ibufds/I
    HPIOBDIFFINBUF_X0Y11 DIFFINBUF (Prop_DIFFINBUF_HPIOBDIFFINBUF_DIFF_IN_P_O)
                                                      0.405     0.505 r  u_ibufds/DIFFINBUF_INST/O
                         net (fo=1, routed)           0.050     0.555    u_ibufds/OUT
    AL8                  IBUFCTRL (Prop_IBUFCTRL_HPIOB_M_I_O)
                                                      0.000     0.555 r  u_ibufds/IBUFCTRL_INST/O
                         net (fo=1, routed)           0.197     0.752    sys_clk_ibuf
    BUFGCE_X0Y12         BUFGCE (Prop_BUFCE_BUFGCE_I_O)
                                                      0.019     0.771 r  sys_clk_ibuf_BUFG_inst/O
                         net (fo=1, routed)           1.032     1.803    sys_clk_ibuf_BUFGCE
    MMCM_X0Y3            MMCME4_ADV (Prop_MMCM_CLKIN1_CLKOUT0)
                                                     -0.295     1.508 r  u_mmcm/CLKOUT0
                         net (fo=1, routed)           0.166     1.674    clk_mmcm_out
    BUFGCE_X0Y95         BUFGCE (Prop_BUFCE_BUFGCE_I_O)
                                                      0.019     1.693 r  u_bufg/O
    X2Y1 (CLOCK_ROOT)    net (fo=7704, routed)        1.336     3.029    clk_50m
    SLICE_X76Y94         FDCE                                         r  rst_sync_reg[1]/C

Slack:                    inf
  Source:                 u_mmcm/LOCKED
                            (internal pin)
  Destination:            rst_sync_reg[1]_replica/CLR
                            (removal check against rising-edge clock clk_mmcm_out  {rise@0.000ns fall@9.999ns period=19.998ns})
  Path Group:             (none)
  Path Type:              Removal (Min at Fast Process Corner)
  Data Path Delay:        1.165ns  (logic 0.060ns (5.150%)  route 1.105ns (94.850%))
  Logic Levels:           1  (LUT2=1)
  Clock Uncertainty:      0.141ns  ((TSJ^2 + DJ^2)^1/2) / 2 + PE
    Total System Jitter     (TSJ):    0.050ns
    Discrete Jitter          (DJ):    0.116ns
    Phase Error              (PE):    0.078ns
  Clock Net Delay (Destination): 1.341ns (routing 0.727ns, distribution 0.614ns)

    Location             Delay type                Incr(ns)  Path(ns)    Netlist Resource(s)
  -------------------------------------------------------------------    -------------------
    MMCM_X0Y3            MMCME4_ADV                   0.000     0.000 r  u_mmcm/LOCKED
                         net (fo=2, routed)           0.746     0.746    led_OBUF[1]
    SLICE_X86Y94         LUT2 (Prop_H6LUT_SLICEL_I1_O)
                                                      0.060     0.806 f  rst_sync[1]_i_1/O
                         net (fo=3, routed)           0.359     1.165    rst_sync[1]_i_1_n_0
    SLICE_X76Y98         FDCE                                         f  rst_sync_reg[1]_replica/CLR
  -------------------------------------------------------------------    -------------------

                         (clock clk_mmcm_out rise edge)
                                                      0.000     0.000 r  
    AL8                                               0.000     0.000 r  sys_clk_p (IN)
                         net (fo=0)                   0.100     0.100    u_ibufds/I
    HPIOBDIFFINBUF_X0Y11 DIFFINBUF (Prop_DIFFINBUF_HPIOBDIFFINBUF_DIFF_IN_P_O)
                                                      0.405     0.505 r  u_ibufds/DIFFINBUF_INST/O
                         net (fo=1, routed)           0.050     0.555    u_ibufds/OUT
    AL8                  IBUFCTRL (Prop_IBUFCTRL_HPIOB_M_I_O)
                                                      0.000     0.555 r  u_ibufds/IBUFCTRL_INST/O
                         net (fo=1, routed)           0.197     0.752    sys_clk_ibuf
    BUFGCE_X0Y12         BUFGCE (Prop_BUFCE_BUFGCE_I_O)
                                                      0.019     0.771 r  sys_clk_ibuf_BUFG_inst/O
                         net (fo=1, routed)           1.032     1.803    sys_clk_ibuf_BUFGCE
    MMCM_X0Y3            MMCME4_ADV (Prop_MMCM_CLKIN1_CLKOUT0)
                                                     -0.295     1.508 r  u_mmcm/CLKOUT0
                         net (fo=1, routed)           0.166     1.674    clk_mmcm_out
    BUFGCE_X0Y95         BUFGCE (Prop_BUFCE_BUFGCE_I_O)
                                                      0.019     1.693 r  u_bufg/O
    X2Y1 (CLOCK_ROOT)    net (fo=7704, routed)        1.341     3.034    clk_50m
    SLICE_X76Y98         FDCE                                         r  rst_sync_reg[1]_replica/C





